path	course	id	title	characters	line_count	blank_line_count	max_consecutive_lines	block_count	max_block_characters	machine_audit	priority	recommended_action	projected_blank_line_count	layout_outcome	implementation_status	review_status	reviewer	reviewed_at	notes
public/cet/lessons/cet4/cet4-20180601.json	cet	cet4-20180601	2018年6月英语四级真题第1套	23603	225	0	225	40	2781	text_and_structure_present	P0	render_existing_blocks_as_paragraphs	39	spacing_added	applied_frontend	resolved_frontend			
public/cet/lessons/cet4/cet4-20180602.json	cet	cet4-20180602	2018年6月英语四级真题第2套	22826	218	0	218	41	3126	text_and_structure_present	P0	render_existing_blocks_as_paragraphs	40	spacing_added	applied_frontend	resolved_frontend			
public/cet/lessons/cet4/cet4-20180603.json	cet	cet4-20180603	2018年6月英语四级真题第3套	18239	107	0	107	10	2949	text_and_structure_present	P0	render_existing_blocks_as_paragraphs	9	spacing_added	applied_frontend	resolved_frontend			
public/cet/lessons/cet4/cet4-20181201.json	cet	cet4-20181201	2018年12月英语四级真题第1套	22503	218	0	218	24	4623	text_and_structure_present	P0	render_existing_blocks_as_paragraphs	23	spacing_added	applied_frontend	resolved_frontend			
public/cet/lessons/cet4/cet4-20181202.json	cet	cet4-20181202	2018年12月英语四级真题第2套	23702	225	0	225	23	4636	text_and_structure_present	P0	render_existing_blocks_as_paragraphs	22	spacing_added	applied_frontend	resolved_frontend			
public/cet/lessons/cet4/cet4-20181203.json	cet	cet4-20181203	2018年12月英语四级真题第3套	17483	122	0	122	18	4336	text_and_structure_present	P0	render_existing_blocks_as_paragraphs	17	spacing_added	applied_frontend	resolved_frontend			
public/cet/lessons/cet4/cet4-20190601.json	cet	cet4-20190601	2019年6月英语四级真题第1套	23359	216	0	216	10	3479	text_and_structure_present	P0	render_existing_blocks_as_paragraphs	9	spacing_added	applied_frontend	resolved_frontend			
public/cet/lessons/cet4/cet4-20190602.json	cet	cet4-20190602	2019年6月英语四级真题第2套	22875	186	0	186	9	3813	text_and_structure_present	P0	render_existing_blocks_as_paragraphs	8	spacing_added	applied_frontend	resolved_frontend			
public/cet/lessons/cet4/cet4-20190603.json	cet	cet4-20190603	2019年6月英语四级真题第3套	17587	118	0	118	6	3533	text_and_structure_present	P0	render_existing_blocks_as_paragraphs	5	spacing_added	applied_frontend	resolved_frontend			
public/cet/lessons/cet4/cet4-20191201.json	cet	cet4-20191201	2019年12月英语四级真题第1套	23274	165	0	165	8	4285	text_and_structure_present	P0	render_existing_blocks_as_paragraphs	7	spacing_added	applied_frontend	resolved_frontend			
public/cet/lessons/cet4/cet4-20191202.json	cet	cet4-20191202	2019年12月英语四级真题第2套	22738	167	0	167	7	4863	text_and_structure_present	P0	render_existing_blocks_as_paragraphs	6	spacing_added	applied_frontend	resolved_frontend			
public/cet/lessons/cet4/cet4-20191203.json	cet	cet4-20191203	2019年12月英语四级真题第3套	17178	63	0	63	6	4827	text_and_structure_present	P0	render_existing_blocks_as_paragraphs	5	spacing_added	applied_frontend	resolved_frontend			
public/cet/lessons/cet4/cet4-20200700.json	cet	cet4-20200700	2020年7月英语四级真题全套合卷	24398	236	0	236	11	3285	text_and_structure_present	P0	render_existing_blocks_as_paragraphs	10	spacing_added	applied_frontend	resolved_frontend			
public/cet/lessons/cet4/cet4-20201201.json	cet	cet4-20201201	2020年12月英语四级真题第1套	23855	213	0	213	8	3825	text_and_structure_present	P0	render_existing_blocks_as_paragraphs	7	spacing_added	applied_frontend	resolved_frontend			
public/cet/lessons/cet4/cet4-20201202.json	cet	cet4-20201202	2020年12月英语四级真题第2套	23531	212	0	212	8	3660	text_and_structure_present	P0	render_existing_blocks_as_paragraphs	7	spacing_added	applied_frontend	resolved_frontend			
public/cet/lessons/cet4/cet4-20201203.json	cet	cet4-20201203	2020年12月英语四级真题第3套	17039	112	0	112	6	3526	text_and_structure_present	P0	render_existing_blocks_as_paragraphs	5	spacing_added	applied_frontend	resolved_frontend			
public/cet/lessons/cet4/cet4-20210601.json	cet	cet4-20210601	2021年6月英语四级真题第1套	24528	202	0	202	8	4031	text_and_structure_present	P0	render_existing_blocks_as_paragraphs	7	spacing_added	applied_frontend	resolved_frontend			
public/cet/lessons/cet4/cet4-20210602.json	cet	cet4-20210602	2021年6月英语四级真题第2套	25336	208	0	208	8	4281	text_and_structure_present	P0	render_existing_blocks_as_paragraphs	7	spacing_added	applied_frontend	resolved_frontend			
public/cet/lessons/cet4/cet4-20210603.json	cet	cet4-20210603	2021年6月英语四级真题第3套	17925	113	0	113	6	3540	text_and_structure_present	P0	render_existing_blocks_as_paragraphs	5	spacing_added	applied_frontend	resolved_frontend			
public/cet/lessons/cet4/cet4-20211201.json	cet	cet4-20211201	2021年12月英语四级真题第1套	24117	199	0	199	10	3319	text_and_structure_present	P0	render_existing_blocks_as_paragraphs	9	spacing_added	applied_frontend	resolved_frontend			
public/cet/lessons/cet4/cet4-20211202.json	cet	cet4-20211202	2021年12月英语四级真题第2套	24078	208	0	208	10	3137	text_and_structure_present	P0	render_existing_blocks_as_paragraphs	9	spacing_added	applied_frontend	resolved_frontend			
public/cet/lessons/cet4/cet4-20211203.json	cet	cet4-20211203	2021年12月英语四级真题第3套	18551	111	0	111	8	3024	text_and_structure_present	P0	render_existing_blocks_as_paragraphs	7	spacing_added	applied_frontend	resolved_frontend			
public/cet/lessons/cet4/cet4-20220601.json	cet	cet4-20220601	2022年6月英语四级真题第1套	24443	208	0	208	10	3119	text_and_structure_present	P0	render_existing_blocks_as_paragraphs	9	spacing_added	applied_frontend	resolved_frontend			
public/cet/lessons/cet4/cet4-20220602.json	cet	cet4-20220602	2022年6月英语四级真题第2套	18150	124	0	124	14	1957	text_and_structure_present	P0	render_existing_blocks_as_paragraphs	13	spacing_added	applied_frontend	resolved_frontend			
public/cet/lessons/cet4/cet4-20220900.json	cet	cet4-20220900	2022年9月英语四级真题全套合卷	26444	212	0	212	12	3477	text_and_structure_present	P0	render_existing_blocks_as_paragraphs	11	spacing_added	applied_frontend	resolved_frontend			
public/cet/lessons/cet4/cet4-20221201.json	cet	cet4-20221201	2022年12月英语四级真题第1套	23843	213	0	213	8	3981	text_and_structure_present	P0	render_existing_blocks_as_paragraphs	7	spacing_added	applied_frontend	resolved_frontend			
public/cet/lessons/cet4/cet4-20221202.json	cet	cet4-20221202	2022年12月英语四级真题第2套	23046	220	0	220	8	3935	text_and_structure_present	P0	render_existing_blocks_as_paragraphs	7	spacing_added	applied_frontend	resolved_frontend			
public/cet/lessons/cet4/cet4-20221203.json	cet	cet4-20221203	2022年12月英语四级真题第3套	18146	121	0	121	6	3992	text_and_structure_present	P0	render_existing_blocks_as_paragraphs	5	spacing_added	applied_frontend	resolved_frontend			
public/cet/lessons/cet4/cet4-20230300.json	cet	cet4-20230300	2023年3月英语四级真题全套合卷	24844	226	0	226	11	3624	text_and_structure_present	P0	render_existing_blocks_as_paragraphs	10	spacing_added	applied_frontend	resolved_frontend			
public/cet/lessons/cet4/cet4-20230601.json	cet	cet4-20230601	2023年6月英语四级真题第1套	23948	209	0	209	18	3926	text_and_structure_present	P0	render_existing_blocks_as_paragraphs	17	spacing_added	applied_frontend	resolved_frontend			
public/cet/lessons/cet4/cet4-20230602.json	cet	cet4-20230602	2023年6月英语四级真题第2套	23663	179	0	179	11	3779	text_and_structure_present	P0	render_existing_blocks_as_paragraphs	10	spacing_added	applied_frontend	resolved_frontend			
public/cet/lessons/cet4/cet4-20230603.json	cet	cet4-20230603	2023年6月英语四级真题第3套	18068	109	0	109	14	3820	text_and_structure_present	P0	render_existing_blocks_as_paragraphs	13	spacing_added	applied_frontend	resolved_frontend			
public/cet/lessons/cet4/cet4-20231201.json	cet	cet4-20231201	2023年12月英语四级真题第1套	25033	213	0	213	9	3884	text_and_structure_present	P0	render_existing_blocks_as_paragraphs	8	spacing_added	applied_frontend	resolved_frontend			
public/cet/lessons/cet4/cet4-20231202.json	cet	cet4-20231202	2023年12月英语四级真题第2套	24131	211	0	211	9	3927	text_and_structure_present	P0	render_existing_blocks_as_paragraphs	8	spacing_added	applied_frontend	resolved_frontend			
public/cet/lessons/cet4/cet4-20231203.json	cet	cet4-20231203	2023年12月英语四级真题第3套	18208	108	0	108	6	3757	text_and_structure_present	P0	render_existing_blocks_as_paragraphs	5	spacing_added	applied_frontend	resolved_frontend			
public/cet/lessons/cet4/cet4-20240601.json	cet	cet4-20240601	2024年6月英语四级真题第1套	24057	230	0	230	19	3988	text_and_structure_present	P0	render_existing_blocks_as_paragraphs	18	spacing_added	applied_frontend	resolved_frontend			
public/cet/lessons/cet4/cet4-20240602.json	cet	cet4-20240602	2024年6月英语四级真题第2套	24003	166	0	166	18	4429	text_and_structure_present	P0	render_existing_blocks_as_paragraphs	17	spacing_added	applied_frontend	resolved_frontend			
public/cet/lessons/cet4/cet4-20240603.json	cet	cet4-20240603	2024年6月英语四级真题第3套	18922	118	0	118	14	4031	text_and_structure_present	P0	render_existing_blocks_as_paragraphs	13	spacing_added	applied_frontend	resolved_frontend			
public/cet/lessons/cet4/cet4-20241201.json	cet	cet4-20241201	2024年12月英语四级真题第1套	24807	184	0	184	19	4922	text_and_structure_present	P0	render_existing_blocks_as_paragraphs	18	spacing_added	applied_frontend	resolved_frontend			
public/cet/lessons/cet4/cet4-20241202.json	cet	cet4-20241202	2024年12月英语四级真题第2套	25123	204	0	204	17	5308	text_and_structure_present	P0	render_existing_blocks_as_paragraphs	16	spacing_added	applied_frontend	resolved_frontend			
public/cet/lessons/cet4/cet4-20241203.json	cet	cet4-20241203	2024年12月英语四级真题第3套	18546	113	0	113	15	5610	text_and_structure_present	P0	render_existing_blocks_as_paragraphs	14	spacing_added	applied_frontend	resolved_frontend			
public/cet/lessons/cet4/cet4-20250601.json	cet	cet4-20250601	2025年6月英语四级真题第1套	24634	184	0	184	21	5160	text_and_structure_present	P0	render_existing_blocks_as_paragraphs	20	spacing_added	applied_frontend	resolved_frontend			
public/cet/lessons/cet4/cet4-20250602.json	cet	cet4-20250602	2025年6月英语四级真题第2套	23955	179	0	179	22	4517	text_and_structure_present	P0	render_existing_blocks_as_paragraphs	21	spacing_added	applied_frontend	resolved_frontend			
public/cet/lessons/cet4/cet4-20250603.json	cet	cet4-20250603	2025年6月英语四级真题第3套	18181	108	0	108	16	5056	text_and_structure_present	P0	render_existing_blocks_as_paragraphs	15	spacing_added	applied_frontend	resolved_frontend			
public/cet/lessons/cet4/cet4-20251201.json	cet	cet4-20251201	2025年12月英语四级真题第1套	24980	187	0	187	22	5168	text_and_structure_present	P0	render_existing_blocks_as_paragraphs	21	spacing_added	applied_frontend	resolved_frontend			
public/cet/lessons/cet4/cet4-20251202.json	cet	cet4-20251202	2025年12月英语四级真题第2套	24694	191	0	191	23	5271	text_and_structure_present	P0	render_existing_blocks_as_paragraphs	22	spacing_added	applied_frontend	resolved_frontend			
public/cet/lessons/cet4/cet4-20251203.json	cet	cet4-20251203	2025年12月英语四级真题第3套	18782	111	0	111	14	5149	text_and_structure_present	P0	render_existing_blocks_as_paragraphs	13	spacing_added	applied_frontend	resolved_frontend			
public/cet/lessons/cet6/cet6-20151203.json	cet	cet6-20151203	2015年12月英语六级真题第3套	30308	236	0	236	13	3320	text_and_structure_present	P0	render_existing_blocks_as_paragraphs	12	spacing_added	applied_frontend	resolved_frontend			
public/cet/lessons/cet6/cet6-20180601.json	cet	cet6-20180601	2018年6月英语六级真题第1套	26433	194	0	194	7	5532	text_and_structure_present	P0	render_existing_blocks_as_paragraphs	6	spacing_added	applied_frontend	resolved_frontend			
public/cet/lessons/cet6/cet6-20180602.json	cet	cet6-20180602	2018年6月英语六级真题第2套	26504	186	0	186	9	4948	text_and_structure_present	P0	render_existing_blocks_as_paragraphs	8	spacing_added	applied_frontend	resolved_frontend			
public/cet/lessons/cet6/cet6-20180603.json	cet	cet6-20180603	2018年6月英语六级真题第3套	21007	117	0	117	7	4764	text_and_structure_present	P0	render_existing_blocks_as_paragraphs	6	spacing_added	applied_frontend	resolved_frontend			
public/cet/lessons/cet6/cet6-20181201.json	cet	cet6-20181201	2018年12月英语六级真题第1套	27140	233	0	233	8	5073	text_and_structure_present	P0	render_existing_blocks_as_paragraphs	7	spacing_added	applied_frontend	resolved_frontend			
public/cet/lessons/cet6/cet6-20181202.json	cet	cet6-20181202	2018年12月英语六级真题第2套	27070	247	0	247	8	4779	text_and_structure_present	P0	render_existing_blocks_as_paragraphs	7	spacing_added	applied_frontend	resolved_frontend			
public/cet/lessons/cet6/cet6-20181203.json	cet	cet6-20181203	2018年12月英语六级真题第3套	21127	117	0	117	6	4658	text_and_structure_present	P0	render_existing_blocks_as_paragraphs	5	spacing_added	applied_frontend	resolved_frontend			
public/cet/lessons/cet6/cet6-20190601.json	cet	cet6-20190601	2019年6月英语六级真题第1套	26246	217	0	217	10	3665	text_and_structure_present	P0	render_existing_blocks_as_paragraphs	9	spacing_added	applied_frontend	resolved_frontend			
public/cet/lessons/cet6/cet6-20190602.json	cet	cet6-20190602	2019年6月英语六级真题第2套	27042	244	0	244	10	4120	text_and_structure_present	P0	render_existing_blocks_as_paragraphs	9	spacing_added	applied_frontend	resolved_frontend			
public/cet/lessons/cet6/cet6-20190603.json	cet	cet6-20190603	2019年6月英语六级真题第3套	21387	123	0	123	8	3836	text_and_structure_present	P0	render_existing_blocks_as_paragraphs	7	spacing_added	applied_frontend	resolved_frontend			
public/cet/lessons/cet6/cet6-20191201.json	cet	cet6-20191201	2019年12月英语六级真题第1套	24086	172	0	172	9	4283	text_and_structure_present	P0	render_existing_blocks_as_paragraphs	8	spacing_added	applied_frontend	resolved_frontend			
public/cet/lessons/cet6/cet6-20191202.json	cet	cet6-20191202	2019年12月英语六级真题第2套	23915	192	0	192	9	4105	text_and_structure_present	P0	render_existing_blocks_as_paragraphs	8	spacing_added	applied_frontend	resolved_frontend			
public/cet/lessons/cet6/cet6-20191203.json	cet	cet6-20191203	2019年12月英语六级真题第3套	24421	193	0	193	42	3591	text_and_structure_present	P0	render_existing_blocks_as_paragraphs	41	spacing_added	applied_frontend	resolved_frontend			
public/cet/lessons/cet6/cet6-20200700.json	cet	cet6-20200700	2020年7月英语六级真题全套合卷	29172	234	0	234	12	3426	text_and_structure_present	P0	render_existing_blocks_as_paragraphs	11	spacing_added	applied_frontend	resolved_frontend			
public/cet/lessons/cet6/cet6-20200901.json	cet	cet6-20200901	2020年9月英语六级真题第1套	28321	216	0	216	8	4521	text_and_structure_present	P0	render_existing_blocks_as_paragraphs	7	spacing_added	applied_frontend	resolved_frontend			
public/cet/lessons/cet6/cet6-20200902.json	cet	cet6-20200902	2020年9月英语六级真题第2套	22144	119	0	119	6	4422	text_and_structure_present	P0	render_existing_blocks_as_paragraphs	5	spacing_added	applied_frontend	resolved_frontend			
public/cet/lessons/cet6/cet6-20201201.json	cet	cet6-20201201	2020年12月英语六级真题第1套	27932	218	0	218	10	4278	text_and_structure_present	P0	render_existing_blocks_as_paragraphs	9	spacing_added	applied_frontend	resolved_frontend			
public/cet/lessons/cet6/cet6-20201202.json	cet	cet6-20201202	2020年12月英语六级真题第2套	28359	225	0	225	8	4762	text_and_structure_present	P0	render_existing_blocks_as_paragraphs	7	spacing_added	applied_frontend	resolved_frontend			
public/cet/lessons/cet6/cet6-20201203.json	cet	cet6-20201203	2020年12月英语六级真题第3套	21191	136	0	136	21	4220	text_and_structure_present	P0	render_existing_blocks_as_paragraphs	20	spacing_added	applied_frontend	resolved_frontend			
public/cet/lessons/cet6/cet6-20210601.json	cet	cet6-20210601	2021年6月英语六级真题第1套	27366	198	0	198	8	4350	text_and_structure_present	P0	render_existing_blocks_as_paragraphs	7	spacing_added	applied_frontend	resolved_frontend			
public/cet/lessons/cet6/cet6-20210602.json	cet	cet6-20210602	2021年6月英语六级真题第2套	28058	195	0	195	8	4525	text_and_structure_present	P0	render_existing_blocks_as_paragraphs	7	spacing_added	applied_frontend	resolved_frontend			
public/cet/lessons/cet6/cet6-20210603.json	cet	cet6-20210603	2021年6月英语六级真题第3套	20935	100	0	100	6	4312	text_and_structure_present	P0	render_existing_blocks_as_paragraphs	5	spacing_added	applied_frontend	resolved_frontend			
public/cet/lessons/cet6/cet6-20211201.json	cet	cet6-20211201	2021年12月英语六级真题第1套	26913	231	0	231	12	3458	text_and_structure_present	P0	render_existing_blocks_as_paragraphs	11	spacing_added	applied_frontend	resolved_frontend			
public/cet/lessons/cet6/cet6-20211202.json	cet	cet6-20211202	2021年12月英语六级真题第2套	26704	206	0	206	12	3139	text_and_structure_present	P0	render_existing_blocks_as_paragraphs	11	spacing_added	applied_frontend	resolved_frontend			
public/cet/lessons/cet6/cet6-20211203.json	cet	cet6-20211203	2021年12月英语六级真题第3套	19486	111	0	111	8	3471	text_and_structure_present	P0	render_existing_blocks_as_paragraphs	7	spacing_added	applied_frontend	resolved_frontend			
public/cet/lessons/cet6/cet6-20220601.json	cet	cet6-20220601	2022年6月英语六级真题第1套	27715	199	0	199	21	2091	text_and_structure_present	P0	render_existing_blocks_as_paragraphs	20	spacing_added	applied_frontend	resolved_frontend			
public/cet/lessons/cet6/cet6-20220602.json	cet	cet6-20220602	2022年6月英语六级真题第2套	22321	136	0	136	16	1936	text_and_structure_present	P0	render_existing_blocks_as_paragraphs	15	spacing_added	applied_frontend	resolved_frontend			
public/cet/lessons/cet6/cet6-20220900.json	cet	cet6-20220900	2022年9月英语六级真题全套合卷	30000	256	0	256	13	3315	text_and_structure_present	P0	render_existing_blocks_as_paragraphs	12	spacing_added	applied_frontend	resolved_frontend			
public/cet/lessons/cet6/cet6-20221201.json	cet	cet6-20221201	2022年12月英语六级真题第1套	27431	209	0	209	8	4450	text_and_structure_present	P0	render_existing_blocks_as_paragraphs	7	spacing_added	applied_frontend	resolved_frontend			
public/cet/lessons/cet6/cet6-20221202.json	cet	cet6-20221202	2022年12月英语六级真题第2套	27948	227	0	227	8	4334	text_and_structure_present	P0	render_existing_blocks_as_paragraphs	7	spacing_added	applied_frontend	resolved_frontend			
public/cet/lessons/cet6/cet6-20221203.json	cet	cet6-20221203	2022年12月英语六级真题第3套	21168	116	0	116	6	4253	text_and_structure_present	P0	render_existing_blocks_as_paragraphs	5	spacing_added	applied_frontend	resolved_frontend			
public/cet/lessons/cet6/cet6-20230300.json	cet	cet6-20230300	2023年3月英语六级真题全套合卷	28895	232	0	232	11	4111	text_and_structure_present	P0	render_existing_blocks_as_paragraphs	10	spacing_added	applied_frontend	resolved_frontend			
public/cet/lessons/cet6/cet6-20230601.json	cet	cet6-20230601	2023年6月英语六级真题第1套	28038	202	0	202	17	4411	text_and_structure_present	P0	render_existing_blocks_as_paragraphs	16	spacing_added	applied_frontend	resolved_frontend			
public/cet/lessons/cet6/cet6-20230602.json	cet	cet6-20230602	2023年6月英语六级真题第2套	28028	209	0	209	17	4555	text_and_structure_present	P0	render_existing_blocks_as_paragraphs	16	spacing_added	applied_frontend	resolved_frontend			
public/cet/lessons/cet6/cet6-20230603.json	cet	cet6-20230603	2023年6月英语六级真题第3套	21758	109	0	109	11	4557	text_and_structure_present	P0	render_existing_blocks_as_paragraphs	10	spacing_added	applied_frontend	resolved_frontend			
public/cet/lessons/cet6/cet6-20231201.json	cet	cet6-20231201	2023年12月英语六级真题第1套	28337	197	0	197	9	4337	text_and_structure_present	P0	render_existing_blocks_as_paragraphs	8	spacing_added	applied_frontend	resolved_frontend			
public/cet/lessons/cet6/cet6-20231202.json	cet	cet6-20231202	2023年12月英语六级真题第2套	28815	200	0	200	9	4244	text_and_structure_present	P0	render_existing_blocks_as_paragraphs	8	spacing_added	applied_frontend	resolved_frontend			
public/cet/lessons/cet6/cet6-20231203.json	cet	cet6-20231203	2023年12月英语六级真题第3套	22035	118	0	118	6	4486	text_and_structure_present	P0	render_existing_blocks_as_paragraphs	5	spacing_added	applied_frontend	resolved_frontend			
public/cet/lessons/cet6/cet6-20240601.json	cet	cet6-20240601	2024年6月英语六级真题第1套	29391	236	0	236	17	4594	text_and_structure_present	P0	render_existing_blocks_as_paragraphs	16	spacing_added	applied_frontend	resolved_frontend			
public/cet/lessons/cet6/cet6-20240602.json	cet	cet6-20240602	2024年6月英语六级真题第2套	28384	241	0	241	22	4169	text_and_structure_present	P0	render_existing_blocks_as_paragraphs	21	spacing_added	applied_frontend	resolved_frontend			
public/cet/lessons/cet6/cet6-20240603.json	cet	cet6-20240603	2024年6月英语六级真题第3套	20741	128	0	128	15	4106	text_and_structure_present	P0	render_existing_blocks_as_paragraphs	14	spacing_added	applied_frontend	resolved_frontend			
public/cet/lessons/cet6/cet6-20241201.json	cet	cet6-20241201	2024年12月英语六级真题第1套	28212	210	0	210	18	5223	text_and_structure_present	P0	render_existing_blocks_as_paragraphs	17	spacing_added	applied_frontend	resolved_frontend			
public/cet/lessons/cet6/cet6-20241202.json	cet	cet6-20241202	2024年12月英语六级真题第2套	27403	204	0	204	20	5357	text_and_structure_present	P0	render_existing_blocks_as_paragraphs	19	spacing_added	applied_frontend	resolved_frontend			
public/cet/lessons/cet6/cet6-20241203.json	cet	cet6-20241203	2024年12月英语六级真题第3套	21935	116	0	116	12	5444	text_and_structure_present	P0	render_existing_blocks_as_paragraphs	11	spacing_added	applied_frontend	resolved_frontend			
public/cet/lessons/cet6/cet6-20250601.json	cet	cet6-20250601	2025年6月英语六级真题第1套	29608	208	0	208	20	5451	text_and_structure_present	P0	render_existing_blocks_as_paragraphs	19	spacing_added	applied_frontend	resolved_frontend			
public/cet/lessons/cet6/cet6-20250602.json	cet	cet6-20250602	2025年6月英语六级真题第2套	27820	204	0	204	24	5353	text_and_structure_present	P0	render_existing_blocks_as_paragraphs	23	spacing_added	applied_frontend	resolved_frontend			
public/cet/lessons/cet6/cet6-20250603.json	cet	cet6-20250603	2025年6月英语六级真题第3套	22464	124	0	124	15	5198	text_and_structure_present	P0	render_existing_blocks_as_paragraphs	14	spacing_added	applied_frontend	resolved_frontend			
public/cet/lessons/cet6/cet6-20251201.json	cet	cet6-20251201	2025年12月英语六级真题第1套	27288	191	0	191	23	5195	text_and_structure_present	P0	render_existing_blocks_as_paragraphs	22	spacing_added	applied_frontend	resolved_frontend			
public/cet/lessons/cet6/cet6-20251202.json	cet	cet6-20251202	2025年12月英语六级真题第2套	27768	201	0	201	21	5172	text_and_structure_present	P0	render_existing_blocks_as_paragraphs	20	spacing_added	applied_frontend	resolved_frontend			
public/cet/lessons/cet6/cet6-20251203.json	cet	cet6-20251203	2025年12月英语六级真题第3套	21739	127	0	127	15	5173	text_and_structure_present	P0	render_existing_blocks_as_paragraphs	14	spacing_added	applied_frontend	resolved_frontend			
public/college-english/lessons/rw1/rw1-u01-a.json	college-english	rw1-u01-a	Toward a brighter future for all	4412	8	0	8	8	929	text_and_structure_present	P2	render_existing_blocks_as_paragraphs	7	spacing_added	applied_frontend	resolved_frontend			
public/college-english/lessons/rw1/rw1-u01-b.json	college-english	rw1-u01-b	What we wish	4306	12	0	12	11	899	text_and_structure_present	P2	render_existing_blocks_as_paragraphs	10	spacing_added	applied_frontend	resolved_frontend			
public/college-english/lessons/rw1/rw1-u01-c.json	college-english	rw1-u01-c	The post-00s looking forward to a colorful life	1971	7	0	7	7	431	text_and_structure_present	P2	render_existing_blocks_as_paragraphs	6	spacing_added	applied_frontend	resolved_frontend			
public/college-english/lessons/rw1/rw1-u02-a.json	college-english	rw1-u02-a	A child’s clutter awaits an adult’s return	4195	22	0	22	22	523	text_and_structure_present	P2	render_existing_blocks_as_paragraphs	21	spacing_added	applied_frontend	resolved_frontend			
public/college-english/lessons/rw1/rw1-u02-b.json	college-english	rw1-u02-b	Time slows down	4388	34	0	34	34	365	text_and_structure_present	P2	render_existing_blocks_as_paragraphs	33	spacing_added	applied_frontend	resolved_frontend			
public/college-english/lessons/rw1/rw1-u02-c.json	college-english	rw1-u02-c	Bonds of love	2154	7	0	7	7	442	text_and_structure_present	P2	render_existing_blocks_as_paragraphs	6	spacing_added	applied_frontend	resolved_frontend			
public/college-english/lessons/rw1/rw1-u03-a.json	college-english	rw1-u03-a	To feed the world	4472	9	0	9	9	759	text_and_structure_present	P2	render_existing_blocks_as_paragraphs	8	spacing_added	applied_frontend	resolved_frontend			
public/college-english/lessons/rw1/rw1-u03-b.json	college-english	rw1-u03-b	Heroes among us	4187	11	0	11	11	538	text_and_structure_present	P2	render_existing_blocks_as_paragraphs	10	spacing_added	applied_frontend	resolved_frontend			
public/college-english/lessons/rw1/rw1-u03-c.json	college-english	rw1-u03-c	Cering Dandar, a grassroots hero	2180	6	0	6	6	567	text_and_structure_present	P2	render_existing_blocks_as_paragraphs	5	spacing_added	applied_frontend	resolved_frontend			
public/college-english/lessons/rw1/rw1-u04-a.json	college-english	rw1-u04-a	Social media: How much is too much	4368	9	0	9	9	738	text_and_structure_present	P2	render_existing_blocks_as_paragraphs	8	spacing_added	applied_frontend	resolved_frontend			
public/college-english/lessons/rw1/rw1-u04-b.json	college-english	rw1-u04-b	Staying connected	4286	7	0	7	7	769	text_and_structure_present	P2	render_existing_blocks_as_paragraphs	6	spacing_added	applied_frontend	resolved_frontend			
public/college-english/lessons/rw1/rw1-u04-c.json	college-english	rw1-u04-c	Chinese people love their social media apps	2213	6	0	6	6	562	text_and_structure_present	P2	render_existing_blocks_as_paragraphs	5	spacing_added	applied_frontend	resolved_frontend			
public/college-english/lessons/rw1/rw1-u05-a.json	college-english	rw1-u05-a	Firm belief, eternal friendship	4785	9	0	9	9	640	text_and_structure_present	P2	render_existing_blocks_as_paragraphs	8	spacing_added	applied_frontend	resolved_frontend			
public/college-english/lessons/rw1/rw1-u05-b.json	college-english	rw1-u05-b	Gender variables in friendship: Contradiction or not?	4395	6	0	6	6	937	text_and_structure_present	P2	render_existing_blocks_as_paragraphs	5	spacing_added	applied_frontend	resolved_frontend			
public/college-english/lessons/rw1/rw1-u05-c.json	college-english	rw1-u05-c	Picture this: Friends forever	2338	8	0	8	8	368	text_and_structure_present	P2	render_existing_blocks_as_paragraphs	7	spacing_added	applied_frontend	resolved_frontend			
public/college-english/lessons/rw1/rw1-u06-a.json	college-english	rw1-u06-a	Cliff Young, an extraordinary runner	4938	14	0	14	14	853	text_and_structure_present	P2	render_existing_blocks_as_paragraphs	13	spacing_added	applied_frontend	resolved_frontend			
public/college-english/lessons/rw1/rw1-u06-b.json	college-english	rw1-u06-b	Shaping young lives with sports	4553	7	0	7	7	827	text_and_structure_present	P2	render_existing_blocks_as_paragraphs	6	spacing_added	applied_frontend	resolved_frontend			
public/college-english/lessons/rw1/rw1-u06-c.json	college-english	rw1-u06-c	Lessons China can teach us about fitness	2340	10	0	10	10	588	text_and_structure_present	P2	render_existing_blocks_as_paragraphs	9	spacing_added	applied_frontend	resolved_frontend			
public/college-english/lessons/rw2/rw2-u01-a.json	college-english	rw2-u01-a	An impressive English lesson	4817	17	0	17	17	607	text_and_structure_present	P2	render_existing_blocks_as_paragraphs	16	spacing_added	applied_frontend	resolved_frontend			
public/college-english/lessons/rw2/rw2-u01-b.json	college-english	rw2-u01-b	The great journey of learning	4495	10	0	10	10	879	text_and_structure_present	P2	render_existing_blocks_as_paragraphs	9	spacing_added	applied_frontend	resolved_frontend			
public/college-english/lessons/rw2/rw2-u01-c.json	college-english	rw2-u01-c	What challenges learners of Chinese?	2585	6	0	6	6	680	text_and_structure_present	P2	render_existing_blocks_as_paragraphs	5	spacing_added	applied_frontend	resolved_frontend			
public/college-english/lessons/rw2/rw2-u02-a.json	college-english	rw2-u02-a	The road to my major	4789	10	0	10	10	765	text_and_structure_present	P2	render_existing_blocks_as_paragraphs	9	spacing_added	applied_frontend	resolved_frontend			
public/college-english/lessons/rw2/rw2-u02-b.json	college-english	rw2-u02-b	The humanities: out of date?	4815	10	0	10	10	743	text_and_structure_present	P2	render_existing_blocks_as_paragraphs	9	spacing_added	applied_frontend	resolved_frontend			
public/college-english/lessons/rw2/rw2-u02-c.json	college-english	rw2-u02-c	From a security guard to a university teacher	2877	8	0	8	8	463	text_and_structure_present	P2	render_existing_blocks_as_paragraphs	7	spacing_added	applied_frontend	resolved_frontend			
public/college-english/lessons/rw2/rw2-u03-a.json	college-english	rw2-u03-a	The young generation – the future of China	4928	7	0	7	7	849	text_and_structure_present	P2	render_existing_blocks_as_paragraphs	6	spacing_added	applied_frontend	resolved_frontend			
public/college-english/lessons/rw2/rw2-u03-b.json	college-english	rw2-u03-b	Understanding the young generation	5261	12	0	12	12	574	text_and_structure_present	P1	render_existing_blocks_as_paragraphs	11	spacing_added	applied_frontend	resolved_frontend			
public/college-english/lessons/rw2/rw2-u03-c.json	college-english	rw2-u03-c	Aiming to bring agriculture online	2581	6	0	6	6	505	text_and_structure_present	P2	render_existing_blocks_as_paragraphs	5	spacing_added	applied_frontend	resolved_frontend			
public/college-english/lessons/rw2/rw2-u04-a.json	college-english	rw2-u04-a	Huang Danian, a strategic scientist	5027	12	0	12	12	714	text_and_structure_present	P1	render_existing_blocks_as_paragraphs	11	spacing_added	applied_frontend	resolved_frontend			
public/college-english/lessons/rw2/rw2-u04-b.json	college-english	rw2-u04-b	Journey through the odyssey years	5040	11	0	11	11	635	text_and_structure_present	P2	render_existing_blocks_as_paragraphs	10	spacing_added	applied_frontend	resolved_frontend			
public/college-english/lessons/rw2/rw2-u04-c.json	college-english	rw2-u04-c	The May Fourth spirit alive in China	2658	6	0	6	6	598	text_and_structure_present	P2	render_existing_blocks_as_paragraphs	5	spacing_added	applied_frontend	resolved_frontend			
public/college-english/lessons/rw2/rw2-u05-a.json	college-english	rw2-u05-a	Spend or save – the student’s dilemma	4587	9	0	9	9	752	text_and_structure_present	P2	render_existing_blocks_as_paragraphs	8	spacing_added	applied_frontend	resolved_frontend			
public/college-english/lessons/rw2/rw2-u05-b.json	college-english	rw2-u05-b	A $3,000 dictionary	4967	10	0	10	10	643	text_and_structure_present	P2	render_existing_blocks_as_paragraphs	9	spacing_added	applied_frontend	resolved_frontend			
public/college-english/lessons/rw2/rw2-u05-c.json	college-english	rw2-u05-c	Project Hope	2893	7	0	7	7	523	text_and_structure_present	P2	render_existing_blocks_as_paragraphs	6	spacing_added	applied_frontend	resolved_frontend			
public/college-english/lessons/rw2/rw2-u06-a.json	college-english	rw2-u06-a	Door closer, are you?	5227	13	0	13	13	756	text_and_structure_present	P1	render_existing_blocks_as_paragraphs	12	spacing_added	applied_frontend	resolved_frontend			
public/college-english/lessons/rw2/rw2-u06-b.json	college-english	rw2-u06-b	When enough is enough	4858	16	0	16	16	456	text_and_structure_present	P2	render_existing_blocks_as_paragraphs	15	spacing_added	applied_frontend	resolved_frontend			
public/college-english/lessons/rw2/rw2-u06-c.json	college-english	rw2-u06-c	A boom in shopping malls	2204	6	0	6	6	600	text_and_structure_present	P2	render_existing_blocks_as_paragraphs	5	spacing_added	applied_frontend	resolved_frontend			
public/college-english/lessons/rw3/rw3-u01-a.json	college-english	rw3-u01-a	Connection or conversation	5229	12	0	12	12	513	text_and_structure_present	P1	render_existing_blocks_as_paragraphs	11	spacing_added	applied_frontend	resolved_frontend			
public/college-english/lessons/rw3/rw3-u01-b.json	college-english	rw3-u01-b	Living in the digital world	5271	9	0	9	9	695	text_and_structure_present	P2	render_existing_blocks_as_paragraphs	8	spacing_added	applied_frontend	resolved_frontend			
public/college-english/lessons/rw3/rw3-u01-c.json	college-english	rw3-u01-c	A smartphone is all you need	2056	8	0	8	8	508	text_and_structure_present	P2	render_existing_blocks_as_paragraphs	7	spacing_added	applied_frontend	resolved_frontend			
public/college-english/lessons/rw3/rw3-u02-a.json	college-english	rw3-u02-a	Zheng He, the great ancient Chinese explorer	5186	11	0	11	11	808	text_and_structure_present	P2	render_existing_blocks_as_paragraphs	10	spacing_added	applied_frontend	resolved_frontend			
public/college-english/lessons/rw3/rw3-u02-b.json	college-english	rw3-u02-b	Audrey Hepburn – a true angel in this world	5185	15	0	15	15	753	text_and_structure_present	P1	render_existing_blocks_as_paragraphs	14	spacing_added	applied_frontend	resolved_frontend			
public/college-english/lessons/rw3/rw3-u02-c.json	college-english	rw3-u02-c	Mei Lanfang – a Peking Opera legend	2116	6	0	6	6	552	text_and_structure_present	P2	render_existing_blocks_as_paragraphs	5	spacing_added	applied_frontend	resolved_frontend			
public/college-english/lessons/rw3/rw3-u03-a.json	college-english	rw3-u03-a	The surprising purpose of travel	5288	9	0	9	9	1068	text_and_structure_present	P2	render_existing_blocks_as_paragraphs	8	spacing_added	applied_frontend	resolved_frontend			
public/college-english/lessons/rw3/rw3-u03-b.json	college-english	rw3-u03-b	Traveling solo – a blessing overall!	5008	14	0	14	14	478	text_and_structure_present	P1	render_existing_blocks_as_paragraphs	13	spacing_added	applied_frontend	resolved_frontend			
public/college-english/lessons/rw3/rw3-u03-c.json	college-english	rw3-u03-c	Touring the world after 60	2558	6	0	6	6	638	text_and_structure_present	P2	render_existing_blocks_as_paragraphs	5	spacing_added	applied_frontend	resolved_frontend			
public/college-english/lessons/rw3/rw3-u04-a.json	college-english	rw3-u04-a	Will you be a worker or a laborer?	5350	9	0	9	9	925	text_and_structure_present	P2	render_existing_blocks_as_paragraphs	8	spacing_added	applied_frontend	resolved_frontend			
public/college-english/lessons/rw3/rw3-u04-b.json	college-english	rw3-u04-b	The joy of a prideful tradition	4675	19	0	19	19	569	text_and_structure_present	P2	render_existing_blocks_as_paragraphs	18	spacing_added	applied_frontend	resolved_frontend			
public/college-english/lessons/rw3/rw3-u04-c.json	college-english	rw3-u04-c	Glassware on fire	2171	5	0	5	5	522	text_and_structure_present	P2	render_existing_blocks_as_paragraphs	4	spacing_added	applied_frontend	resolved_frontend			
public/college-english/lessons/rw3/rw3-u05-a.json	college-english	rw3-u05-a	No limit for China’s astronauts in their space exploration endeavors	5733	12	0	12	12	807	text_and_structure_present	P1	render_existing_blocks_as_paragraphs	11	spacing_added	applied_frontend	resolved_frontend			
public/college-english/lessons/rw3/rw3-u05-b.json	college-english	rw3-u05-b	Chang’e-4 kicked off a new space odyssey	5146	12	0	12	12	741	text_and_structure_present	P1	render_existing_blocks_as_paragraphs	11	spacing_added	applied_frontend	resolved_frontend			
public/college-english/lessons/rw3/rw3-u05-c.json	college-english	rw3-u05-c	China aims for peaceful use of space exploration	2406	6	0	6	6	589	text_and_structure_present	P2	render_existing_blocks_as_paragraphs	5	spacing_added	applied_frontend	resolved_frontend			
public/college-english/lessons/rw3/rw3-u06-a.json	college-english	rw3-u06-a	Surviving an economic crisis	5098	17	0	17	17	592	text_and_structure_present	P1	render_existing_blocks_as_paragraphs	16	spacing_added	applied_frontend	resolved_frontend			
public/college-english/lessons/rw3/rw3-u06-b.json	college-english	rw3-u06-b	Economic bubbles: causes and conditions	5332	8	0	8	8	947	text_and_structure_present	P2	render_existing_blocks_as_paragraphs	7	spacing_added	applied_frontend	resolved_frontend			
public/college-english/lessons/rw3/rw3-u06-c.json	college-english	rw3-u06-c	The sharing economy turns a new page with books	2213	9	0	9	9	384	text_and_structure_present	P2	render_existing_blocks_as_paragraphs	8	spacing_added	applied_frontend	resolved_frontend			
public/college-english/lessons/rw4/rw4-u01-a.json	college-english	rw4-u01-a	From urbanization to smart cities	5716	12	0	12	12	682	text_and_structure_present	P1	render_existing_blocks_as_paragraphs	11	spacing_added	applied_frontend	resolved_frontend			
public/college-english/lessons/rw4/rw4-u01-b.json	college-english	rw4-u01-b	Embrace the trend of deurbanization	5900	12	0	12	12	566	text_and_structure_present	P1	render_existing_blocks_as_paragraphs	11	spacing_added	applied_frontend	resolved_frontend			
public/college-english/lessons/rw4/rw4-u01-c.json	college-english	rw4-u01-c	Limited space, unlimited growth	2564	8	0	8	8	430	text_and_structure_present	P2	render_existing_blocks_as_paragraphs	7	spacing_added	applied_frontend	resolved_frontend			
public/college-english/lessons/rw4/rw4-u02-a.json	college-english	rw4-u02-a	Making the choice to be truly beautiful	5399	12	0	12	12	730	text_and_structure_present	P1	render_existing_blocks_as_paragraphs	11	spacing_added	applied_frontend	resolved_frontend			
public/college-english/lessons/rw4/rw4-u02-b.json	college-english	rw4-u02-b	The exploration of beauty	5223	10	0	10	10	854	text_and_structure_present	P2	render_existing_blocks_as_paragraphs	9	spacing_added	applied_frontend	resolved_frontend			
public/college-english/lessons/rw4/rw4-u02-c.json	college-english	rw4-u02-c	A beautiful heart that has made a difference	2312	8	0	8	8	405	text_and_structure_present	P2	render_existing_blocks_as_paragraphs	7	spacing_added	applied_frontend	resolved_frontend			
public/college-english/lessons/rw4/rw4-u03-a.json	college-english	rw4-u03-a	China’s new wave of young innovators	6009	14	0	14	14	640	text_and_structure_present	P1	render_existing_blocks_as_paragraphs	13	spacing_added	applied_frontend	resolved_frontend			
public/college-english/lessons/rw4/rw4-u03-b.json	college-english	rw4-u03-b	Culture makes the business world go round	6203	14	0	14	14	723	text_and_structure_present	P1	render_existing_blocks_as_paragraphs	13	spacing_added	applied_frontend	resolved_frontend			
public/college-english/lessons/rw4/rw4-u03-c.json	college-english	rw4-u03-c	The rise of modern entrepreneurship in China	2317	5	0	5	5	718	text_and_structure_present	P2	render_existing_blocks_as_paragraphs	4	spacing_added	applied_frontend	resolved_frontend			
public/college-english/lessons/rw4/rw4-u04-a.json	college-english	rw4-u04-a	Save the earth, save life	5935	12	0	12	12	598	text_and_structure_present	P1	render_existing_blocks_as_paragraphs	11	spacing_added	applied_frontend	resolved_frontend			
public/college-english/lessons/rw4/rw4-u04-b.json	college-english	rw4-u04-b	What nature is telling you	4520	11	0	11	11	515	text_and_structure_present	P2	render_existing_blocks_as_paragraphs	10	spacing_added	applied_frontend	resolved_frontend			
public/college-english/lessons/rw4/rw4-u04-c.json	college-english	rw4-u04-c	A green finish line	2874	8	0	8	8	520	text_and_structure_present	P2	render_existing_blocks_as_paragraphs	7	spacing_added	applied_frontend	resolved_frontend			
public/college-english/lessons/rw4/rw4-u05-a.json	college-english	rw4-u05-a	A meaningful life	5463	13	0	13	13	817	text_and_structure_present	P1	render_existing_blocks_as_paragraphs	12	spacing_added	applied_frontend	resolved_frontend			
public/college-english/lessons/rw4/rw4-u05-b.json	college-english	rw4-u05-b	A turning point in my life	5633	14	0	14	14	928	text_and_structure_present	P1	render_existing_blocks_as_paragraphs	13	spacing_added	applied_frontend	resolved_frontend			
public/college-english/lessons/rw4/rw4-u05-c.json	college-english	rw4-u05-c	Passion and dedication have propelled China’s space science to new heights	2578	9	0	9	9	456	text_and_structure_present	P2	render_existing_blocks_as_paragraphs	8	spacing_added	applied_frontend	resolved_frontend			
public/college-english/lessons/rw4/rw4-u06-a.json	college-english	rw4-u06-a	The coming energy crisis	6357	9	0	9	9	1219	text_and_structure_present	P2	render_existing_blocks_as_paragraphs	8	spacing_added	applied_frontend	resolved_frontend			
public/college-english/lessons/rw4/rw4-u06-b.json	college-english	rw4-u06-b	A worldwide food crisis?	5977	12	0	12	12	792	text_and_structure_present	P1	render_existing_blocks_as_paragraphs	11	spacing_added	applied_frontend	resolved_frontend			
public/college-english/lessons/rw4/rw4-u06-c.json	college-english	rw4-u06-c	An important milestone in China’s solar energy development	2571	8	0	8	8	415	text_and_structure_present	P2	render_existing_blocks_as_paragraphs	7	spacing_added	applied_frontend	resolved_frontend			
public/kaoyan-english/lessons/e1/e1-1980.json	kaoyan-english	e1-1980	1980年考研英语一真题	12041	136	0	136	8	3640	text_and_structure_present	P1	render_existing_blocks_as_paragraphs	7	spacing_added	applied_frontend	resolved_frontend			
public/kaoyan-english/lessons/e1/e1-1981.json	kaoyan-english	e1-1981	1981年考研英语一真题	15914	142	0	142	9	3241	text_and_structure_present	P0	render_existing_blocks_as_paragraphs	8	spacing_added	applied_frontend	resolved_frontend			
public/kaoyan-english/lessons/e1/e1-1982.json	kaoyan-english	e1-1982	1982年考研英语一真题	15823	165	0	165	10	3550	text_and_structure_present	P0	render_existing_blocks_as_paragraphs	9	spacing_added	applied_frontend	resolved_frontend			
public/kaoyan-english/lessons/e1/e1-1983.json	kaoyan-english	e1-1983	1983年考研英语一真题	15387	183	0	183	11	3456	text_and_structure_present	P0	render_existing_blocks_as_paragraphs	10	spacing_added	applied_frontend	resolved_frontend			
public/kaoyan-english/lessons/e1/e1-1984.json	kaoyan-english	e1-1984	1984年考研英语一真题	20263	240	0	240	15	3185	text_and_structure_present	P0	render_existing_blocks_as_paragraphs	14	spacing_added	applied_frontend	resolved_frontend			
public/kaoyan-english/lessons/e1/e1-1985.json	kaoyan-english	e1-1985	1985年考研英语一真题	18558	199	0	199	13	3893	text_and_structure_present	P0	render_existing_blocks_as_paragraphs	12	spacing_added	applied_frontend	resolved_frontend			
public/kaoyan-english/lessons/e1/e1-1986.json	kaoyan-english	e1-1986	1986年考研英语一真题	10209	48	0	48	4	3135	text_and_structure_present	P1	render_existing_blocks_as_paragraphs	3	spacing_added	applied_frontend	resolved_frontend			
public/kaoyan-english/lessons/e1/e1-1987.json	kaoyan-english	e1-1987	1987年考研英语一真题	16633	86	0	86	7	3653	text_and_structure_present	P0	render_existing_blocks_as_paragraphs	6	spacing_added	applied_frontend	resolved_frontend			
public/kaoyan-english/lessons/e1/e1-1988.json	kaoyan-english	e1-1988	1988年考研英语一真题	20310	80	0	80	7	4032	text_and_structure_present	P0	render_existing_blocks_as_paragraphs	6	spacing_added	applied_frontend	resolved_frontend			
public/kaoyan-english/lessons/e1/e1-1989.json	kaoyan-english	e1-1989	1989年考研英语一真题	16353	66	0	66	6	3421	text_and_structure_present	P0	render_existing_blocks_as_paragraphs	5	spacing_added	applied_frontend	resolved_frontend			
public/kaoyan-english/lessons/e1/e1-1990.json	kaoyan-english	e1-1990	1990年考研英语一真题	13278	79	0	79	5	3367	text_and_structure_present	P1	render_existing_blocks_as_paragraphs	4	spacing_added	applied_frontend	resolved_frontend			
public/kaoyan-english/lessons/e1/e1-1991.json	kaoyan-english	e1-1991	1991年考研英语一真题	16896	91	0	91	6	3542	text_and_structure_present	P0	render_existing_blocks_as_paragraphs	5	spacing_added	applied_frontend	resolved_frontend			
public/kaoyan-english/lessons/e1/e1-1992.json	kaoyan-english	e1-1992	1992年考研英语一真题	17060	95	0	95	7	3276	text_and_structure_present	P0	render_existing_blocks_as_paragraphs	6	spacing_added	applied_frontend	resolved_frontend			
public/kaoyan-english/lessons/e1/e1-1993.json	kaoyan-english	e1-1993	1993年考研英语一真题	16473	75	0	75	5	3687	text_and_structure_present	P0	render_existing_blocks_as_paragraphs	4	spacing_added	applied_frontend	resolved_frontend			
public/kaoyan-english/lessons/e1/e1-1994.json	kaoyan-english	e1-1994	1994年考研英语一真题	19255	95	0	95	5	4614	text_and_structure_present	P0	render_existing_blocks_as_paragraphs	4	spacing_added	applied_frontend	resolved_frontend			
public/kaoyan-english/lessons/e1/e1-1995.json	kaoyan-english	e1-1995	1995年考研英语一真题	20622	96	0	96	6	4083	text_and_structure_present	P0	render_existing_blocks_as_paragraphs	5	spacing_added	applied_frontend	resolved_frontend			
public/kaoyan-english/lessons/e1/e1-1996.json	kaoyan-english	e1-1996	1996年考研英语一真题	20441	110	0	110	6	3824	text_and_structure_present	P0	render_existing_blocks_as_paragraphs	5	spacing_added	applied_frontend	resolved_frontend			
public/kaoyan-english/lessons/e1/e1-1997.json	kaoyan-english	e1-1997	1997年考研英语一真题	22077	94	0	94	6	4346	text_and_structure_present	P0	render_existing_blocks_as_paragraphs	5	spacing_added	applied_frontend	resolved_frontend			
public/kaoyan-english/lessons/e1/e1-1998.json	kaoyan-english	e1-1998	1998年考研英语一真题	22334	130	0	130	7	4008	text_and_structure_present	P0	render_existing_blocks_as_paragraphs	6	spacing_added	applied_frontend	resolved_frontend			
public/kaoyan-english/lessons/e1/e1-1999.json	kaoyan-english	e1-1999	1999年考研英语一真题	23604	90	0	90	7	4075	text_and_structure_present	P0	render_existing_blocks_as_paragraphs	6	spacing_added	applied_frontend	resolved_frontend			
public/kaoyan-english/lessons/e1/e1-2000.json	kaoyan-english	e1-2000	2000年考研英语一真题	22432	99	0	99	6	3994	text_and_structure_present	P0	render_existing_blocks_as_paragraphs	5	spacing_added	applied_frontend	resolved_frontend			
public/kaoyan-english/lessons/e1/e1-2001.json	kaoyan-english	e1-2001	2001年考研英语一真题	23912	100	0	100	7	4059	text_and_structure_present	P0	render_existing_blocks_as_paragraphs	6	spacing_added	applied_frontend	resolved_frontend			
public/kaoyan-english/lessons/e1/e1-2002.json	kaoyan-english	e1-2002	2002年考研英语一真题	20176	120	0	120	6	3980	text_and_structure_present	P0	render_existing_blocks_as_paragraphs	5	spacing_added	applied_frontend	resolved_frontend			
public/kaoyan-english/lessons/e1/e1-2003.json	kaoyan-english	e1-2003	2003年考研英语一真题	20881	110	0	110	6	4202	text_and_structure_present	P0	render_existing_blocks_as_paragraphs	5	spacing_added	applied_frontend	resolved_frontend			
public/kaoyan-english/lessons/e1/e1-2004.json	kaoyan-english	e1-2004	2004年考研英语一真题	20703	126	0	126	6	3922	text_and_structure_present	P0	render_existing_blocks_as_paragraphs	5	spacing_added	applied_frontend	resolved_frontend			
public/kaoyan-english/lessons/e1/e1-2005.json	kaoyan-english	e1-2005	2005年考研英语一真题	26431	120	0	120	8	3835	text_and_structure_present	P0	render_existing_blocks_as_paragraphs	7	spacing_added	applied_frontend	resolved_frontend			
public/kaoyan-english/lessons/e1/e1-2006.json	kaoyan-english	e1-2006	2006年考研英语一真题	26675	125	0	125	9	3573	text_and_structure_present	P0	render_existing_blocks_as_paragraphs	8	spacing_added	applied_frontend	resolved_frontend			
public/kaoyan-english/lessons/e1/e1-2007.json	kaoyan-english	e1-2007	2007年考研英语一真题	25915	136	0	136	9	3724	text_and_structure_present	P0	render_existing_blocks_as_paragraphs	8	spacing_added	applied_frontend	resolved_frontend			
public/kaoyan-english/lessons/e1/e1-2008.json	kaoyan-english	e1-2008	2008年考研英语一真题	26177	135	0	135	8	3923	text_and_structure_present	P0	render_existing_blocks_as_paragraphs	7	spacing_added	applied_frontend	resolved_frontend			
public/kaoyan-english/lessons/e1/e1-2009.json	kaoyan-english	e1-2009	2009年考研英语一真题	25120	109	0	109	8	3752	text_and_structure_present	P0	render_existing_blocks_as_paragraphs	7	spacing_added	applied_frontend	resolved_frontend			
public/kaoyan-english/lessons/e1/e1-2010.json	kaoyan-english	e1-2010	2010年考研英语一真题	25797	104	0	104	8	4110	text_and_structure_present	P0	render_existing_blocks_as_paragraphs	7	spacing_added	applied_frontend	resolved_frontend			
public/kaoyan-english/lessons/e1/e1-2011.json	kaoyan-english	e1-2011	2011年考研英语一真题	25425	129	0	129	8	3868	text_and_structure_present	P0	render_existing_blocks_as_paragraphs	7	spacing_added	applied_frontend	resolved_frontend			
public/kaoyan-english/lessons/e1/e1-2012.json	kaoyan-english	e1-2012	2012年考研英语一真题	26461	119	0	119	8	3954	text_and_structure_present	P0	render_existing_blocks_as_paragraphs	7	spacing_added	applied_frontend	resolved_frontend			
public/kaoyan-english/lessons/e1/e1-2013.json	kaoyan-english	e1-2013	2013年考研英语一真题	25744	129	0	129	8	3887	text_and_structure_present	P0	render_existing_blocks_as_paragraphs	7	spacing_added	applied_frontend	resolved_frontend			
public/kaoyan-english/lessons/e1/e1-2014.json	kaoyan-english	e1-2014	2014年考研英语一真题	26311	118	0	118	7	4771	text_and_structure_present	P0	render_existing_blocks_as_paragraphs	6	spacing_added	applied_frontend	resolved_frontend			
public/kaoyan-english/lessons/e1/e1-2015.json	kaoyan-english	e1-2015	2015年考研英语一真题	26339	117	0	117	8	3850	text_and_structure_present	P0	render_existing_blocks_as_paragraphs	7	spacing_added	applied_frontend	resolved_frontend			
public/kaoyan-english/lessons/e1/e1-2016.json	kaoyan-english	e1-2016	2016年考研英语一真题	24787	39	0	39	9	3275	text_and_structure_present	P0	render_existing_blocks_as_paragraphs	8	spacing_added	applied_frontend	resolved_frontend			
public/kaoyan-english/lessons/e1/e1-2017.json	kaoyan-english	e1-2017	2017年考研英语一真题	25341	138	0	138	8	4186	text_and_structure_present	P0	render_existing_blocks_as_paragraphs	7	spacing_added	applied_frontend	resolved_frontend			
public/kaoyan-english/lessons/e1/e1-2018.json	kaoyan-english	e1-2018	2018年考研英语一真题	24819	136	0	136	7	4495	text_and_structure_present	P0	render_existing_blocks_as_paragraphs	6	spacing_added	applied_frontend	resolved_frontend			
public/kaoyan-english/lessons/e1/e1-2019.json	kaoyan-english	e1-2019	2019年考研英语一真题	25833	156	0	156	8	4323	text_and_structure_present	P0	render_existing_blocks_as_paragraphs	7	spacing_added	applied_frontend	resolved_frontend			
public/kaoyan-english/lessons/e1/e1-2020.json	kaoyan-english	e1-2020	2020年考研英语一真题	25410	107	0	107	13	2364	text_and_structure_present	P0	render_existing_blocks_as_paragraphs	12	spacing_added	applied_frontend	resolved_frontend			
public/kaoyan-english/lessons/e1/e1-2021.json	kaoyan-english	e1-2021	2021年考研英语一真题	26119	172	0	172	12	3516	text_and_structure_present	P0	render_existing_blocks_as_paragraphs	11	spacing_added	applied_frontend	resolved_frontend			
public/kaoyan-english/lessons/e1/e1-2022.json	kaoyan-english	e1-2022	2022年考研英语一真题	27068	183	0	183	12	3626	text_and_structure_present	P0	render_existing_blocks_as_paragraphs	11	spacing_added	applied_frontend	resolved_frontend			
public/kaoyan-english/lessons/e1/e1-2023.json	kaoyan-english	e1-2023	2023年考研英语一真题	26257	169	0	169	10	4046	text_and_structure_present	P0	render_existing_blocks_as_paragraphs	9	spacing_added	applied_frontend	resolved_frontend			
public/kaoyan-english/lessons/e1/e1-2024.json	kaoyan-english	e1-2024	2024年考研英语一真题	26951	155	0	155	12	3827	text_and_structure_present	P0	render_existing_blocks_as_paragraphs	11	spacing_added	applied_frontend	resolved_frontend			
public/kaoyan-english/lessons/e1/e1-2025.json	kaoyan-english	e1-2025	2025年考研英语一真题	26537	134	0	134	12	3473	text_and_structure_present	P0	render_existing_blocks_as_paragraphs	11	spacing_added	applied_frontend	resolved_frontend			
public/kaoyan-english/lessons/e1/e1-2026.json	kaoyan-english	e1-2026	2026年考研英语一真题	26259	167	0	167	12	3424	text_and_structure_present	P0	render_existing_blocks_as_paragraphs	11	spacing_added	applied_frontend	resolved_frontend			
public/kaoyan-english/lessons/e2/e2-2010.json	kaoyan-english	e2-2010	2010年考研英语二真题	24313	121	0	121	8	3547	text_and_structure_present	P0	render_existing_blocks_as_paragraphs	7	spacing_added	applied_frontend	resolved_frontend			
public/kaoyan-english/lessons/e2/e2-2011.json	kaoyan-english	e2-2011	2011年考研英语二真题	24329	155	0	155	8	3572	text_and_structure_present	P0	render_existing_blocks_as_paragraphs	7	spacing_added	applied_frontend	resolved_frontend			
public/kaoyan-english/lessons/e2/e2-2012.json	kaoyan-english	e2-2012	2012年考研英语二真题	24299	116	0	116	8	4134	text_and_structure_present	P0	render_existing_blocks_as_paragraphs	7	spacing_added	applied_frontend	resolved_frontend			
public/kaoyan-english/lessons/e2/e2-2013.json	kaoyan-english	e2-2013	2013年考研英语二真题	21016	119	0	119	7	3424	text_and_structure_present	P0	render_existing_blocks_as_paragraphs	6	spacing_added	applied_frontend	resolved_frontend			
public/kaoyan-english/lessons/e2/e2-2014.json	kaoyan-english	e2-2014	2014年考研英语二真题	23089	132	0	132	7	3872	text_and_structure_present	P0	render_existing_blocks_as_paragraphs	6	spacing_added	applied_frontend	resolved_frontend			
public/kaoyan-english/lessons/e2/e2-2015.json	kaoyan-english	e2-2015	2015年考研英语二真题	22973	139	0	139	7	3751	text_and_structure_present	P0	render_existing_blocks_as_paragraphs	6	spacing_added	applied_frontend	resolved_frontend			
public/kaoyan-english/lessons/e2/e2-2016.json	kaoyan-english	e2-2016	2016年考研英语二真题	23084	121	0	121	7	4136	text_and_structure_present	P0	render_existing_blocks_as_paragraphs	6	spacing_added	applied_frontend	resolved_frontend			
public/kaoyan-english/lessons/e2/e2-2017.json	kaoyan-english	e2-2017	2017年考研英语二真题	25073	171	0	171	31	1520	text_and_structure_present	P0	render_existing_blocks_as_paragraphs	30	spacing_added	applied_frontend	resolved_frontend			
public/kaoyan-english/lessons/e2/e2-2018.json	kaoyan-english	e2-2018	2018年考研英语二真题	22986	209	0	209	15	2472	text_and_structure_present	P0	render_existing_blocks_as_paragraphs	14	spacing_added	applied_frontend	resolved_frontend			
public/kaoyan-english/lessons/e2/e2-2019.json	kaoyan-english	e2-2019	2019年考研英语二真题	23702	173	0	173	14	2653	text_and_structure_present	P0	render_existing_blocks_as_paragraphs	13	spacing_added	applied_frontend	resolved_frontend			
public/kaoyan-english/lessons/e2/e2-2020.json	kaoyan-english	e2-2020	2020年考研英语二真题	22786	128	0	128	11	2986	text_and_structure_present	P0	render_existing_blocks_as_paragraphs	10	spacing_added	applied_frontend	resolved_frontend			
public/kaoyan-english/lessons/e2/e2-2021.json	kaoyan-english	e2-2021	2021年考研英语二真题	23038	121	0	121	11	3133	text_and_structure_present	P0	render_existing_blocks_as_paragraphs	10	spacing_added	applied_frontend	resolved_frontend			
public/kaoyan-english/lessons/e2/e2-2022.json	kaoyan-english	e2-2022	2022年考研英语二真题	23320	141	0	141	11	2963	text_and_structure_present	P0	render_existing_blocks_as_paragraphs	10	spacing_added	applied_frontend	resolved_frontend			
public/kaoyan-english/lessons/e2/e2-2023.json	kaoyan-english	e2-2023	2023年考研英语二真题	23772	136	0	136	12	3067	text_and_structure_present	P0	render_existing_blocks_as_paragraphs	11	spacing_added	applied_frontend	resolved_frontend			
public/kaoyan-english/lessons/e2/e2-2024.json	kaoyan-english	e2-2024	2024年考研英语二真题	24161	129	0	129	12	3084	text_and_structure_present	P0	render_existing_blocks_as_paragraphs	11	spacing_added	applied_frontend	resolved_frontend			
public/kaoyan-english/lessons/e2/e2-2025.json	kaoyan-english	e2-2025	2025年考研英语二真题	23452	115	0	115	11	3188	text_and_structure_present	P0	render_existing_blocks_as_paragraphs	10	spacing_added	applied_frontend	resolved_frontend			
public/kaoyan-english/lessons/e2/e2-2026.json	kaoyan-english	e2-2026	2026年考研英语二真题	23886	158	0	158	12	3034	text_and_structure_present	P0	render_existing_blocks_as_paragraphs	11	spacing_added	applied_frontend	resolved_frontend			
public/nce/lessons/nce1/001.json	nce	nce1-001	Excuse Me	121	9	1	7	0	0	text_only	P3	manual_paragraph_boundaries	2	spacing_added	applied_frontend	resolved_frontend			
public/nce/lessons/nce1/003.json	nce	nce1-003	Sorry, Sir.	267	14	1	12	0	0	text_only	P2	manual_paragraph_boundaries	3	spacing_added	applied_frontend	resolved_frontend			
public/nce/lessons/nce1/005.json	nce	nce1-005	Nice to Meet You.	399	22	1	20	0	0	text_only	P2	manual_paragraph_boundaries	5	spacing_added	applied_frontend	resolved_frontend			
public/nce/lessons/nce1/007.json	nce	nce1-007	Are You a Teacher	300	18	1	16	0	0	text_only	P2	manual_paragraph_boundaries	4	spacing_added	applied_frontend	resolved_frontend			
public/nce/lessons/nce1/009.json	nce	nce1-009	How Are You Today	246	16	1	14	0	0	text_only	P2	manual_paragraph_boundaries	4	spacing_added	applied_frontend	resolved_frontend			
public/nce/lessons/nce1/011.json	nce	nce1-011	Is This Your Shirt	271	18	1	16	0	0	text_only	P2	manual_paragraph_boundaries	4	spacing_added	applied_frontend	resolved_frontend			
public/nce/lessons/nce1/013.json	nce	nce1-013	A New Dress	259	15	1	13	0	0	text_only	P2	manual_paragraph_boundaries	4	spacing_added	applied_frontend	resolved_frontend			
public/nce/lessons/nce1/015.json	nce	nce1-015	Your Passports, Please.	378	20	1	18	0	0	text_only	P2	manual_paragraph_boundaries	5	spacing_added	applied_frontend	resolved_frontend			
public/nce/lessons/nce1/017.json	nce	nce1-017	How do you do	467	18	1	16	0	0	text_only	P2	manual_paragraph_boundaries	4	spacing_added	applied_frontend	resolved_frontend			
public/nce/lessons/nce1/019.json	nce	nce1-019	Tired and Thirsty	319	16	1	14	0	0	text_only	P2	manual_paragraph_boundaries	4	spacing_added	applied_frontend	resolved_frontend			
public/nce/lessons/nce1/021.json	nce	nce1-021	Which Book	160	10	1	8	0	0	text_only	P2	manual_paragraph_boundaries	2	spacing_added	applied_frontend	resolved_frontend			
public/nce/lessons/nce1/023.json	nce	nce1-023	Which Glasses	178	11	1	9	0	0	text_only	P2	manual_paragraph_boundaries	3	spacing_added	applied_frontend	resolved_frontend			
public/nce/lessons/nce1/025.json	nce	nce1-025	Mrs. Smith's Kitchen	386	14	1	12	0	0	text_only	P2	manual_paragraph_boundaries	3	spacing_added	applied_frontend	resolved_frontend			
public/nce/lessons/nce1/027.json	nce	nce1-027	Mrs. Smith's Living Room	475	15	1	13	0	0	text_only	P2	manual_paragraph_boundaries	4	spacing_added	applied_frontend	resolved_frontend			
public/nce/lessons/nce1/029.json	nce	nce1-029	Come In, Amy.	263	11	1	9	0	0	text_only	P2	manual_paragraph_boundaries	3	spacing_added	applied_frontend	resolved_frontend			
public/nce/lessons/nce1/031.json	nce	nce1-031	Where's Sally	348	16	1	14	0	0	text_only	P2	manual_paragraph_boundaries	4	spacing_added	applied_frontend	resolved_frontend			
public/nce/lessons/nce1/033.json	nce	nce1-033	A Fine Day	392	12	1	10	0	0	text_only	P2	manual_paragraph_boundaries	3	spacing_added	applied_frontend	resolved_frontend			
public/nce/lessons/nce1/035.json	nce	nce1-035	Our Village	544	17	1	15	0	0	text_only	P2	manual_paragraph_boundaries	4	spacing_added	applied_frontend	resolved_frontend			
public/nce/lessons/nce1/037.json	nce	nce1-037	Making a Bookcase	441	20	1	18	0	0	text_only	P2	manual_paragraph_boundaries	5	spacing_added	applied_frontend	resolved_frontend			
public/nce/lessons/nce1/039.json	nce	nce1-039	Don't Drop It	387	14	1	12	0	0	text_only	P2	manual_paragraph_boundaries	3	spacing_added	applied_frontend	resolved_frontend			
public/nce/lessons/nce1/041.json	nce	nce1-041	Penny's Bag	355	18	1	16	0	0	text_only	P2	manual_paragraph_boundaries	4	spacing_added	applied_frontend	resolved_frontend			
public/nce/lessons/nce1/043.json	nce	nce1-043	Hurry Up	464	19	1	17	0	0	text_only	P2	manual_paragraph_boundaries	5	spacing_added	applied_frontend	resolved_frontend			
public/nce/lessons/nce1/045.json	nce	nce1-045	The Boss's Letter	416	20	1	18	0	0	text_only	P2	manual_paragraph_boundaries	5	spacing_added	applied_frontend	resolved_frontend			
public/nce/lessons/nce1/047.json	nce	nce1-047	A Cup of Coffee	298	16	1	14	0	0	text_only	P2	manual_paragraph_boundaries	4	spacing_added	applied_frontend	resolved_frontend			
public/nce/lessons/nce1/049.json	nce	nce1-049	At the Butcher's	461	18	1	16	0	0	text_only	P2	manual_paragraph_boundaries	4	spacing_added	applied_frontend	resolved_frontend			
public/nce/lessons/nce1/051.json	nce	nce1-051	A Pleasant Climate	572	18	1	16	0	0	text_only	P2	manual_paragraph_boundaries	4	spacing_added	applied_frontend	resolved_frontend			
public/nce/lessons/nce1/053.json	nce	nce1-053	An Interesting Climate	660	17	1	15	0	0	text_only	P2	manual_paragraph_boundaries	4	spacing_added	applied_frontend	resolved_frontend			
public/nce/lessons/nce1/055.json	nce	nce1-055	The Sawyer Family	656	17	1	15	0	0	text_only	P2	manual_paragraph_boundaries	4	spacing_added	applied_frontend	resolved_frontend			
public/nce/lessons/nce1/057.json	nce	nce1-057	An Unusual Day	739	16	1	14	0	0	text_only	P2	manual_paragraph_boundaries	4	spacing_added	applied_frontend	resolved_frontend			
public/nce/lessons/nce1/059.json	nce	nce1-059	Is That All	470	21	1	19	0	0	text_only	P2	manual_paragraph_boundaries	5	spacing_added	applied_frontend	resolved_frontend			
public/nce/lessons/nce1/061.json	nce	nce1-061	A Bad Cold	453	18	1	16	0	0	text_only	P2	manual_paragraph_boundaries	4	spacing_added	applied_frontend	resolved_frontend			
public/nce/lessons/nce1/063.json	nce	nce1-063	Thank You, Doctor.	648	22	1	20	0	0	text_only	P2	manual_paragraph_boundaries	5	spacing_added	applied_frontend	resolved_frontend			
public/nce/lessons/nce1/065.json	nce	nce1-065	Not a Baby	581	24	1	22	0	0	text_only	P2	manual_paragraph_boundaries	6	spacing_added	applied_frontend	resolved_frontend			
public/nce/lessons/nce1/067.json	nce	nce1-067	The Weekend	533	18	1	16	0	0	text_only	P2	manual_paragraph_boundaries	4	spacing_added	applied_frontend	resolved_frontend			
public/nce/lessons/nce1/069.json	nce	nce1-069	The Car Race	635	17	1	15	0	0	text_only	P2	manual_paragraph_boundaries	4	spacing_added	applied_frontend	resolved_frontend			
public/nce/lessons/nce1/071.json	nce	nce1-071	He's Awful	704	21	1	19	0	0	text_only	P2	manual_paragraph_boundaries	5	spacing_added	applied_frontend	resolved_frontend			
public/nce/lessons/nce1/073.json	nce	nce1-073	The Way to King Street	563	17	1	15	0	0	text_only	P2	manual_paragraph_boundaries	4	spacing_added	applied_frontend	resolved_frontend			
public/nce/lessons/nce1/075.json	nce	nce1-075	Uncomfortable Shoes	604	21	1	19	0	0	text_only	P2	manual_paragraph_boundaries	5	spacing_added	applied_frontend	resolved_frontend			
public/nce/lessons/nce1/077.json	nce	nce1-077	Terrible Toothache	565	21	1	19	0	0	text_only	P2	manual_paragraph_boundaries	5	spacing_added	applied_frontend	resolved_frontend			
public/nce/lessons/nce1/079.json	nce	nce1-079	Carol's Shopping List	609	20	1	18	0	0	text_only	P2	manual_paragraph_boundaries	5	spacing_added	applied_frontend	resolved_frontend			
public/nce/lessons/nce1/081.json	nce	nce1-081	Roast Beef and Potatoes	502	25	1	23	0	0	text_only	P2	manual_paragraph_boundaries	6	spacing_added	applied_frontend	resolved_frontend			
public/nce/lessons/nce1/083.json	nce	nce1-083	Going on Holiday	655	26	1	24	0	0	text_only	P2	manual_paragraph_boundaries	6	spacing_added	applied_frontend	resolved_frontend			
public/nce/lessons/nce1/085.json	nce	nce1-085	Paris in the Spring.	470	20	1	18	0	0	text_only	P2	manual_paragraph_boundaries	5	spacing_added	applied_frontend	resolved_frontend			
public/nce/lessons/nce1/087.json	nce	nce1-087	A Car Crash	557	20	1	18	0	0	text_only	P2	manual_paragraph_boundaries	5	spacing_added	applied_frontend	resolved_frontend			
public/nce/lessons/nce1/089.json	nce	nce1-089	For Sale	590	23	1	21	0	0	text_only	P2	manual_paragraph_boundaries	6	spacing_added	applied_frontend	resolved_frontend			
public/nce/lessons/nce1/091.json	nce	nce1-091	Poor Ian	597	22	1	20	0	0	text_only	P2	manual_paragraph_boundaries	5	spacing_added	applied_frontend	resolved_frontend			
public/nce/lessons/nce1/093.json	nce	nce1-093	Our New Neighbour	458	14	1	12	0	0	text_only	P2	manual_paragraph_boundaries	3	spacing_added	applied_frontend	resolved_frontend			
public/nce/lessons/nce1/095.json	nce	nce1-095	Tickets, Please.	632	24	1	22	0	0	text_only	P2	manual_paragraph_boundaries	6	spacing_added	applied_frontend	resolved_frontend			
public/nce/lessons/nce1/097.json	nce	nce1-097	A Small Blue Case	574	22	1	20	0	0	text_only	P2	manual_paragraph_boundaries	5	spacing_added	applied_frontend	resolved_frontend			
public/nce/lessons/nce1/099.json	nce	nce1-099	Ow	418	18	1	16	0	0	text_only	P2	manual_paragraph_boundaries	4	spacing_added	applied_frontend	resolved_frontend			
public/nce/lessons/nce1/101.json	nce	nce1-101	A Card From Jimmy	648	22	1	20	0	0	text_only	P2	manual_paragraph_boundaries	5	spacing_added	applied_frontend	resolved_frontend			
public/nce/lessons/nce1/103.json	nce	nce1-103	The French Test	673	23	1	21	0	0	text_only	P2	manual_paragraph_boundaries	6	spacing_added	applied_frontend	resolved_frontend			
public/nce/lessons/nce1/105.json	nce	nce1-105	Full of Mistakes	514	23	1	21	0	0	text_only	P2	manual_paragraph_boundaries	6	spacing_added	applied_frontend	resolved_frontend			
public/nce/lessons/nce1/107.json	nce	nce1-107	It's Too Small.	632	20	1	18	0	0	text_only	P2	manual_paragraph_boundaries	5	spacing_added	applied_frontend	resolved_frontend			
public/nce/lessons/nce1/109.json	nce	nce1-109	A Good Idea	556	25	1	23	0	0	text_only	P2	manual_paragraph_boundaries	6	spacing_added	applied_frontend	resolved_frontend			
public/nce/lessons/nce1/111.json	nce	nce1-111	The Most Expensive Model	808	21	1	19	0	0	text_only	P2	manual_paragraph_boundaries	5	spacing_added	applied_frontend	resolved_frontend			
public/nce/lessons/nce1/113.json	nce	nce1-113	Small Change	557	24	1	22	0	0	text_only	P2	manual_paragraph_boundaries	6	spacing_added	applied_frontend	resolved_frontend			
public/nce/lessons/nce1/115.json	nce	nce1-115	Knock, Knock	624	26	1	24	0	0	text_only	P2	manual_paragraph_boundaries	6	spacing_added	applied_frontend	resolved_frontend			
public/nce/lessons/nce1/117.json	nce	nce1-117	Tommy's Breakfast	673	14	1	12	0	0	text_only	P2	manual_paragraph_boundaries	3	spacing_added	applied_frontend	resolved_frontend			
public/nce/lessons/nce1/119.json	nce	nce1-119	A True Story	757	18	1	16	0	0	text_only	P2	manual_paragraph_boundaries	4	spacing_added	applied_frontend	resolved_frontend			
public/nce/lessons/nce1/121.json	nce	nce1-121	The Man in a Hat	586	18	1	16	0	0	text_only	P2	manual_paragraph_boundaries	4	spacing_added	applied_frontend	resolved_frontend			
public/nce/lessons/nce1/123.json	nce	nce1-123	A Trip to Australia	560	23	1	21	0	0	text_only	P2	manual_paragraph_boundaries	6	spacing_added	applied_frontend	resolved_frontend			
public/nce/lessons/nce1/125.json	nce	nce1-125	Tea for Two	522	22	1	20	0	0	text_only	P2	manual_paragraph_boundaries	5	spacing_added	applied_frontend	resolved_frontend			
public/nce/lessons/nce1/127.json	nce	nce1-127	A Famous Actress	635	23	1	21	0	0	text_only	P2	manual_paragraph_boundaries	6	spacing_added	applied_frontend	resolved_frontend			
public/nce/lessons/nce1/129.json	nce	nce1-129	Seventy Miles an Hour	724	24	1	22	0	0	text_only	P2	manual_paragraph_boundaries	6	spacing_added	applied_frontend	resolved_frontend			
public/nce/lessons/nce1/131.json	nce	nce1-131	Don't be So Sure	659	21	1	19	0	0	text_only	P2	manual_paragraph_boundaries	5	spacing_added	applied_frontend	resolved_frontend			
public/nce/lessons/nce1/133.json	nce	nce1-133	Sensational News	672	20	1	18	0	0	text_only	P2	manual_paragraph_boundaries	5	spacing_added	applied_frontend	resolved_frontend			
public/nce/lessons/nce1/135.json	nce	nce1-135	The Latest Report	798	23	1	21	0	0	text_only	P2	manual_paragraph_boundaries	6	spacing_added	applied_frontend	resolved_frontend			
public/nce/lessons/nce1/137.json	nce	nce1-137	A Pleasant Dream	751	18	1	16	0	0	text_only	P2	manual_paragraph_boundaries	4	spacing_added	applied_frontend	resolved_frontend			
public/nce/lessons/nce1/139.json	nce	nce1-139	Is That You, John	771	20	1	18	0	0	text_only	P2	manual_paragraph_boundaries	5	spacing_added	applied_frontend	resolved_frontend			
public/nce/lessons/nce1/141.json	nce	nce1-141	Sally's First Train Ride	849	17	1	15	0	0	text_only	P2	manual_paragraph_boundaries	4	spacing_added	applied_frontend	resolved_frontend			
public/nce/lessons/nce1/143.json	nce	nce1-143	A Walk Through the Woods	770	12	1	10	0	0	text_only	P2	manual_paragraph_boundaries	3	spacing_added	applied_frontend	resolved_frontend			
public/nce/lessons/nce2/001.json	nce	nce2-001	A Private Conversation	565	18	1	16	0	0	text_only	P2	manual_paragraph_boundaries	4	spacing_added	applied_frontend	resolved_frontend			
public/nce/lessons/nce2/002.json	nce	nce2-002	Breakfast or Lunch	553	20	1	18	0	0	text_only	P2	manual_paragraph_boundaries	5	spacing_added	applied_frontend	resolved_frontend			
public/nce/lessons/nce2/003.json	nce	nce2-003	Please Send Me a Card	534	13	1	11	0	0	text_only	P2	manual_paragraph_boundaries	3	spacing_added	applied_frontend	resolved_frontend			
public/nce/lessons/nce2/004.json	nce	nce2-004	An Exciting Trip	523	11	1	9	0	0	text_only	P2	manual_paragraph_boundaries	3	spacing_added	applied_frontend	resolved_frontend			
public/nce/lessons/nce2/005.json	nce	nce2-005	No Wrong Numbers	572	9	1	7	0	0	text_only	P3	manual_paragraph_boundaries	2	spacing_added	applied_frontend	resolved_frontend			
public/nce/lessons/nce2/006.json	nce	nce2-006	Percy Buttons	515	13	1	11	0	0	text_only	P2	manual_paragraph_boundaries	3	spacing_added	applied_frontend	resolved_frontend			
public/nce/lessons/nce2/007.json	nce	nce2-007	Too Late	633	9	1	7	0	0	text_only	P3	manual_paragraph_boundaries	2	spacing_added	applied_frontend	resolved_frontend			
public/nce/lessons/nce2/008.json	nce	nce2-008	The Best and the Worst	585	11	1	9	0	0	text_only	P2	manual_paragraph_boundaries	3	spacing_added	applied_frontend	resolved_frontend			
public/nce/lessons/nce2/009.json	nce	nce2-009	A Cold Welcome	596	15	1	13	0	0	text_only	P2	manual_paragraph_boundaries	4	spacing_added	applied_frontend	resolved_frontend			
public/nce/lessons/nce2/010.json	nce	nce2-010	Not for Jazz	518	14	1	12	0	0	text_only	P2	manual_paragraph_boundaries	3	spacing_added	applied_frontend	resolved_frontend			
public/nce/lessons/nce2/011.json	nce	nce2-011	One Good Turn Deserves Another	544	11	1	9	0	0	text_only	P2	manual_paragraph_boundaries	3	spacing_added	applied_frontend	resolved_frontend			
public/nce/lessons/nce2/012.json	nce	nce2-012	Goodbye and Good Luck	532	12	1	10	0	0	text_only	P2	manual_paragraph_boundaries	3	spacing_added	applied_frontend	resolved_frontend			
public/nce/lessons/nce2/013.json	nce	nce2-013	The Greenwood Boys	578	12	1	10	0	0	text_only	P2	manual_paragraph_boundaries	3	spacing_added	applied_frontend	resolved_frontend			
public/nce/lessons/nce2/014.json	nce	nce2-014	Do You Speak English	584	15	1	13	0	0	text_only	P2	manual_paragraph_boundaries	4	spacing_added	applied_frontend	resolved_frontend			
public/nce/lessons/nce2/015.json	nce	nce2-015	Good News	514	12	1	10	0	0	text_only	P2	manual_paragraph_boundaries	3	spacing_added	applied_frontend	resolved_frontend			
public/nce/lessons/nce2/016.json	nce	nce2-016	A Polite Request	533	11	1	9	0	0	text_only	P2	manual_paragraph_boundaries	3	spacing_added	applied_frontend	resolved_frontend			
public/nce/lessons/nce2/017.json	nce	nce2-017	Always Young	568	10	1	8	0	0	text_only	P2	manual_paragraph_boundaries	2	spacing_added	applied_frontend	resolved_frontend			
public/nce/lessons/nce2/018.json	nce	nce2-018	He Often does This	528	11	1	9	0	0	text_only	P2	manual_paragraph_boundaries	3	spacing_added	applied_frontend	resolved_frontend			
public/nce/lessons/nce2/019.json	nce	nce2-019	Sold Out	628	17	1	15	0	0	text_only	P2	manual_paragraph_boundaries	4	spacing_added	applied_frontend	resolved_frontend			
public/nce/lessons/nce2/020.json	nce	nce2-020	One Man in a Boat	612	15	1	13	0	0	text_only	P2	manual_paragraph_boundaries	4	spacing_added	applied_frontend	resolved_frontend			
public/nce/lessons/nce2/021.json	nce	nce2-021	Mad or Not	593	11	1	9	0	0	text_only	P2	manual_paragraph_boundaries	3	spacing_added	applied_frontend	resolved_frontend			
public/nce/lessons/nce2/022.json	nce	nce2-022	A Glass Envelope	570	9	1	7	0	0	text_only	P3	manual_paragraph_boundaries	2	spacing_added	applied_frontend	resolved_frontend			
public/nce/lessons/nce2/023.json	nce	nce2-023	A New House	570	13	1	11	0	0	text_only	P2	manual_paragraph_boundaries	3	spacing_added	applied_frontend	resolved_frontend			
public/nce/lessons/nce2/024.json	nce	nce2-024	It Could be Worse	585	12	1	10	0	0	text_only	P2	manual_paragraph_boundaries	3	spacing_added	applied_frontend	resolved_frontend			
public/nce/lessons/nce2/025.json	nce	nce2-025	Do the English Speak English	818	19	1	17	0	0	text_only	P2	manual_paragraph_boundaries	5	spacing_added	applied_frontend	resolved_frontend			
public/nce/lessons/nce2/026.json	nce	nce2-026	The Best Art Critics	820	18	1	16	0	0	text_only	P2	manual_paragraph_boundaries	4	spacing_added	applied_frontend	resolved_frontend			
public/nce/lessons/nce2/027.json	nce	nce2-027	A Wet Night	801	14	1	12	0	0	text_only	P2	manual_paragraph_boundaries	3	spacing_added	applied_frontend	resolved_frontend			
public/nce/lessons/nce2/028.json	nce	nce2-028	No Parking	772	12	1	10	0	0	text_only	P2	manual_paragraph_boundaries	3	spacing_added	applied_frontend	resolved_frontend			
public/nce/lessons/nce2/029.json	nce	nce2-029	Taxi	876	11	1	9	0	0	text_only	P2	manual_paragraph_boundaries	3	spacing_added	applied_frontend	resolved_frontend			
public/nce/lessons/nce2/030.json	nce	nce2-030	Football or Polo	764	12	1	10	0	0	text_only	P2	manual_paragraph_boundaries	3	spacing_added	applied_frontend	resolved_frontend			
public/nce/lessons/nce2/031.json	nce	nce2-031	Success Story	807	13	1	11	0	0	text_only	P2	manual_paragraph_boundaries	3	spacing_added	applied_frontend	resolved_frontend			
public/nce/lessons/nce2/032.json	nce	nce2-032	Shopping Made Easy	805	11	1	9	0	0	text_only	P2	manual_paragraph_boundaries	3	spacing_added	applied_frontend	resolved_frontend			
public/nce/lessons/nce2/033.json	nce	nce2-033	Out of the Darkness	699	12	1	10	0	0	text_only	P2	manual_paragraph_boundaries	3	spacing_added	applied_frontend	resolved_frontend			
public/nce/lessons/nce2/034.json	nce	nce2-034	Quick Work	732	12	1	10	0	0	text_only	P2	manual_paragraph_boundaries	3	spacing_added	applied_frontend	resolved_frontend			
public/nce/lessons/nce2/035.json	nce	nce2-035	Stop Thief	795	15	1	13	0	0	text_only	P2	manual_paragraph_boundaries	4	spacing_added	applied_frontend	resolved_frontend			
public/nce/lessons/nce2/036.json	nce	nce2-036	Across the Channel	801	13	1	11	0	0	text_only	P2	manual_paragraph_boundaries	3	spacing_added	applied_frontend	resolved_frontend			
public/nce/lessons/nce2/037.json	nce	nce2-037	The Olympic Games	850	11	1	9	0	0	text_only	P2	manual_paragraph_boundaries	3	spacing_added	applied_frontend	resolved_frontend			
public/nce/lessons/nce2/038.json	nce	nce2-038	Everything Except the Weather	802	13	1	11	0	0	text_only	P2	manual_paragraph_boundaries	3	spacing_added	applied_frontend	resolved_frontend			
public/nce/lessons/nce2/039.json	nce	nce2-039	Am I All Right	825	12	1	10	0	0	text_only	P2	manual_paragraph_boundaries	3	spacing_added	applied_frontend	resolved_frontend			
public/nce/lessons/nce2/040.json	nce	nce2-040	Food and Talk	750	17	1	15	0	0	text_only	P2	manual_paragraph_boundaries	4	spacing_added	applied_frontend	resolved_frontend			
public/nce/lessons/nce2/041.json	nce	nce2-041	Do You Call That a Hat	803	14	1	12	0	0	text_only	P2	manual_paragraph_boundaries	3	spacing_added	applied_frontend	resolved_frontend			
public/nce/lessons/nce2/042.json	nce	nce2-042	Not Very Musical	767	10	1	8	0	0	text_only	P2	manual_paragraph_boundaries	2	spacing_added	applied_frontend	resolved_frontend			
public/nce/lessons/nce2/043.json	nce	nce2-043	Over the South Pole	818	10	1	8	0	0	text_only	P2	manual_paragraph_boundaries	2	spacing_added	applied_frontend	resolved_frontend			
public/nce/lessons/nce2/044.json	nce	nce2-044	Through the Forest	789	10	1	8	0	0	text_only	P2	manual_paragraph_boundaries	2	spacing_added	applied_frontend	resolved_frontend			
public/nce/lessons/nce2/045.json	nce	nce2-045	A Clear Conscience	759	12	1	10	0	0	text_only	P2	manual_paragraph_boundaries	3	spacing_added	applied_frontend	resolved_frontend			
public/nce/lessons/nce2/046.json	nce	nce2-046	Expensive and Uncomfortable	778	12	1	10	0	0	text_only	P2	manual_paragraph_boundaries	3	spacing_added	applied_frontend	resolved_frontend			
public/nce/lessons/nce2/047.json	nce	nce2-047	A Thirsty Ghost	767	10	1	8	0	0	text_only	P2	manual_paragraph_boundaries	2	spacing_added	applied_frontend	resolved_frontend			
public/nce/lessons/nce2/048.json	nce	nce2-048	Did You Want to Tell Me Something	750	12	1	10	0	0	text_only	P2	manual_paragraph_boundaries	3	spacing_added	applied_frontend	resolved_frontend			
public/nce/lessons/nce2/049.json	nce	nce2-049	The End of a Dream	856	12	1	10	0	0	text_only	P2	manual_paragraph_boundaries	3	spacing_added	applied_frontend	resolved_frontend			
public/nce/lessons/nce2/050.json	nce	nce2-050	Taken for a Ride	893	19	1	17	0	0	text_only	P2	manual_paragraph_boundaries	5	spacing_added	applied_frontend	resolved_frontend			
public/nce/lessons/nce2/051.json	nce	nce2-051	Reward for Virtue	868	14	1	12	0	0	text_only	P2	manual_paragraph_boundaries	3	spacing_added	applied_frontend	resolved_frontend			
public/nce/lessons/nce2/052.json	nce	nce2-052	A Pretty Carpet	807	13	1	11	0	0	text_only	P2	manual_paragraph_boundaries	3	spacing_added	applied_frontend	resolved_frontend			
public/nce/lessons/nce2/053.json	nce	nce2-053	Hot Snake	905	14	1	12	0	0	text_only	P2	manual_paragraph_boundaries	3	spacing_added	applied_frontend	resolved_frontend			
public/nce/lessons/nce2/054.json	nce	nce2-054	Sticky Fingers	922	14	1	12	0	0	text_only	P2	manual_paragraph_boundaries	3	spacing_added	applied_frontend	resolved_frontend			
public/nce/lessons/nce2/055.json	nce	nce2-055	Not a Gold Mine	938	12	1	10	0	0	text_only	P2	manual_paragraph_boundaries	3	spacing_added	applied_frontend	resolved_frontend			
public/nce/lessons/nce2/056.json	nce	nce2-056	Faster Than Sound	860	14	1	12	0	0	text_only	P2	manual_paragraph_boundaries	3	spacing_added	applied_frontend	resolved_frontend			
public/nce/lessons/nce2/057.json	nce	nce2-057	Can I Help You, Madam	959	13	1	11	0	0	text_only	P2	manual_paragraph_boundaries	3	spacing_added	applied_frontend	resolved_frontend			
public/nce/lessons/nce2/058.json	nce	nce2-058	A Blessing in Disguise	905	11	1	9	0	0	text_only	P2	manual_paragraph_boundaries	3	spacing_added	applied_frontend	resolved_frontend			
public/nce/lessons/nce2/059.json	nce	nce2-059	In or Out	859	13	1	11	0	0	text_only	P2	manual_paragraph_boundaries	3	spacing_added	applied_frontend	resolved_frontend			
public/nce/lessons/nce2/060.json	nce	nce2-060	The Future	865	14	1	12	0	0	text_only	P2	manual_paragraph_boundaries	3	spacing_added	applied_frontend	resolved_frontend			
public/nce/lessons/nce2/061.json	nce	nce2-061	Trouble with the Hubble	950	11	1	9	0	0	text_only	P2	manual_paragraph_boundaries	3	spacing_added	applied_frontend	resolved_frontend			
public/nce/lessons/nce2/062.json	nce	nce2-062	After the Fire	973	11	1	9	0	0	text_only	P2	manual_paragraph_boundaries	3	spacing_added	applied_frontend	resolved_frontend			
public/nce/lessons/nce2/063.json	nce	nce2-063	She Was Not Amused	902	13	1	11	0	0	text_only	P2	manual_paragraph_boundaries	3	spacing_added	applied_frontend	resolved_frontend			
public/nce/lessons/nce2/064.json	nce	nce2-064	The Channel Tunnel	943	13	1	11	0	0	text_only	P2	manual_paragraph_boundaries	3	spacing_added	applied_frontend	resolved_frontend			
public/nce/lessons/nce2/065.json	nce	nce2-065	Jumbo Versus the Police	930	12	1	10	0	0	text_only	P2	manual_paragraph_boundaries	3	spacing_added	applied_frontend	resolved_frontend			
public/nce/lessons/nce2/066.json	nce	nce2-066	Sweet as Honey	967	11	1	9	0	0	text_only	P2	manual_paragraph_boundaries	3	spacing_added	applied_frontend	resolved_frontend			
public/nce/lessons/nce2/067.json	nce	nce2-067	Volcanoes	945	12	1	10	0	0	text_only	P2	manual_paragraph_boundaries	3	spacing_added	applied_frontend	resolved_frontend			
public/nce/lessons/nce2/068.json	nce	nce2-068	Persistent	891	16	1	14	0	0	text_only	P2	manual_paragraph_boundaries	4	spacing_added	applied_frontend	resolved_frontend			
public/nce/lessons/nce2/069.json	nce	nce2-069	But not Murder	916	14	1	12	0	0	text_only	P2	manual_paragraph_boundaries	3	spacing_added	applied_frontend	resolved_frontend			
public/nce/lessons/nce2/070.json	nce	nce2-070	Red for Danger	896	12	1	10	0	0	text_only	P2	manual_paragraph_boundaries	3	spacing_added	applied_frontend	resolved_frontend			
public/nce/lessons/nce2/071.json	nce	nce2-071	A Famous Clock	871	11	1	9	0	0	text_only	P2	manual_paragraph_boundaries	3	spacing_added	applied_frontend	resolved_frontend			
public/nce/lessons/nce2/072.json	nce	nce2-072	A Car Called Bluebird	952	13	1	11	0	0	text_only	P2	manual_paragraph_boundaries	3	spacing_added	applied_frontend	resolved_frontend			
public/nce/lessons/nce2/073.json	nce	nce2-073	The Record-Holder	990	13	1	11	0	0	text_only	P2	manual_paragraph_boundaries	3	spacing_added	applied_frontend	resolved_frontend			
public/nce/lessons/nce2/074.json	nce	nce2-074	Out of the Limelight	1110	17	1	15	0	0	text_only	P2	manual_paragraph_boundaries	4	spacing_added	applied_frontend	resolved_frontend			
public/nce/lessons/nce2/075.json	nce	nce2-075	SOS	978	14	1	12	0	0	text_only	P2	manual_paragraph_boundaries	3	spacing_added	applied_frontend	resolved_frontend			
public/nce/lessons/nce2/076.json	nce	nce2-076	April Fools' Day	1127	14	1	12	0	0	text_only	P2	manual_paragraph_boundaries	3	spacing_added	applied_frontend	resolved_frontend			
public/nce/lessons/nce2/077.json	nce	nce2-077	A Successful Operation	974	13	1	11	0	0	text_only	P2	manual_paragraph_boundaries	3	spacing_added	applied_frontend	resolved_frontend			
public/nce/lessons/nce2/078.json	nce	nce2-078	The Last One	1035	15	1	13	0	0	text_only	P2	manual_paragraph_boundaries	4	spacing_added	applied_frontend	resolved_frontend			
public/nce/lessons/nce2/079.json	nce	nce2-079	By Air	984	13	1	11	0	0	text_only	P2	manual_paragraph_boundaries	3	spacing_added	applied_frontend	resolved_frontend			
public/nce/lessons/nce2/080.json	nce	nce2-080	The Crystal Palace	1090	13	1	11	0	0	text_only	P2	manual_paragraph_boundaries	3	spacing_added	applied_frontend	resolved_frontend			
public/nce/lessons/nce2/081.json	nce	nce2-081	Escape	1032	15	1	13	0	0	text_only	P2	manual_paragraph_boundaries	4	spacing_added	applied_frontend	resolved_frontend			
public/nce/lessons/nce2/082.json	nce	nce2-082	Monster or Fish	1007	12	1	10	0	0	text_only	P2	manual_paragraph_boundaries	3	spacing_added	applied_frontend	resolved_frontend			
public/nce/lessons/nce2/083.json	nce	nce2-083	After the Elections	1085	16	1	14	0	0	text_only	P2	manual_paragraph_boundaries	4	spacing_added	applied_frontend	resolved_frontend			
public/nce/lessons/nce2/084.json	nce	nce2-084	On Strike	1006	15	1	13	0	0	text_only	P2	manual_paragraph_boundaries	4	spacing_added	applied_frontend	resolved_frontend			
public/nce/lessons/nce2/085.json	nce	nce2-085	Never Too Old To Learn	947	11	1	9	0	0	text_only	P2	manual_paragraph_boundaries	3	spacing_added	applied_frontend	resolved_frontend			
public/nce/lessons/nce2/086.json	nce	nce2-086	Out of Control	1041	14	1	12	0	0	text_only	P2	manual_paragraph_boundaries	3	spacing_added	applied_frontend	resolved_frontend			
public/nce/lessons/nce2/087.json	nce	nce2-087	A Perfect Alibi	957	17	1	15	0	0	text_only	P2	manual_paragraph_boundaries	4	spacing_added	applied_frontend	resolved_frontend			
public/nce/lessons/nce2/088.json	nce	nce2-088	Trapped in a Mine	1026	14	1	12	0	0	text_only	P2	manual_paragraph_boundaries	3	spacing_added	applied_frontend	resolved_frontend			
public/nce/lessons/nce2/089.json	nce	nce2-089	A Slip of the Tongue	986	11	1	9	0	0	text_only	P2	manual_paragraph_boundaries	3	spacing_added	applied_frontend	resolved_frontend			
public/nce/lessons/nce2/090.json	nce	nce2-090	What's for Supper	1044	10	1	8	0	0	text_only	P2	manual_paragraph_boundaries	2	spacing_added	applied_frontend	resolved_frontend			
public/nce/lessons/nce2/091.json	nce	nce2-091	Three Men in a Basket	1042	12	1	10	0	0	text_only	P2	manual_paragraph_boundaries	3	spacing_added	applied_frontend	resolved_frontend			
public/nce/lessons/nce2/092.json	nce	nce2-092	Asking for Trouble	1042	16	1	14	0	0	text_only	P2	manual_paragraph_boundaries	4	spacing_added	applied_frontend	resolved_frontend			
public/nce/lessons/nce2/093.json	nce	nce2-093	A Noble Gift	1017	11	1	9	0	0	text_only	P2	manual_paragraph_boundaries	3	spacing_added	applied_frontend	resolved_frontend			
public/nce/lessons/nce2/094.json	nce	nce2-094	Future Champions	1040	13	1	11	0	0	text_only	P2	manual_paragraph_boundaries	3	spacing_added	applied_frontend	resolved_frontend			
public/nce/lessons/nce2/095.json	nce	nce2-095	A Fantasy	1074	22	1	20	0	0	text_only	P2	manual_paragraph_boundaries	5	spacing_added	applied_frontend	resolved_frontend			
public/nce/lessons/nce2/096.json	nce	nce2-096	The Dead Return	1021	11	1	9	0	0	text_only	P2	manual_paragraph_boundaries	3	spacing_added	applied_frontend	resolved_frontend			
public/nce/lessons/nce3/001.json	nce	nce3-001	A Puma at Large	1541	15	1	13	0	0	text_only	P2	manual_paragraph_boundaries	4	spacing_added	applied_frontend	resolved_frontend			
public/nce/lessons/nce3/002.json	nce	nce3-002	Thirteen Equals One	1420	19	1	17	0	0	text_only	P2	manual_paragraph_boundaries	5	spacing_added	applied_frontend	resolved_frontend			
public/nce/lessons/nce3/003.json	nce	nce3-003	An Unknown Goddess	1525	19	1	17	0	0	text_only	P2	manual_paragraph_boundaries	5	spacing_added	applied_frontend	resolved_frontend			
public/nce/lessons/nce3/004.json	nce	nce3-004	The Double Life of Alfred Bloggs	1366	16	1	14	0	0	text_only	P2	manual_paragraph_boundaries	4	spacing_added	applied_frontend	resolved_frontend			
public/nce/lessons/nce3/005.json	nce	nce3-005	The Facts	1496	15	1	13	0	0	text_only	P2	manual_paragraph_boundaries	4	spacing_added	applied_frontend	resolved_frontend			
public/nce/lessons/nce3/006.json	nce	nce3-006	Smash-and-Grab	1415	19	1	17	0	0	text_only	P2	manual_paragraph_boundaries	5	spacing_added	applied_frontend	resolved_frontend			
public/nce/lessons/nce3/007.json	nce	nce3-007	Mutilated Ladies	1410	17	1	15	0	0	text_only	P2	manual_paragraph_boundaries	4	spacing_added	applied_frontend	resolved_frontend			
public/nce/lessons/nce3/008.json	nce	nce3-008	A Famous Monastery	1477	17	1	15	0	0	text_only	P2	manual_paragraph_boundaries	4	spacing_added	applied_frontend	resolved_frontend			
public/nce/lessons/nce3/009.json	nce	nce3-009	Flying Cats	1484	21	1	19	0	0	text_only	P2	manual_paragraph_boundaries	5	spacing_added	applied_frontend	resolved_frontend			
public/nce/lessons/nce3/010.json	nce	nce3-010	The Loss of the Titanic	1530	16	1	14	0	0	text_only	P2	manual_paragraph_boundaries	4	spacing_added	applied_frontend	resolved_frontend			
public/nce/lessons/nce3/011.json	nce	nce3-011	Not Guilty	1550	26	1	24	0	0	text_only	P2	manual_paragraph_boundaries	6	spacing_added	applied_frontend	resolved_frontend			
public/nce/lessons/nce3/012.json	nce	nce3-012	Life on a Desert Island	1434	19	1	17	0	0	text_only	P2	manual_paragraph_boundaries	5	spacing_added	applied_frontend	resolved_frontend			
public/nce/lessons/nce3/013.json	nce	nce3-013	It's Only Me	1391	19	1	17	0	0	text_only	P2	manual_paragraph_boundaries	5	spacing_added	applied_frontend	resolved_frontend			
public/nce/lessons/nce3/014.json	nce	nce3-014	A Noble Gangster	1430	13	1	11	0	0	text_only	P2	manual_paragraph_boundaries	3	spacing_added	applied_frontend	resolved_frontend			
public/nce/lessons/nce3/015.json	nce	nce3-015	Fifty Pence Worth of Trouble	1471	18	1	16	0	0	text_only	P2	manual_paragraph_boundaries	4	spacing_added	applied_frontend	resolved_frontend			
public/nce/lessons/nce3/016.json	nce	nce3-016	Mary Had a Little Lamb	1416	20	1	18	0	0	text_only	P2	manual_paragraph_boundaries	5	spacing_added	applied_frontend	resolved_frontend			
public/nce/lessons/nce3/017.json	nce	nce3-017	The Longest Suspension Bridge in the World	1467	18	1	16	0	0	text_only	P2	manual_paragraph_boundaries	4	spacing_added	applied_frontend	resolved_frontend			
public/nce/lessons/nce3/018.json	nce	nce3-018	Electric Currents in Modern Art	1544	20	1	18	0	0	text_only	P2	manual_paragraph_boundaries	5	spacing_added	applied_frontend	resolved_frontend			
public/nce/lessons/nce3/019.json	nce	nce3-019	A Very Dear Cat	1503	20	1	18	0	0	text_only	P2	manual_paragraph_boundaries	5	spacing_added	applied_frontend	resolved_frontend			
public/nce/lessons/nce3/020.json	nce	nce3-020	Pioneer Pilots	1450	20	1	18	0	0	text_only	P2	manual_paragraph_boundaries	5	spacing_added	applied_frontend	resolved_frontend			
public/nce/lessons/nce3/021.json	nce	nce3-021	Daniel Mendoza	2006	26	1	24	0	0	text_only	P2	manual_paragraph_boundaries	6	spacing_added	applied_frontend	resolved_frontend			
public/nce/lessons/nce3/022.json	nce	nce3-022	By Heart	1935	22	1	20	0	0	text_only	P2	manual_paragraph_boundaries	5	spacing_added	applied_frontend	resolved_frontend			
public/nce/lessons/nce3/023.json	nce	nce3-023	One Man's Meat is Another Man's Poison	1976	22	1	20	0	0	text_only	P2	manual_paragraph_boundaries	5	spacing_added	applied_frontend	resolved_frontend			
public/nce/lessons/nce3/024.json	nce	nce3-024	A Skeleton in the Cupboard	1947	24	1	22	0	0	text_only	P2	manual_paragraph_boundaries	6	spacing_added	applied_frontend	resolved_frontend			
public/nce/lessons/nce3/025.json	nce	nce3-025	The Cutty Sark	2012	23	1	21	0	0	text_only	P2	manual_paragraph_boundaries	6	spacing_added	applied_frontend	resolved_frontend			
public/nce/lessons/nce3/026.json	nce	nce3-026	Wanted a Large Biscuit Tin	2016	23	1	21	0	0	text_only	P2	manual_paragraph_boundaries	6	spacing_added	applied_frontend	resolved_frontend			
public/nce/lessons/nce3/027.json	nce	nce3-027	Nothing to Sell and Nothing to Buy	1921	20	1	18	0	0	text_only	P2	manual_paragraph_boundaries	5	spacing_added	applied_frontend	resolved_frontend			
public/nce/lessons/nce3/028.json	nce	nce3-028	Five Pounds Too Dear	1927	22	1	20	0	0	text_only	P2	manual_paragraph_boundaries	5	spacing_added	applied_frontend	resolved_frontend			
public/nce/lessons/nce3/029.json	nce	nce3-029	Funny or Not	2013	24	1	22	0	0	text_only	P2	manual_paragraph_boundaries	6	spacing_added	applied_frontend	resolved_frontend			
public/nce/lessons/nce3/030.json	nce	nce3-030	The Death of a Ghost	1964	27	1	25	0	0	text_only	P2	manual_paragraph_boundaries	7	spacing_added	applied_frontend	resolved_frontend			
public/nce/lessons/nce3/031.json	nce	nce3-031	A Lovable Eccentric	2027	23	1	21	0	0	text_only	P2	manual_paragraph_boundaries	6	spacing_added	applied_frontend	resolved_frontend			
public/nce/lessons/nce3/032.json	nce	nce3-032	A Lost Ship	2055	22	1	20	0	0	text_only	P2	manual_paragraph_boundaries	5	spacing_added	applied_frontend	resolved_frontend			
public/nce/lessons/nce3/033.json	nce	nce3-033	A Day to Remember	2015	26	1	24	0	0	text_only	P2	manual_paragraph_boundaries	6	spacing_added	applied_frontend	resolved_frontend			
public/nce/lessons/nce3/034.json	nce	nce3-034	A Happy Discovery	2021	24	1	22	0	0	text_only	P2	manual_paragraph_boundaries	6	spacing_added	applied_frontend	resolved_frontend			
public/nce/lessons/nce3/035.json	nce	nce3-035	Justice was Done	2010	22	1	20	0	0	text_only	P2	manual_paragraph_boundaries	5	spacing_added	applied_frontend	resolved_frontend			
public/nce/lessons/nce3/036.json	nce	nce3-036	A Chance in a Million	2132	23	1	21	0	0	text_only	P2	manual_paragraph_boundaries	6	spacing_added	applied_frontend	resolved_frontend			
public/nce/lessons/nce3/037.json	nce	nce3-037	The Westhaven Express	2023	26	1	24	0	0	text_only	P2	manual_paragraph_boundaries	6	spacing_added	applied_frontend	resolved_frontend			
public/nce/lessons/nce3/038.json	nce	nce3-038	The First Calendar	2017	21	1	19	0	0	text_only	P2	manual_paragraph_boundaries	5	spacing_added	applied_frontend	resolved_frontend			
public/nce/lessons/nce3/039.json	nce	nce3-039	Nothing to Worry About	1985	24	1	22	0	0	text_only	P2	manual_paragraph_boundaries	6	spacing_added	applied_frontend	resolved_frontend			
public/nce/lessons/nce3/040.json	nce	nce3-040	Who's Who	2123	22	1	20	0	0	text_only	P2	manual_paragraph_boundaries	5	spacing_added	applied_frontend	resolved_frontend			
public/nce/lessons/nce3/041.json	nce	nce3-041	Illusions of Pastoral Peace	2982	30	1	28	0	0	text_only	P2	manual_paragraph_boundaries	7	spacing_added	applied_frontend	resolved_frontend			
public/nce/lessons/nce3/042.json	nce	nce3-042	Modern Cavemen	2988	31	1	29	0	0	text_only	P2	manual_paragraph_boundaries	8	spacing_added	applied_frontend	resolved_frontend			
public/nce/lessons/nce3/043.json	nce	nce3-043	Fully Insured	2796	29	1	27	0	0	text_only	P2	manual_paragraph_boundaries	7	spacing_added	applied_frontend	resolved_frontend			
public/nce/lessons/nce3/044.json	nce	nce3-044	Speed and Comfort	2951	33	1	31	0	0	text_only	P2	manual_paragraph_boundaries	8	spacing_added	applied_frontend	resolved_frontend			
public/nce/lessons/nce3/045.json	nce	nce3-045	The Power of the Press	2500	26	1	24	0	0	text_only	P2	manual_paragraph_boundaries	6	spacing_added	applied_frontend	resolved_frontend			
public/nce/lessons/nce3/046.json	nce	nce3-046	Do It Yourself	3064	32	1	30	0	0	text_only	P2	manual_paragraph_boundaries	8	spacing_added	applied_frontend	resolved_frontend			
public/nce/lessons/nce3/047.json	nce	nce3-047	Too High a Price	2985	28	1	26	0	0	text_only	P2	manual_paragraph_boundaries	7	spacing_added	applied_frontend	resolved_frontend			
public/nce/lessons/nce3/048.json	nce	nce3-048	The Silent Village	2973	36	1	34	0	0	text_only	P2	manual_paragraph_boundaries	9	spacing_added	applied_frontend	resolved_frontend			
public/nce/lessons/nce3/049.json	nce	nce3-049	The Ideal Servant	3081	30	1	28	0	0	text_only	P2	manual_paragraph_boundaries	7	spacing_added	applied_frontend	resolved_frontend			
public/nce/lessons/nce3/050.json	nce	nce3-050	New Year Resolutions	2988	34	1	32	0	0	text_only	P2	manual_paragraph_boundaries	8	spacing_added	applied_frontend	resolved_frontend			
public/nce/lessons/nce3/051.json	nce	nce3-051	Predicting the Future	2834	25	1	23	0	0	text_only	P2	manual_paragraph_boundaries	6	spacing_added	applied_frontend	resolved_frontend			
public/nce/lessons/nce3/052.json	nce	nce3-052	Mud is Mud	2961	32	1	30	0	0	text_only	P2	manual_paragraph_boundaries	8	spacing_added	applied_frontend	resolved_frontend			
public/nce/lessons/nce3/053.json	nce	nce3-053	In the Public Interest	2897	27	1	25	0	0	text_only	P2	manual_paragraph_boundaries	7	spacing_added	applied_frontend	resolved_frontend			
public/nce/lessons/nce3/054.json	nce	nce3-054	Instinct or Cleverness	2966	31	1	29	0	0	text_only	P2	manual_paragraph_boundaries	8	spacing_added	applied_frontend	resolved_frontend			
public/nce/lessons/nce3/055.json	nce	nce3-055	From the Earth Greetings	2906	29	1	27	0	0	text_only	P2	manual_paragraph_boundaries	7	spacing_added	applied_frontend	resolved_frontend			
public/nce/lessons/nce3/056.json	nce	nce3-056	Our Neighbour, the River	2729	25	1	23	0	0	text_only	P2	manual_paragraph_boundaries	6	spacing_added	applied_frontend	resolved_frontend			
public/nce/lessons/nce3/057.json	nce	nce3-057	Back in the Old Country	2767	35	1	33	0	0	text_only	P2	manual_paragraph_boundaries	9	spacing_added	applied_frontend	resolved_frontend			
public/nce/lessons/nce3/058.json	nce	nce3-058	A Spot of Bother	2821	22	1	20	0	0	text_only	P2	manual_paragraph_boundaries	5	spacing_added	applied_frontend	resolved_frontend			
public/nce/lessons/nce3/059.json	nce	nce3-059	Collecting	3024	26	1	24	0	0	text_only	P2	manual_paragraph_boundaries	6	spacing_added	applied_frontend	resolved_frontend			
public/nce/lessons/nce3/060.json	nce	nce3-060	Too Early and Too Late	3200	32	1	30	0	0	text_only	P2	manual_paragraph_boundaries	8	spacing_added	applied_frontend	resolved_frontend			
public/nce/lessons/nce4/001.json	nce	nce4-001	Finding Fossil Man	1311	13	1	11	0	0	text_only	P2	manual_paragraph_boundaries	3	spacing_added	applied_frontend	resolved_frontend			
public/nce/lessons/nce4/002.json	nce	nce4-002	Spare That Spider	1548	14	1	12	0	0	text_only	P2	manual_paragraph_boundaries	3	spacing_added	applied_frontend	resolved_frontend			
public/nce/lessons/nce4/003.json	nce	nce4-003	Matterhorn Man	1617	14	1	12	0	0	text_only	P2	manual_paragraph_boundaries	3	spacing_added	applied_frontend	resolved_frontend			
public/nce/lessons/nce4/004.json	nce	nce4-004	Seeing Hands	1623	12	1	10	0	0	text_only	P2	manual_paragraph_boundaries	3	spacing_added	applied_frontend	resolved_frontend			
public/nce/lessons/nce4/005.json	nce	nce4-005	Youth	1590	18	1	16	0	0	text_only	P2	manual_paragraph_boundaries	4	spacing_added	applied_frontend	resolved_frontend			
public/nce/lessons/nce4/006.json	nce	nce4-006	The Sporting Spirit	1433	10	1	8	0	0	text_only	P2	manual_paragraph_boundaries	2	spacing_added	applied_frontend	resolved_frontend			
public/nce/lessons/nce4/007.json	nce	nce4-007	Bats	1518	14	1	12	0	0	text_only	P2	manual_paragraph_boundaries	3	spacing_added	applied_frontend	resolved_frontend			
public/nce/lessons/nce4/008.json	nce	nce4-008	Trading Standards	1611	15	1	13	0	0	text_only	P2	manual_paragraph_boundaries	4	spacing_added	applied_frontend	resolved_frontend			
public/nce/lessons/nce4/009.json	nce	nce4-009	Royal Espionage	1643	19	1	17	0	0	text_only	P2	manual_paragraph_boundaries	5	spacing_added	applied_frontend	resolved_frontend			
public/nce/lessons/nce4/010.json	nce	nce4-010	Silicon Valley	1739	13	1	11	0	0	text_only	P2	manual_paragraph_boundaries	3	spacing_added	applied_frontend	resolved_frontend			
public/nce/lessons/nce4/011.json	nce	nce4-011	How to Grow Old	1548	12	1	10	0	0	text_only	P2	manual_paragraph_boundaries	3	spacing_added	applied_frontend	resolved_frontend			
public/nce/lessons/nce4/012.json	nce	nce4-012	Banks and Their Customers	1511	12	1	10	0	0	text_only	P2	manual_paragraph_boundaries	3	spacing_added	applied_frontend	resolved_frontend			
public/nce/lessons/nce4/013.json	nce	nce4-013	The Search for Oil	1409	14	1	12	0	0	text_only	P2	manual_paragraph_boundaries	3	spacing_added	applied_frontend	resolved_frontend			
public/nce/lessons/nce4/014.json	nce	nce4-014	The Butterfly Effect	1655	14	1	12	0	0	text_only	P2	manual_paragraph_boundaries	3	spacing_added	applied_frontend	resolved_frontend			
public/nce/lessons/nce4/015.json	nce	nce4-015	Secrecy in Industry	1555	12	1	10	0	0	text_only	P2	manual_paragraph_boundaries	3	spacing_added	applied_frontend	resolved_frontend			
public/nce/lessons/nce4/016.json	nce	nce4-016	The Modern City	1476	12	1	10	0	0	text_only	P2	manual_paragraph_boundaries	3	spacing_added	applied_frontend	resolved_frontend			
public/nce/lessons/nce4/017.json	nce	nce4-017	A Man-made Disease	1977	18	1	16	0	0	text_only	P2	manual_paragraph_boundaries	4	spacing_added	applied_frontend	resolved_frontend			
public/nce/lessons/nce4/018.json	nce	nce4-018	Porpoises	2116	20	1	18	0	0	text_only	P2	manual_paragraph_boundaries	5	spacing_added	applied_frontend	resolved_frontend			
public/nce/lessons/nce4/019.json	nce	nce4-019	The Stuff of Dreams	2199	17	1	15	0	0	text_only	P2	manual_paragraph_boundaries	4	spacing_added	applied_frontend	resolved_frontend			
public/nce/lessons/nce4/020.json	nce	nce4-020	Snake Poison	2065	20	1	18	0	0	text_only	P2	manual_paragraph_boundaries	5	spacing_added	applied_frontend	resolved_frontend			
public/nce/lessons/nce4/021.json	nce	nce4-021	William S. Hart and the Early Western Film	1900	13	1	11	0	0	text_only	P2	manual_paragraph_boundaries	3	spacing_added	applied_frontend	resolved_frontend			
public/nce/lessons/nce4/022.json	nce	nce4-022	Knowledge and Progress	1868	19	1	17	0	0	text_only	P2	manual_paragraph_boundaries	5	spacing_added	applied_frontend	resolved_frontend			
public/nce/lessons/nce4/023.json	nce	nce4-023	Bird Flight	1874	14	1	12	0	0	text_only	P2	manual_paragraph_boundaries	3	spacing_added	applied_frontend	resolved_frontend			
public/nce/lessons/nce4/024.json	nce	nce4-024	Beauty	1773	11	1	9	0	0	text_only	P2	manual_paragraph_boundaries	9	spacing_added	applied_frontend	resolved_frontend			
public/nce/lessons/nce4/025.json	nce	nce4-025	Non-Auditory Effects of Noise	2479	18	1	16	0	0	text_only	P2	manual_paragraph_boundaries	4	spacing_added	applied_frontend	resolved_frontend			
public/nce/lessons/nce4/026.json	nce	nce4-026	The Past Life of the Earth	2435	16	1	14	0	0	text_only	P2	manual_paragraph_boundaries	4	spacing_added	applied_frontend	resolved_frontend			
public/nce/lessons/nce4/027.json	nce	nce4-027	The vasa	2478	20	1	18	0	0	text_only	P2	manual_paragraph_boundaries	5	spacing_added	applied_frontend	resolved_frontend			
public/nce/lessons/nce4/028.json	nce	nce4-028	Patients and Doctors	2374	12	1	10	0	0	text_only	P2	manual_paragraph_boundaries	10	spacing_added	applied_frontend	resolved_frontend			
public/nce/lessons/nce4/029.json	nce	nce4-029	The Hovercraft	2025	15	1	13	0	0	text_only	P2	manual_paragraph_boundaries	4	spacing_added	applied_frontend	resolved_frontend			
public/nce/lessons/nce4/030.json	nce	nce4-030	Exploring the Sea-Floor	2460	14	1	12	0	0	text_only	P2	manual_paragraph_boundaries	12	spacing_added	applied_frontend	resolved_frontend			
public/nce/lessons/nce4/031.json	nce	nce4-031	The Sculptor Speaks	2068	17	1	15	0	0	text_only	P2	manual_paragraph_boundaries	4	spacing_added	applied_frontend	resolved_frontend			
public/nce/lessons/nce4/032.json	nce	nce4-032	Galileo Reborn	2471	15	1	13	0	0	text_only	P2	manual_paragraph_boundaries	13	spacing_added	applied_frontend	resolved_frontend			
public/nce/lessons/nce4/033.json	nce	nce4-033	Education	2473	19	1	17	0	0	text_only	P2	manual_paragraph_boundaries	5	spacing_added	applied_frontend	resolved_frontend			
public/nce/lessons/nce4/034.json	nce	nce4-034	Adolescence	2294	15	1	13	0	0	text_only	P2	manual_paragraph_boundaries	4	spacing_added	applied_frontend	resolved_frontend			
public/nce/lessons/nce4/035.json	nce	nce4-035	Space Odyssey	1969	21	1	19	0	0	text_only	P2	manual_paragraph_boundaries	5	spacing_added	applied_frontend	resolved_frontend			
public/nce/lessons/nce4/036.json	nce	nce4-036	The Cost of Government	2433	19	1	17	0	0	text_only	P2	manual_paragraph_boundaries	5	spacing_added	applied_frontend	resolved_frontend			
public/nce/lessons/nce4/037.json	nce	nce4-037	The Process of Ageing	2866	20	1	18	0	0	text_only	P2	manual_paragraph_boundaries	5	spacing_added	applied_frontend	resolved_frontend			
public/nce/lessons/nce4/038.json	nce	nce4-038	Water and the Traveller	2130	21	1	19	0	0	text_only	P2	manual_paragraph_boundaries	5	spacing_added	applied_frontend	resolved_frontend			
public/nce/lessons/nce4/039.json	nce	nce4-039	What Every Writer Wants	2459	17	1	15	0	0	text_only	P2	manual_paragraph_boundaries	4	spacing_added	applied_frontend	resolved_frontend			
public/nce/lessons/nce4/040.json	nce	nce4-040	Waves	1920	14	1	12	0	0	text_only	P2	manual_paragraph_boundaries	3	spacing_added	applied_frontend	resolved_frontend			
public/nce/lessons/nce4/041.json	nce	nce4-041	Training Elephants	3325	23	1	21	0	0	text_only	P2	manual_paragraph_boundaries	6	spacing_added	applied_frontend	resolved_frontend			
public/nce/lessons/nce4/042.json	nce	nce4-042	Recording an Earthquake	3663	39	1	37	0	0	text_only	P2	manual_paragraph_boundaries	10	spacing_added	applied_frontend	resolved_frontend			
public/nce/lessons/nce4/043.json	nce	nce4-043	Are There Strangers in Space	3669	25	1	23	0	0	text_only	P2	manual_paragraph_boundaries	6	spacing_added	applied_frontend	resolved_frontend			
public/nce/lessons/nce4/044.json	nce	nce4-044	Patterns of Culture	3751	27	1	25	0	0	text_only	P2	manual_paragraph_boundaries	7	spacing_added	applied_frontend	resolved_frontend			
public/nce/lessons/nce4/045.json	nce	nce4-045	Of Men and Galaxies	3316	30	1	28	0	0	text_only	P2	manual_paragraph_boundaries	7	spacing_added	applied_frontend	resolved_frontend			
public/nce/lessons/nce4/046.json	nce	nce4-046	Hobbies	3454	31	1	29	0	0	text_only	P2	manual_paragraph_boundaries	8	spacing_added	applied_frontend	resolved_frontend			
public/nce/lessons/nce4/047.json	nce	nce4-047	The Great Escape	3877	33	1	31	0	0	text_only	P2	manual_paragraph_boundaries	8	spacing_added	applied_frontend	resolved_frontend			
public/nce/lessons/nce4/048.json	nce	nce4-048	Planning a Share Portfolio	2317	21	1	19	0	0	text_only	P2	manual_paragraph_boundaries	5	spacing_added	applied_frontend	resolved_frontend			
public/pep-english/lessons/pephr1/001.json	pep-english	pephr1-001	First Impressions	1104	8	0	8	4	369	text_and_structure_present	P2	render_existing_blocks_as_paragraphs	3	spacing_added	applied_frontend	resolved_frontend			
public/pep-english/lessons/pephr1/002.json	pep-english	pephr1-002	Tim Studies on a Ship	594	1	0	1	1	594	text_and_structure_present	P2	manual_paragraph_boundaries	0	single_semantic_paragraph	applied_frontend	resolved_frontend			
public/pep-english/lessons/pephr1/003.json	pep-english	pephr1-003	Student Profiles: Ann and Thando	797	2	0	2	2	419	text_and_structure_present	P2	render_existing_blocks_as_paragraphs	1	spacing_added	applied_frontend	resolved_frontend			
public/pep-english/lessons/pephr1/004.json	pep-english	pephr1-004	Cheerleader Try-outs	417	1	0	1	1	417	text_and_structure_present	P2	manual_paragraph_boundaries	0	single_semantic_paragraph	applied_frontend	resolved_frontend			
public/pep-english/lessons/pephr1/005.json	pep-english	pephr1-005	Advice for a Worried Friend	824	5	0	5	5	541	text_and_structure_present	P2	render_existing_blocks_as_paragraphs	4	spacing_added	applied_frontend	resolved_frontend			
public/pep-english/lessons/pephr1/006.json	pep-english	pephr1-006	Make the Most of Your Education	939	1	0	1	1	939	text_and_structure_present	P2	manual_paragraph_boundaries	0	single_semantic_paragraph	applied_frontend	resolved_frontend			
public/pep-english/lessons/pephr1/007.json	pep-english	pephr1-007	Peru: Geography and History	458	2	0	2	2	283	text_and_structure_present	P2	render_existing_blocks_as_paragraphs	1	spacing_added	applied_frontend	resolved_frontend			
public/pep-english/lessons/pephr1/008.json	pep-english	pephr1-008	Travel Peru: Four Package Tours	1677	6	0	6	6	438	text_and_structure_present	P2	render_existing_blocks_as_paragraphs	5	spacing_added	applied_frontend	resolved_frontend			
public/pep-english/lessons/pephr1/009.json	pep-english	pephr1-009	Amy and Jeremy's Weekend Plan	460	6	0	6	1	460	text_and_structure_present	P2	manual_paragraph_boundaries	1	spacing_added	applied_frontend	resolved_frontend			
public/pep-english/lessons/pephr1/010.json	pep-english	pephr1-010	A Travel Plan to Xi'an	1134	7	0	7	7	413	text_and_structure_present	P2	render_existing_blocks_as_paragraphs	6	spacing_added	applied_frontend	resolved_frontend			
public/pep-english/lessons/pephr1/011.json	pep-english	pephr1-011	Terracotta Army	592	1	0	1	1	592	text_and_structure_present	P2	manual_paragraph_boundaries	0	single_semantic_paragraph	applied_frontend	resolved_frontend			
public/pep-english/lessons/pephr1/012.json	pep-english	pephr1-012	Paul Calls Meilin from Lijiang	819	7	0	7	1	819	text_and_structure_present	P2	manual_paragraph_boundaries	1	spacing_added	applied_frontend	resolved_frontend			
public/pep-english/lessons/pephr1/013.json	pep-english	pephr1-013	Dave Recommends the Spin Bike to Jack	613	11	0	11	1	613	text_and_structure_present	P2	manual_paragraph_boundaries	2	spacing_added	applied_frontend	resolved_frontend			
public/pep-english/lessons/pephr1/014.json	pep-english	pephr1-014	Living Legends	1772	4	0	4	4	803	text_and_structure_present	P2	render_existing_blocks_as_paragraphs	3	spacing_added	applied_frontend	resolved_frontend			
public/pep-english/lessons/pephr1/015.json	pep-english	pephr1-015	Going Positive	1048	3	0	3	3	537	text_and_structure_present	P2	render_existing_blocks_as_paragraphs	2	spacing_added	applied_frontend	resolved_frontend			
public/pep-english/lessons/pephr1/016.json	pep-english	pephr1-016	The Night the Earth Didn't Sleep	3073	5	0	5	5	773	text_and_structure_present	P2	render_existing_blocks_as_paragraphs	4	spacing_added	applied_frontend	resolved_frontend			
public/pep-english/lessons/pephr1/017.json	pep-english	pephr1-017	Tsunami Hits Asia: Over 6,500 Dead	1449	5	0	5	5	521	text_and_structure_present	P2	render_existing_blocks_as_paragraphs	4	spacing_added	applied_frontend	resolved_frontend			
public/pep-english/lessons/pephr1/018.json	pep-english	pephr1-018	Why Study French?	375	5	0	5	1	375	text_and_structure_present	P2	manual_paragraph_boundaries	0	single_semantic_paragraph	applied_frontend	resolved_frontend			
public/pep-english/lessons/pephr1/019.json	pep-english	pephr1-019	Pants in American and British English	776	9	0	9	1	776	text_and_structure_present	P2	manual_paragraph_boundaries	2	spacing_added	applied_frontend	resolved_frontend			
public/pep-english/lessons/pephr1/020.json	pep-english	pephr1-020	Learning English: Biggest Problems	1759	4	0	4	4	744	text_and_structure_present	P2	render_existing_blocks_as_paragraphs	3	spacing_added	applied_frontend	resolved_frontend			
public/pep-english/lessons/pephr1/021.json	pep-english	pephr1-021	A Difficult Chemistry Quiz	627	9	0	9	1	627	text_and_structure_present	P2	manual_paragraph_boundaries	2	spacing_added	applied_frontend	resolved_frontend			
public/pep-english/lessons/pephr1/022.json	pep-english	pephr1-022	A Daughter Who No Longer Asks for Advice	307	3	0	3	3	260	text_and_structure_present	P2	render_existing_blocks_as_paragraphs	2	spacing_added	applied_frontend	resolved_frontend			
public/pep-english/lessons/pephr1/023.json	pep-english	pephr1-023	A Son Who Wants a Girlfriend	245	3	0	3	3	197	text_and_structure_present	P2	render_existing_blocks_as_paragraphs	2	spacing_added	applied_frontend	resolved_frontend			
public/pep-english/lessons/pephr1/024.json	pep-english	pephr1-024	A Birthday Gift for a Fifteen-Year-Old Son	257	3	0	3	3	212	text_and_structure_present	P2	render_existing_blocks_as_paragraphs	2	spacing_added	applied_frontend	resolved_frontend			
public/pep-english/lessons/pephr1/025.json	pep-english	pephr1-025	A Fourteen-Year-Old Who Wants to Study Abroad	333	3	0	3	3	286	text_and_structure_present	P2	render_existing_blocks_as_paragraphs	2	spacing_added	applied_frontend	resolved_frontend			
public/pep-english/lessons/pephr1/026.json	pep-english	pephr1-026	Teenage Life Around the World	1263	3	0	3	3	444	text_and_structure_present	P2	render_existing_blocks_as_paragraphs	2	spacing_added	applied_frontend	resolved_frontend			
public/pep-english/lessons/pephr1/027.json	pep-english	pephr1-027	Be a Good Tourist	1927	4	0	4	4	721	text_and_structure_present	P2	render_existing_blocks_as_paragraphs	3	spacing_added	applied_frontend	resolved_frontend			
public/pep-english/lessons/pephr1/028.json	pep-english	pephr1-028	A Letter About Pisa and the Improvisatori	1893	5	0	5	5	709	text_and_structure_present	P2	render_existing_blocks_as_paragraphs	4	spacing_added	applied_frontend	resolved_frontend			
public/pep-english/lessons/pephr1/029.json	pep-english	pephr1-029	What Great Athletes Have in Common	842	1	0	1	1	842	text_and_structure_present	P2	manual_paragraph_boundaries	0	single_semantic_paragraph	applied_frontend	resolved_frontend			
public/pep-english/lessons/pephr1/030.json	pep-english	pephr1-030	Jumping Jacks	555	6	0	6	1	555	text_and_structure_present	P2	manual_paragraph_boundaries	1	spacing_added	applied_frontend	resolved_frontend			
public/pep-english/lessons/pephr1/031.json	pep-english	pephr1-031	Cool Cold Sports	1502	4	0	4	4	512	text_and_structure_present	P2	render_existing_blocks_as_paragraphs	3	spacing_added	applied_frontend	resolved_frontend			
public/pep-english/lessons/pephr1/032.json	pep-english	pephr1-032	Hot Tickets	1849	7	0	7	4	547	text_and_structure_present	P2	render_existing_blocks_as_paragraphs	3	spacing_added	applied_frontend	resolved_frontend			
public/pep-english/lessons/pephr1/033.json	pep-english	pephr1-033	The Story of an Eyewitness (Adapted)	2002	5	0	5	5	622	text_and_structure_present	P2	render_existing_blocks_as_paragraphs	4	spacing_added	applied_frontend	resolved_frontend			
public/pep-english/lessons/pephr1/034.json	pep-english	pephr1-034	China to the Rescue!	1601	5	0	5	5	426	text_and_structure_present	P2	render_existing_blocks_as_paragraphs	4	spacing_added	applied_frontend	resolved_frontend			
public/pep-english/lessons/pephr1/035.json	pep-english	pephr1-035	A Chinese Calligraphy Class	569	4	0	4	1	569	text_and_structure_present	P2	manual_paragraph_boundaries	0	single_semantic_paragraph	applied_frontend	resolved_frontend			
public/pep-english/lessons/pephr1/036.json	pep-english	pephr1-036	Polyglots: What Are They and Who Can Be One?	1965	3	0	3	3	869	text_and_structure_present	P2	render_existing_blocks_as_paragraphs	2	spacing_added	applied_frontend	resolved_frontend			
public/pep-english/lessons/pephr1/037.json	pep-english	pephr1-037	The Book That Keeps on Growing	2278	6	0	6	6	533	text_and_structure_present	P2	render_existing_blocks_as_paragraphs	5	spacing_added	applied_frontend	resolved_frontend			
public/pep-english/lessons/pephr2/001.json	pep-english	pephr2-001	From Problems to Solutions	2361	6	0	6	6	579	text_and_structure_present	P2	render_existing_blocks_as_paragraphs	5	spacing_added	applied_frontend	resolved_frontend			
public/pep-english/lessons/pephr2/002.json	pep-english	pephr2-002	Protecting African Elephants	450	4	0	4	1	450	text_and_structure_present	P2	manual_paragraph_boundaries	0	single_semantic_paragraph	applied_frontend	resolved_frontend			
public/pep-english/lessons/pephr2/003.json	pep-english	pephr2-003	Give Ugly a Chance!	363	1	0	1	1	363	text_and_structure_present	P2	manual_paragraph_boundaries	0	single_semantic_paragraph	applied_frontend	resolved_frontend			
public/pep-english/lessons/pephr2/004.json	pep-english	pephr2-004	Don't Make Paper with My Home!	287	1	0	1	1	287	text_and_structure_present	P2	manual_paragraph_boundaries	0	single_semantic_paragraph	applied_frontend	resolved_frontend			
public/pep-english/lessons/pephr2/005.json	pep-english	pephr2-005	Cyber Sense	429	6	0	6	2	215	text_and_structure_present	P2	render_existing_blocks_as_paragraphs	1	spacing_added	applied_frontend	resolved_frontend			
public/pep-english/lessons/pephr2/006.json	pep-english	pephr2-006	Stronger Together: How We Have Been Changed by the Internet	2369	5	0	5	5	640	text_and_structure_present	P2	render_existing_blocks_as_paragraphs	4	spacing_added	applied_frontend	resolved_frontend			
public/pep-english/lessons/pephr2/007.json	pep-english	pephr2-007	Choosing the Best App	432	2	0	2	1	432	text_and_structure_present	P2	manual_paragraph_boundaries	1	spacing_added	applied_frontend	resolved_frontend			
public/pep-english/lessons/pephr2/008.json	pep-english	pephr2-008	How to Stay Safe Online	1667	5	0	5	5	970	text_and_structure_present	P2	render_existing_blocks_as_paragraphs	4	spacing_added	applied_frontend	resolved_frontend			
public/pep-english/lessons/pephr2/009.json	pep-english	pephr2-009	What's in a Name?	3049	5	0	5	5	990	text_and_structure_present	P2	render_existing_blocks_as_paragraphs	4	spacing_added	applied_frontend	resolved_frontend			
public/pep-english/lessons/pephr2/010.json	pep-english	pephr2-010	Beautiful Ireland and Its Traditions	1203	1	0	1	1	1203	text_and_structure_present	P2	manual_paragraph_boundaries	0	single_semantic_paragraph	applied_frontend	resolved_frontend			
public/pep-english/lessons/pephr2/011.json	pep-english	pephr2-011	Why I Like Techno Music	157	4	0	4	1	157	text_and_structure_present	P2	manual_paragraph_boundaries	0	single_semantic_paragraph	applied_frontend	resolved_frontend			
public/pep-english/lessons/pephr2/012.json	pep-english	pephr2-012	The Virtual Choir	2368	4	0	4	4	995	text_and_structure_present	P2	render_existing_blocks_as_paragraphs	3	spacing_added	applied_frontend	resolved_frontend			
public/pep-english/lessons/pephr2/013.json	pep-english	pephr2-013	Planning a Music Festival	717	10	0	10	1	717	text_and_structure_present	P2	manual_paragraph_boundaries	2	spacing_added	applied_frontend	resolved_frontend			
public/pep-english/lessons/pephr2/014.json	pep-english	pephr2-014	How Music Helped Me Recover	1507	5	0	5	5	650	text_and_structure_present	P2	render_existing_blocks_as_paragraphs	4	spacing_added	applied_frontend	resolved_frontend			
public/pep-english/lessons/pephr2/015.json	pep-english	pephr2-015	Learning to Love the Piano	1044	1	0	1	1	1044	text_and_structure_present	P2	manual_paragraph_boundaries	0	single_semantic_paragraph	applied_frontend	resolved_frontend			
public/pep-english/lessons/pephr2/016.json	pep-english	pephr2-016	Ludwig van Beethoven	973	1	0	1	1	973	text_and_structure_present	P2	manual_paragraph_boundaries	0	single_semantic_paragraph	applied_frontend	resolved_frontend			
public/pep-english/lessons/pephr2/017.json	pep-english	pephr2-017	Relics from Ancient Greek Ship Rescued	769	1	0	1	1	769	text_and_structure_present	P2	manual_paragraph_boundaries	0	single_semantic_paragraph	applied_frontend	resolved_frontend			
public/pep-english/lessons/pephr2/018.json	pep-english	pephr2-018	Han Dynasty Treasures to Visit the Capital	696	1	0	1	1	696	text_and_structure_present	P2	manual_paragraph_boundaries	0	single_semantic_paragraph	applied_frontend	resolved_frontend			
public/pep-english/lessons/pephr2/019.json	pep-english	pephr2-019	World Cultural Heritage Sites	2169	6	0	6	6	521	text_and_structure_present	P2	render_existing_blocks_as_paragraphs	5	spacing_added	applied_frontend	resolved_frontend			
public/pep-english/lessons/pephr2/020.json	pep-english	pephr2-020	The Strange Tale of the Milu Deer	1952	5	0	5	5	508	text_and_structure_present	P2	render_existing_blocks_as_paragraphs	4	spacing_added	applied_frontend	resolved_frontend			
public/pep-english/lessons/pephr2/021.json	pep-english	pephr2-021	Urban Wildlife	1901	6	0	6	6	439	text_and_structure_present	P2	render_existing_blocks_as_paragraphs	5	spacing_added	applied_frontend	resolved_frontend			
public/pep-english/lessons/pephr2/022.json	pep-english	pephr2-022	E-Learning	1805	4	0	4	4	533	text_and_structure_present	P2	render_existing_blocks_as_paragraphs	3	spacing_added	applied_frontend	resolved_frontend			
public/pep-english/lessons/pephr2/023.json	pep-english	pephr2-023	Cleo's Email from Cairo	809	3	0	3	3	782	text_and_structure_present	P2	render_existing_blocks_as_paragraphs	2	spacing_added	applied_frontend	resolved_frontend			
public/pep-english/lessons/pephr2/024.json	pep-english	pephr2-024	Sally's Message from Athens	587	2	0	2	2	581	text_and_structure_present	P2	render_existing_blocks_as_paragraphs	1	spacing_added	applied_frontend	resolved_frontend			
public/pep-english/lessons/pephr2/025.json	pep-english	pephr2-025	Samovar—the Special Teapot	2536	4	0	4	4	800	text_and_structure_present	P2	render_existing_blocks_as_paragraphs	3	spacing_added	applied_frontend	resolved_frontend			
public/pep-english/lessons/pephr2/026.json	pep-english	pephr2-026	Jill's Review of Cat's in the Cradle	458	2	0	2	2	452	text_and_structure_present	P2	render_existing_blocks_as_paragraphs	1	spacing_added	applied_frontend	resolved_frontend			
public/pep-english/lessons/pephr2/027.json	pep-english	pephr2-027	Dennis's Review of Cat's in the Cradle	409	2	0	2	2	401	text_and_structure_present	P2	render_existing_blocks_as_paragraphs	1	spacing_added	applied_frontend	resolved_frontend			
public/pep-english/lessons/pephr2/028.json	pep-english	pephr2-028	Music Scores in Films	2458	5	0	5	5	783	text_and_structure_present	P2	render_existing_blocks_as_paragraphs	4	spacing_added	applied_frontend	resolved_frontend			
public/pep-english/lessons/pephr3/001.json	pep-english	pephr3-001	Why Do We Celebrate Festivals?	2451	5	0	5	5	697	text_and_structure_present	P2	render_existing_blocks_as_paragraphs	4	spacing_added	applied_frontend	resolved_frontend			
public/pep-english/lessons/pephr3/002.json	pep-english	pephr3-002	Which Festival Is the Best?	940	4	0	4	4	252	text_and_structure_present	P2	render_existing_blocks_as_paragraphs	3	spacing_added	applied_frontend	resolved_frontend			
public/pep-english/lessons/pephr3/003.json	pep-english	pephr3-003	Joe and Song Lin Talk About Chinese New Year	788	5	0	5	1	788	text_and_structure_present	P2	manual_paragraph_boundaries	0	single_semantic_paragraph	applied_frontend	resolved_frontend			
public/pep-english/lessons/pephr3/004.json	pep-english	pephr3-004	My Amazing Naadam Experience	1943	5	0	5	5	506	text_and_structure_present	P2	render_existing_blocks_as_paragraphs	4	spacing_added	applied_frontend	resolved_frontend			
public/pep-english/lessons/pephr3/005.json	pep-english	pephr3-005	The Laba Festival and Laba Porridge	816	6	0	6	6	201	text_and_structure_present	P2	render_existing_blocks_as_paragraphs	5	spacing_added	applied_frontend	resolved_frontend			
public/pep-english/lessons/pephr3/006.json	pep-english	pephr3-006	Mother of Ten Thousand Babies	2850	6	0	6	6	634	text_and_structure_present	P2	render_existing_blocks_as_paragraphs	5	spacing_added	applied_frontend	resolved_frontend			
public/pep-english/lessons/pephr3/007.json	pep-english	pephr3-007	Henry Norman Bethune	907	1	0	1	1	907	text_and_structure_present	P2	manual_paragraph_boundaries	0	single_semantic_paragraph	applied_frontend	resolved_frontend			
public/pep-english/lessons/pephr3/008.json	pep-english	pephr3-008	The Stone in the Road	2031	9	0	9	9	290	text_and_structure_present	P2	render_existing_blocks_as_paragraphs	8	spacing_added	applied_frontend	resolved_frontend			
public/pep-english/lessons/pephr3/009.json	pep-english	pephr3-009	Thankfulness	651	9	0	9	4	215	text_and_structure_present	P2	render_existing_blocks_as_paragraphs	3	spacing_added	applied_frontend	resolved_frontend			
public/pep-english/lessons/pephr3/010.json	pep-english	pephr3-010	Native Americans in California	659	1	0	1	1	659	text_and_structure_present	P2	manual_paragraph_boundaries	0	single_semantic_paragraph	applied_frontend	resolved_frontend			
public/pep-english/lessons/pephr3/011.json	pep-english	pephr3-011	Wednesday, 21 June: San Francisco	2153	5	0	5	5	843	text_and_structure_present	P2	render_existing_blocks_as_paragraphs	4	spacing_added	applied_frontend	resolved_frontend			
public/pep-english/lessons/pephr3/012.json	pep-english	pephr3-012	Recommendations for Visiting Guizhou	717	9	0	9	1	717	text_and_structure_present	P2	manual_paragraph_boundaries	2	spacing_added	applied_frontend	resolved_frontend			
public/pep-english/lessons/pephr3/013.json	pep-english	pephr3-013	Welcome to Chinatown!	2036	6	0	6	6	789	text_and_structure_present	P2	render_existing_blocks_as_paragraphs	5	spacing_added	applied_frontend	resolved_frontend			
public/pep-english/lessons/pephr3/014.json	pep-english	pephr3-014	Regional Music in the United States	753	9	0	9	1	753	text_and_structure_present	P2	manual_paragraph_boundaries	2	spacing_added	applied_frontend	resolved_frontend			
public/pep-english/lessons/pephr3/015.json	pep-english	pephr3-015	Questions for Captain Brown	442	5	0	5	1	442	text_and_structure_present	P2	manual_paragraph_boundaries	0	single_semantic_paragraph	applied_frontend	resolved_frontend			
public/pep-english/lessons/pephr3/016.json	pep-english	pephr3-016	Is Exploring Space a Waste of Time and Money?	2327	5	0	5	5	652	text_and_structure_present	P2	render_existing_blocks_as_paragraphs	4	spacing_added	applied_frontend	resolved_frontend			
public/pep-english/lessons/pephr3/017.json	pep-english	pephr3-017	The Million Pound Bank Note — Act 1, Scene 3	2665	40	0	40	1	2665	text_and_structure_present	P1	manual_paragraph_boundaries	9	spacing_added	applied_frontend	resolved_frontend			
public/pep-english/lessons/pephr3/018.json	pep-english	pephr3-018	Should Roderick and Oliver Give Henry the Money?	349	5	0	5	1	349	text_and_structure_present	P2	manual_paragraph_boundaries	0	single_semantic_paragraph	applied_frontend	resolved_frontend			
public/pep-english/lessons/pephr3/019.json	pep-english	pephr3-019	The Million Pound Bank Note — Act 2, Scene 1	2702	30	0	30	1	2702	text_and_structure_present	P1	manual_paragraph_boundaries	7	spacing_added	applied_frontend	resolved_frontend			
public/pep-english/lessons/pephr3/020.json	pep-english	pephr3-020	The Chinese Spring Festival	2358	4	0	4	4	1177	text_and_structure_present	P2	render_existing_blocks_as_paragraphs	3	spacing_added	applied_frontend	resolved_frontend			
public/pep-english/lessons/pephr3/021.json	pep-english	pephr3-021	Winter Carnival in Quebec	2155	8	0	8	8	474	text_and_structure_present	P2	render_existing_blocks_as_paragraphs	7	spacing_added	applied_frontend	resolved_frontend			
public/pep-english/lessons/pephr3/022.json	pep-english	pephr3-022	The Taxi Ride I'll Never Forget	2028	18	0	18	18	261	text_and_structure_present	P2	render_existing_blocks_as_paragraphs	17	spacing_added	applied_frontend	resolved_frontend			
public/pep-english/lessons/pephr3/023.json	pep-english	pephr3-023	Symbols of American Culture	2325	5	0	5	5	685	text_and_structure_present	P2	render_existing_blocks_as_paragraphs	4	spacing_added	applied_frontend	resolved_frontend			
public/pep-english/lessons/pephr3/024.json	pep-english	pephr3-024	New Zealand and Maori Culture — The Land of the Long White Cloud	2351	5	0	5	5	566	text_and_structure_present	P2	render_existing_blocks_as_paragraphs	4	spacing_added	applied_frontend	resolved_frontend			
public/pep-english/lessons/pephr3/025.json	pep-english	pephr3-025	Homes on Mars?	2275	4	0	4	4	628	text_and_structure_present	P2	render_existing_blocks_as_paragraphs	3	spacing_added	applied_frontend	resolved_frontend			
public/pep-english/lessons/pephr3/026.json	pep-english	pephr3-026	What Is the Big Bang Theory?	569	1	0	1	1	569	text_and_structure_present	P2	manual_paragraph_boundaries	0	single_semantic_paragraph	applied_frontend	resolved_frontend			
public/pep-english/lessons/pephr3/027.json	pep-english	pephr3-027	What Is the Hubble Space Telescope?	458	1	0	1	1	458	text_and_structure_present	P2	manual_paragraph_boundaries	0	single_semantic_paragraph	applied_frontend	resolved_frontend			
public/pep-english/lessons/pephr3/028.json	pep-english	pephr3-028	What Is FAST?	529	1	0	1	1	529	text_and_structure_present	P2	manual_paragraph_boundaries	0	single_semantic_paragraph	applied_frontend	resolved_frontend			
public/pep-english/lessons/pephr3/029.json	pep-english	pephr3-029	What Is a Quantum Satellite?	500	1	0	1	1	500	text_and_structure_present	P2	manual_paragraph_boundaries	0	single_semantic_paragraph	applied_frontend	resolved_frontend			
public/pep-english/lessons/pephr3/030.json	pep-english	pephr3-030	The Million Pound Bank Note — Act 2, Scene 3	2328	26	0	26	1	2328	text_and_structure_present	P2	manual_paragraph_boundaries	6	spacing_added	applied_frontend	resolved_frontend			
public/pep-english/lessons/pephr3/031.json	pep-english	pephr3-031	My Uncle Jules (Adapted)	2962	16	0	16	16	585	text_and_structure_present	P2	render_existing_blocks_as_paragraphs	15	spacing_added	applied_frontend	resolved_frontend			
public/pep-english/lessons/pephs1/001.json	pep-english	pephs1-001	Tu Youyou Awarded Nobel Prize	2909	5	0	5	5	949	text_and_structure_present	P2	render_existing_blocks_as_paragraphs	4	spacing_added	applied_frontend	resolved_frontend			
public/pep-english/lessons/pephs1/002.json	pep-english	pephs1-002	The Man Who Changed Our Understanding of the Universe	2634	6	0	6	6	708	text_and_structure_present	P2	render_existing_blocks_as_paragraphs	5	spacing_added	applied_frontend	resolved_frontend			
public/pep-english/lessons/pephs1/003.json	pep-english	pephs1-003	Cao Xueqin Biography	274	1	0	1	1	274	text_and_structure_present	P2	manual_paragraph_boundaries	0	single_semantic_paragraph	applied_frontend	resolved_frontend			
public/pep-english/lessons/pephs1/004.json	pep-english	pephs1-004	The Story of My Life	276	1	0	1	1	276	text_and_structure_present	P2	manual_paragraph_boundaries	0	single_semantic_paragraph	applied_frontend	resolved_frontend			
public/pep-english/lessons/pephs1/005.json	pep-english	pephs1-005	Steve Jobs	246	1	0	1	1	246	text_and_structure_present	P2	manual_paragraph_boundaries	0	single_semantic_paragraph	applied_frontend	resolved_frontend			
public/pep-english/lessons/pephs1/006.json	pep-english	pephs1-006	Smart Homes to Make Life Easier	2589	5	0	5	5	908	text_and_structure_present	P2	render_existing_blocks_as_paragraphs	4	spacing_added	applied_frontend	resolved_frontend			
public/pep-english/lessons/pephs1/007.json	pep-english	pephs1-007	Should We Fight New Technology?	2327	4	0	4	4	759	text_and_structure_present	P2	render_existing_blocks_as_paragraphs	3	spacing_added	applied_frontend	resolved_frontend			
public/pep-english/lessons/pephs1/008.json	pep-english	pephs1-008	A Letter from Future Bingbing	1262	7	0	7	7	464	text_and_structure_present	P2	render_existing_blocks_as_paragraphs	6	spacing_added	applied_frontend	resolved_frontend			
public/pep-english/lessons/pephs1/009.json	pep-english	pephs1-009	Sarek National Park — Europe’s Hidden Natural Treasure	2522	4	0	4	4	768	text_and_structure_present	P2	render_existing_blocks_as_paragraphs	3	spacing_added	applied_frontend	resolved_frontend			
public/pep-english/lessons/pephs1/010.json	pep-english	pephs1-010	Theme Parks — Fun and More Than Fun	2761	4	0	4	4	866	text_and_structure_present	P2	render_existing_blocks_as_paragraphs	3	spacing_added	applied_frontend	resolved_frontend			
public/pep-english/lessons/pephs1/011.json	pep-english	pephs1-011	Listening to How Bodies Talk	2576	6	0	6	6	581	text_and_structure_present	P2	render_existing_blocks_as_paragraphs	5	spacing_added	applied_frontend	resolved_frontend			
public/pep-english/lessons/pephs1/012.json	pep-english	pephs1-012	Life Is a Stage	503	1	0	1	1	503	text_and_structure_present	P2	manual_paragraph_boundaries	0	single_semantic_paragraph	applied_frontend	resolved_frontend			
public/pep-english/lessons/pephs1/013.json	pep-english	pephs1-013	How Do I Know My Students?	2839	7	0	7	7	869	text_and_structure_present	P2	render_existing_blocks_as_paragraphs	6	spacing_added	applied_frontend	resolved_frontend			
public/pep-english/lessons/pephs1/014.json	pep-english	pephs1-014	A Pioneer for All People	2995	6	0	6	6	872	text_and_structure_present	P2	render_existing_blocks_as_paragraphs	5	spacing_added	applied_frontend	resolved_frontend			
public/pep-english/lessons/pephs1/015.json	pep-english	pephs1-015	A Green Life in the Countryside	599	1	0	1	1	599	text_and_structure_present	P2	manual_paragraph_boundaries	0	single_semantic_paragraph	applied_frontend	resolved_frontend			
public/pep-english/lessons/pephs1/016.json	pep-english	pephs1-016	Chemical Versus Organic Farming	2789	5	0	5	5	769	text_and_structure_present	P2	render_existing_blocks_as_paragraphs	4	spacing_added	applied_frontend	resolved_frontend			
public/pep-english/lessons/pephs1/017.json	pep-english	pephs1-017	Huang Danian	707	3	0	3	3	311	text_and_structure_present	P2	render_existing_blocks_as_paragraphs	2	spacing_added	applied_frontend	resolved_frontend			
public/pep-english/lessons/pephs1/018.json	pep-english	pephs1-018	The Teachers of Changyu Island	755	3	0	3	3	538	text_and_structure_present	P2	render_existing_blocks_as_paragraphs	2	spacing_added	applied_frontend	resolved_frontend			
public/pep-english/lessons/pephs1/019.json	pep-english	pephs1-019	My Mother, Liu Shurong	598	3	0	3	3	291	text_and_structure_present	P2	render_existing_blocks_as_paragraphs	2	spacing_added	applied_frontend	resolved_frontend			
public/pep-english/lessons/pephs1/020.json	pep-english	pephs1-020	Three Days to See (Adapted)	3980	12	0	12	12	710	text_and_structure_present	P2	render_existing_blocks_as_paragraphs	11	spacing_added	applied_frontend	resolved_frontend			
public/pep-english/lessons/pephs1/021.json	pep-english	pephs1-021	Cloning: Where Is It Leading Us?	2942	6	0	6	6	672	text_and_structure_present	P2	render_existing_blocks_as_paragraphs	5	spacing_added	applied_frontend	resolved_frontend			
public/pep-english/lessons/pephs1/022.json	pep-english	pephs1-022	Our Greatest Adventure	3947	8	0	8	8	729	text_and_structure_present	P2	render_existing_blocks_as_paragraphs	7	spacing_added	applied_frontend	resolved_frontend			
public/pep-english/lessons/pephs1/023.json	pep-english	pephs1-023	A Holiday in Shangri-La	2578	11	0	11	11	553	text_and_structure_present	P2	render_existing_blocks_as_paragraphs	10	spacing_added	applied_frontend	resolved_frontend			
public/pep-english/lessons/pephs1/024.json	pep-english	pephs1-024	National Parks—A Treasure House for Future Generations	4782	6	0	6	6	1031	text_and_structure_present	P2	render_existing_blocks_as_paragraphs	5	spacing_added	applied_frontend	resolved_frontend			
public/pep-english/lessons/pephs1/025.json	pep-english	pephs1-025	Animal Body Language	2202	4	0	4	4	666	text_and_structure_present	P2	render_existing_blocks_as_paragraphs	3	spacing_added	applied_frontend	resolved_frontend			
public/pep-english/lessons/pephs1/026.json	pep-english	pephs1-026	Being Funny Without Saying a Word	3849	7	0	7	7	753	text_and_structure_present	P2	render_existing_blocks_as_paragraphs	6	spacing_added	applied_frontend	resolved_frontend			
public/pep-english/lessons/pephs1/027.json	pep-english	pephs1-027	Better, Greener Lives Away from the City	2428	4	0	4	4	781	text_and_structure_present	P2	render_existing_blocks_as_paragraphs	3	spacing_added	applied_frontend	resolved_frontend			
public/pep-english/lessons/pephs1/028.json	pep-english	pephs1-028	Amazing Methods of Agriculture	4524	8	0	8	8	1248	text_and_structure_present	P2	render_existing_blocks_as_paragraphs	7	spacing_added	applied_frontend	resolved_frontend			
public/pep-english/lessons/pephs2/001.json	pep-english	pephs2-001	John Snow Defeats ‘King Cholera’	3016	5	0	5	5	967	text_and_structure_present	P2	render_existing_blocks_as_paragraphs	4	spacing_added	applied_frontend	resolved_frontend			
public/pep-english/lessons/pephs2/002.json	pep-english	pephs2-002	A Non-Newtonian Fluid	532	1	0	1	1	532	text_and_structure_present	P2	manual_paragraph_boundaries	0	single_semantic_paragraph	applied_frontend	resolved_frontend			
public/pep-english/lessons/pephs2/003.json	pep-english	pephs2-003	The Father of China’s Aerospace	2712	7	0	7	7	702	text_and_structure_present	P2	render_existing_blocks_as_paragraphs	6	spacing_added	applied_frontend	resolved_frontend			
public/pep-english/lessons/pephs2/004.json	pep-english	pephs2-004	A World of Pure Thought	1720	3	0	3	3	860	text_and_structure_present	P2	render_existing_blocks_as_paragraphs	2	spacing_added	applied_frontend	resolved_frontend			
public/pep-english/lessons/pephs2/005.json	pep-english	pephs2-005	Goldfish Shark-Fin	503	3	0	3	1	503	text_and_structure_present	P2	manual_paragraph_boundaries	0	single_semantic_paragraph	applied_frontend	resolved_frontend			
public/pep-english/lessons/pephs2/006.json	pep-english	pephs2-006	‘Welcome, Xie Lei!’ Business Student Building Bridges	3133	8	0	8	8	597	text_and_structure_present	P2	render_existing_blocks_as_paragraphs	7	spacing_added	applied_frontend	resolved_frontend			
public/pep-english/lessons/pephs2/007.json	pep-english	pephs2-007	Learning to Use Weak Forms	1203	9	0	9	1	1203	text_and_structure_present	P2	manual_paragraph_boundaries	2	spacing_added	applied_frontend	resolved_frontend			
public/pep-english/lessons/pephs2/008.json	pep-english	pephs2-008	Studying Abroad: The Disadvantages Are Greater	1750	8	0	8	8	549	text_and_structure_present	P2	render_existing_blocks_as_paragraphs	7	spacing_added	applied_frontend	resolved_frontend			
public/pep-english/lessons/pephs2/009.json	pep-english	pephs2-009	Studying Abroad: The Advantages Are Much Greater	1912	8	0	8	8	562	text_and_structure_present	P2	render_existing_blocks_as_paragraphs	7	spacing_added	applied_frontend	resolved_frontend			
public/pep-english/lessons/pephs2/010.json	pep-english	pephs2-010	Culture and Cuisine	3324	7	0	7	7	733	text_and_structure_present	P2	render_existing_blocks_as_paragraphs	6	spacing_added	applied_frontend	resolved_frontend			
public/pep-english/lessons/pephs2/011.json	pep-english	pephs2-011	Healthy Eating	2970	5	0	5	5	758	text_and_structure_present	P2	render_existing_blocks_as_paragraphs	4	spacing_added	applied_frontend	resolved_frontend			
public/pep-english/lessons/pephs2/012.json	pep-english	pephs2-012	Seeing the True North via Rail: Vancouver and the Heart of Canada	3165	6	0	6	6	804	text_and_structure_present	P2	render_existing_blocks_as_paragraphs	5	spacing_added	applied_frontend	resolved_frontend			
public/pep-english/lessons/pephs2/013.json	pep-english	pephs2-013	Seeing the True North via Rail: Toronto and Montreal	2793	10	0	10	10	539	text_and_structure_present	P2	render_existing_blocks_as_paragraphs	9	spacing_added	applied_frontend	resolved_frontend			
public/pep-english/lessons/pephs2/014.json	pep-english	pephs2-014	First Aid for Burns	2307	15	0	15	15	461	text_and_structure_present	P2	render_existing_blocks_as_paragraphs	14	spacing_added	applied_frontend	resolved_frontend			
public/pep-english/lessons/pephs2/015.json	pep-english	pephs2-015	AI and Human Beings	2364	5	0	5	5	883	text_and_structure_present	P2	render_existing_blocks_as_paragraphs	4	spacing_added	applied_frontend	resolved_frontend			
public/pep-english/lessons/pephs2/016.json	pep-english	pephs2-016	Da Vinci’s World	4290	8	0	8	8	719	text_and_structure_present	P2	render_existing_blocks_as_paragraphs	7	spacing_added	applied_frontend	resolved_frontend			
public/pep-english/lessons/pephs2/017.json	pep-english	pephs2-017	Life in China	2481	9	0	9	9	679	text_and_structure_present	P2	render_existing_blocks_as_paragraphs	8	spacing_added	applied_frontend	resolved_frontend			
public/pep-english/lessons/pephs2/018.json	pep-english	pephs2-018	Zhan Tianyou: The Father of China’s Railroad	5012	10	0	10	10	664	text_and_structure_present	P2	render_existing_blocks_as_paragraphs	9	spacing_added	applied_frontend	resolved_frontend			
public/pep-english/lessons/pephs2/019.json	pep-english	pephs2-019	Convenience Food or Fresh Food?	2511	4	0	4	4	986	text_and_structure_present	P2	render_existing_blocks_as_paragraphs	3	spacing_added	applied_frontend	resolved_frontend			
public/pep-english/lessons/pephs2/020.json	pep-english	pephs2-020	Farm-to-Table	5643	9	0	9	9	1064	text_and_structure_present	P2	render_existing_blocks_as_paragraphs	8	spacing_added	applied_frontend	resolved_frontend			
public/pep-english/lessons/pephs2/021.json	pep-english	pephs2-021	Xu Xiake’s Guilin	2696	8	0	8	8	775	text_and_structure_present	P2	render_existing_blocks_as_paragraphs	7	spacing_added	applied_frontend	resolved_frontend			
public/pep-english/lessons/pephs2/022.json	pep-english	pephs2-022	Journeys by Dog Sled	6056	9	0	9	9	1138	text_and_structure_present	P2	render_existing_blocks_as_paragraphs	8	spacing_added	applied_frontend	resolved_frontend			
public/pep-english/lessons/pephs2/023.json	pep-english	pephs2-023	Is Your Home Safe?	2641	36	0	36	36	374	text_and_structure_present	P2	render_existing_blocks_as_paragraphs	35	spacing_added	applied_frontend	resolved_frontend			
public/pep-english/lessons/pephs2/024.json	pep-english	pephs2-024	How One Man Made a Difference	5209	9	0	9	9	765	text_and_structure_present	P2	render_existing_blocks_as_paragraphs	8	spacing_added	applied_frontend	resolved_frontend			
public/pep-english/lessons/pephs3/001.json	pep-english	pephs3-001	A Short History of Western Painting	3641	12	0	12	12	599	text_and_structure_present	P2	render_existing_blocks_as_paragraphs	11	spacing_added	applied_frontend	resolved_frontend			
public/pep-english/lessons/pephs3/002.json	pep-english	pephs3-002	Ancient Chinese Art on Show	2534	9	0	9	9	632	text_and_structure_present	P2	render_existing_blocks_as_paragraphs	8	spacing_added	applied_frontend	resolved_frontend			
public/pep-english/lessons/pephs3/003.json	pep-english	pephs3-003	Habits for a Healthy Lifestyle	3130	10	0	10	10	734	text_and_structure_present	P2	render_existing_blocks_as_paragraphs	9	spacing_added	applied_frontend	resolved_frontend			
public/pep-english/lessons/pephs3/004.json	pep-english	pephs3-004	Changing My Lifestyle: Wang Lu’s Letter	1496	8	0	8	8	380	text_and_structure_present	P2	render_existing_blocks_as_paragraphs	7	spacing_added	applied_frontend	resolved_frontend			
public/pep-english/lessons/pephs3/005.json	pep-english	pephs3-005	Changing My Lifestyle: George Fielding’s Letter	1411	8	0	8	8	363	text_and_structure_present	P2	render_existing_blocks_as_paragraphs	7	spacing_added	applied_frontend	resolved_frontend			
public/pep-english/lessons/pephs3/006.json	pep-english	pephs3-006	Climate Change Requires the World’s Attention	2978	5	0	5	5	921	text_and_structure_present	P2	render_existing_blocks_as_paragraphs	4	spacing_added	applied_frontend	resolved_frontend			
public/pep-english/lessons/pephs3/007.json	pep-english	pephs3-007	Reducing Water Pollution in the Li River	2467	4	0	4	4	871	text_and_structure_present	P2	render_existing_blocks_as_paragraphs	3	spacing_added	applied_frontend	resolved_frontend			
public/pep-english/lessons/pephs3/008.json	pep-english	pephs3-008	A Successful Failure	3502	17	0	17	17	775	text_and_structure_present	P2	render_existing_blocks_as_paragraphs	16	spacing_added	applied_frontend	resolved_frontend			
public/pep-english/lessons/pephs3/009.json	pep-english	pephs3-009	The Reward for Perseverance	2236	6	0	6	6	418	text_and_structure_present	P2	render_existing_blocks_as_paragraphs	5	spacing_added	applied_frontend	resolved_frontend			
public/pep-english/lessons/pephs3/010.json	pep-english	pephs3-010	A Few Simple Forms of English Poems	3565	24	0	24	13	534	text_and_structure_present	P2	render_existing_blocks_as_paragraphs	12	spacing_added	applied_frontend	resolved_frontend			
public/pep-english/lessons/pephs3/011.json	pep-english	pephs3-011	Robert and Elizabeth Barrett Browning	1225	1	0	1	1	1225	text_and_structure_present	P2	manual_paragraph_boundaries	0	single_semantic_paragraph	applied_frontend	resolved_frontend			
public/pep-english/lessons/pephs3/012.json	pep-english	pephs3-012	The Arrow and the Song (H. W. Longfellow)	424	6	0	6	1	424	text_and_structure_present	P2	manual_paragraph_boundaries	1	spacing_added	applied_frontend	resolved_frontend			
public/pep-english/lessons/pephs3/013.json	pep-english	pephs3-013	Night (William Blake)	464	6	0	6	1	464	text_and_structure_present	P2	manual_paragraph_boundaries	1	spacing_added	applied_frontend	resolved_frontend			
public/pep-english/lessons/pephs3/014.json	pep-english	pephs3-014	Wind on the Hill (A. A. Milne)	459	6	0	6	1	459	text_and_structure_present	P2	manual_paragraph_boundaries	1	spacing_added	applied_frontend	resolved_frontend			
public/pep-english/lessons/pephs3/015.json	pep-english	pephs3-015	Dream (Langston Hughes)	165	2	0	2	1	165	text_and_structure_present	P2	manual_paragraph_boundaries	0	single_semantic_paragraph	applied_frontend	resolved_frontend			
public/pep-english/lessons/pephs3/016.json	pep-english	pephs3-016	A Match (A. C. Swinburne)	229	2	0	2	1	229	text_and_structure_present	P2	manual_paragraph_boundaries	0	single_semantic_paragraph	applied_frontend	resolved_frontend			
public/pep-english/lessons/pephs3/017.json	pep-english	pephs3-017	Appreciating the Poem Dream	861	4	0	4	4	321	text_and_structure_present	P2	render_existing_blocks_as_paragraphs	3	spacing_added	applied_frontend	resolved_frontend			
public/pep-english/lessons/pephs3/018.json	pep-english	pephs3-018	What Is Free Verse?	250	5	0	5	1	250	text_and_structure_present	P2	manual_paragraph_boundaries	0	single_semantic_paragraph	applied_frontend	resolved_frontend			
public/pep-english/lessons/pephs3/019.json	pep-english	pephs3-019	Who Was Langston Hughes?	389	6	0	6	1	389	text_and_structure_present	P2	manual_paragraph_boundaries	1	spacing_added	applied_frontend	resolved_frontend			
public/pep-english/lessons/pephs3/020.json	pep-english	pephs3-020	The Starry Night	2251	3	0	3	3	1073	text_and_structure_present	P2	render_existing_blocks_as_paragraphs	2	spacing_added	applied_frontend	resolved_frontend			
public/pep-english/lessons/pephs3/021.json	pep-english	pephs3-021	Michelangelo’s David	5181	8	0	8	8	1040	text_and_structure_present	P2	render_existing_blocks_as_paragraphs	7	spacing_added	applied_frontend	resolved_frontend			
public/pep-english/lessons/pephs3/022.json	pep-english	pephs3-022	Planning a Balanced Diet	736	1	0	1	1	736	text_and_structure_present	P2	manual_paragraph_boundaries	0	single_semantic_paragraph	applied_frontend	resolved_frontend			
public/pep-english/lessons/pephs3/023.json	pep-english	pephs3-023	My Experiences with Computer Games	2422	5	0	5	5	629	text_and_structure_present	P2	render_existing_blocks_as_paragraphs	4	spacing_added	applied_frontend	resolved_frontend			
public/pep-english/lessons/pephs3/024.json	pep-english	pephs3-024	The Experiment (adapted from Little Women by Louisa May Alcott)	4830	37	0	37	37	501	text_and_structure_present	P2	render_existing_blocks_as_paragraphs	36	spacing_added	applied_frontend	resolved_frontend			
public/pep-english/lessons/pephs3/025.json	pep-english	pephs3-025	Small Waste, Big Problem	1940	5	0	5	5	545	text_and_structure_present	P2	render_existing_blocks_as_paragraphs	4	spacing_added	applied_frontend	resolved_frontend			
public/pep-english/lessons/pephs3/026.json	pep-english	pephs3-026	A Clean, Green Energy Future	4594	11	0	11	11	671	text_and_structure_present	P2	render_existing_blocks_as_paragraphs	10	spacing_added	applied_frontend	resolved_frontend			
public/pep-english/lessons/pephs3/027.json	pep-english	pephs3-027	Fan Zhongyan	2871	7	0	7	7	668	text_and_structure_present	P2	render_existing_blocks_as_paragraphs	6	spacing_added	applied_frontend	resolved_frontend			
public/pep-english/lessons/pephs3/028.json	pep-english	pephs3-028	An Excerpt from The Old Man and the Sea (adapted from Ernest Hemingway)	3896	18	0	18	18	868	text_and_structure_present	P2	render_existing_blocks_as_paragraphs	17	spacing_added	applied_frontend	resolved_frontend			
public/pep-english/lessons/pephs3/029.json	pep-english	pephs3-029	Auld Lang Syne (excerpt by Robert Burns)	443	7	0	7	2	223	text_and_structure_present	P2	render_existing_blocks_as_paragraphs	1	spacing_added	applied_frontend	resolved_frontend			
public/pep-english/lessons/pephs3/030.json	pep-english	pephs3-030	Exploring Poetry in China	2896	7	0	7	6	692	text_and_structure_present	P2	render_existing_blocks_as_paragraphs	5	spacing_added	applied_frontend	resolved_frontend			
public/pep-english/lessons/pephs3/031.json	pep-english	pephs3-031	Spring Morning (Meng Haoran; translated by Xu Yuanchong)	143	2	0	2	1	143	text_and_structure_present	P2	manual_paragraph_boundaries	0	single_semantic_paragraph	applied_frontend	resolved_frontend			
public/pep-english/lessons/pephs3/032.json	pep-english	pephs3-032	On the Stork Tower (Wang Zhihuan; translated by Xu Yuanchong)	130	3	0	3	1	130	text_and_structure_present	P2	manual_paragraph_boundaries	0	single_semantic_paragraph	applied_frontend	resolved_frontend			
public/pep-english/lessons/pephs3/033.json	pep-english	pephs3-033	The Road Not Taken (Robert Frost)	725	7	0	7	1	725	text_and_structure_present	P2	manual_paragraph_boundaries	1	spacing_added	applied_frontend	resolved_frontend			
public/pep-english/lessons/pephs3/034.json	pep-english	pephs3-034	The Gift (Tagore)	707	7	0	7	1	707	text_and_structure_present	P2	manual_paragraph_boundaries	1	spacing_added	applied_frontend	resolved_frontend			
public/pep-english/lessons/pephs3/035.json	pep-english	pephs3-035	On Children (Kahlil Gibran)	888	11	0	11	1	888	text_and_structure_present	P2	manual_paragraph_boundaries	2	spacing_added	applied_frontend	resolved_frontend			
public/pep-english/lessons/pephs4/001.json	pep-english	pephs4-001	Satisfaction Guaranteed (Adapted from Isaac Asimov)	3587	9	0	9	9	844	text_and_structure_present	P2	render_existing_blocks_as_paragraphs	8	spacing_added	applied_frontend	resolved_frontend			
public/pep-english/lessons/pephs4/002.json	pep-english	pephs4-002	The Time Machine (Adapted from H. G. Wells)	2281	5	0	5	5	667	text_and_structure_present	P2	render_existing_blocks_as_paragraphs	4	spacing_added	applied_frontend	resolved_frontend			
public/pep-english/lessons/pephs4/003.json	pep-english	pephs4-003	Experience the Iconic Features of Australia	3509	9	0	9	4	1313	text_and_structure_present	P2	render_existing_blocks_as_paragraphs	3	spacing_added	applied_frontend	resolved_frontend			
public/pep-english/lessons/pephs4/004.json	pep-english	pephs4-004	The Amazing Animals of Australia	3459	9	0	9	5	986	text_and_structure_present	P2	render_existing_blocks_as_paragraphs	4	spacing_added	applied_frontend	resolved_frontend			
public/pep-english/lessons/pephs4/005.json	pep-english	pephs4-005	Dujiangyan	1153	1	0	1	1	1153	text_and_structure_present	P2	manual_paragraph_boundaries	0	single_semantic_paragraph	applied_frontend	resolved_frontend			
public/pep-english/lessons/pephs4/006.json	pep-english	pephs4-006	Reaching Out Across the Sea	2893	7	0	7	7	672	text_and_structure_present	P2	render_existing_blocks_as_paragraphs	6	spacing_added	applied_frontend	resolved_frontend			
public/pep-english/lessons/pephs4/007.json	pep-english	pephs4-007	The Case Against More Sea Exploration	1091	5	0	5	5	318	text_and_structure_present	P2	render_existing_blocks_as_paragraphs	4	spacing_added	applied_frontend	resolved_frontend			
public/pep-english/lessons/pephs4/008.json	pep-english	pephs4-008	The Case for Sea Exploration	1089	4	0	4	4	377	text_and_structure_present	P2	render_existing_blocks_as_paragraphs	3	spacing_added	applied_frontend	resolved_frontend			
public/pep-english/lessons/pephs4/009.json	pep-english	pephs4-009	World Oceans Day	700	3	0	3	3	336	text_and_structure_present	P2	render_existing_blocks_as_paragraphs	2	spacing_added	applied_frontend	resolved_frontend			
public/pep-english/lessons/pephs4/010.json	pep-english	pephs4-010	Volunteering in the Bush	3953	8	0	8	2	2124	text_and_structure_present	P2	render_existing_blocks_as_paragraphs	1	spacing_added	applied_frontend	resolved_frontend			
public/pep-english/lessons/pephs4/011.json	pep-english	pephs4-011	Volunteering at an Animal Shelter	928	7	0	7	1	928	text_and_structure_present	P2	manual_paragraph_boundaries	1	spacing_added	applied_frontend	resolved_frontend			
public/pep-english/lessons/pephs4/012.json	pep-english	pephs4-012	Is China’s Aid to Other Countries Worth It?	3143	8	0	8	8	1188	text_and_structure_present	P2	render_existing_blocks_as_paragraphs	7	spacing_added	applied_frontend	resolved_frontend			
public/pep-english/lessons/pephs4/013.json	pep-english	pephs4-013	People’s Shoes	435	8	0	8	4	227	text_and_structure_present	P2	render_existing_blocks_as_paragraphs	3	spacing_added	applied_frontend	resolved_frontend			
public/pep-english/lessons/pephs4/014.json	pep-english	pephs4-014	China Exchange	513	8	0	8	4	234	text_and_structure_present	P2	render_existing_blocks_as_paragraphs	3	spacing_added	applied_frontend	resolved_frontend			
public/pep-english/lessons/pephs4/015.json	pep-english	pephs4-015	Working Out What You Want to Do	2807	7	0	7	7	607	text_and_structure_present	P2	render_existing_blocks_as_paragraphs	6	spacing_added	applied_frontend	resolved_frontend			
public/pep-english/lessons/pephs4/016.json	pep-english	pephs4-016	Build up your vocabulary	928	1	0	1	1	928	text_and_structure_present	P2	manual_paragraph_boundaries	0	single_semantic_paragraph	applied_frontend	resolved_frontend			
public/pep-english/lessons/pephs4/017.json	pep-english	pephs4-017	Summer Camp Helpers Wanted!	984	10	0	10	5	258	text_and_structure_present	P2	render_existing_blocks_as_paragraphs	4	spacing_added	applied_frontend	resolved_frontend			
public/pep-english/lessons/pephs4/018.json	pep-english	pephs4-018	Kelly Xu’s Cover Letter	1068	8	0	8	8	296	text_and_structure_present	P2	render_existing_blocks_as_paragraphs	7	spacing_added	applied_frontend	resolved_frontend			
public/pep-english/lessons/pephs4/019.json	pep-english	pephs4-019	Kelly Xu’s CV	970	10	0	10	5	567	text_and_structure_present	P2	render_existing_blocks_as_paragraphs	4	spacing_added	applied_frontend	resolved_frontend			
public/pep-english/lessons/pephs4/020.json	pep-english	pephs4-020	Make High School Count!	911	1	0	1	1	911	text_and_structure_present	P2	manual_paragraph_boundaries	0	single_semantic_paragraph	applied_frontend	resolved_frontend			
public/pep-english/lessons/pephs4/021.json	pep-english	pephs4-021	Using Words and Expressions	1388	1	0	1	1	1388	text_and_structure_present	P2	manual_paragraph_boundaries	0	single_semantic_paragraph	applied_frontend	needs_source_check	codex	2026-09-08	双栏 OCR 文字交错；属于源内容质量问题，不能用排版空行安全修复。
public/pep-english/lessons/pephs4/022.json	pep-english	pephs4-022	Previously on The Evos	828	1	0	1	1	828	text_and_structure_present	P2	manual_paragraph_boundaries	0	single_semantic_paragraph	applied_frontend	resolved_frontend			
public/pep-english/lessons/pephs4/023.json	pep-english	pephs4-023	Journey to the Centre of the Earth	2462	14	0	14	10	519	text_and_structure_present	P2	render_existing_blocks_as_paragraphs	9	spacing_added	applied_frontend	resolved_frontend			
public/pep-english/lessons/pephs4/024.json	pep-english	pephs4-024	Science Fiction or Science Fact?	4299	6	0	6	6	911	text_and_structure_present	P2	render_existing_blocks_as_paragraphs	5	spacing_added	applied_frontend	resolved_frontend			
public/pep-english/lessons/pephs4/025.json	pep-english	pephs4-025	In the film, such a "wormhole" mysteriously appears near	2696	4	0	4	1	2696	text_and_structure_present	P1	manual_paragraph_boundaries	3	spacing_added	applied_frontend	resolved_frontend			
public/pep-english/lessons/pephs4/026.json	pep-english	pephs4-026	Using Structures	533	1	0	1	1	533	text_and_structure_present	P2	manual_paragraph_boundaries	0	single_semantic_paragraph	applied_frontend	resolved_frontend			
public/pep-english/lessons/pephs4/027.json	pep-english	pephs4-027	What’s Cooking in Australia?	2544	5	0	5	5	629	text_and_structure_present	P2	render_existing_blocks_as_paragraphs	4	spacing_added	applied_frontend	resolved_frontend			
public/pep-english/lessons/pephs4/028.json	pep-english	pephs4-028	Pavlova	789	3	0	3	3	490	text_and_structure_present	P2	render_existing_blocks_as_paragraphs	2	spacing_added	applied_frontend	resolved_frontend			
public/pep-english/lessons/pephs4/029.json	pep-english	pephs4-029	outside. Casual friendliness is the key to such meals. It is a	931	2	0	2	1	931	text_and_structure_present	P2	manual_paragraph_boundaries	1	spacing_added	applied_frontend	resolved_frontend			
public/pep-english/lessons/pephs4/030.json	pep-english	pephs4-030	The Kiwi	2391	5	0	5	5	598	text_and_structure_present	P2	render_existing_blocks_as_paragraphs	4	spacing_added	applied_frontend	resolved_frontend			
public/pep-english/lessons/pephs4/031.json	pep-english	pephs4-031	The Thorn Birds (Adapted)	2566	6	0	6	6	805	text_and_structure_present	P2	render_existing_blocks_as_paragraphs	5	spacing_added	applied_frontend	resolved_frontend			
public/pep-english/lessons/pephs4/032.json	pep-english	pephs4-032	Using Structures 3 Complete the news report below	451	1	0	1	1	451	text_and_structure_present	P2	manual_paragraph_boundaries	0	single_semantic_paragraph	applied_frontend	resolved_frontend			
public/pep-english/lessons/pephs4/033.json	pep-english	pephs4-033	Man Lucky to Be Alive After Shallow-Water Shark Attack	255	1	0	1	1	255	text_and_structure_present	P2	manual_paragraph_boundaries	0	single_semantic_paragraph	applied_frontend	resolved_frontend			
public/pep-english/lessons/pephs4/034.json	pep-english	pephs4-034	Sherry Wilson’s Shark Attack	222	1	0	1	1	222	text_and_structure_present	P2	manual_paragraph_boundaries	0	single_semantic_paragraph	applied_frontend	resolved_frontend			
public/pep-english/lessons/pephs4/035.json	pep-english	pephs4-035	Two-Metre Shark Attack While Snorkelling	163	1	0	1	1	163	text_and_structure_present	P2	manual_paragraph_boundaries	0	single_semantic_paragraph	applied_frontend	resolved_frontend			
public/pep-english/lessons/pephs4/036.json	pep-english	pephs4-036	A Sea of Plastic	2688	5	0	5	5	814	text_and_structure_present	P2	render_existing_blocks_as_paragraphs	4	spacing_added	applied_frontend	resolved_frontend			
public/pep-english/lessons/pephs4/037.json	pep-english	pephs4-037	Sea Fever	763	6	0	6	3	260	text_and_structure_present	P2	render_existing_blocks_as_paragraphs	2	spacing_added	applied_frontend	resolved_frontend			
public/pep-english/lessons/pephs4/038.json	pep-english	pephs4-038	On the Seashore	1145	15	0	15	5	263	text_and_structure_present	P2	render_existing_blocks_as_paragraphs	4	spacing_added	applied_frontend	resolved_frontend			
public/pep-english/lessons/pephs4/039.json	pep-english	pephs4-039	As I Grew Older	645	17	0	17	5	210	text_and_structure_present	P2	render_existing_blocks_as_paragraphs	4	spacing_added	applied_frontend	resolved_frontend			
public/pep-english/lessons/pephs4/040.json	pep-english	pephs4-040	The World’s Most Useful Gifts	1295	4	0	4	3	738	text_and_structure_present	P2	render_existing_blocks_as_paragraphs	2	spacing_added	applied_frontend	resolved_frontend			
public/pep-english/lessons/pephs4/041.json	pep-english	pephs4-041	For the Children (Adapted)	5028	9	0	9	9	1056	text_and_structure_present	P2	render_existing_blocks_as_paragraphs	8	spacing_added	applied_frontend	resolved_frontend			
public/pep-english/lessons/pephs4/042.json	pep-english	pephs4-042	in over 100 developing nations, UNICEF is brought up against the face of today's international	1263	2	0	2	1	1263	text_and_structure_present	P2	manual_paragraph_boundaries	1	spacing_added	applied_frontend	resolved_frontend			
public/pep-english/lessons/pephs4/043.json	pep-english	pephs4-043	Being a Reporter	675	1	0	1	1	675	text_and_structure_present	P2	manual_paragraph_boundaries	0	single_semantic_paragraph	applied_frontend	resolved_frontend			
public/pep-english/lessons/pephs4/044.json	pep-english	pephs4-044	Does Practice Really Make Perfect?	3211	7	0	7	7	738	text_and_structure_present	P2	render_existing_blocks_as_paragraphs	6	spacing_added	applied_frontend	resolved_frontend			
public/pep-english/lessons/pephs4/045.json	pep-english	pephs4-045	The Summer Break That Could Change Your Life	4627	14	0	14	9	1232	text_and_structure_present	P2	render_existing_blocks_as_paragraphs	8	spacing_added	applied_frontend	resolved_frontend			
public/pep-english/lessons/pepj7a/001.json	pep-english	pepj7a-001	Do You Have a Soccer Ball?	523	6	0	6	3	182	text_and_structure_present	P2	render_existing_blocks_as_paragraphs	2	spacing_added	applied_frontend	resolved_frontend			
public/pep-english/lessons/pepj7a/002.json	pep-english	pepj7a-002	Sports Star Eats Well!	630	11	0	11	2	560	text_and_structure_present	P2	render_existing_blocks_as_paragraphs	1	spacing_added	applied_frontend	resolved_frontend			
public/pep-english/lessons/pepj7a/003.json	pep-english	pepj7a-003	Mr. Cool's Clothes Store	469	1	0	1	1	469	text_and_structure_present	P2	manual_paragraph_boundaries	0	single_semantic_paragraph	applied_frontend	resolved_frontend			
public/pep-english/lessons/pepj7a/004.json	pep-english	pepj7a-004	Dear Jenny	598	4	0	4	4	497	text_and_structure_present	P2	render_existing_blocks_as_paragraphs	3	spacing_added	applied_frontend	resolved_frontend			
public/pep-english/lessons/pepj7b/002.json	pep-english	pepj7b-002	Tony and Mary's Habits	905	2	0	2	2	463	text_and_structure_present	P2	render_existing_blocks_as_paragraphs	1	spacing_added	applied_frontend	resolved_frontend			
public/pep-english/lessons/pepj7b/003.json	pep-english	pepj7b-003	Lisa and Jane's Commute	420	8	0	8	1	420	text_and_structure_present	P2	manual_paragraph_boundaries	1	spacing_added	applied_frontend	resolved_frontend			
public/pep-english/lessons/pepj7b/004.json	pep-english	pepj7b-004	Crossing the River to School	713	3	0	3	3	389	text_and_structure_present	P2	render_existing_blocks_as_paragraphs	2	spacing_added	applied_frontend	resolved_frontend			
public/pep-english/lessons/pepj7b/005.json	pep-english	pepj7b-005	John's First Day at School	448	8	0	8	1	448	text_and_structure_present	P2	manual_paragraph_boundaries	1	spacing_added	applied_frontend	resolved_frontend			
public/pep-english/lessons/pepj7b/006.json	pep-english	pepj7b-006	Molly and Dr. Know's Letters	982	8	0	8	7	334	text_and_structure_present	P2	render_existing_blocks_as_paragraphs	6	spacing_added	applied_frontend	resolved_frontend			
public/pep-english/lessons/pepj7b/007.json	pep-english	pepj7b-007	Let's Save the Elephants	768	3	0	3	3	312	text_and_structure_present	P2	render_existing_blocks_as_paragraphs	2	spacing_added	applied_frontend	resolved_frontend			
public/pep-english/lessons/pepj7b/009.json	pep-english	pepj7b-009	Zhu Hui's Dragon Boat Festival	897	2	0	2	2	578	text_and_structure_present	P2	render_existing_blocks_as_paragraphs	1	spacing_added	applied_frontend	resolved_frontend			
public/pep-english/lessons/pepj7b/011.json	pep-english	pepj7b-011	An Interesting Job	781	2	0	2	2	522	text_and_structure_present	P2	render_existing_blocks_as_paragraphs	1	spacing_added	applied_frontend	resolved_frontend			
public/pep-english/lessons/pepj7b/012.json	pep-english	pepj7b-012	Birthday Food Around the World	871	4	0	4	4	335	text_and_structure_present	P2	render_existing_blocks_as_paragraphs	3	spacing_added	applied_frontend	resolved_frontend			
public/pep-english/lessons/pepj7b/013.json	pep-english	pepj7b-013	Helen and Jim's School Trip Diaries	962	2	0	2	2	512	text_and_structure_present	P2	render_existing_blocks_as_paragraphs	1	spacing_added	applied_frontend	resolved_frontend			
public/pep-english/lessons/pepj7b/014.json	pep-english	pepj7b-014	A Weekend to Remember	961	3	0	3	3	521	text_and_structure_present	P2	render_existing_blocks_as_paragraphs	2	spacing_added	applied_frontend	resolved_frontend			
public/pep-english/lessons/pepj8a/001.json	pep-english	pepj8a-001	Jane's Vacation Diaries	1246	2	0	2	2	652	text_and_structure_present	P2	render_existing_blocks_as_paragraphs	1	spacing_added	applied_frontend	resolved_frontend			
public/pep-english/lessons/pepj8a/004.json	pep-english	pepj8a-004	Jack and Claire's Weekly Plans	485	11	0	11	11	75	text_and_structure_present	P2	render_existing_blocks_as_paragraphs	10	spacing_added	applied_frontend	resolved_frontend			
public/pep-english/lessons/pepj8a/007.json	pep-english	pepj8a-007	Should Friends Be the Same or Different?	1209	3	0	3	3	426	text_and_structure_present	P2	render_existing_blocks_as_paragraphs	2	spacing_added	applied_frontend	resolved_frontend			
public/pep-english/lessons/pepj8a/008.json	pep-english	pepj8a-008	Greg's New Neighborhood	505	8	0	8	8	111	text_and_structure_present	P2	render_existing_blocks_as_paragraphs	7	spacing_added	applied_frontend	resolved_frontend			
public/pep-english/lessons/pepj8a/009.json	pep-english	pepj8a-009	Who's Got Talent?	1113	3	0	3	3	422	text_and_structure_present	P2	render_existing_blocks_as_paragraphs	2	spacing_added	applied_frontend	resolved_frontend			
public/pep-english/lessons/pepj8a/011.json	pep-english	pepj8a-011	Mickey Mouse: A Symbol of American Culture	1178	3	0	3	3	495	text_and_structure_present	P2	render_existing_blocks_as_paragraphs	2	spacing_added	applied_frontend	resolved_frontend			
public/pep-english/lessons/pepj8a/015.json	pep-english	pepj8a-015	Do You Think You Will Have Your Own Robot?	1507	4	0	4	4	557	text_and_structure_present	P2	render_existing_blocks_as_paragraphs	3	spacing_added	applied_frontend	resolved_frontend			
public/pep-english/lessons/pepj8a/019.json	pep-english	pepj8a-019	How to Make Russian Soup	513	6	0	6	6	189	text_and_structure_present	P2	render_existing_blocks_as_paragraphs	5	spacing_added	applied_frontend	resolved_frontend			
public/pep-english/lessons/pepj8a/020.json	pep-english	pepj8a-020	Thanksgiving in North America	1067	8	0	8	8	366	text_and_structure_present	P2	render_existing_blocks_as_paragraphs	7	spacing_added	applied_frontend	resolved_frontend			
public/pep-english/lessons/pepj8a/022.json	pep-english	pepj8a-022	Jeff Invites Nick to Meet Sam	462	6	0	6	6	118	text_and_structure_present	P2	render_existing_blocks_as_paragraphs	5	spacing_added	applied_frontend	resolved_frontend			
public/pep-english/lessons/pepj8a/023.json	pep-english	pepj8a-023	Invitation to the New Library Opening	441	3	0	3	3	404	text_and_structure_present	P2	render_existing_blocks_as_paragraphs	2	spacing_added	applied_frontend	resolved_frontend			
public/pep-english/lessons/pepj8a/025.json	pep-english	pepj8a-025	Planning Food and Games for the Party	465	5	0	5	5	159	text_and_structure_present	P2	render_existing_blocks_as_paragraphs	4	spacing_added	applied_frontend	resolved_frontend			
public/pep-english/lessons/pepj8a/027.json	pep-english	pepj8a-027	Talking Helps Solve Problems	1459	3	0	3	3	532	text_and_structure_present	P2	render_existing_blocks_as_paragraphs	2	spacing_added	applied_frontend	resolved_frontend			
public/pep-english/lessons/pepj8b/001.json	pep-english	pepj8b-001	Bus Driver and Passengers Save an Old Man	939	3	0	3	3	495	text_and_structure_present	P2	render_existing_blocks_as_paragraphs	2	spacing_added	applied_frontend	resolved_frontend			
public/pep-english/lessons/pepj8b/002.json	pep-english	pepj8b-002	Students Who Volunteer	931	3	0	3	3	448	text_and_structure_present	P2	render_existing_blocks_as_paragraphs	2	spacing_added	applied_frontend	resolved_frontend			
public/pep-english/lessons/pepj8b/003.json	pep-english	pepj8b-003	Ben Smith's Thank-You Letter to Miss Li	1408	6	0	6	6	558	text_and_structure_present	P2	render_existing_blocks_as_paragraphs	5	spacing_added	applied_frontend	resolved_frontend			
public/pep-english/lessons/pepj8b/004.json	pep-english	pepj8b-004	Nancy Learns to Share the Housework	939	9	0	9	9	209	text_and_structure_present	P2	render_existing_blocks_as_paragraphs	8	spacing_added	applied_frontend	resolved_frontend			
public/pep-english/lessons/pepj8b/005.json	pep-english	pepj8b-005	Should Young People Do Chores at Home?	1538	6	0	6	6	827	text_and_structure_present	P2	render_existing_blocks_as_paragraphs	5	spacing_added	applied_frontend	resolved_frontend			
public/pep-english/lessons/pepj8b/006.json	pep-english	pepj8b-006	Kim's Problem with Her Sister	518	7	0	7	7	163	text_and_structure_present	P2	render_existing_blocks_as_paragraphs	6	spacing_added	applied_frontend	resolved_frontend			
public/pep-english/lessons/pepj8b/007.json	pep-english	pepj8b-007	Maybe You Should Learn to Relax!	1622	4	0	4	4	557	text_and_structure_present	P2	render_existing_blocks_as_paragraphs	3	spacing_added	applied_frontend	resolved_frontend			
public/pep-english/lessons/pepj8b/008.json	pep-english	pepj8b-008	The Storm Brought People Closer Together	1064	4	0	4	4	431	text_and_structure_present	P2	render_existing_blocks_as_paragraphs	3	spacing_added	applied_frontend	resolved_frontend			
public/pep-english/lessons/pepj8b/009.json	pep-english	pepj8b-009	Do You Remember What You Were Doing?	1302	4	0	4	4	396	text_and_structure_present	P2	render_existing_blocks_as_paragraphs	3	spacing_added	applied_frontend	resolved_frontend			
public/pep-english/lessons/pepj8b/010.json	pep-english	pepj8b-010	The Monkey King	1036	3	0	3	3	466	text_and_structure_present	P2	render_existing_blocks_as_paragraphs	2	spacing_added	applied_frontend	resolved_frontend			
public/pep-english/lessons/pepj8b/012.json	pep-english	pepj8b-012	Qomolangma — the Most Dangerous Mountain in the World?	1032	3	0	3	3	519	text_and_structure_present	P2	render_existing_blocks_as_paragraphs	2	spacing_added	applied_frontend	resolved_frontend			
public/pep-english/lessons/pepj8b/013.json	pep-english	pepj8b-013	Pandas at the Chengdu Research Base	1683	4	0	4	4	627	text_and_structure_present	P2	render_existing_blocks_as_paragraphs	3	spacing_added	applied_frontend	resolved_frontend			
public/pep-english/lessons/pepj8b/014.json	pep-english	pepj8b-014	Robinson Crusoe on the Island	914	2	0	2	2	465	text_and_structure_present	P2	render_existing_blocks_as_paragraphs	1	spacing_added	applied_frontend	resolved_frontend			
public/pep-english/lessons/pepj8b/015.json	pep-english	pepj8b-015	A Country Music Song Changed Her Life Forever	1462	3	0	3	3	539	text_and_structure_present	P2	render_existing_blocks_as_paragraphs	2	spacing_added	applied_frontend	resolved_frontend			
public/pep-english/lessons/pepj8b/016.json	pep-english	pepj8b-016	Three Interesting Museums	1138	3	0	3	3	425	text_and_structure_present	P2	render_existing_blocks_as_paragraphs	2	spacing_added	applied_frontend	resolved_frontend			
public/pep-english/lessons/pepj8b/018.json	pep-english	pepj8b-018	Singapore — A Place You Will Never Forget!	1502	4	0	4	4	431	text_and_structure_present	P2	render_existing_blocks_as_paragraphs	3	spacing_added	applied_frontend	resolved_frontend			
public/pep-english/lessons/pepj8b/019.json	pep-english	pepj8b-019	A Family's Yard Sale	973	3	0	3	3	595	text_and_structure_present	P2	render_existing_blocks_as_paragraphs	2	spacing_added	applied_frontend	resolved_frontend			
public/pep-english/lessons/pepj8b/020.json	pep-english	pepj8b-020	Hometown Feelings	1520	4	0	4	4	527	text_and_structure_present	P2	render_existing_blocks_as_paragraphs	3	spacing_added	applied_frontend	resolved_frontend			
public/pep-english/lessons/pepj8b/021.json	pep-english	pepj8b-021	Why Kate Missed the Basketball Competition	981	12	0	12	1	981	text_and_structure_present	P2	manual_paragraph_boundaries	2	spacing_added	applied_frontend	resolved_frontend			
public/pep-english/lessons/pepj9/001.json	pep-english	pepj9-001	Jack Asks Annie for Reading Advice	644	8	0	8	1	644	text_and_structure_present	P2	manual_paragraph_boundaries	1	spacing_added	applied_frontend	resolved_frontend			
public/pep-english/lessons/pepj9/002.json	pep-english	pepj9-002	How I Learned to Learn English	1185	3	0	3	3	770	text_and_structure_present	P2	render_existing_blocks_as_paragraphs	2	spacing_added	applied_frontend	resolved_frontend			
public/pep-english/lessons/pepj9/003.json	pep-english	pepj9-003	How Can You Become a Successful Learner?	1814	6	0	6	6	482	text_and_structure_present	P2	render_existing_blocks_as_paragraphs	5	spacing_added	applied_frontend	resolved_frontend			
public/pep-english/lessons/pepj9/004.json	pep-english	pepj9-004	The Water Festival in Chiang Mai	601	7	0	7	1	601	text_and_structure_present	P2	manual_paragraph_boundaries	1	spacing_added	applied_frontend	resolved_frontend			
public/pep-english/lessons/pepj9/005.json	pep-english	pepj9-005	Full Moon, Full Feelings	1132	3	0	3	3	798	text_and_structure_present	P2	render_existing_blocks_as_paragraphs	2	spacing_added	applied_frontend	resolved_frontend			
public/pep-english/lessons/pepj9/006.json	pep-english	pepj9-006	Mother's Day and Father's Day in America	724	3	0	3	3	706	text_and_structure_present	P2	render_existing_blocks_as_paragraphs	2	spacing_added	applied_frontend	resolved_frontend			
public/pep-english/lessons/pepj9/007.json	pep-english	pepj9-007	A Christmas Carol	1720	4	0	4	4	575	text_and_structure_present	P2	render_existing_blocks_as_paragraphs	3	spacing_added	applied_frontend	resolved_frontend			
public/pep-english/lessons/pepj9/009.json	pep-english	pepj9-009	Asking for the Restrooms at Fun Times Park	746	11	0	11	1	746	text_and_structure_present	P2	manual_paragraph_boundaries	2	spacing_added	applied_frontend	resolved_frontend			
public/pep-english/lessons/pepj9/010.json	pep-english	pepj9-010	Fun Times Park — Always a Fun Time!	1264	16	0	16	4	471	text_and_structure_present	P2	render_existing_blocks_as_paragraphs	3	spacing_added	applied_frontend	resolved_frontend			
public/pep-english/lessons/pepj9/011.json	pep-english	pepj9-011	Could You Please...?	1563	4	0	4	4	452	text_and_structure_present	P2	render_existing_blocks_as_paragraphs	3	spacing_added	applied_frontend	resolved_frontend			
public/pep-english/lessons/pepj9/013.json	pep-english	pepj9-013	Billy Has Changed So Much	651	10	0	10	1	651	text_and_structure_present	P2	manual_paragraph_boundaries	2	spacing_added	applied_frontend	resolved_frontend			
public/pep-english/lessons/pepj9/014.json	pep-english	pepj9-014	From Shy Girl to Pop Star	1295	3	0	3	3	563	text_and_structure_present	P2	render_existing_blocks_as_paragraphs	2	spacing_added	applied_frontend	resolved_frontend			
public/pep-english/lessons/pepj9/015.json	pep-english	pepj9-015	He Studies Harder Than He Used to	1763	4	0	4	4	607	text_and_structure_present	P2	render_existing_blocks_as_paragraphs	3	spacing_added	applied_frontend	resolved_frontend			
public/pep-english/lessons/pepj9/016.json	pep-english	pepj9-016	The Difficult Search for American Products in the US	1248	2	0	2	2	648	text_and_structure_present	P2	render_existing_blocks_as_paragraphs	1	spacing_added	applied_frontend	resolved_frontend			
public/pep-english/lessons/pepj9/017.json	pep-english	pepj9-017	Beauty in Common Things	1577	4	0	4	4	523	text_and_structure_present	P2	render_existing_blocks_as_paragraphs	3	spacing_added	applied_frontend	resolved_frontend			
public/pep-english/lessons/pepj9/018.json	pep-english	pepj9-018	The Invention of the Zipper	740	8	0	8	1	740	text_and_structure_present	P2	manual_paragraph_boundaries	1	spacing_added	applied_frontend	resolved_frontend			
public/pep-english/lessons/pepj9/020.json	pep-english	pepj9-020	Do You Know When Basketball Was Invented?	1591	3	0	3	3	721	text_and_structure_present	P2	render_existing_blocks_as_paragraphs	2	spacing_added	applied_frontend	resolved_frontend			
public/pep-english/lessons/pepj9/022.json	pep-english	pepj9-022	Mom Knows Best	1054	13	0	13	4	311	text_and_structure_present	P2	render_existing_blocks_as_paragraphs	3	spacing_added	applied_frontend	resolved_frontend			
public/pep-english/lessons/pepj9/024.json	pep-english	pepj9-024	Should I Be Allowed to Make My Own Decisions?	1716	5	0	5	5	582	text_and_structure_present	P2	render_existing_blocks_as_paragraphs	4	spacing_added	applied_frontend	resolved_frontend			
public/pep-english/lessons/pepj9/025.json	pep-english	pepj9-025	Where Is Linda's Schoolbag?	664	11	0	11	1	664	text_and_structure_present	P2	manual_paragraph_boundaries	2	spacing_added	applied_frontend	resolved_frontend			
public/pep-english/lessons/pepj9/026.json	pep-english	pepj9-026	Strange Happenings in My Town	1316	3	0	3	3	584	text_and_structure_present	P2	render_existing_blocks_as_paragraphs	2	spacing_added	applied_frontend	resolved_frontend			
public/pep-english/lessons/pepj9/027.json	pep-english	pepj9-027	Jill and Scott Talk About Music and Movies	694	9	0	9	1	694	text_and_structure_present	P2	manual_paragraph_boundaries	2	spacing_added	applied_frontend	resolved_frontend			
public/pep-english/lessons/pepj9/028.json	pep-english	pepj9-028	What Do You Feel Like Watching Today?	1197	4	0	4	4	471	text_and_structure_present	P2	render_existing_blocks_as_paragraphs	3	spacing_added	applied_frontend	resolved_frontend			
public/pep-english/lessons/pepj9/029.json	pep-english	pepj9-029	Sad but Beautiful	1820	3	0	3	3	647	text_and_structure_present	P2	render_existing_blocks_as_paragraphs	2	spacing_added	applied_frontend	resolved_frontend			
public/pep-english/lessons/pepj9/030.json	pep-english	pepj9-030	Greeting Customs in Japan and France	703	9	0	9	1	703	text_and_structure_present	P2	manual_paragraph_boundaries	2	spacing_added	applied_frontend	resolved_frontend			
public/pep-english/lessons/pepj9/031.json	pep-english	pepj9-031	Time and Social Customs in Colombia and Switzerland	1320	2	0	2	2	688	text_and_structure_present	P2	render_existing_blocks_as_paragraphs	1	spacing_added	applied_frontend	resolved_frontend			
public/pep-english/lessons/pepj9/032.json	pep-english	pepj9-032	Lin Yue's Student Exchange in France	1611	5	0	5	5	811	text_and_structure_present	P2	render_existing_blocks_as_paragraphs	4	spacing_added	applied_frontend	resolved_frontend			
public/pep-english/lessons/pepj9/034.json	pep-english	pepj9-034	Nancy Asks Bert for Friendship Advice	640	9	0	9	1	640	text_and_structure_present	P2	manual_paragraph_boundaries	2	spacing_added	applied_frontend	resolved_frontend			
public/pep-english/lessons/pepj9/036.json	pep-english	pepj9-036	The Winning Team	1879	11	0	11	11	471	text_and_structure_present	P2	render_existing_blocks_as_paragraphs	10	spacing_added	applied_frontend	resolved_frontend			
public/pep-english/lessons/pepj9/037.json	pep-english	pepj9-037	Why Kevin Was Late for Class	589	9	0	9	1	589	text_and_structure_present	P2	manual_paragraph_boundaries	2	spacing_added	applied_frontend	resolved_frontend			
public/pep-english/lessons/pepj9/038.json	pep-english	pepj9-038	Life Is Full of the Unexpected	1138	2	0	2	2	572	text_and_structure_present	P2	render_existing_blocks_as_paragraphs	1	spacing_added	applied_frontend	resolved_frontend			
public/pep-english/lessons/pepj9/039.json	pep-english	pepj9-039	April Fool's Day Tricks	1801	4	0	4	4	680	text_and_structure_present	P2	render_existing_blocks_as_paragraphs	3	spacing_added	applied_frontend	resolved_frontend			
public/pep-english/lessons/pepj9/041.json	pep-english	pepj9-041	Ideas for Solving Pollution Problems	774	8	0	8	1	774	text_and_structure_present	P2	manual_paragraph_boundaries	1	spacing_added	applied_frontend	resolved_frontend			
public/pep-english/lessons/pepj9/042.json	pep-english	pepj9-042	Save the Sharks!	1085	3	0	3	3	633	text_and_structure_present	P2	render_existing_blocks_as_paragraphs	2	spacing_added	applied_frontend	resolved_frontend			
public/pep-english/lessons/pepj9/043.json	pep-english	pepj9-043	Rethink, Reuse, Recycle!	1736	4	0	4	4	581	text_and_structure_present	P2	render_existing_blocks_as_paragraphs	3	spacing_added	applied_frontend	resolved_frontend			
public/pep-english/lessons/pepj9/044.json	pep-english	pepj9-044	The Teachers Judy and Clara Will Miss	710	7	0	7	1	710	text_and_structure_present	P2	manual_paragraph_boundaries	1	spacing_added	applied_frontend	resolved_frontend			
public/pep-english/lessons/pepj9/045.json	pep-english	pepj9-045	My Time in Junior High School	621	1	0	1	1	621	text_and_structure_present	P2	manual_paragraph_boundaries	0	single_semantic_paragraph	applied_frontend	resolved_frontend			
public/pep-english/lessons/pepj9/047.json	pep-english	pepj9-047	A Graduation Speech at No. 3 Junior High School	1699	5	0	5	5	772	text_and_structure_present	P2	render_existing_blocks_as_paragraphs	4	spacing_added	applied_frontend	resolved_frontend			
public/postgraduate/lessons/reading-writing-translation/01a.json	postgraduate	reading-writing-translation-01a	Stay Hungry. Stay Foolish.	9030	25	0	25	25	836	text_and_structure_present	P1	render_existing_blocks_as_paragraphs	24	spacing_added	applied_frontend	resolved_frontend			
public/postgraduate/lessons/reading-writing-translation/01b.json	postgraduate	reading-writing-translation-01b	Barack Obama's Victory Speech	9074	48	0	48	48	450	text_and_structure_present	P1	render_existing_blocks_as_paragraphs	47	spacing_added	applied_frontend	resolved_frontend			
public/postgraduate/lessons/reading-writing-translation/02a.json	postgraduate	reading-writing-translation-02a	Two Truths to Live By	6902	20	0	20	20	633	text_and_structure_present	P1	render_existing_blocks_as_paragraphs	19	spacing_added	applied_frontend	resolved_frontend			
public/postgraduate/lessons/reading-writing-translation/02b.json	postgraduate	reading-writing-translation-02b	Approach to Life	6377	5	0	5	5	2277	text_and_structure_present	P2	render_existing_blocks_as_paragraphs	4	spacing_added	applied_frontend	resolved_frontend			
public/postgraduate/lessons/reading-writing-translation/03a.json	postgraduate	reading-writing-translation-03a	A Few Kind Words for Losing	9602	14	0	14	14	1003	text_and_structure_present	P1	render_existing_blocks_as_paragraphs	13	spacing_added	applied_frontend	resolved_frontend			
public/postgraduate/lessons/reading-writing-translation/03b.json	postgraduate	reading-writing-translation-03b	What Makes a Champion?	11729	29	0	29	29	978	text_and_structure_present	P1	render_existing_blocks_as_paragraphs	28	spacing_added	applied_frontend	resolved_frontend			
public/postgraduate/lessons/reading-writing-translation/04a.json	postgraduate	reading-writing-translation-04a	The Future of Books	7820	9	0	9	9	1831	text_and_structure_present	P2	render_existing_blocks_as_paragraphs	8	spacing_added	applied_frontend	resolved_frontend			
public/postgraduate/lessons/reading-writing-translation/04b.json	postgraduate	reading-writing-translation-04b	Hypertextual Game and Interpretation of Texts	7484	10	0	10	10	1004	text_and_structure_present	P2	render_existing_blocks_as_paragraphs	9	spacing_added	applied_frontend	resolved_frontend			
public/postgraduate/lessons/reading-writing-translation/05a.json	postgraduate	reading-writing-translation-05a	Scientists, Scholars, Knaves and Fools	9884	12	0	12	12	1619	text_and_structure_present	P1	render_existing_blocks_as_paragraphs	11	spacing_added	applied_frontend	resolved_frontend			
public/postgraduate/lessons/reading-writing-translation/05b.json	postgraduate	reading-writing-translation-05b	English Next...	9246	25	0	25	25	1072	text_and_structure_present	P1	render_existing_blocks_as_paragraphs	24	spacing_added	applied_frontend	resolved_frontend			
public/postgraduate/lessons/reading-writing-translation/06a.json	postgraduate	reading-writing-translation-06a	Anthropologists on the Front Lines	6304	10	0	10	10	1046	text_and_structure_present	P2	render_existing_blocks_as_paragraphs	9	spacing_added	applied_frontend	resolved_frontend			
public/postgraduate/lessons/reading-writing-translation/06b.json	postgraduate	reading-writing-translation-06b	Book Review: "College: What It Was, Is, and Should Be" by Andrew Delbanco	5886	9	0	9	9	918	text_and_structure_present	P2	render_existing_blocks_as_paragraphs	8	spacing_added	applied_frontend	resolved_frontend			
public/postgraduate/lessons/reading-writing-translation/07a.json	postgraduate	reading-writing-translation-07a	Entropy	7291	17	0	17	17	719	text_and_structure_present	P1	render_existing_blocks_as_paragraphs	16	spacing_added	applied_frontend	resolved_frontend			
public/postgraduate/lessons/reading-writing-translation/07b.json	postgraduate	reading-writing-translation-07b	When the Pestilence Struck	8650	6	0	6	6	2856	text_and_structure_present	P1	render_existing_blocks_as_paragraphs	5	spacing_added	applied_frontend	resolved_frontend			
public/postgraduate/lessons/reading-writing-translation/08a.json	postgraduate	reading-writing-translation-08a	Of Ambition; Of Fortune	7261	15	0	15	15	1004	text_and_structure_present	P1	render_existing_blocks_as_paragraphs	14	spacing_added	applied_frontend	resolved_frontend			
public/postgraduate/lessons/reading-writing-translation/08b.json	postgraduate	reading-writing-translation-08b	The Giving of Orders	6078	6	0	6	6	1205	text_and_structure_present	P2	render_existing_blocks_as_paragraphs	5	spacing_added	applied_frontend	resolved_frontend			
public/postgraduate/lessons/reading-writing-translation/09a.json	postgraduate	reading-writing-translation-09a	In DNA Era, New Worries About Prejudice	9697	31	0	31	31	558	text_and_structure_present	P1	render_existing_blocks_as_paragraphs	30	spacing_added	applied_frontend	resolved_frontend			
public/postgraduate/lessons/reading-writing-translation/09b.json	postgraduate	reading-writing-translation-09b	Are Your Genes to Blame?	6106	7	0	7	7	1614	text_and_structure_present	P2	render_existing_blocks_as_paragraphs	6	spacing_added	applied_frontend	resolved_frontend			
public/postgraduate/lessons/reading-writing-translation/10a.json	postgraduate	reading-writing-translation-10a	Fishes in the Concord River	7143	7	0	7	7	1682	text_and_structure_present	P2	render_existing_blocks_as_paragraphs	6	spacing_added	applied_frontend	resolved_frontend			
public/postgraduate/lessons/reading-writing-translation/10b.json	postgraduate	reading-writing-translation-10b	A Strange Experience in Yosemite	5030	4	0	4	4	2340	text_and_structure_present	P2	render_existing_blocks_as_paragraphs	3	spacing_added	applied_frontend	resolved_frontend			
public/postgraduate/lessons/volume1/01.json	postgraduate	volume1-01	Traits of the Key Players	8453	24	0	24	24	855	text_and_structure_present	P1	render_existing_blocks_as_paragraphs	23	spacing_added	applied_frontend	resolved_frontend			
public/postgraduate/lessons/volume1/02.json	postgraduate	volume1-02	Culinary Delights in China	10686	32	0	32	32	978	text_and_structure_present	P1	render_existing_blocks_as_paragraphs	31	spacing_added	applied_frontend	resolved_frontend			
public/postgraduate/lessons/volume1/03.json	postgraduate	volume1-03	Why Harry's Hot	8597	20	0	20	20	1149	text_and_structure_present	P1	render_existing_blocks_as_paragraphs	19	spacing_added	applied_frontend	resolved_frontend			
public/postgraduate/lessons/volume1/04.json	postgraduate	volume1-04	LOVE AND LOVING RELATIONSHIPS	10175	30	0	30	30	839	text_and_structure_present	P1	render_existing_blocks_as_paragraphs	29	spacing_added	applied_frontend	resolved_frontend			
public/postgraduate/lessons/volume1/05.json	postgraduate	volume1-05	YOGA IN AMERICA	11216	32	0	32	32	958	text_and_structure_present	P1	render_existing_blocks_as_paragraphs	31	spacing_added	applied_frontend	resolved_frontend			
public/postgraduate/lessons/volume1/06.json	postgraduate	volume1-06	Here Is New York	10293	18	0	18	18	1969	text_and_structure_present	P1	render_existing_blocks_as_paragraphs	17	spacing_added	applied_frontend	resolved_frontend			
public/postgraduate/lessons/volume1/07.json	postgraduate	volume1-07	ON HUMAN NATURE	6378	27	0	27	27	742	text_and_structure_present	P1	render_existing_blocks_as_paragraphs	26	spacing_added	applied_frontend	resolved_frontend			
public/postgraduate/lessons/volume1/08.json	postgraduate	volume1-08	THE HIDDEN DANGER OF SEAT BELTS	7413	22	0	22	22	1052	text_and_structure_present	P1	render_existing_blocks_as_paragraphs	21	spacing_added	applied_frontend	resolved_frontend			
public/postgraduate/lessons/volume1/09.json	postgraduate	volume1-09	The Housing Crisis Goes Suburban	10124	30	0	30	30	939	text_and_structure_present	P1	render_existing_blocks_as_paragraphs	29	spacing_added	applied_frontend	resolved_frontend			
public/postgraduate/lessons/volume1/10.json	postgraduate	volume1-10	The Role of the Academy in Times of Crisis	9251	16	0	16	16	1407	text_and_structure_present	P1	render_existing_blocks_as_paragraphs	15	spacing_added	applied_frontend	resolved_frontend			
public/postgraduate/lessons/volume2/01.json	postgraduate	volume2-01	The Hidden Side of Happiness	11746	37	0	37	37	759	text_and_structure_present	P1	render_existing_blocks_as_paragraphs	36	spacing_added	applied_frontend	resolved_frontend			
public/postgraduate/lessons/volume2/02.json	postgraduate	volume2-02	Commercialization and Changes in Sports	9098	18	0	18	18	1019	text_and_structure_present	P1	render_existing_blocks_as_paragraphs	17	spacing_added	applied_frontend	resolved_frontend			
public/postgraduate/lessons/volume2/03.json	postgraduate	volume2-03	Oslo	11698	33	0	33	33	1310	text_and_structure_present	P1	render_existing_blocks_as_paragraphs	32	spacing_added	applied_frontend	resolved_frontend			
public/postgraduate/lessons/volume2/04.json	postgraduate	volume2-04	Is Google Making Us Stupid	10869	20	0	20	20	1110	text_and_structure_present	P1	render_existing_blocks_as_paragraphs	19	spacing_added	applied_frontend	resolved_frontend			
public/postgraduate/lessons/volume2/05.json	postgraduate	volume2-05	An Alpine Divorce	12467	68	0	68	68	933	text_and_structure_present	P1	render_existing_blocks_as_paragraphs	67	spacing_added	applied_frontend	resolved_frontend			
public/postgraduate/lessons/volume2/06.json	postgraduate	volume2-06	Inaugural Address	10000	50	0	50	50	516	text_and_structure_present	P1	render_existing_blocks_as_paragraphs	49	spacing_added	applied_frontend	resolved_frontend			
public/postgraduate/lessons/volume2/07.json	postgraduate	volume2-07	The Poetry of Architecture	12235	23	0	23	23	1598	text_and_structure_present	P1	render_existing_blocks_as_paragraphs	22	spacing_added	applied_frontend	resolved_frontend			
public/postgraduate/lessons/volume2/08.json	postgraduate	volume2-08	Thinking Like a Mountain	6441	20	0	20	20	648	text_and_structure_present	P1	render_existing_blocks_as_paragraphs	19	spacing_added	applied_frontend	resolved_frontend			
public/postgraduate/lessons/volume2/09.json	postgraduate	volume2-09	How Mass Media Affect Our Perception of Reality	10069	33	0	33	33	881	text_and_structure_present	P1	render_existing_blocks_as_paragraphs	32	spacing_added	applied_frontend	resolved_frontend			
public/postgraduate/lessons/volume2/10.json	postgraduate	volume2-10	Marketing Across Cultures	9713	28	0	28	28	827	text_and_structure_present	P1	render_existing_blocks_as_paragraphs	27	spacing_added	applied_frontend	resolved_frontend			
public/shuimu/lessons/beginner/001.json	shuimu	beginner-001	【对话场景】询问与感谢	1557	86	0	86	86	44	text_and_structure_present	P2	structured_section_breaks_then_manual_review	9	spacing_added	applied_frontend	resolved_frontend			
public/shuimu/lessons/beginner/002.json	shuimu	beginner-002	【对话场景】道歉与回答	1741	98	0	98	98	48	text_and_structure_present	P2	structured_section_breaks_then_manual_review	9	spacing_added	applied_frontend	resolved_frontend			
public/shuimu/lessons/beginner/003.json	shuimu	beginner-003	【对话场景】介绍别人与打招呼	2058	116	0	116	116	66	text_and_structure_present	P2	structured_section_breaks_then_manual_review	9	spacing_added	applied_frontend	resolved_frontend			
public/shuimu/lessons/beginner/004.json	shuimu	beginner-004	【对话场景】询问职业	2247	98	0	98	98	54	text_and_structure_present	P2	structured_section_breaks_then_manual_review	9	spacing_added	applied_frontend	resolved_frontend			
public/shuimu/lessons/beginner/005.json	shuimu	beginner-005	【对话场景】朋友间的问候	2329	119	0	119	119	60	text_and_structure_present	P2	structured_section_breaks_then_manual_review	9	spacing_added	applied_frontend	resolved_frontend			
public/shuimu/lessons/beginner/006.json	shuimu	beginner-006	【对话场景】物品的归属	2062	105	0	105	105	67	text_and_structure_present	P2	structured_section_breaks_then_manual_review	9	spacing_added	applied_frontend	resolved_frontend			
public/shuimu/lessons/beginner/007.json	shuimu	beginner-007	【对话场景】讨论颜色	1720	90	0	90	90	50	text_and_structure_present	P2	structured_section_breaks_then_manual_review	9	spacing_added	applied_frontend	resolved_frontend			
public/shuimu/lessons/beginner/008.json	shuimu	beginner-008	【对话场景】表达关心	2101	95	0	95	95	61	text_and_structure_present	P2	structured_section_breaks_then_manual_review	9	spacing_added	applied_frontend	resolved_frontend			
public/shuimu/lessons/beginner/009.json	shuimu	beginner-009	【对话场景】描述物体的特征	1909	101	0	101	101	59	text_and_structure_present	P2	structured_section_breaks_then_manual_review	9	spacing_added	applied_frontend	resolved_frontend			
public/shuimu/lessons/beginner/010.json	shuimu	beginner-010	【对话场景】描述物体的位置	2179	85	0	85	85	51	text_and_structure_present	P2	structured_section_breaks_then_manual_review	9	spacing_added	applied_frontend	resolved_frontend			
public/shuimu/lessons/beginner/011.json	shuimu	beginner-011	【对话场景】表达请求和命令	1582	75	0	75	75	69	text_and_structure_present	P2	structured_section_breaks_then_manual_review	9	spacing_added	applied_frontend	resolved_frontend			
public/shuimu/lessons/beginner/012.json	shuimu	beginner-012	【对话场景】描述进行中的动作	2038	103	0	103	103	57	text_and_structure_present	P2	structured_section_breaks_then_manual_review	9	spacing_added	applied_frontend	resolved_frontend			
public/shuimu/lessons/beginner/013.json	shuimu	beginner-013	【对话场景】叙述客观事实	2164	101	0	101	101	55	text_and_structure_present	P2	structured_section_breaks_then_manual_review	9	spacing_added	applied_frontend	resolved_frontend			
public/shuimu/lessons/beginner/014.json	shuimu	beginner-014	【对话场景】询问此刻的意图	2149	98	0	98	98	50	text_and_structure_present	P2	structured_section_breaks_then_manual_review	9	spacing_added	applied_frontend	resolved_frontend			
public/shuimu/lessons/beginner/015.json	shuimu	beginner-015	【对话场景】询问下一步的打算	2511	94	0	94	94	56	text_and_structure_present	P2	structured_section_breaks_then_manual_review	9	spacing_added	applied_frontend	resolved_frontend			
public/shuimu/lessons/beginner/016.json	shuimu	beginner-016	【对话场景】描述不可数名词的数量	2194	113	0	113	113	63	text_and_structure_present	P2	structured_section_breaks_then_manual_review	9	spacing_added	applied_frontend	resolved_frontend			
public/shuimu/lessons/beginner/017.json	shuimu	beginner-017	【对话场景】询问物体摆放的位置	2373	110	0	110	110	63	text_and_structure_present	P2	structured_section_breaks_then_manual_review	9	spacing_added	applied_frontend	resolved_frontend			
public/shuimu/lessons/beginner/018.json	shuimu	beginner-018	【对话场景】询问他人的喜好（上）	2217	101	0	101	101	48	text_and_structure_present	P2	structured_section_breaks_then_manual_review	9	spacing_added	applied_frontend	resolved_frontend			
public/shuimu/lessons/beginner/019.json	shuimu	beginner-019	【对话场景】询问他人的喜好（下）	2094	90	0	90	90	52	text_and_structure_present	P2	structured_section_breaks_then_manual_review	9	spacing_added	applied_frontend	resolved_frontend			
public/shuimu/lessons/beginner/020.json	shuimu	beginner-020	【对话场景】询问他人的籍贯	2630	102	0	102	102	61	text_and_structure_present	P2	structured_section_breaks_then_manual_review	9	spacing_added	applied_frontend	resolved_frontend			
public/shuimu/lessons/beginner/021.json	shuimu	beginner-021	【对话场景】讨论天气变化	2442	112	0	112	112	69	text_and_structure_present	P2	structured_section_breaks_then_manual_review	9	spacing_added	applied_frontend	resolved_frontend			
public/shuimu/lessons/beginner/022.json	shuimu	beginner-022	【对话场景】描述日常生活细节	2658	102	0	102	102	69	text_and_structure_present	P2	structured_section_breaks_then_manual_review	9	spacing_added	applied_frontend	resolved_frontend			
public/shuimu/lessons/beginner/023.json	shuimu	beginner-023	【对话场景】询问具体的时间	2757	118	0	118	118	63	text_and_structure_present	P2	structured_section_breaks_then_manual_review	9	spacing_added	applied_frontend	resolved_frontend			
public/shuimu/lessons/beginner/024.json	shuimu	beginner-024	【对话场景】询问健康状况	3072	129	0	129	129	75	text_and_structure_present	P2	structured_section_breaks_then_manual_review	9	spacing_added	applied_frontend	resolved_frontend			
public/shuimu/lessons/beginner/025.json	shuimu	beginner-025	【对话场景】描述身体不舒服	3166	141	0	141	141	62	text_and_structure_present	P2	structured_section_breaks_then_manual_review	9	spacing_added	applied_frontend	resolved_frontend			
public/shuimu/lessons/beginner/026.json	shuimu	beginner-026	【对话场景】描述发生在过去的事情	2948	120	0	120	120	71	text_and_structure_present	P2	structured_section_breaks_then_manual_review	9	spacing_added	applied_frontend	resolved_frontend			
public/shuimu/lessons/beginner/027.json	shuimu	beginner-027	【对话场景】引述他人说过的话	3347	144	0	144	144	73	text_and_structure_present	P2	structured_section_breaks_then_manual_review	9	spacing_added	applied_frontend	resolved_frontend			
public/shuimu/lessons/beginner/028.json	shuimu	beginner-028	【对话场景】问路和指路	3356	141	0	141	141	57	text_and_structure_present	P2	structured_section_breaks_then_manual_review	9	spacing_added	applied_frontend	resolved_frontend			
public/shuimu/lessons/beginner/029.json	shuimu	beginner-029	【对话场景】在商场购物	3488	139	0	139	139	67	text_and_structure_present	P2	structured_section_breaks_then_manual_review	9	spacing_added	applied_frontend	resolved_frontend			
public/shuimu/lessons/beginner/030.json	shuimu	beginner-030	【对话场景】采购生活必需品	4251	172	0	172	172	62	text_and_structure_present	P2	structured_section_breaks_then_manual_review	9	spacing_added	applied_frontend	resolved_frontend			
public/shuimu/lessons/beginner/031.json	shuimu	beginner-031	【对话场景】邀请别人共进午餐	3710	172	0	172	172	59	text_and_structure_present	P2	structured_section_breaks_then_manual_review	9	spacing_added	applied_frontend	resolved_frontend			
public/shuimu/lessons/beginner/032.json	shuimu	beginner-032	【对话场景】去修车行取车	4387	238	0	238	238	65	text_and_structure_present	P2	structured_section_breaks_then_manual_review	9	spacing_added	applied_frontend	resolved_frontend			
public/shuimu/lessons/beginner/033.json	shuimu	beginner-033	【对话场景】购置一套住房	2906	120	0	120	120	66	text_and_structure_present	P2	structured_section_breaks_then_manual_review	9	spacing_added	applied_frontend	resolved_frontend			
public/shuimu/lessons/beginner/034.json	shuimu	beginner-034	【对话场景】在火车站买票	3408	141	0	141	141	64	text_and_structure_present	P2	structured_section_breaks_then_manual_review	9	spacing_added	applied_frontend	resolved_frontend			
public/shuimu/lessons/beginner/035.json	shuimu	beginner-035	【对话场景】询问考试成绩	3360	138	0	138	138	63	text_and_structure_present	P2	structured_section_breaks_then_manual_review	9	spacing_added	applied_frontend	resolved_frontend			
public/shuimu/lessons/beginner/036.json	shuimu	beginner-036	【对话场景】询问商品的价格	4051	150	0	150	150	59	text_and_structure_present	P2	structured_section_breaks_then_manual_review	9	spacing_added	applied_frontend	resolved_frontend			
public/shuimu/lessons/beginner/037.json	shuimu	beginner-037	【对话场景】乘坐公交车	4035	167	0	167	167	62	text_and_structure_present	P2	structured_section_breaks_then_manual_review	9	spacing_added	applied_frontend	resolved_frontend			
public/shuimu/lessons/beginner/038.json	shuimu	beginner-038	【对话场景】寻回丢失的物品	4042	156	0	156	156	72	text_and_structure_present	P2	structured_section_breaks_then_manual_review	9	spacing_added	applied_frontend	resolved_frontend			
public/shuimu/lessons/beginner/039.json	shuimu	beginner-039	【对话场景】超速行驶险被罚！	3798	138	0	138	138	71	text_and_structure_present	P2	structured_section_breaks_then_manual_review	9	spacing_added	applied_frontend	resolved_frontend			
public/shuimu/lessons/beginner/040.json	shuimu	beginner-040	【对话场景】和闺蜜喝下午茶	4600	185	0	185	185	64	text_and_structure_present	P2	structured_section_breaks_then_manual_review	9	spacing_added	applied_frontend	resolved_frontend			
public/shuimu/lessons/beginner/041.json	shuimu	beginner-041	【对话场景】发生了一个小意外	3496	128	0	128	128	76	text_and_structure_present	P2	structured_section_breaks_then_manual_review	9	spacing_added	applied_frontend	resolved_frontend			
public/shuimu/lessons/beginner/042.json	shuimu	beginner-042	【对话场景】一张很赞的旅行照片	3391	133	0	133	133	69	text_and_structure_present	P2	structured_section_breaks_then_manual_review	9	spacing_added	applied_frontend	resolved_frontend			
public/shuimu/lessons/beginner/043.json	shuimu	beginner-043	【对话场景】一场意外又惊喜的雨	4570	148	0	148	148	82	text_and_structure_present	P2	structured_section_breaks_then_manual_review	8	spacing_added	applied_frontend	resolved_frontend			
public/shuimu/lessons/beginner/044.json	shuimu	beginner-044	【对话场景】旅行前的 100 个担忧	4340	156	0	156	156	78	text_and_structure_present	P2	structured_section_breaks_then_manual_review	8	spacing_added	applied_frontend	resolved_frontend			
public/shuimu/lessons/beginner/045.json	shuimu	beginner-045	【对话场景】轰动一时的新闻	5193	176	0	176	176	74	text_and_structure_present	P1	structured_section_breaks_then_manual_review	8	spacing_added	applied_frontend	resolved_frontend			
public/shuimu/lessons/beginner/046.json	shuimu	beginner-046	【对话场景】一个美好的梦	4331	134	0	134	134	78	text_and_structure_present	P2	structured_section_breaks_then_manual_review	8	spacing_added	applied_frontend	resolved_frontend			
public/shuimu/lessons/beginner/047.json	shuimu	beginner-047	【对话场景】一通打错了的电话	4640	169	0	169	169	72	text_and_structure_present	P2	structured_section_breaks_then_manual_review	8	spacing_added	applied_frontend	resolved_frontend			
public/shuimu/lessons/beginner/048.json	shuimu	beginner-048	【对话场景】第一次火车之旅	5062	168	0	168	168	79	text_and_structure_present	P1	structured_section_breaks_then_manual_review	8	spacing_added	applied_frontend	resolved_frontend			
public/shuimu/lessons/beginner/049.json	shuimu	beginner-049	【对话场景】请勿在景区乱扔垃圾	5210	166	0	166	166	78	text_and_structure_present	P1	structured_section_breaks_then_manual_review	8	spacing_added	applied_frontend	resolved_frontend			
public/shuimu/lessons/beginner/050.json	shuimu	beginner-050	【对话场景】一只机智的鹦鹉	5720	203	0	203	203	77	text_and_structure_present	P1	structured_section_breaks_then_manual_review	8	spacing_added	applied_frontend	resolved_frontend			
public/shuimu/lessons/intermediate/001.json	shuimu	intermediate-001	不要在看电影的时候大声喧哗！	5096	132	0	132	132	98	text_and_structure_present	P1	structured_section_breaks_then_manual_review	18	spacing_added	applied_frontend	resolved_frontend			
public/shuimu/lessons/intermediate/002.json	shuimu	intermediate-002	起得太晚，早饭变午饭了！	5843	154	0	154	154	96	text_and_structure_present	P1	structured_section_breaks_then_manual_review	18	spacing_added	applied_frontend	resolved_frontend			
public/shuimu/lessons/intermediate/003.json	shuimu	intermediate-003	令人头痛的明信片！	6867	194	0	194	194	95	text_and_structure_present	P1	structured_section_breaks_then_manual_review	16	spacing_added	applied_frontend	resolved_frontend			
public/shuimu/lessons/intermediate/004.json	shuimu	intermediate-004	一次激动人心的旅行	6449	179	0	179	179	97	text_and_structure_present	P1	structured_section_breaks_then_manual_review	16	spacing_added	applied_frontend	resolved_frontend			
public/shuimu/lessons/intermediate/005.json	shuimu	intermediate-005	钻石不见了！	6343	167	0	167	167	86	text_and_structure_present	P1	structured_section_breaks_then_manual_review	17	spacing_added	applied_frontend	resolved_frontend			
public/shuimu/lessons/intermediate/006.json	shuimu	intermediate-006	用汗水浇灌出的花园最美	6309	145	0	145	145	89	text_and_structure_present	P1	structured_section_breaks_then_manual_review	16	spacing_added	applied_frontend	resolved_frontend			
public/shuimu/lessons/intermediate/007.json	shuimu	intermediate-007	A cold welcome 跨年夜的“冷遇”	6497	170	0	170	170	88	text_and_structure_present	P1	structured_section_breaks_then_manual_review	17	spacing_added	applied_frontend	resolved_frontend			
public/shuimu/lessons/intermediate/008.json	shuimu	intermediate-008	借了马上就得还的钱	6883	175	0	175	175	91	text_and_structure_present	P1	structured_section_breaks_then_manual_review	15	spacing_added	applied_frontend	resolved_frontend			
public/shuimu/lessons/intermediate/009.json	shuimu	intermediate-009	一次愉快的送行	5747	170	0	170	170	88	text_and_structure_present	P1	structured_section_breaks_then_manual_review	16	spacing_added	applied_frontend	resolved_frontend			
public/shuimu/lessons/intermediate/010.json	shuimu	intermediate-010	即将到来的演唱会	6596	180	0	180	180	92	text_and_structure_present	P1	structured_section_breaks_then_manual_review	15	spacing_added	applied_frontend	resolved_frontend			
public/shuimu/lessons/intermediate/011.json	shuimu	intermediate-011	原来是同胞	4822	155	0	155	155	85	text_and_structure_present	P2	structured_section_breaks_then_manual_review	13	spacing_added	applied_frontend	resolved_frontend			
public/shuimu/lessons/intermediate/012.json	shuimu	intermediate-012	意外的好消息	4895	170	0	170	170	83	text_and_structure_present	P2	structured_section_breaks_then_manual_review	12	spacing_added	applied_frontend	resolved_frontend			
public/shuimu/lessons/intermediate/013.json	shuimu	intermediate-013	一个无法拒绝的请求	5787	192	0	192	192	86	text_and_structure_present	P1	structured_section_breaks_then_manual_review	15	spacing_added	applied_frontend	resolved_frontend			
public/shuimu/lessons/intermediate/014.json	shuimu	intermediate-014	青春永驻	4979	158	0	158	158	84	text_and_structure_present	P2	structured_section_breaks_then_manual_review	13	spacing_added	applied_frontend	resolved_frontend			
public/shuimu/lessons/intermediate/015.json	shuimu	intermediate-015	醉翁之意不在酒	6170	194	0	194	194	89	text_and_structure_present	P1	structured_section_breaks_then_manual_review	13	spacing_added	applied_frontend	resolved_frontend			
public/shuimu/lessons/intermediate/016.json	shuimu	intermediate-016	难以舍弃的房子	5480	181	0	181	181	84	text_and_structure_present	P1	structured_section_breaks_then_manual_review	13	spacing_added	applied_frontend	resolved_frontend			
public/shuimu/lessons/intermediate/017.json	shuimu	intermediate-017	远方来的漂流瓶	5944	188	0	188	188	89	text_and_structure_present	P1	structured_section_breaks_then_manual_review	13	spacing_added	applied_frontend	resolved_frontend			
public/shuimu/lessons/intermediate/018.json	shuimu	intermediate-018	一栋特别的大房子	6166	197	0	197	197	84	text_and_structure_present	P1	structured_section_breaks_then_manual_review	12	spacing_added	applied_frontend	resolved_frontend			
public/shuimu/lessons/intermediate/019.json	shuimu	intermediate-019	失而复得的50英镑	7258	226	0	226	226	87	text_and_structure_present	P1	structured_section_breaks_then_manual_review	14	spacing_added	applied_frontend	resolved_frontend			
public/shuimu/lessons/intermediate/020.json	shuimu	intermediate-020	一只调皮的小狗	5595	180	0	180	180	87	text_and_structure_present	P1	structured_section_breaks_then_manual_review	13	spacing_added	applied_frontend	resolved_frontend			
public/shuimu/lessons/intermediate/021.json	shuimu	intermediate-021	一架古老而珍贵的钢琴	6847	211	0	211	211	82	text_and_structure_present	P1	structured_section_breaks_then_manual_review	11	spacing_added	applied_frontend	resolved_frontend			
public/shuimu/lessons/intermediate/022.json	shuimu	intermediate-022	难懂的方言	7399	208	0	208	208	86	text_and_structure_present	P1	structured_section_breaks_then_manual_review	14	spacing_added	applied_frontend	resolved_frontend			
public/shuimu/lessons/intermediate/023.json	shuimu	intermediate-023	最好的艺术评论家	6785	225	0	225	225	90	text_and_structure_present	P1	structured_section_breaks_then_manual_review	14	spacing_added	applied_frontend	resolved_frontend			
public/shuimu/lessons/intermediate/024.json	shuimu	intermediate-024	露营遇上大暴雨	6683	205	0	205	205	90	text_and_structure_present	P1	structured_section_breaks_then_manual_review	14	spacing_added	applied_frontend	resolved_frontend			
public/shuimu/lessons/intermediate/025.json	shuimu	intermediate-025	令人感到奇怪的信仰	7596	223	0	223	223	86	text_and_structure_present	P1	structured_section_breaks_then_manual_review	14	spacing_added	applied_frontend	resolved_frontend			
public/shuimu/lessons/intermediate/026.json	shuimu	intermediate-026	一次被拒绝的旅行	6042	193	0	193	193	90	text_and_structure_present	P1	structured_section_breaks_then_manual_review	12	spacing_added	applied_frontend	resolved_frontend			
public/shuimu/lessons/intermediate/027.json	shuimu	intermediate-027	差点闯祸的足球	5566	163	0	163	163	87	text_and_structure_present	P1	structured_section_breaks_then_manual_review	14	spacing_added	applied_frontend	resolved_frontend			
public/shuimu/lessons/intermediate/028.json	shuimu	intermediate-028	退休的老板和修理工	5646	179	0	179	179	88	text_and_structure_present	P1	structured_section_breaks_then_manual_review	12	spacing_added	applied_frontend	resolved_frontend			
public/shuimu/lessons/intermediate/029.json	shuimu	intermediate-029	见义勇为的公交车司机	7112	211	0	211	211	87	text_and_structure_present	P1	structured_section_breaks_then_manual_review	12	spacing_added	applied_frontend	resolved_frontend			
public/shuimu/lessons/intermediate/030.json	shuimu	intermediate-030	母女共创世界纪录	8549	234	0	234	234	85	text_and_structure_present	P1	structured_section_breaks_then_manual_review	12	spacing_added	applied_frontend	resolved_frontend			
public/shuimu/lessons/intermediate/031.json	shuimu	intermediate-031	现实很骨感	7732	216	0	216	216	83	text_and_structure_present	P1	structured_section_breaks_then_manual_review	12	spacing_added	applied_frontend	resolved_frontend			
public/shuimu/lessons/intermediate/032.json	shuimu	intermediate-032	一次吃得并不开心的晚餐	6993	229	0	229	229	83	text_and_structure_present	P1	structured_section_breaks_then_manual_review	10	spacing_added	applied_frontend	resolved_frontend			
public/shuimu/lessons/intermediate/033.json	shuimu	intermediate-033	它好像不是很听话	6169	198	0	198	198	87	text_and_structure_present	P1	structured_section_breaks_then_manual_review	12	spacing_added	applied_frontend	resolved_frontend			
public/shuimu/lessons/intermediate/034.json	shuimu	intermediate-034	充满智慧的高空探险家	6749	197	0	197	197	88	text_and_structure_present	P1	structured_section_breaks_then_manual_review	12	spacing_added	applied_frontend	resolved_frontend			
public/shuimu/lessons/intermediate/035.json	shuimu	intermediate-035	不是百分百的小偷	7431	210	0	210	210	85	text_and_structure_present	P1	structured_section_breaks_then_manual_review	12	spacing_added	applied_frontend	resolved_frontend			
public/shuimu/lessons/intermediate/036.json	shuimu	intermediate-036	既遭罪又昂贵的旅行	6904	208	0	208	208	83	text_and_structure_present	P1	structured_section_breaks_then_manual_review	12	spacing_added	applied_frontend	resolved_frontend			
public/shuimu/lessons/intermediate/037.json	shuimu	intermediate-037	一个嗜酒的酒鬼	5773	172	0	172	172	87	text_and_structure_present	P1	structured_section_breaks_then_manual_review	12	spacing_added	applied_frontend	resolved_frontend			
public/shuimu/lessons/intermediate/038.json	shuimu	intermediate-038	一颗被拔错的牙齿	5195	163	0	163	163	85	text_and_structure_present	P1	structured_section_breaks_then_manual_review	12	spacing_added	applied_frontend	resolved_frontend			
public/shuimu/lessons/intermediate/039.json	shuimu	intermediate-039	生平第一次睡在床上	5467	162	0	162	162	88	text_and_structure_present	P1	structured_section_breaks_then_manual_review	12	spacing_added	applied_frontend	resolved_frontend			
public/shuimu/lessons/intermediate/040.json	shuimu	intermediate-040	吃饱了才能减肥	5831	177	0	177	177	86	text_and_structure_present	P1	structured_section_breaks_then_manual_review	12	spacing_added	applied_frontend	resolved_frontend			
public/shuimu/lessons/intermediate/041.json	shuimu	intermediate-041	一块特殊的地毯	6555	184	0	184	184	86	text_and_structure_present	P1	structured_section_breaks_then_manual_review	12	spacing_added	applied_frontend	resolved_frontend			
public/shuimu/lessons/intermediate/042.json	shuimu	intermediate-042	一场不明原因的大火	7040	204	0	204	204	87	text_and_structure_present	P1	structured_section_breaks_then_manual_review	12	spacing_added	applied_frontend	resolved_frontend			
public/shuimu/lessons/intermediate/043.json	shuimu	intermediate-043	一个糟心的上午	5753	185	0	185	185	85	text_and_structure_present	P1	structured_section_breaks_then_manual_review	12	spacing_added	applied_frontend	resolved_frontend			
public/shuimu/lessons/intermediate/044.json	shuimu	intermediate-044	探测器寻宝记	5552	175	0	175	175	86	text_and_structure_present	P1	structured_section_breaks_then_manual_review	12	spacing_added	applied_frontend	resolved_frontend			
public/shuimu/lessons/intermediate/045.json	shuimu	intermediate-045	惊险的老式汽车比赛	5596	167	0	167	167	91	text_and_structure_present	P1	structured_section_breaks_then_manual_review	12	spacing_added	applied_frontend	resolved_frontend			
public/shuimu/lessons/intermediate/046.json	shuimu	intermediate-046	惩罚势利的售货员	7122	207	0	207	207	85	text_and_structure_present	P1	structured_section_breaks_then_manual_review	12	spacing_added	applied_frontend	resolved_frontend			
public/shuimu/lessons/intermediate/047.json	shuimu	intermediate-047	自娱自乐的游戏	6496	199	0	199	199	81	text_and_structure_present	P1	structured_section_breaks_then_manual_review	12	spacing_added	applied_frontend	resolved_frontend			
public/shuimu/lessons/intermediate/048.json	shuimu	intermediate-048	考了三次还没通过的考试	7588	219	0	219	219	89	text_and_structure_present	P1	structured_section_breaks_then_manual_review	12	spacing_added	applied_frontend	resolved_frontend			
public/shuimu/lessons/intermediate/049.json	shuimu	intermediate-049	爱护环境，用火须谨慎	8078	237	0	237	237	88	text_and_structure_present	P1	structured_section_breaks_then_manual_review	12	spacing_added	applied_frontend	resolved_frontend			
public/shuimu/lessons/intermediate/050.json	shuimu	intermediate-050	是幽默而不是嘲笑	5861	170	0	170	170	86	text_and_structure_present	P1	structured_section_breaks_then_manual_review	12	spacing_added	applied_frontend	resolved_frontend			
public/shuimu/lessons/intermediate/051.json	shuimu	intermediate-051	一波三折才建成的隧道	8176	233	0	233	233	88	text_and_structure_present	P1	structured_section_breaks_then_manual_review	12	spacing_added	applied_frontend	resolved_frontend			
public/shuimu/lessons/intermediate/052.json	shuimu	intermediate-052	一头小象引发的交通堵塞	8232	232	0	232	232	87	text_and_structure_present	P1	structured_section_breaks_then_manual_review	12	spacing_added	applied_frontend	resolved_frontend			
public/shuimu/lessons/intermediate/053.json	shuimu	intermediate-053	孜孜不倦的科学家	7492	220	0	220	220	88	text_and_structure_present	P1	structured_section_breaks_then_manual_review	12	spacing_added	applied_frontend	resolved_frontend			
public/shuimu/lessons/intermediate/054.json	shuimu	intermediate-054	九死一生的醉汉	6838	205	0	205	205	87	text_and_structure_present	P1	structured_section_breaks_then_manual_review	12	spacing_added	applied_frontend	resolved_frontend			
public/shuimu/lessons/intermediate/055.json	shuimu	intermediate-055	一个著名的大钟	6451	191	0	191	191	87	text_and_structure_present	P1	structured_section_breaks_then_manual_review	12	spacing_added	applied_frontend	resolved_frontend			
public/shuimu/lessons/intermediate/056.json	shuimu	intermediate-056	愚人节的玩笑	6742	204	0	204	204	86	text_and_structure_present	P1	structured_section_breaks_then_manual_review	10	spacing_added	applied_frontend	resolved_frontend			
public/shuimu/lessons/intermediate/057.json	shuimu	intermediate-057	逃学记录保持者	5807	177	0	177	177	87	text_and_structure_present	P1	structured_section_breaks_then_manual_review	12	spacing_added	applied_frontend	resolved_frontend			
public/shuimu/lessons/intermediate/058.json	shuimu	intermediate-058	太过完美的伪装	6113	189	0	189	189	86	text_and_structure_present	P1	structured_section_breaks_then_manual_review	12	spacing_added	applied_frontend	resolved_frontend			
public/shuimu/lessons/intermediate/059.json	shuimu	intermediate-059	在雪地里呼救	5636	181	0	181	181	87	text_and_structure_present	P1	structured_section_breaks_then_manual_review	10	spacing_added	applied_frontend	resolved_frontend			
public/shuimu/lessons/intermediate/060.json	shuimu	intermediate-060	一次成功的手术	7364	268	0	268	268	84	text_and_structure_present	P1	structured_section_breaks_then_manual_review	14	spacing_added	applied_frontend	resolved_frontend			
public/shuimu/lessons/intermediate/061.json	shuimu	intermediate-061	戒了无数次的烟	8442	284	0	284	284	87	text_and_structure_present	P1	structured_section_breaks_then_manual_review	14	spacing_added	applied_frontend	resolved_frontend			
public/shuimu/lessons/intermediate/062.json	shuimu	intermediate-062	有惊无险的飞机之旅	8268	278	0	278	278	88	text_and_structure_present	P1	structured_section_breaks_then_manual_review	12	spacing_added	applied_frontend	resolved_frontend			
public/shuimu/lessons/intermediate/063.json	shuimu	intermediate-063	靠机智逃脱的战俘	7603	274	0	274	274	89	text_and_structure_present	P1	structured_section_breaks_then_manual_review	14	spacing_added	applied_frontend	resolved_frontend			
public/shuimu/lessons/intermediate/064.json	shuimu	intermediate-064	一条长得像怪物的鱼	7179	260	0	260	260	87	text_and_structure_present	P1	structured_section_breaks_then_manual_review	12	spacing_added	applied_frontend	resolved_frontend			
public/shuimu/lessons/intermediate/065.json	shuimu	intermediate-065	活到老学到老	7307	267	0	267	267	87	text_and_structure_present	P1	structured_section_breaks_then_manual_review	12	spacing_added	applied_frontend	resolved_frontend			
public/shuimu/lessons/intermediate/066.json	shuimu	intermediate-066	日本的特殊节日	7414	257	0	257	257	91	text_and_structure_present	P1	structured_section_breaks_then_manual_review	12	spacing_added	applied_frontend	resolved_frontend			
public/shuimu/lessons/intermediate/067.json	shuimu	intermediate-067	未来的游泳冠军	7656	266	0	266	266	83	text_and_structure_present	P1	structured_section_breaks_then_manual_review	12	spacing_added	applied_frontend	resolved_frontend			
public/shuimu/lessons/intermediate/068.json	shuimu	intermediate-068	法国送给美国的自由女神像	7296	270	0	270	270	88	text_and_structure_present	P1	structured_section_breaks_then_manual_review	12	spacing_added	applied_frontend	resolved_frontend			
public/shuimu/lessons/intermediate/069.json	shuimu	intermediate-069	被大鱼吓到的潜水员	7873	275	0	275	275	90	text_and_structure_present	P1	structured_section_breaks_then_manual_review	12	spacing_added	applied_frontend	resolved_frontend			
public/shuimu/lessons/intermediate/070.json	shuimu	intermediate-070	艰难的矿井救援	7607	277	0	277	277	89	text_and_structure_present	P1	structured_section_breaks_then_manual_review	12	spacing_added	applied_frontend	resolved_frontend			
public/shuimu/lessons/phonetics/001.json	shuimu	phonetics-001	入门课：认识 26 个英文字母	598	23	0	23	23	58	text_and_structure_present	P2	structured_section_breaks_then_manual_review	1	spacing_added	applied_frontend	resolved_frontend			
public/shuimu/lessons/phonetics/002.json	shuimu	phonetics-002	第一课：语音基础知识	299	26	0	26	26	28	text_and_structure_present	P2	structured_section_breaks_then_manual_review	1	spacing_added	applied_frontend	resolved_frontend			
public/shuimu/lessons/phonetics/003.json	shuimu	phonetics-003	第二课：4 个前元音	833	32	0	32	32	79	text_and_structure_present	P2	structured_section_breaks_then_manual_review	1	spacing_added	applied_frontend	resolved_frontend			
public/shuimu/lessons/phonetics/004.json	shuimu	phonetics-004	第三课：3 个中元音	634	25	0	25	25	83	text_and_structure_present	P2	structured_section_breaks_then_manual_review	1	spacing_added	applied_frontend	resolved_frontend			
public/shuimu/lessons/phonetics/005.json	shuimu	phonetics-005	第四课：5 个后元音	1087	41	0	41	41	76	text_and_structure_present	P2	structured_section_breaks_then_manual_review	1	spacing_added	applied_frontend	resolved_frontend			
public/shuimu/lessons/phonetics/006.json	shuimu	phonetics-006	第五课：3 个合口双元音	754	32	0	32	32	81	text_and_structure_present	P2	structured_section_breaks_then_manual_review	1	spacing_added	applied_frontend	resolved_frontend			
public/shuimu/lessons/phonetics/007.json	shuimu	phonetics-007	第六课：2 个合口双元音	468	20	0	20	20	80	text_and_structure_present	P2	structured_section_breaks_then_manual_review	1	spacing_added	applied_frontend	resolved_frontend			
public/shuimu/lessons/phonetics/008.json	shuimu	phonetics-008	第七课：3 个集中双元音	824	32	0	32	32	80	text_and_structure_present	P2	structured_section_breaks_then_manual_review	1	spacing_added	applied_frontend	resolved_frontend			
public/shuimu/lessons/phonetics/009.json	shuimu	phonetics-009	第八课：3 对爆破辅音	1226	50	0	50	50	78	text_and_structure_present	P2	structured_section_breaks_then_manual_review	1	spacing_added	applied_frontend	resolved_frontend			
public/shuimu/lessons/phonetics/010.json	shuimu	phonetics-010	第九课：5 对摩擦辅音	2135	82	0	82	82	85	text_and_structure_present	P2	structured_section_breaks_then_manual_review	1	spacing_added	applied_frontend	resolved_frontend			
public/shuimu/lessons/phonetics/011.json	shuimu	phonetics-011	第十课：3 对破擦音	1317	50	0	50	50	83	text_and_structure_present	P2	structured_section_breaks_then_manual_review	1	spacing_added	applied_frontend	resolved_frontend			
public/shuimu/lessons/phonetics/012.json	shuimu	phonetics-012	第十一课：6 个单辅音	1268	53	0	53	53	63	text_and_structure_present	P2	structured_section_breaks_then_manual_review	1	spacing_added	applied_frontend	resolved_frontend			
public/shuimu/lessons/upper/001.json	shuimu	upper-001	A puma at large	7599	177	0	177	177	88	text_and_structure_present	P1	structured_section_breaks_then_manual_review	20	spacing_added	applied_frontend	resolved_frontend			
public/shuimu/lessons/upper/002.json	shuimu	upper-002	Thirteen equals one	7057	173	0	173	173	91	text_and_structure_present	P1	structured_section_breaks_then_manual_review	18	spacing_added	applied_frontend	resolved_frontend			
public/shuimu/lessons/upper/003.json	shuimu	upper-003	An unknown goddess	7823	187	0	187	187	97	text_and_structure_present	P1	structured_section_breaks_then_manual_review	19	spacing_added	applied_frontend	resolved_frontend			
public/shuimu/lessons/upper/004.json	shuimu	upper-004	The double life of Alfred Bloggs	7897	182	0	182	182	88	text_and_structure_present	P1	structured_section_breaks_then_manual_review	17	spacing_added	applied_frontend	resolved_frontend			
public/shuimu/lessons/upper/005.json	shuimu	upper-005	The facts	7404	169	0	169	169	90	text_and_structure_present	P1	structured_section_breaks_then_manual_review	18	spacing_added	applied_frontend	resolved_frontend			
public/shuimu/lessons/upper/006.json	shuimu	upper-006	Smash-and-grab	7668	181	0	181	181	88	text_and_structure_present	P1	structured_section_breaks_then_manual_review	18	spacing_added	applied_frontend	resolved_frontend			
public/shuimu/lessons/upper/007.json	shuimu	upper-007	Mutilated ladies	7232	170	0	170	170	89	text_and_structure_present	P1	structured_section_breaks_then_manual_review	16	spacing_added	applied_frontend	resolved_frontend			
public/shuimu/lessons/upper/008.json	shuimu	upper-008	A famous monastery	7750	177	0	177	177	89	text_and_structure_present	P1	structured_section_breaks_then_manual_review	16	spacing_added	applied_frontend	resolved_frontend			
public/shuimu/lessons/upper/009.json	shuimu	upper-009	Flying cats	7709	172	0	172	172	91	text_and_structure_present	P1	structured_section_breaks_then_manual_review	17	spacing_added	applied_frontend	resolved_frontend			
public/shuimu/lessons/upper/010.json	shuimu	upper-010	The loss of the Titanic	7959	188	0	188	188	89	text_and_structure_present	P1	structured_section_breaks_then_manual_review	17	spacing_added	applied_frontend	resolved_frontend			
public/shuimu/lessons/upper/011.json	shuimu	upper-011	Life on a desert island	7556	181	0	181	181	89	text_and_structure_present	P1	structured_section_breaks_then_manual_review	16	spacing_added	applied_frontend	resolved_frontend			
public/shuimu/lessons/upper/012.json	shuimu	upper-012	Not guilty	8084	193	0	193	193	91	text_and_structure_present	P1	structured_section_breaks_then_manual_review	18	spacing_added	applied_frontend	resolved_frontend			
public/shuimu/lessons/upper/013.json	shuimu	upper-013	It's only me	7529	173	0	173	173	91	text_and_structure_present	P1	structured_section_breaks_then_manual_review	18	spacing_added	applied_frontend	resolved_frontend			
public/shuimu/lessons/upper/014.json	shuimu	upper-014	A noble gangster	8081	183	0	183	183	88	text_and_structure_present	P1	structured_section_breaks_then_manual_review	18	spacing_added	applied_frontend	resolved_frontend			
public/shuimu/lessons/upper/015.json	shuimu	upper-015	Fifty pence worth of trouble	7501	169	0	169	169	87	text_and_structure_present	P1	structured_section_breaks_then_manual_review	18	spacing_added	applied_frontend	resolved_frontend			
public/shuimu/lessons/upper/016.json	shuimu	upper-016	Mary had a little lamb	7567	177	0	177	177	89	text_and_structure_present	P1	structured_section_breaks_then_manual_review	19	spacing_added	applied_frontend	resolved_frontend			
public/shuimu/lessons/upper/017.json	shuimu	upper-017	The longest suspension bridge in the world	7521	172	0	172	172	89	text_and_structure_present	P1	structured_section_breaks_then_manual_review	18	spacing_added	applied_frontend	resolved_frontend			
public/shuimu/lessons/upper/018.json	shuimu	upper-018	Electric currents in modern art	8448	188	0	188	188	91	text_and_structure_present	P1	structured_section_breaks_then_manual_review	16	spacing_added	applied_frontend	resolved_frontend			
public/shuimu/lessons/upper/019.json	shuimu	upper-019	A very dear cat	7712	171	0	171	171	88	text_and_structure_present	P1	structured_section_breaks_then_manual_review	16	spacing_added	applied_frontend	resolved_frontend			
public/shuimu/lessons/upper/020.json	shuimu	upper-020	Pioneer pilots	7697	173	0	173	173	90	text_and_structure_present	P1	structured_section_breaks_then_manual_review	16	spacing_added	applied_frontend	resolved_frontend			
public/shuimu/lessons/upper/021.json	shuimu	upper-021	Daniel Mendoza	9195	209	0	209	209	89	text_and_structure_present	P1	structured_section_breaks_then_manual_review	19	spacing_added	applied_frontend	resolved_frontend			
public/shuimu/lessons/upper/022.json	shuimu	upper-022	By heart	9038	202	0	202	202	90	text_and_structure_present	P1	structured_section_breaks_then_manual_review	18	spacing_added	applied_frontend	resolved_frontend			
public/shuimu/lessons/upper/023.json	shuimu	upper-023	One man's meat is another man's poison	8536	195	0	195	195	90	text_and_structure_present	P1	structured_section_breaks_then_manual_review	17	spacing_added	applied_frontend	resolved_frontend			
public/shuimu/lessons/upper/024.json	shuimu	upper-024	A skeleton in the cupboard	9064	205	0	205	205	89	text_and_structure_present	P1	structured_section_breaks_then_manual_review	17	spacing_added	applied_frontend	resolved_frontend			
public/shuimu/lessons/upper/025.json	shuimu	upper-025	The Cutty Sark	9189	197	0	197	197	88	text_and_structure_present	P1	structured_section_breaks_then_manual_review	17	spacing_added	applied_frontend	resolved_frontend			
public/shuimu/lessons/upper/026.json	shuimu	upper-026	Wanted: a large biscuit tin	9454	205	0	205	205	91	text_and_structure_present	P1	structured_section_breaks_then_manual_review	18	spacing_added	applied_frontend	resolved_frontend			
public/shuimu/lessons/upper/027.json	shuimu	upper-027	Nothing to sell and nothing to buy	9092	197	0	197	197	90	text_and_structure_present	P1	structured_section_breaks_then_manual_review	16	spacing_added	applied_frontend	resolved_frontend			
public/shuimu/lessons/upper/028.json	shuimu	upper-028	Five pounds too dear	8326	186	0	186	186	90	text_and_structure_present	P1	structured_section_breaks_then_manual_review	16	spacing_added	applied_frontend	resolved_frontend			
public/shuimu/lessons/upper/029.json	shuimu	upper-029	Funny or not?	8588	189	0	189	189	88	text_and_structure_present	P1	structured_section_breaks_then_manual_review	17	spacing_added	applied_frontend	resolved_frontend			
public/shuimu/lessons/upper/030.json	shuimu	upper-030	The death of a ghost	8546	184	0	184	184	90	text_and_structure_present	P1	structured_section_breaks_then_manual_review	14	spacing_added	applied_frontend	resolved_frontend			
public/shuimu/lessons/upper/031.json	shuimu	upper-031	A lovable eccentric	9127	203	0	203	203	89	text_and_structure_present	P1	structured_section_breaks_then_manual_review	18	spacing_added	applied_frontend	resolved_frontend			
public/shuimu/lessons/upper/032.json	shuimu	upper-032	A lost ship	9067	202	0	202	202	88	text_and_structure_present	P1	structured_section_breaks_then_manual_review	16	spacing_added	applied_frontend	resolved_frontend			
public/shuimu/lessons/upper/033.json	shuimu	upper-033	A day to remember	9206	200	0	200	200	89	text_and_structure_present	P1	structured_section_breaks_then_manual_review	16	spacing_added	applied_frontend	resolved_frontend			
public/shuimu/lessons/upper/034.json	shuimu	upper-034	A happy discovery	9051	207	0	207	207	89	text_and_structure_present	P1	structured_section_breaks_then_manual_review	16	spacing_added	applied_frontend	resolved_frontend			
public/shuimu/lessons/upper/035.json	shuimu	upper-035	Justice was done	9022	199	0	199	199	91	text_and_structure_present	P1	structured_section_breaks_then_manual_review	17	spacing_added	applied_frontend	resolved_frontend			
public/shuimu/lessons/upper/036.json	shuimu	upper-036	A chance in a million	9546	208	0	208	208	87	text_and_structure_present	P1	structured_section_breaks_then_manual_review	16	spacing_added	applied_frontend	resolved_frontend			
public/shuimu/lessons/upper/037.json	shuimu	upper-037	The Westhaven Express	9341	206	0	206	206	88	text_and_structure_present	P1	structured_section_breaks_then_manual_review	19	spacing_added	applied_frontend	resolved_frontend			
public/shuimu/lessons/upper/038.json	shuimu	upper-038	The first calendar	9413	211	0	211	211	90	text_and_structure_present	P1	structured_section_breaks_then_manual_review	17	spacing_added	applied_frontend	resolved_frontend			
public/shuimu/lessons/upper/039.json	shuimu	upper-039	Nothing to worry about	8680	203	0	203	203	89	text_and_structure_present	P1	structured_section_breaks_then_manual_review	17	spacing_added	applied_frontend	resolved_frontend			
public/shuimu/lessons/upper/040.json	shuimu	upper-040	Who's who	9689	204	0	204	204	91	text_and_structure_present	P1	structured_section_breaks_then_manual_review	17	spacing_added	applied_frontend	resolved_frontend			
public/shuimu/lessons/upper/041.json	shuimu	upper-041	Illusions of pastoral peace	11061	235	0	235	235	91	text_and_structure_present	P1	structured_section_breaks_then_manual_review	18	spacing_added	applied_frontend	resolved_frontend			
public/shuimu/lessons/upper/042.json	shuimu	upper-042	Modern cavemen	11374	247	0	247	247	94	text_and_structure_present	P1	structured_section_breaks_then_manual_review	17	spacing_added	applied_frontend	resolved_frontend			
public/shuimu/lessons/upper/043.json	shuimu	upper-043	Fully insured	11121	233	0	233	233	92	text_and_structure_present	P1	structured_section_breaks_then_manual_review	17	spacing_added	applied_frontend	resolved_frontend			
public/shuimu/lessons/upper/044.json	shuimu	upper-044	Speed and comfort	11438	246	0	246	246	91	text_and_structure_present	P1	structured_section_breaks_then_manual_review	17	spacing_added	applied_frontend	resolved_frontend			
public/shuimu/lessons/upper/045.json	shuimu	upper-045	The power of the press	10757	221	0	221	221	90	text_and_structure_present	P1	structured_section_breaks_then_manual_review	18	spacing_added	applied_frontend	resolved_frontend			
public/shuimu/lessons/upper/046.json	shuimu	upper-046	Do it yourself	10994	238	0	238	238	89	text_and_structure_present	P1	structured_section_breaks_then_manual_review	16	spacing_added	applied_frontend	resolved_frontend			
public/shuimu/lessons/upper/047.json	shuimu	upper-047	Too high a price?	11297	252	0	252	252	88	text_and_structure_present	P1	structured_section_breaks_then_manual_review	17	spacing_added	applied_frontend	resolved_frontend			
public/shuimu/lessons/upper/048.json	shuimu	upper-048	The silent village	11047	232	0	232	232	88	text_and_structure_present	P1	structured_section_breaks_then_manual_review	16	spacing_added	applied_frontend	resolved_frontend			
public/shuimu/lessons/upper/049.json	shuimu	upper-049	The ideal servant	11243	231	0	231	231	88	text_and_structure_present	P1	structured_section_breaks_then_manual_review	17	spacing_added	applied_frontend	resolved_frontend			
public/shuimu/lessons/upper/050.json	shuimu	upper-050	New Year resolutions	11213	242	0	242	242	89	text_and_structure_present	P1	structured_section_breaks_then_manual_review	17	spacing_added	applied_frontend	resolved_frontend			
public/shuimu/lessons/upper/051.json	shuimu	upper-051	Predicting the future	10821	231	0	231	231	88	text_and_structure_present	P1	structured_section_breaks_then_manual_review	17	spacing_added	applied_frontend	resolved_frontend			
public/shuimu/lessons/upper/052.json	shuimu	upper-052	Mud is mud	10883	234	0	234	234	89	text_and_structure_present	P1	structured_section_breaks_then_manual_review	14	spacing_added	applied_frontend	resolved_frontend			
public/shuimu/lessons/upper/053.json	shuimu	upper-053	In the public interest	11459	242	0	242	242	90	text_and_structure_present	P1	structured_section_breaks_then_manual_review	19	spacing_added	applied_frontend	resolved_frontend			
public/shuimu/lessons/upper/054.json	shuimu	upper-054	Instinct or cleverness?	11081	225	0	225	225	88	text_and_structure_present	P1	structured_section_breaks_then_manual_review	10	spacing_added	applied_frontend	resolved_frontend			
public/shuimu/lessons/upper/055.json	shuimu	upper-055	From the earth: Greetings	10962	227	0	227	227	90	text_and_structure_present	P1	structured_section_breaks_then_manual_review	16	spacing_added	applied_frontend	resolved_frontend			
public/shuimu/lessons/upper/056.json	shuimu	upper-056	Our neighbour, the river	10808	229	0	229	229	89	text_and_structure_present	P1	structured_section_breaks_then_manual_review	16	spacing_added	applied_frontend	resolved_frontend			
public/shuimu/lessons/upper/057.json	shuimu	upper-057	Back in the old country	10852	225	0	225	225	90	text_and_structure_present	P1	structured_section_breaks_then_manual_review	16	spacing_added	applied_frontend	resolved_frontend			
public/shuimu/lessons/upper/058.json	shuimu	upper-058	A spot of bother	10937	229	0	229	229	89	text_and_structure_present	P1	structured_section_breaks_then_manual_review	14	spacing_added	applied_frontend	resolved_frontend			
public/shuimu/lessons/upper/059.json	shuimu	upper-059	Collecting	11221	228	0	228	228	91	text_and_structure_present	P1	structured_section_breaks_then_manual_review	20	spacing_added	applied_frontend	resolved_frontend			
public/shuimu/lessons/upper/060.json	shuimu	upper-060	Too early and too late	11340	231	0	231	231	91	text_and_structure_present	P1	structured_section_breaks_then_manual_review	16	spacing_added	applied_frontend	resolved_frontend			
