path	course	id	title	rule_version	candidate_count	inserted_spaces	implementation_status	review_status	validation	reviewer	reviewed_at	before_sha256	after_sha256	remaining_issue_count	notes
public/shuimu/lessons/beginner/001.json	shuimu	beginner-001	【对话场景】询问与感谢	1.2.0	0	46	applied	edited	json_valid	Codex	2026-10-01T08:22:11.464Z	61ec4f6ad6a7527a922cbcb1ff3b61a14b415e1d256ac0ecae6cdb36b79924fb	99e30426b0ae82fbf1b853f480a4bf34644f742ad2268d2590c46b41f470ee17	0	询问与感谢：完整阅读对话、语法点拨、词表；核对英汉标点、词性缩写和音标外侧空格，保留中文分号及原有换行。
public/shuimu/lessons/beginner/002.json	shuimu	beginner-002	【对话场景】道歉与回答	1.2.0	0	42	applied	edited	json_valid	Codex	2026-10-01T08:22:11.501Z	005b232687a66e9d5fdb8899539708cc7af679a674f56ba86581585249442e29	a7c0de9559b464ea9cbe75974c425497769c852ca560e2641e323ffcbc5fe4f3	0	道歉与回答：完整阅读全文与词表；Sorry 或者 I am sorry 是正常中英并列，并非OCR。省略号、语法示例和原有换行保留。
public/shuimu/lessons/beginner/003.json	shuimu	beginner-003	【对话场景】介绍别人与打招呼	1.2.0	0	30	applied	edited	json_valid	Codex	2026-10-01T08:22:11.545Z	5a464d8cbd64ce71a760d69c8a07032c4d26343db2cdf48a067758e255f74482	a2dc233a313b1fc737787c245a087a58ad22b224b1e51fc0968e273a83618824	0	介绍别人与打招呼：完整阅读全文、国家国籍表、指示代词及词表；补逗号后those的空格，保留原有中英表格与换行。
public/shuimu/lessons/beginner/004.json	shuimu	beginner-004	【对话场景】询问职业	1.2.0	0	62	applied	edited	json_valid	Codex	2026-10-01T08:22:11.584Z	22375aadc8b3422bda3b7398bd701c3dbbb99a9dd96395a99c6f32ad8a228d5a	a35c8dc5d7dfdafa1a01ad4bea74a2938f96918a5096f3151ae6bc1212b99d41	0	询问职业：完整阅读对话、姓名说明、特殊疑问句和词表；确认James姓名示例中的如、写成、或均正常；8am改为8 am。
public/shuimu/lessons/beginner/005.json	shuimu	beginner-005	【对话场景】朋友间的问候	1.2.0	0	72	applied	edited	json_valid	Codex	2026-10-01T08:22:11.620Z	2d0fc9b955859da3070ddd3325b4e90424d0a7fb9b98df87a0302a9b70104cc9	55aa9217abde2437838fc72937c755dd6b0221d0e9ed69f0616438dbd89c6cfc	0	朋友间的问候：完整阅读对话、问候回答、句子成分和词表；好、一般、回答、或均为正常中文说明；补too.后的空格，不改原文大小写。
public/shuimu/lessons/beginner/006.json	shuimu	beginner-006	【对话场景】物品的归属	1.2.0	0	42	applied	needs_source_check	json_valid	Codex	2026-10-01T10:14:46.275Z	08ce2c764f58adf73b6e0fdcba010f06c0415ae08cb63e45c603f6f3653d1c7a	24099a14ea77d8fb80bef38b3b45920dc671c3014d5cada817c31deabaf40c25	1	物品的归属：完整阅读全文；语法后缀前补空格。女婿、公路、地震是正常词义。/text 名词分类示意的“名 普 可数名词 个体名词”跨行结构仍需对照讲义，本轮不重排。；已补充疑点的当前文本精确定位（UTF-16）。
public/shuimu/lessons/beginner/007.json	shuimu	beginner-007	【对话场景】讨论颜色	1.2.0	0	54	applied	edited	json_valid	Codex	2026-10-01T08:22:11.697Z	8bb7737868f11862240823d3c13b7bb59b51453682127dc6c74817878508c22b	7784fa291f2f65a40fd59c22b500a3ca4839d4092dc9196641687cad462bd063	0	讨论颜色：完整阅读对话、颜色说明、祈使句和词表；补What color is...?后的空格，保留语法省略号占位与中文标点。
public/shuimu/lessons/beginner/008.json	shuimu	beginner-008	【对话场景】表达关心	1.2.0	0	56	applied	edited	json_valid	Codex	2026-10-01T08:22:11.739Z	520f0d9f4fe3eb6f19b2e86464d73b2435fc003ff591c319fc932553dd06f10f	eb083a1fb6e867fd63915a501a17122ee3c4805e60d7cafbd08ed971caa6c8db	0	表达关心：完整阅读对话、There be说明及词表；补right.没事、is,are,was及some,应的缺空格；有时、或、没事是正常中文说明。
public/shuimu/lessons/beginner/009.json	shuimu	beginner-009	【对话场景】描述物体的特征	1.2.0	0	56	applied	edited	json_valid	Codex	2026-10-01T08:22:11.784Z	01d5c6cd3d77b98ff0346087498de0182a5348f0d95c392f54b999fb78e476a0	71459f3f3846252ee535f9aae0a7cdc9ef95f2c0d0dc609a23400750df250a63	0	描述物体的特征：完整阅读对话、双宾语、定冠词和词表；补watch.The的句间空格、读作后音标外侧空格；动词列表后的等是正常用法。
public/shuimu/lessons/beginner/010.json	shuimu	beginner-010	【对话场景】描述物体的位置	1.2.0	0	52	applied	edited	json_valid	Codex	2026-10-01T08:22:11.829Z	8efd92f3341713a1775d4388ea7635a7a2093d53b49e58ad7ae064b50fdc3fb1	13f786e8331f217300e8b5e797f0e9c1a14193f89605730c06be6239161c5d75	0	描述物体的位置：完整阅读全文、空间介词与词表；左手、右手及at/on/in的中文说明是正常混排，不是OCR；未改变段落和例句。
public/shuimu/lessons/beginner/011.json	shuimu	beginner-011	【对话场景】表达请求和命令	1.2.0	0	30	applied	edited	json_valid	Codex	2026-10-01T08:45:03.265Z	4bebd6e4c56de5f8cae744cdc4dd98b9cc1642f96f0be4334b511ddeaf8248ed	e2452640893303d8bdc7eb5646fc06bce74778633cd974d66bfc8e0894985519	0	完整阅读表达请求和命令、情态动词分类及词表。may/might等列表中的表示、可能为正常中文说明，排除OCR误报；空格已足够，无额外修改。
public/shuimu/lessons/beginner/012.json	shuimu	beginner-012	【对话场景】描述进行中的动作	1.2.0	0	64	applied	edited	json_valid	Codex	2026-10-01T08:45:03.353Z	56ad4dd6364230ed55ace9a8d477bbcbf61a24b6c62b63bbe8b171c8afea2a61	f342059b256d59394dc999c1f17dc533452d08c09f93518244990432574167fd	0	完整阅读花园对话、run after、现在进行时和词表；now/at present/this week的中文译义正常。补tap词性n.与括号释义间空格；保留these days跨行原结构。
public/shuimu/lessons/beginner/013.json	shuimu	beginner-013	【对话场景】叙述客观事实	1.2.0	0	50	applied	edited	json_valid	Codex	2026-10-01T08:45:03.434Z	617896592b697cc0e1db9de81d8b566faf467481955899b5e9621d2905a031fd	b9484fdc19c4605ceaf54949cb178925647cafef019a271a3f40ec354d10b96a	0	完整阅读村庄照片、another/come out、一般现在时和词表。拍照:take a photo是正常双语，排除误报；补中文说明与-s/-es后缀之间的空格。保留语法公式。
public/shuimu/lessons/beginner/014.json	shuimu	beginner-014	【对话场景】询问此刻的意图	1.2.0	0	46	applied	edited	json_valid	Codex	2026-10-01T08:45:03.474Z	43f527cc74feb3f3e57cca9a798b7519e0182ac2e2926ba2df82c1694db6f86f	3ae8e9bf37cfecfe38dd29c1d0692bb323cb2b56e2f5d3ff4ef1f1674ab95012	0	完整阅读制作书架对话、work hard/for用法、不定冠词与词表；数字30分钟、2元及英文示例间距适当，保留全角问号及句法原文。无新增插入。
public/shuimu/lessons/beginner/015.json	shuimu	beginner-015	【对话场景】询问下一步的打算	1.2.0	0	68	applied	edited	json_valid	Codex	2026-10-01T08:45:03.554Z	51975322172dbbe9e3b8c0abeb68f10a201aaf48da84b6cb1282aac7b71df85f	63d433abf32c537eaccb59ac9130c28f72e5400d9d2467a8fcc105c419b7f45c	0	完整阅读花瓶摆放、do with、be going to、一般将来时与词表。tomorrow等时间短语的译义及in front of在…之前正常；补中文与缩写后缀’ll之间空格，保留语法加号与省略占位。
public/shuimu/lessons/beginner/016.json	shuimu	beginner-016	【对话场景】描述不可数名词的数量	1.2.0	0	42	applied	edited	json_valid	Codex	2026-10-01T08:45:55.923Z	b043e3a373b08484e8759151caaf68a988f3bd3fa0d0d5ca4ddadaf1ce2eb392	fbede3b483b34982f7aa0de347bc3e115eb8b28578ffe40f8c0afdc8bbf82f1b	0	完整阅读购物数量对话、分数、可数与不可数名词比较及数词音标词表；保留1/4、1/3、2/3和one-third内部连字符，仅给说明中的独立连接符两侧补空格。
public/shuimu/lessons/beginner/017.json	shuimu	beginner-017	【对话场景】询问物体摆放的位置	1.2.0	0	50	applied	edited	json_valid	Codex	2026-10-01T08:45:56.007Z	16ca59b5515637b25652c9bb92c9bd32abd745dee6b41d1248af2d1fe2c2b449	151ee2595525b49589eb9952c5d9e6e4b864e3d531be18cc5839a7dcf661e7d3	0	完整阅读沏茶对话、can/where询问、不定代词、词表；补两个英文问句标题后的中文说明空格。肯定、否定及复合代词列表中的如/等均正常，排除机器误报。
public/shuimu/lessons/beginner/018.json	shuimu	beginner-018	【对话场景】询问他人的喜好（上）	1.2.0	0	46	applied	edited	json_valid	Codex	2026-10-01T08:45:56.090Z	a0cdec26e677ce154d134808e5d9354361ce3eddf01f6f008d8270304a611209	6176fbb67f83f6c7a0e963c1ee077606941fb1b7538cf25a81a0eb9c5871a470	0	完整阅读咖啡喜好、like用法、五种动词形式和词表；补问句标题、词尾后缀及枚举逗号间空格。所有列举动词后的单字译义均为正常词表，逐一排除OCR误报；保留不规则动词链内部连字符。
public/shuimu/lessons/beginner/019.json	shuimu	beginner-019	【对话场景】询问他人的喜好（下）	1.2.0	0	54	applied	edited	json_valid	Codex	2026-10-01T08:45:56.166Z	4d13339fc5d2c2f078ccc0a772474acf45619fdee7588ab972bf6c52f5515a05	467a17a99d359e47052090d4969d9901491f108fb1dd7294818d9fa2bf1ff789	0	完整阅读肉店对话、第三人称喜好、形容词构成顺序和词表；补英文问句与中文说明、meat词性与括号释义间空格。肯定/否定和形容词中文释义正常。
public/shuimu/lessons/beginner/020.json	shuimu	beginner-020	【对话场景】询问他人的籍贯	1.2.0	0	76	applied	edited	json_valid	Codex	2026-10-01T08:45:56.245Z	313be89a434bbaacd11155b0f5a16aa0e08f69ee36d3c840d54be4799b36ec9d	24fba89da11c7da0463d16090f3d88bdb5318b537edadaf7bd9af783bf103abb	0	完整阅读国籍语言对话、from三义、时间介词和国家词表；补英文句号/问号后的中文说明边界，18与1994为句末数字非小数。at/on/in和age of说明均正常，排除OCR误报。
public/shuimu/lessons/beginner/021.json	shuimu	beginner-021	【对话场景】讨论天气变化	1.2.0	0	74	applied	edited	json_valid	Codex	2026-10-01T08:46:57.801Z	d848df82c73ab97a9751ab99d60d7c25833405e5ba561299f273477b06d93100	f64b93daa109b9185ba19d8cd153ab682bf315439445b0cbc13d1af67a077079	0	完整阅读天气对话、天气词汇、年月日、序数词口诀和月份音标词表；补12项n.与月份数字间空格及月份缩写枚举逗号后的空格。晴天等天气译义正常。保留序数词缩写、分行口诀及拼写原文。
public/shuimu/lessons/beginner/022.json	shuimu	beginner-022	【对话场景】描述日常生活细节	1.2.0	0	64	applied	edited	json_valid	Codex	2026-10-01T08:46:57.887Z	a7f45f038615e9a468a763663a6fb69b987ddf847ce79c31ac3e6260360ba72a	68ca305f2eb122177702e17267c3690b70d51dc34c0264b888af005dd87f9a22	0	完整阅读怀特一家日常生活、go to school/come home/do、并列连词及词表；补带可选所有格的doctor/dentist短语与中文译义间空格。or和or else正常，排除误报。
public/shuimu/lessons/beginner/023.json	shuimu	beginner-023	【对话场景】询问具体的时间	1.2.0	0	40	applied	edited	json_valid	Codex	2026-10-01T08:46:57.971Z	a3485474dc49ad2a7fa69f511c4d72526de2ad8def559e92a8b445c82405c380	127267a5c32f0d4984628838d4dd378aa9f4b4e0a0240a305acd790ee4a7ed34	0	完整阅读具体时间对话、on foot/at the moment、时间读法和星期数字词表；补Sunday及eleven至twenty音标后词性标签间空格。日期9月10日为正常双语示例，保留数字后缀、钟点和算式。
public/shuimu/lessons/beginner/024.json	shuimu	beginner-024	【对话场景】询问健康状况	1.2.0	0	60	applied	edited	json_valid	Codex	2026-10-01T08:46:58.049Z	c8b136ee7399ef00e02754d7fa6b260a32f326867d357bae8831b604744f93ad	df91b812a0a60c5bd98cd796b5907010e60c220c092ef96052b9b408375e5dca	0	完整阅读健康对话、feel/remember/ill、基数词构成及词表；补词尾-teen/-ty/-s、独立连字符、括注和枚举逗号间空格。保留电话号码09754、1—12范围和英文数字内部连字符，未修改医学或语法内容。
public/shuimu/lessons/beginner/025.json	shuimu	beginner-025	【对话场景】描述身体不舒服	1.2.0	0	74	applied	edited	json_valid	Codex	2026-10-01T08:46:58.128Z	bc3c05fe854518d949fb89e98ac3e46cabbe088b6fc030331ea5bffb99fdf79f	81b92aca0e141d635e1abdb041685bc22b1296fb57cbea700ed107712ffc2e1b	0	完整阅读身体不适对话、well/take medicine、倍数小数百分数四则运算和词表；补音标与n./v.标签以及pain括号释义间距。保留全部小数、百分数和算式；illness词条末的既有句点保留，未进行拼写校改。
public/shuimu/lessons/beginner/026.json	shuimu	beginner-026	【对话场景】描述发生在过去的事情	1.2.0	0	56	applied	edited	json_valid	Codex	2026-10-01T08:47:50.532Z	26d9e9b03456cad9fa933fde4aec7a0ad78cc85e9734d3a67e76c6e5efaa2170	01b0fedcd6bf67878b2ea7a04785e776567941165244d089194f5db69b4818bf	0	完整阅读过去经历对话、商店所有格省略、be absent from、一般过去时和词表；补所有格词后shop/office/house括注前空格和-ed后缀边界。诊所、药店为正常释义；保留原始中英分行。
public/shuimu/lessons/beginner/027.json	shuimu	beginner-027	【对话场景】引述他人说过的话	1.2.0	0	68	applied	edited	json_valid	Codex	2026-10-01T08:47:50.622Z	a54730593fcc7230a0f5b81c6527aac78fe309dd3bd29f43fb26dc8759a69730	76589c4b063ce2e01bb6f94f72208fada67e161a93e3969d7673f9a21e2d4792	0	完整阅读电话故事、性格、telephone搭配、物主代词表和引语转换与词表；补两处said逗号与引号之间空格及phone sb.括注间距。保留代词表的原始跨行。
public/shuimu/lessons/beginner/028.json	shuimu	beginner-028	【对话场景】问路和指路	1.2.0	0	44	applied	edited	json_valid	Codex	2026-10-01T08:47:50.705Z	0978723b0a4da02ec359f960be4680a5edc33aa290d754f072ff95c658d5b901	10c2635d07485f7d2a9ca515c345101c706523010512eb50b530e0f334cc348a	0	完整阅读伦敦问路故事、way搭配、反身代词、副词分类位置及词表；补-ly后缀前空格。问路、保重及各类副词的短中文释义正常，排除误报。保留英文引号内部已有空格。
public/shuimu/lessons/beginner/029.json	shuimu	beginner-029	【对话场景】在商场购物	1.2.0	0	58	applied	needs_source_check	json_valid	Codex	2026-10-01T10:14:46.332Z	c632aa6f9c9be4734ceea387fda3c38e0f9ff721f326ad18e864b61e96853024	0b76eb1b3d6faa8094c1e93077bed8f184dc4fa8cc1db7ead74b0c38a3de698b	4	完整阅读购鞋对话、ago/before、fashion、年份表达、复合形容词及词表；补词性括注、音标边界及释义逗号后的空格。保留U.S.和three-year-old内部。复合形容词若干疑似缺连字符，未擅自改写为分词。；已补充疑点的当前文本精确定位（UTF-16）。
public/shuimu/lessons/beginner/030.json	shuimu	beginner-030	【对话场景】采购生活必需品	1.2.0	0	78	applied	edited	json_valid	Codex	2026-10-01T08:47:50.867Z	9b3cb7fd5704b41b409ae57efb69790769980bb36e5ccb12ac787ae2511c37c9	a57a1d901be8f38773696f41cb358cf7eee7e9c2edd4e884a26a7ecb2d46fe17	0	完整阅读购物清单对话、a lot of、-o词尾规则、饮料分类、现在完成时及词表；补后缀说明、wine枚举逗号和五处音标后的词性标签间距。名词列举译义及最近3年时间短语正常，保留语法加号和所有原有换行。
public/shuimu/lessons/beginner/031.json	shuimu	beginner-031	【对话场景】邀请别人共进午餐	1.2.0	0	60	applied	edited	json_valid	Codex	2026-10-01T08:51:24.411Z	21447c4026b0bf85ae0371f2d6af383f41701cdf6aa8b6de376b792368c11926	97fa25952dc3133d8c6c01d5f24c0319ffb15edc805740322b8f4651fc75e45f	0	完整读取午餐邀请对话、have/mess/holiday 用法、现在完成时和词表；补足假期同义词英文逗号后的空格以及 journey 音标/词性/释义边界。
public/shuimu/lessons/beginner/032.json	shuimu	beginner-032	【对话场景】去修车行取车	1.2.0	0	46	applied	edited	json_valid	Codex	2026-10-01T08:51:24.455Z	a462045d9f51f5dc68b3e0932691fa532c3613a4a51fc3d1953d27f5601744fb	d2957ffc406974a39a1d939b53ee29dc3a7c575d5e2670dd63ac15471e76d79b	0	完整读取取车对话、短语、过去分词说明、AAA/ABB/ABC 不规则动词表和词表；eel/ell/elt 是拼写规则而非 OCR 粘连，保留车牌、斜线变体和原换行，无新增明确缺空格。
public/shuimu/lessons/beginner/033.json	shuimu	beginner-033	【对话场景】购置一套住房	1.2.0	0	38	applied	edited	json_valid	Codex	2026-10-01T08:51:24.495Z	75489776c9e035ea00ef38011ae89cebc7560242c084f771744cf9bbfb102ab5	ed9696384841e51b9d198f0fff65c81c9743711e4a1238fb6f6177acdb498c40	0	完整读取购房对话、sale/worth/last word、货币数值温度长度示例及词表；be worth sth. 为正常短语，保留金额千分位、摄氏单位及小数，无新增明确缺空格。
public/shuimu/lessons/beginner/034.json	shuimu	beginner-034	【对话场景】在火车站买票	1.2.0	0	42	applied	edited	json_valid	Codex	2026-10-01T08:51:24.580Z	0dcc7bdb5ad7ad03f65a6e0444f65c568c44fd6e4192668baccef479f0979fcc	abb33e44ff7b576e7501696622d23a22cbf8a05a888a5f507117086f8b20b46e	0	完整读取购票对话、had better/catch、what/how 感叹句及词表；修正缩写与中文说明、pence 词性与英文释义的边界；保留时间格式，感叹句例句不是粘连。
public/shuimu/lessons/beginner/035.json	shuimu	beginner-035	【对话场景】询问考试成绩	1.2.0	0	44	applied	edited	json_valid	Codex	2026-10-01T08:51:24.659Z	4c29a7e978dcb88c6310402b42c2fcb9c170b827a39a16fbde9e6eb6b4b2eab0	b030d2efc1a2d52bed17a2ec650134651345a836b8fa608b09c9e1f06ac68fd5	0	完整读取考试成绩对话、enough/fail/cheer up、附加问句规则和词表；补足 had better 后英文逗号与中文说明间的空格，保留原有题目与中英对应。
public/shuimu/lessons/beginner/036.json	shuimu	beginner-036	【对话场景】询问商品的价格	1.2.0	0	60	applied	edited	json_valid	Codex	2026-10-01T08:52:11.381Z	e058e5f264e0eab9e696a3d899f475a556c76dfa988dcff458f55fb60ef44a2f	aa0f976a9b348fbdd32effb6caad21c945f48c088f451cf54d276a6f76bccda4	0	完整读取唱片机报价对话、cost/afford/as good as、比较等级规则和词表；补足后缀符号前及 X-ray 词性后间距，保留比较级词形连字符及原换行。
public/shuimu/lessons/beginner/037.json	shuimu	beginner-037	【对话场景】乘坐公交车	1.2.0	0	58	applied	edited	json_valid	Codex	2026-10-01T08:52:11.471Z	1156555670d13f7dd4f6942b95040bcb84255c8bbb8b871b56086301a698fea6	63f26122f1bef5a859860fca7563ca7475ccdf251f67008d9660e0f19c79aa88	0	完整读取公交换零钱对话、either/neither/get off/except、倒装句和词表；补足两个英文逗号及 anyone 音标、词性边界，保留倒装结构加号与斜线。
public/shuimu/lessons/beginner/038.json	shuimu	beginner-038	【对话场景】寻回丢失的物品	1.2.0	0	42	applied	edited	json_valid	Codex	2026-10-01T08:52:11.555Z	9717d6ba2f19d47bb72625a5561694475426415ee7797a1b6b4fcf0042d6d898	6f3460b54e886f2741550313fe417b2df3574084322e83611738240a873679b6	0	完整读取遗失字典对话、serve/put on/recognize、定语从句及词表；补足同义词和关系代词枚举的英文逗号间距、voice 词性后空格，保留原音标与句法记号。
public/shuimu/lessons/beginner/039.json	shuimu	beginner-039	【对话场景】超速行驶险被罚！	1.2.0	0	38	applied	edited	json_valid	Codex	2026-10-01T08:52:11.640Z	81db559781871a6ee7312a254b2af43e37b342bb885cd693d4cfa53de16021ad	4f7c537c44b7b194b8b84dcd2003984807a74fdf99748c2c3a96b3d97ed3c20c	0	完整读取超速对话、overtake/charge/advice、现在完成进行时及词表；补足动词形式枚举逗号和例句后的正误标签空格；include/order/know 为跨行枚举，不是 OCR 粘连。
public/shuimu/lessons/beginner/040.json	shuimu	beginner-040	【对话场景】和闺蜜喝下午茶	1.2.0	0	76	applied	edited	json_valid	Codex	2026-10-01T08:52:11.722Z	c7e7261fba8423a7e78b2b15bd4890dfff6036340030b2c7a303bdf2baa3606c	2532d76ac76e7ab77fe1f9626bc2fc72d6eef46a98d9ed77cd9ffb5b6ff9fcd9	0	完整读取下午茶对话、shall/may/matter、句子成分、五种基本句型和词表；补足 less 词性与括号释义之间的空格；MP3、公式加号和原有中英对应保持。
public/shuimu/lessons/beginner/041.json	shuimu	beginner-041	【对话场景】发生了一个小意外	1.2.0	0	42	applied	needs_source_check	json_valid	Codex	2026-10-01T10:14:46.374Z	7058de9a9c9584b8d95c5b0508fb4d55bc3bd5a75b2d2728d77cd2282d6741f1	d56f8e0c0f0a2a149a1aaa3de8fd3015ed5523d8038891f36501e2a0d603d1b5	1	完整读取吞硬币故事、drop/look for/put、when/while 时间从句和词表；补足英文分号、TV 例句译文、beard 词性间距。put up with 为完整短语。故事末尾英文引号不闭合，保留并标记来源核对。；已补充疑点的当前文本精确定位（UTF-16）。
public/shuimu/lessons/beginner/042.json	shuimu	beginner-042	【对话场景】一张很赞的旅行照片	1.2.0	0	62	applied	edited	json_valid	Codex	2026-10-01T08:53:11.877Z	4bb3d745abbeaa7671d5f62bb66cef453895c5e7d1a7d638a0192b61c6c77ca5	b56173d8c6fc5470609ae6653e719de2e8ad691e2d408c1f94c42af78fa7bb4b	0	完整读取旅行照片对话、travel/offer/I see、过去进行时和词表；补足例句等号、yes/OK 枚举及英文分号逗号后的间距；保留 travelled/traveled 拼写变体。
public/shuimu/lessons/beginner/043.json	shuimu	beginner-043	【对话场景】一场意外又惊喜的雨	1.2.0	0	68	applied	edited	json_valid	Codex	2026-10-01T08:53:11.965Z	51e878a6f387d66d7c5440d352a98b448d471a283fb35e4963e7dbf9c3ecbdb4	a4ccede8fc6458ba9d518b3c2128d53a2101df0be2902275a648ecaf3688dc88	0	完整读取浇水遇雨对话、terribly/by oneself/instead、插入语上篇和词表；补足英语断句 here.Ask、枚举逗号、替换箭头及等号两侧、中文段落 ASCII 标点后间距；机器提示的反身代词和短语枚举均无断词问题。
public/shuimu/lessons/beginner/044.json	shuimu	beginner-044	【对话场景】旅行前的 100 个担忧	1.2.0	0	46	applied	edited	json_valid	Codex	2026-10-01T08:53:12.050Z	16065860222e1c706d6889be1b932d3806d5dd7874460d4ed93ca27d0b8d7c41	167a49743f6dbfdbb3bb2a2d7c9d00e21f2116662b29e1e29abcf097a3a6377a	0	完整读取旅行担忧对话、worry/look after/stay、插入语下篇和词表；补足 astronaut 音标后、behind/between 词性后间距；三处机器提示均为正常插入语列表，标题数字间距已正确。
public/shuimu/lessons/beginner/045.json	shuimu	beginner-045	【对话场景】轰动一时的新闻	1.2.0	0	78	applied	edited	json_valid	Codex	2026-10-01T08:53:12.138Z	244a7bb7d4bbe6b32304fc4636b9b86995492de1a973c8a29b4914f8c84bb60d	214445b0b1c5913c9a4db866de496556232bc3aa853b2aa3e44ddb0b043b0aea	0	完整读取演员婚讯对话、another/marry/introduce、直接间接引语时态表与例句以及词表；补足正反引语后的中文译文间距、等号后、词性前以及助动词不变标签前空格；one after the other 是正常短语。
public/shuimu/lessons/beginner/046.json	shuimu	beginner-046	【对话场景】一个美好的梦	1.2.0	0	82	applied	edited	json_valid	Codex	2026-10-01T08:53:55.924Z	36ab797404fce1ef2a66aa312ba5028287eb58fa6ae7a7719d80c863959be330	01535b52da424cd2accfd11df778c259910ca9ff5101c50734c4a43a3f5806fc	0	完整读取足球彩票梦想对话、win/return/depend、if 条件从句和词表；逐处确认中文说明内的 ASCII 逗号均为分句或释义分隔，补其后空格；其他间距、复合词和时态公式保持。
public/shuimu/lessons/beginner/047.json	shuimu	beginner-047	【对话场景】一通打错了的电话	1.2.0	0	94	applied	edited	json_valid	Codex	2026-10-01T08:53:56.022Z	c7082b27f7dc9e912010fa97f21dc889692e13fd61680d18f3f2141f4a58c99f	5ddd6a2b431dfc17eca43c542fea1f1936638623e3e3a42c2ba73f4bd1d1c813	0	完整读取打错电话对话、invite/need/repair、宾语从句和词表；补足 repair 说明中的 ASCII 逗号间距、可省 that 的括号外间距、介词枚举、等号后以及词表音标词性边界。
public/shuimu/lessons/beginner/048.json	shuimu	beginner-048	【对话场景】第一次火车之旅	1.2.0	0	68	applied	edited	json_valid	Codex	2026-10-01T08:53:56.110Z	345ff5b39b0c1e5fd6af0c3ca1b07b081c2b4df38eac70b5a81ccd9be0105f49	37aab916cf6d184ca7f761794224a5f16f03e44f69c7f59c3932151f0473d9eb	0	完整读取女儿首次火车旅行故事、get on/curious/amuse、被动语态规则和词表；补足 amuse 说明中的 ASCII 逗号后间距；保留 four-year-old/middle-aged、时态公式、It is said that... 等正常词组。
public/shuimu/lessons/beginner/049.json	shuimu	beginner-049	【对话场景】请勿在景区乱扔垃圾	1.2.0	0	86	applied	edited	json_valid	Codex	2026-10-01T08:54:45.611Z	d30002805fa4597a2bbdc2da88a085e8664b7499f51288f5510d3391b34c9d75	c4e1a0e70527b32f41715d29750a1709b14944e792170d88228be4faf681f229	0	完整读取景区垃圾故事、keep/cover/prosecute、被动语态时态与词表；补足中文说明中 ASCII 逗号后的间距，保留问答斜线、时态公式、复合词连字符及原换行。
public/shuimu/lessons/beginner/050.json	shuimu	beginner-050	【对话场景】一只机智的鹦鹉	1.2.0	0	70	applied	edited	json_valid	Codex	2026-10-01T08:54:45.706Z	093122cf8d8b98a18c2a9f9bb063efbbd8e3d0ab0ba0d9b3bc0b60e88feb5367	7f038e552bf630c0c47450868ad3ccab8eae5a9b4044f12ffbd684c102500c0f	0	完整读取鹦鹉吓退小偷故事、happen/turn/hear、主谓一致和词表；补足学科名称括号释义前、名词枚举逗号后及后缀 -s 前空格；机器提示的双语名词表为正常词表，保留句后全角括号和原换行。
public/shuimu/lessons/intermediate/001.json	shuimu	intermediate-001	不要在看电影的时候大声喧哗！	1.2.0	0	80	applied	needs_source_check	json_valid	Codex	2026-10-01T10:14:46.417Z	aa3dde3c783bebffc1ae634777ceccff574dfa0d299351d3ce064d77f8a04688	d657f6bbf1b721f02b8f9e737a8c694d42658cac8a0cdd84706d0d6b6144e9a8	5	完整读取影院故事、四步训练全部题目与答案、并列主语一致规则及当幸福来敲门文化长文；逐项分离 A/B/C/D 选项标号与单词。not only...but also 属句式记号，无需拆开。原练习疑似丢失填空占位及文化段落错字单列待来源核对。；已补充疑点的当前文本精确定位（UTF-16）。
public/shuimu/lessons/intermediate/002.json	shuimu	intermediate-002	起得太晚，早饭变午饭了！	1.2.0	0	88	applied	needs_source_check	json_valid	Codex	2026-10-01T10:14:46.453Z	c134c7e6206f6cbde8d37a713f6c99f9ab504051ad6c138677313d6a7d494109	6b284281e744f12dd2793cb79b52449aa2a837333597fdd233be1893059571e9	4	完整读取晚起早餐故事、四步训练及答案、数量与不定代词主谓一致规则、罗马假日全部文化段落；补足英语引号后的 I、选项标号、枚举逗号及中文段落 ASCII 逗号空格；保留百分数、分数、单位。疑似原文缺字保留核对。；已补充疑点的当前文本精确定位（UTF-16）。
public/shuimu/lessons/intermediate/003.json	shuimu	intermediate-003	令人头痛的明信片！	1.2.0	0	84	applied	needs_source_check	json_valid	Codex	2026-10-01T10:14:46.491Z	3ce35e87b125aa0cc6af7af7a35391864c43cde89e286bcb93372437162877dd	5c1621395a08190236b991440bca6c1a475b389dd6928c3f5ea712a045869f98	4	完整读取明信片故事、全部练习与答案、被动语态/系表结构规则词表和阿甘正传长文；补足四选项标号后空格，保留过去分词双语词表、复合词、p.m. 缩写和年代。原题与疑似错字具体标记。；已补充疑点的当前文本精确定位（UTF-16）。
public/shuimu/lessons/intermediate/004.json	shuimu	intermediate-004	一次激动人心的旅行	1.2.0	0	82	applied	needs_source_check	json_valid	Codex	2026-10-01T10:14:46.528Z	66514e959a27038b1552f131e6a8b0c007fbd88ee168e81c2a0bce579364050c	e89e727d01bbaf78a8ed04800f44eaa3010782ff08b246c4250fddb7f0e83866	4	完整读取澳大利亚旅行故事、全部问答训练、被动语态特殊规则与动词表、乱世佳人文化长文及末尾标签；补足选项标号后空格。机器提示的动词中英表与语法加号均为教学表示，无需断词；题目占位和不闭合引号记录来源疑点。；已补充疑点的当前文本精确定位（UTF-16）。
public/shuimu/lessons/intermediate/005.json	shuimu	intermediate-005	钻石不见了！	1.2.0	0	152	applied	needs_source_check	json_valid	Codex	2026-10-01T10:14:46.568Z	60f7432d1f305eaa899da8add19fb206c2fe4495ba05c4c023e72869305be866	bad42d92d0737173e4b11dd0d19f15a43cd483195f1b75f5795b8eb080a4e387	3	完整读取钻石包裹故事、十道训练与答案、时间从句上篇及阿凡达文化长文；补足选项、时间连词双语表和括号后的 found、中文说明 ASCII 逗号间距。语法加号保留；缺占位、未闭合引号保留核对。；已补充疑点的当前文本精确定位（UTF-16）。
public/shuimu/lessons/intermediate/006.json	shuimu	intermediate-006	用汗水浇灌出的花园最美	1.2.0	0	114	applied	needs_source_check	json_valid	Codex	2026-10-01T10:14:46.603Z	132ef1be78cacbd10174a01cfb55604b8e21bedec8e84b0e3371eed1cc8090ee	7d0210609a16c8eb8098c6abb5c89fc995665884dfb247a4c35180d099eff3cf	3	完整读取花园比赛故事、十道练习与答案、时间从句下篇全部改写、恺撒沙拉文化长文；补足选项、填空占位两侧、等号后、中文 ASCII 逗号分号间距，原占位下划线数量不变。疑似漏字重复字符记录核对。；已补充疑点的当前文本精确定位（UTF-16）。
public/shuimu/lessons/intermediate/007.json	shuimu	intermediate-007	A cold welcome 跨年夜的“冷遇”	1.2.0	0	152	applied	needs_source_check	json_valid	Codex	2026-10-01T10:14:46.639Z	9703fa257805ad33df7a99b22fc6d349ca06a36cf850e99bec027d567cd8c216	69a3ce5b77c08703c14e4a5911ea700b993a82ac161ab2d11e625ef6ea94e57f	2	完整读取跨年大钟故事、练习及答案、原因状语从句和芝加哥热狗长文；补足选项及答案数字字母、语法术语与汉字、可省 that 括号、例句后括号标签、等号与 ASCII 标点间距。保留受损中文段落已有空格，不作删改。；已补充疑点的当前文本精确定位（UTF-16）。
public/shuimu/lessons/intermediate/008.json	shuimu	intermediate-008	借了马上就得还的钱	1.2.0	0	114	applied	needs_source_check	json_valid	Codex	2026-10-01T10:14:46.674Z	88fbabfc2c9092864d7bc17a938545c549917a86695c5c65a0af86e247dd284b	d3530fd39fb1df4485524e9da31694f64d22b8d71d79a5e83c63afc3dbf08a1b	4	完整读取借钱晚饭故事、所有练习与答案、条件状语从句及炸鱼薯条文化全文；补足填空外边界、条件连词中英/括号边界、等号和 ASCII 逗号间距；原下划线、数字逗号格式与疑似损坏括号保持，问题另记。；已补充疑点的当前文本精确定位（UTF-16）。
public/shuimu/lessons/intermediate/009.json	shuimu	intermediate-009	一次愉快的送行	1.2.0	0	106	applied	needs_source_check	json_valid	Codex	2026-10-01T10:14:46.710Z	f689fd2e596e6086ab024f4df20a282cc6ecbd494f8d845a41d2b85f579ce864	94edcc2f66dc049d37136ea8ceeb5d86abef3100ee231bae386bea75d8f280e5	3	完整读取船长送行故事、括号选项练习及答案、条件状语时态和法式面包长文；补足选项括号、题干下划线外边界、答案键粘连、句后括号标签及 ASCII 逗号间距。缩写内部已有空格和疑似漏字单列核对。；已补充疑点的当前文本精确定位（UTF-16）。
public/shuimu/lessons/intermediate/010.json	shuimu	intermediate-010	即将到来的演唱会	1.2.0	0	176	applied	needs_source_check	json_valid	Codex	2026-10-01T10:14:46.746Z	cc1e1fa2f3bf0a1b0f5edaceed7c685ddce42a2c3895d8735dc25a7ccfe91d55	568fddfd2ec42ec59781b4b526cbf89349c6b7c5ae161d7f418752917cdae434	2	完整读取乐队演出故事、练习和答案、目的结果从句与咖啡饮品长文；补足选项括号、填空边界、答案键、语法短语与汉字、句后释义括号及 ASCII 逗号间距；保留比例、数值范围，原文缺失译文登记核对。；已补充疑点的当前文本精确定位（UTF-16）。
public/shuimu/lessons/intermediate/011.json	shuimu	intermediate-011	原来是同胞	1.2.0	0	116	applied	edited	json_valid	Codex	2026-10-01T09:00:12.085Z	2f6111bf6995c4c1cad23c45377586c68dd2afdcbf3238301cad7fe7e9dd7715	9748b763ba1f310593db3f0e2266d0531d70d02ec9b802b12972e2f0aea9214a	0	完整读取法国搭车上下篇、问答与十道训练、过去完成时全部说明及例句；补足括号选项、答案编号、英文术语括号外、并列句冒号和中文 ASCII 逗号间距，保留教学公式和复合时态。
public/shuimu/lessons/intermediate/012.json	shuimu	intermediate-012	意外的好消息	1.2.0	0	198	applied	needs_source_check	json_valid	Codex	2026-10-01T10:14:46.783Z	a798c3776f8425d84a24d6e26b95938320b7400ed250849d7a143765fd97a04c	9f76fa5dbd469db54470d32cfbf8e251ac2cc35fc19066aee58aa8f96100a86b	5	完整读取加薪故事上下篇、全部问答练习和答案、直接引语转换各类句式及动词变化；补足选项标号、答案键、题号占位、whether/if 中英间距、sb. (not) to 和引用句后的中文边界。残缺引号及缺占位题单列来源核对。；已补充疑点的当前文本精确定位（UTF-16）。
public/shuimu/lessons/intermediate/013.json	shuimu	intermediate-013	一个无法拒绝的请求	1.2.0	0	142	applied	needs_source_check	json_valid	Codex	2026-10-01T10:14:46.818Z	f8e7241149cd650d91020caf2af836cb5b8707bd18236fc4fdeb6285a69b2528	4496e578bd6b4468d2602a16e690d4a6a75618fabfdff0bd677af73b8c6c67bd	2	完整读取瑞典停车提醒上下篇、十二道练习及答案、虚拟条件三时态规则和所有例句注释；补足选项与答案编号、are 后占位、题号与引号间距。损坏语法表格和异常字间空格保留并记录来源问题。；已补充疑点的当前文本精确定位（UTF-16）。
public/shuimu/lessons/intermediate/014.json	shuimu	intermediate-014	青春永驻	1.2.0	0	198	applied	edited	json_valid	Codex	2026-10-01T09:01:15.299Z	9704c70ccde8200cd59056163749a0d7b997924633c594057fd44dfb082ffbfe	734fb098874009a200ee75dbc3cabb5f169e7c947f1991f50499de0f278cb6d8	0	完整读取演员姑姑上下篇、十二道训练及答案、must/ought to/have to 语法说明；补足选项和答案编号、题号及填空边界、must/have to 与 cannot/can’t 中英间距；年龄、连字符、斜线和原换行保留。
public/shuimu/lessons/intermediate/015.json	shuimu	intermediate-015	醉翁之意不在酒	1.2.0	0	244	applied	needs_source_check	json_valid	Codex	2026-10-01T10:14:46.852Z	89a1e42fa35849bb4f935256ee7a429c09a37e3b00a83793107a6e261d5d0cb8	65eb1fb432af7af4ee4408c90cf21b96953e575d918a385aafdfae37c042b75d	1	完整读取钓鱼上下篇、全部练习及答案、动名词的各项形式和功能及动词枚举；补足选项答案、题号填空、-ing 后缀、括号词义、中文英文边界、等号箭头和 ASCII 标点空格。can ’t 的既有内部空格原样保留并登记。；已补充疑点的当前文本精确定位（UTF-16）。
public/shuimu/lessons/intermediate/016.json	shuimu	intermediate-016	难以舍弃的房子	1.2.0	0	130	applied	needs_source_check	json_valid	Codex	2026-10-01T10:14:46.886Z	1bb8838e990d9fc1046b53fe0b48392f33c21a88c4d12cf1b1802035e17c6c16	3c1d845533ca9c9b3b5e4339951f94038cc4b57e4f56b990226f622e26149637	2	完整读取机场噪声房屋故事、十二道练习与答案、主动被动转换全部时态；补足选项和答案编号、题干填空边界及箭头后空格。原题号 l1 与文末未完句保留并记录核对。；已补充疑点的当前文本精确定位（UTF-16）。
public/shuimu/lessons/intermediate/017.json	shuimu	intermediate-017	远方来的漂流瓶	1.2.0	0	194	applied	edited	json_valid	Codex	2026-10-01T09:02:20.450Z	9ed88bd6fdeefd0cda9470c07af8a604952c584a3ff22dcc078abb2187c468b0	a02fcc025b93692f3e081e585755906254e3751d2680bfa70cd3d9038d878dd9	0	完整读取漂流瓶上下篇、十二道训练及答案、双宾语和复合宾语被动转换全部规则与动词表；补足括号选项、答案编号、to/for 中英间距、箭头后、译文边界及分号空格。前篇截断的时态注释未在本篇续接，维持前篇来源疑点。
public/shuimu/lessons/intermediate/018.json	shuimu	intermediate-018	一栋特别的大房子	1.2.0	0	142	applied	needs_source_check	json_valid	Codex	2026-10-01T10:14:46.921Z	e4df64ca48546ecf421d1331069052067df7d7531fbb5a7f4961902be7d3465b	36e6c4f746e5995bb8034d9640a5606ad0d9771b93fa311dd57deb1d341a90d4	2	完整读取现代房子故事、练习与答案、短语/成语/情态动词被动转换及 get 结构；补足选项答案、填空边界、箭头、术语与汉字和括号边界、ASCII 逗号空格。原缩写空格和十/+疑点仅记录。；已补充疑点的当前文本精确定位（UTF-16）。
public/shuimu/lessons/intermediate/019.json	shuimu	intermediate-019	失而复得的 50 英镑	1.2.0	0	320	applied	needs_source_check	json_valid	Codex	2026-10-01T10:14:46.956Z	50e34f250ccd19bfad6b4daecfa08288090f66feebbfde01cffa633574615fb9	7d8152255e65b1e0ccbcf79ef728e9484f622195acb2483eb8df152b82f6ff8c	5	完整读取失而复得金钱故事上下篇、十二道训练及答案、十一类时间介词的全部规则例句；补足括号选项、答案及语法编号、at 3:20、双语术语和 ASCII 标点间距。货币符号不一致与疑似漏字标记来源核对。；已补充疑点的当前文本精确定位（UTF-16）。
public/shuimu/lessons/intermediate/020.json	shuimu	intermediate-020	一只调皮的小狗	1.2.0	0	224	applied	needs_source_check	json_valid	Codex	2026-10-01T10:14:46.990Z	9d7c40a0297fde142e52002ea541ed4eec16b75a1e964fd27f940262054da4cd	55bb3f3399cc0fbb35b5178738b5128915ccbe49f85fd2207855f99b39f60698	1	完整读取小狗藏手提包上下篇、十二道练习与答案、地点介词全部规则；补足选项答案、填空边界、英文句末与数字译文、地名括号、编号和等号间距。原括号全半角混用保持，缺占位题登记。；已补充疑点的当前文本精确定位（UTF-16）。
public/shuimu/lessons/intermediate/021.json	shuimu	intermediate-021	一架古老而珍贵的钢琴	1.2.0	0	314	applied	edited	json_valid	Codex	2026-10-01T09:03:24.002Z	a9004288f42ba2580b3cfeddca4ae25e991a6e0344af08300c33a193a9a5dd5f	5d4a8212d5ac8257d82b717c788c89c30ab8b58062ec5125e89c4de4b4d281df	0	完整读取古钢琴损坏故事、全部练习答案及关于/原因介词的十四类规则例句；补足选项答案、语法编号、of/die/from 与中文间距、upon 括号、owing to 等号、ASCII 分号逗号空格。音标外无新增疑点，年份及介词短语保持。
public/shuimu/lessons/intermediate/022.json	shuimu	intermediate-022	难懂的方言	1.2.0	0	268	applied	needs_source_check	json_valid	Codex	2026-10-01T10:14:47.025Z	3077e3f322ccf0dd02a395d9c00b4ff09ead62d688f01d6f95f76c5b15446df4	9f6b61bffd65d7a2ee920b3d80da0e337c8347f68e2d6e6a43d0f5e5456877b9	3	完整读取方言故事、练习和答案、目的对象条件结果对比方式让步原料状态量度各类介词；补足选项答案、题号填空、项目符号、术语中英边界、at 95 与 ASCII 逗号间距。百分数、尺寸及原有汉字空格保持；疑似题号/词尾损坏记录。；已补充疑点的当前文本精确定位（UTF-16）。
public/shuimu/lessons/intermediate/023.json	shuimu	intermediate-023	最好的艺术评论家	1.2.0	0	256	applied	needs_source_check	json_valid	Codex	2026-10-01T10:14:47.061Z	0156a7118b38949d52147e3e5dd5dbd3082cb8a9a1dea0bb45dd8e2bbd92d56e	4a788fc717cfc5b6ca01e0eaa70040d1fedd34694a87cfac6a7c3f95cded030c	3	完整读取艺术评论故事、全部问答训练和答案、形容词句法功能及排列顺序；补足选项答案、连词提示括号、术语词义边界、a-/ful/able 后缀和 ASCII 逗号冒号间距。原引号方向及 mod 拼写疑点保留核对。；已补充疑点的当前文本精确定位（UTF-16）。
public/shuimu/lessons/intermediate/024.json	shuimu	intermediate-024	露营遇上大暴雨	1.2.0	0	204	applied	needs_source_check	json_valid	Codex	2026-10-01T10:14:47.095Z	db8fedf3de02c9f1fde52b8c8855b2d11dafccd4909a429e63acc1e5bc08d18f	bc36b3c5bdfb0f8b85d75b53b1da6868050a8daf7338995d8b604c490dba4153	4	完整读取暴雨露营故事、问答练习和答案、副词分类、词形表及 ago/before/since 比较；补足选项答案、填空和提示括号、分类英文名、-ly、双语边界、逗号冒号空格。原有中文词间异常空格保留并记录。；已补充疑点的当前文本精确定位（UTF-16）。
public/shuimu/lessons/intermediate/025.json	shuimu	intermediate-025	令人感到奇怪的信仰	1.2.0	0	318	applied	needs_source_check	json_valid	Codex	2026-10-01T10:14:47.130Z	aa1867d3a4e0f0909b66e9d9b2640b5640a2d5fd14941110cef6243d217ae48e	447aca1e987b6f8c1a23a52bdf5d703e410ab720c9295e4a53c4e2b45d27800e	1	完整读取美杜莎停车故事、十二道训练及答案、副词下篇全部比较和频率百分比表；补足选项答案、填空边界、例句括号标签、中英术语和 ASCII 标点空格。百分数及词组保持；重复撇号原样记录。；已补充疑点的当前文本精确定位（UTF-16）。
public/shuimu/lessons/intermediate/026.json	shuimu	intermediate-026	一次被拒绝的旅行	1.2.0	0	164	applied	needs_source_check	json_valid	Codex	2026-10-01T10:14:47.164Z	025149f40698539e0f44702788b6eabc9ae6ac7fc60a4aebb14eaac393f3bb4b	ca9fe39374670cfdbf6cd14e2e3ea03d28ae3e7db2c842e1f96fb92f1e76a87c	3	完整读取飞机出租故事、全部问答练习及答案、助动词分类与 be/do/have 用法；补足选项答案、括号后 uses、填空边界、术语中英和冒号间距。原撇号、surprised0、缺占位保留待核对。；已补充疑点的当前文本精确定位（UTF-16）。
public/shuimu/lessons/intermediate/027.json	shuimu	intermediate-027	差点闯祸的足球	1.2.0	0	200	applied	needs_source_check	json_valid	Codex	2026-10-01T10:14:47.199Z	bb955ceb05c6ea34d10ae573d7a3d01527be776ee0286be12ada1c161294ea41	6e97bdcb200a3c4d9e31470964d7bbe1f128b29302d2f7d6cf9f752c82075de7	2	完整读取足球击中船客上下篇、全部问答练习答案及半助动词分类转换；补足选项答案、填空边界、术语括号与中文、be (un)likely、箭头和 ASCII 逗号间距。原有逐字空格保留并登记。；已补充疑点的当前文本精确定位（UTF-16）。
public/shuimu/lessons/intermediate/028.json	shuimu	intermediate-028	退休的老板和修理工	1.2.0	0	218	applied	needs_source_check	json_valid	Codex	2026-10-01T10:14:47.232Z	cf2cc540bbada50774412a4b5687acfcb1d592bccf063e66bc38d21672642475	c4308cef6a31dbc98c21c88621ab52ab86c58c4ee005cc5d3a23c4f99c5d213a	3	完整读取退休老板故事、全部问答练习和答案、非谓语动词分类、主语不定式及形式主语规则；补足选项答案、填空边界、提示括号、英文语法名称括号外、中英和 ASCII 逗号间距。原题选项有两个相同文本，保持题目内容不改。；已补充疑点的当前文本精确定位（UTF-16）。
public/shuimu/lessons/intermediate/029.json	shuimu	intermediate-029	见义勇为的公交车司机	1.2.0	0	218	applied	needs_source_check	json_valid	Codex	2026-10-01T10:14:47.267Z	dd34ffa2cd460fd918f54ca33630b79a3f4fbeef0ea698f1f329e5a47b6cae60	405edce96e1103d61cb4dca3b84f890dbbd1440b5caff521223f70d381a6afff	3	完整读取公交司机抓贼故事、全部问答练习和答案、不定式作宾语定语的规则及长词表；补足选项答案、填空边界、词义括号、枚举逗号分号、等号与双语术语间距。词表括号损坏和原题占位疑点记录保留。；已补充疑点的当前文本精确定位（UTF-16）。
public/shuimu/lessons/intermediate/030.json	shuimu	intermediate-030	母女共创世界纪录	1.2.0	0	330	applied	needs_source_check	json_valid	Codex	2026-10-01T10:14:47.303Z	a603ee48c8da741c0a3d538bc8fad75a99e576dc28cdd21490841f7ff70c12c5	ddb48cba3b8636c1ee79f3098a94bd5c630f0fff306da62eb7d67addddc761ab	8	完整读取横渡海峡故事、十二道练习答案、不定式作状语补语及独立成分全部规则词表例句；补足选项答案、题号填空、enough/too 中英边界、词义括号与 ASCII 标点、替换等号和译文边界。重复选项编号及既有异常中文空格保留核对。；已补充疑点的当前文本精确定位（UTF-16）。
public/shuimu/lessons/intermediate/031.json	shuimu	intermediate-031	现实很骨感	1.2.0	0	330	applied	needs_source_check	json_valid	Codex	2026-10-01T10:14:47.338Z	373c5fea0aeb83da2e59bffa1511387ef45f6d8f59f520192f99dea02c4f4651	7effbf776ad19ae5a482ceae61841ab567f88e495cd1ade6700dba7caec53191	1	完整读取回英退休天气故事、全部练习和答案、动名词六类功能及长动词表；补足选项答案、填空边界、-ing、词义/可省介词括号、等号与术语中英及 ASCII 标点间距。原词义异常字间空格保留记录。；已补充疑点的当前文本精确定位（UTF-16）。
public/shuimu/lessons/intermediate/032.json	shuimu	intermediate-032	一次吃得并不开心的晚餐	1.2.0	0	244	applied	needs_source_check	json_valid	Codex	2026-10-01T10:14:47.374Z	4d007f497af94916b53f92d390688db4bad7d5c86ea1d07e4c4914d8c38c8f71	58a76ee50e2229328d8c48765e9d77f91f2138d032a9382913953912c4a62d39	3	完整读取晚餐搭话故事、全部练习答案、陈述/祈使/感叹/虚拟语气规则及所有例句；补足选项答案、填空边界、术语括号、后缀、引语和译文分隔、等号及 how/what 中英间距。题号漏字与引号缺失仅登记。；已补充疑点的当前文本精确定位（UTF-16）。
public/shuimu/lessons/intermediate/033.json	shuimu	intermediate-033	它好像不是很听话	1.2.0	0	158	applied	edited	json_valid	Codex	2026-10-01T09:07:47.479Z	85b195381d67730cac07618bdec1a16fca39ea6dc3c5d90aa9398eaf89cf07d6	c4ab2fc1f4b4407a1c90237995c2ad53f24cfbe3f970e4946749e1376c1486f5	0	完整读取耍蛇故事、全部问答练习及答案、虚拟条件句表格三种时态与所有注释例句；补足选项答案、填空边界、提示括号、表格英文前编号与中文 ASCII 逗号间距。保留表格换行、should/would/could/might 逻辑关系和所有句子。
public/shuimu/lessons/intermediate/034.json	shuimu	intermediate-034	充满智慧的高空探险家	1.2.0	0	150	applied	needs_source_check	json_valid	Codex	2026-10-01T10:14:47.410Z	14fd4bce510235a42360adc7bc95697654894d2809ba032e6ba3e65ab80abe22	8b5b6f91098d6a4a831682e0cc41de164997f83616d2fd5d50ec321bcea24f9f	3	完整读取飞越南极故事、全部练习答案、错综与含蓄条件句七类例子；补足选项答案、填空边界、under 数字边界、解释括号及等号空格。保留 R.E. 缩写和千分位；受损数字选项具体记录。；已补充疑点的当前文本精确定位（UTF-16）。
public/shuimu/lessons/intermediate/035.json	shuimu	intermediate-035	不是百分百的小偷	1.2.0	0	328	applied	needs_source_check	json_valid	Codex	2026-10-01T10:14:47.446Z	ceafc4d91b731cef27e442f9f0c3bc5cf06cfbd962523dbfa539cfa2d5de3e70	1a014267625a06684d05a04cfca5ae72eb1d76822a62ba6f7e80cc1632235b6c	3	完整读取归还钱包故事、全部练习答案、名词从句虚拟语气上篇全部动词规则和例句；补足选项答案、填空、冒号引号、词义括号、可省 should 括号及 ASCII 逗号分号间距。百分数保持；pock 及异常中文空格记录来源核对。；已补充疑点的当前文本精确定位（UTF-16）。
public/shuimu/lessons/intermediate/036.json	shuimu	intermediate-036	既遭罪又昂贵的旅行	1.2.0	0	278	applied	needs_source_check	json_valid	Codex	2026-10-01T10:14:47.480Z	80fb29fa41a17d901ea2030d5abe5f5094c85a560092ab08dc570dfcec7079a7	a45462780dfa45137a32f54a3b7582b3a0c3d10a1c964707c5bd31276c9b913a	7	完整读取藏箱旅行故事、全部练习答案、wish/表语/同位语/方式目的状语虚拟语气规则；补足选项答案、填空、had 结构括号、词义与中英边界、ASCII 标点间距。金额千分位和币种不擅改，来源问题登记。；已补充疑点的当前文本精确定位（UTF-16）。
public/shuimu/lessons/intermediate/037.json	shuimu	intermediate-037	一个嗜酒的酒鬼	1.2.0	0	218	applied	needs_source_check	json_valid	Codex	2026-10-01T10:14:47.514Z	ae3da19cdd8f2094bc8c36ca09320367bceb3f5daf40647d623b722a2a34f391	b482d66b0c3b3a509829fbbbace95250fb46c9b4b598fe1a2f85437b2543fcd2	1	完整读取闹鬼酒吧故事、全部问答练习答案、其他虚拟语气与省略倒装规则例句；补足选项答案、填空边界、would/about 等中英边界、that 括号和等号、ASCII 逗号间距。重复撇号保留核对。；已补充疑点的当前文本精确定位（UTF-16）。
public/shuimu/lessons/intermediate/038.json	shuimu	intermediate-038	一颗被拔错的牙齿	1.2.0	0	174	applied	needs_source_check	json_valid	Codex	2026-10-01T10:14:47.548Z	0bc556f9f1a1faddaecfe4edbb2a13e7327dd0226b34420ef98c021cd683f01b	5b732f713a703ef9228d818f0ea634d9b0c776ed32787c35084bdd70725b433f	2	完整读取拔错牙故事、全部练习答案、名词性从句连词与关系词分类映射；补足选项答案、空位前省略号、how/why 和 whether/if 中英边界及词义映射等号。米柴盒和逐字错句保持并登记来源问题。；已补充疑点的当前文本精确定位（UTF-16）。
public/shuimu/lessons/intermediate/039.json	shuimu	intermediate-039	生平第一次睡在床上	1.2.0	0	168	applied	needs_source_check	json_valid	Codex	2026-10-01T10:14:47.583Z	0846e81f2b27bdbdc55af705aa5cb962c030eb28ef965d25e15f8adb32ec2a27	f8159d4143da5f3175b915879f94e0535573aef890507f8206c6191a18c0c8c2	1	完整读取屋顶床被风吹走故事、全部问答练习答案、主语从句上篇全部结构例子；补足选项答案、填空边界、箭头、编号和术语括号及 that 中文边界。十层楼复合词跨行连字符保留；et. 缩写疑点记录。；已补充疑点的当前文本精确定位（UTF-16）。
public/shuimu/lessons/intermediate/040.json	shuimu	intermediate-040	吃饱了才能减肥	1.2.0	0	188	applied	needs_source_check	json_valid	Codex	2026-10-01T10:14:47.628Z	0d237aded20a7b921e94f0a9c85967b69c437764210e3946bd3113998a678529	cb941f3415368709356e123b2c9275077c852c27a1386d27634cfe31b6a7e629	2	完整读取节食失败故事、全部练习答案、主语从句下篇和 if/whether 七项限制与正误例句；补足选项答案、填空边界、术语中英、语法编号和冒号间距；教学正误标记均正常，受损选项与答案疑点保留核对。；已补充疑点的当前文本精确定位（UTF-16）。
public/shuimu/lessons/intermediate/041.json	shuimu	intermediate-041	一块特殊的地毯	1.2.0	0	244	applied	needs_source_check	json_valid	Codex	2026-10-01T10:14:47.663Z	b9850cbf6fcbc07d7503077151b3769416b88744111c1ba6000f2907d2f38c98	55f302899684e72e3aedda645532b20178b90e9d3db9fa549cedcd69d4b03239	3	完整读取书本地毯故事、全部练习答案、直接/间接/介词宾语从句规则与例句；补足选项答案、填空边界、冒号引号、词义括号、ASCII 逗号间距。原词首缺字、异常逐字空格及括号损坏登记。；已补充疑点的当前文本精确定位（UTF-16）。
public/shuimu/lessons/intermediate/042.json	shuimu	intermediate-042	一场不明原因的大火	1.2.0	0	218	applied	edited	json_valid	Codex	2026-10-01T09:10:58.610Z	4e56d66522b0a49aefd5c0b3df66422776d5d23168d2c429cf7f84065f3ca279	e6ed3d2f4886aae3006b48304670036b160ef11338677647e3e9fd70e3d7b571	0	完整读取森林火灾故事、全部问答练习答案、表语和同位语从句规则及例句；补足选项答案、填空边界、英文引号后 he、though/because 中英边界、语法编号和 ASCII 逗号间距；16,000-volt 复合修饰语及千分位保持。
public/shuimu/lessons/intermediate/043.json	shuimu	intermediate-043	一个糟心的上午	1.2.0	0	190	applied	needs_source_check	json_valid	Codex	2026-10-01T10:14:47.699Z	e500e3f8ca476400745493b71ae4fb57665ee439143a73d5006de8b064ea2aea	9b0342249c43e83bbecd493f791be6062e4ce93f3352e2b1d2a21025cc3238a6	2	完整读取做馅饼被打断故事、全部练习答案、关系代词表及限制/非限制从句主宾格规则；补足选项答案、填空边界、译文 ASCII 叹号、解释等号括号与 that/which 中英间距。ir 和多余右括号记录来源核对。；已补充疑点的当前文本精确定位（UTF-16）。
public/shuimu/lessons/intermediate/044.json	shuimu	intermediate-044	探测器寻宝记	1.2.0	0	200	applied	needs_source_check	json_valid	Codex	2026-10-01T10:14:47.733Z	e5a91f1e77721be4e7a1c0dd0c951e7ba6f7d4ee84ca32099efb7eeac068dc02	932a08a67c75611052534970998da27286cc43ec291d58b4115f2d25d70ef9fd	1	完整读取探测寻宝故事、全部练习答案、关系副词 when/where/why/that 用法与替换例句；补足选项答案、填空边界、插入语破折号空格、术语中英、解释括号及等号间距。缺标点占位的题干保留记录。；已补充疑点的当前文本精确定位（UTF-16）。
public/shuimu/lessons/intermediate/045.json	shuimu	intermediate-045	惊险的老式汽车比赛	1.2.0	0	164	applied	edited	json_valid	Codex	2026-10-01T09:12:46.117Z	69f603eb26ec19ecb91c944af8613cc3dfee8bd7985e53e288504adc8572d3b4	8fe8c4be3b729a4f1a4fe9b15d399581f605401bf55285255454aef5e6340bd5	0	完整读取老爷车比赛故事、全部问答练习与答案、限制与非限制定语从句对比及例句；补足选项答案、填空边界、in 1885、可省 that、释义分号、英文解释括号和 but/why 中英间距。Rolls-Royce 品牌、年代及原换行保持。
public/shuimu/lessons/intermediate/046.json	shuimu	intermediate-046	惩罚势利的售货员	1.2.0	0	268	applied	needs_source_check	json_valid	Codex	2026-10-01T10:14:47.774Z	39aaf4a84927e9641178939a7302c339cba4e4c02fc9c0618ba072059d470046	b8f2a1f48bbc74aadd9a92a10dc260d4e09d96322b316c37ec54f8fd03c24dc0	1	完整读取故事、问答、12 道练习与关系代词语法说明；补齐选项、填空边界、答案序号及中英术语间距。；已补充疑点的当前文本精确定位（UTF-16）。
public/shuimu/lessons/intermediate/047.json	shuimu	intermediate-047	自娱自乐的游戏	1.2.0	0	228	applied	needs_source_check	json_valid	Codex	2026-10-01T10:14:47.811Z	d1b8b3dbf31c61c0be33c7959ae5ad2527a46abc10dd93013bce129214b55096	c8546cd2f7bf2d23892a1229f830fd74bc4ec3c0520f3ecc01222599ddc46e10	2	完整读取 Rex 故事、问答、练习和 whose、whoever、as/which 语法说明；检查例句及正误对照，修正确定的空格边界。；已补充疑点的当前文本精确定位（UTF-16）。
public/shuimu/lessons/intermediate/048.json	shuimu	intermediate-048	考了三次还没通过的考试	1.2.0	0	242	applied	needs_source_check	json_valid	Codex	2026-10-01T10:14:47.847Z	d962a3818edafb5d29aa8693f5af95c0dc8428c29f698ee44af26f44de1a1e73	5679eeee9137759b897c7ae52c6993453694721b8d3b61fc4df21d79678fade5	2	完整读取驾驶考试故事、问答、12 道练习、状语从句连接词表和时间从句辨析；保留填空与语法公式，补齐确定的相邻边界。；已补充疑点的当前文本精确定位（UTF-16）。
public/shuimu/lessons/intermediate/049.json	shuimu	intermediate-049	爱护环境，用火须谨慎	1.2.0	0	356	applied	needs_source_check	json_valid	Codex	2026-10-01T10:14:47.883Z	472a0c28c191f95e9cf73c27089b8f7174971a8771026abdf30a989b3782ad04	51ee35e8c00a77f0c74d5dc186b5ff5f9a0329314f2809aa9ae5f91f6c1109eb	2	完整读取森林火灾故事、问答、12 道练习和原因/条件/方式状语从句说明；逐处确认连接词与括号边界，保留连字符、公式和段内换行。；已补充疑点的当前文本精确定位（UTF-16）。
public/shuimu/lessons/intermediate/050.json	shuimu	intermediate-050	是幽默而不是嘲笑	1.2.0	0	246	applied	edited	json_valid	Codex	2026-10-01T09:17:08.625Z	5bf0ea594c117d79213c21f32394a4bd06dd767ba396c0bb52a6ed91c62de42d	91cb6f353938a0257a0ec1f7a834fedfa7d25acc1e6a877acee3dcd09f932f54	0	完整读取婚礼演讲故事、问答、12 道练习与让步状语从句全部例句；修正选项、答案、填空及术语相邻间距，保留 six-year-old 等词。
public/shuimu/lessons/intermediate/051.json	shuimu	intermediate-051	一波三折才建成的隧道	1.2.0	0	192	applied	needs_source_check	json_valid	Codex	2026-10-01T10:14:47.919Z	7d55dc99506b8342ae9ecf2504c7d9f064cc142b4f4c6b4e94e56e9d064ce343	29a920c07713fdfd816493c966437abdde69bdc7058ff332f20cb9c0fa725839	2	完整读取海峡隧道故事、问答、练习及主谓一致原则与所有例句；检查日期、题号、例句译文连接，保留断行连字符与公式。；已补充疑点的当前文本精确定位（UTF-16）。
public/shuimu/lessons/intermediate/052.json	shuimu	intermediate-052	一头小象引发的交通堵塞	1.2.0	0	284	applied	needs_source_check	json_valid	Codex	2026-10-01T10:14:47.955Z	803a266947608ffb6c262861d407b34647b3ba9ad52b9860aeb694c3813a6a8d	94621e3c63f1a0b24a7a64674c664c8723b40cbd713568f1a797d1aa3f8872d4	1	完整读取江伯堵塞交通的故事、问答、练习与主谓一致下篇；检查集合名词及并列主语例句，修正确定的词表和选项边界。；已补充疑点的当前文本精确定位（UTF-16）。
public/shuimu/lessons/intermediate/053.json	shuimu	intermediate-053	孜孜不倦的科学家	1.2.0	0	294	applied	edited	json_valid	Codex	2026-10-01T09:18:17.164Z	de34cc3ef6033d2c05a563520378e08303001825601dde8072d259c9f2f2ea2f	afbef5e31f1af6fc1b4a0a0efe5a07393896de016737a863dce759b2f43969b3	0	完整读取火山研究故事、问答和练习；语法后半段单独读取至末尾，完整复核定语/强调/what/there be 主谓一致和代词一致。
public/shuimu/lessons/intermediate/054.json	shuimu	intermediate-054	九死一生的醉汉	1.2.0	0	216	applied	needs_source_check	json_valid	Codex	2026-10-01T10:14:47.990Z	7f863de15072dda2cc14a70a8f43fb30a4b56ffed59e7838e382f841cff465f3	d76be322693ec04814fed50511c8b78c0bd8079f9ef0065c438878908dd30c6a	2	完整读取醉汉斗牛故事、问答、练习和全部/部分倒装说明；修复题号、填空边界及年代间距，保留1960’s年代形式。；已补充疑点的当前文本精确定位（UTF-16）。
public/shuimu/lessons/intermediate/055.json	shuimu	intermediate-055	一个著名的大钟	1.2.0	0	312	applied	needs_source_check	json_valid	Codex	2026-10-01T10:14:48.026Z	f538104c90ed4ed7fdd480b5235cff1e09152254c063fdb11b1b03547da5f3d7	5a9282162d6137849c88cdb379595d59c699f24ea3113bb628a8d742dd6c045c	1	完整读取大本钟故事、问答、练习和 there be 上篇全部例句；保留 B.B.C. 缩写内部，修复词性标记、问答及箭头边界。；已补充疑点的当前文本精确定位（UTF-16）。
public/shuimu/lessons/intermediate/056.json	shuimu	intermediate-056	愚人节的玩笑	1.2.0	0	272	applied	needs_source_check	json_valid	Codex	2026-10-01T10:14:48.061Z	0298140f83340b1e40b833849bb6083b2f09d9a5497b7dd411ef0a8dee8ebf29	ef628061eead58d784f19a6cfb0dfbfaa05a9bc28dd84b962cdaa53403e36cd4	2	完整读取愚人节通心粉新闻、摘要要点、练习与 there be 时态/动词/非限定形式例句；保留 April 1st、复合词，修正确定的题号与填空边界。；已补充疑点的当前文本精确定位（UTF-16）。
public/shuimu/lessons/intermediate/057.json	shuimu	intermediate-057	逃学记录保持者	1.2.0	0	206	applied	needs_source_check	json_valid	Codex	2026-10-01T10:14:48.096Z	3dd37fcaee80eb81329be2b70cc1d72895fa39d618ddbc109fb112128f34241f	d55fb322f83e47bb0923cfde6f4a86ff8ba3d3b8995064b0f3327d56ce423471	2	完整读取逃学故事、摘要要点、12 道练习及强调句型说明；保留故事中的 1,600 千位写法与 French-Spanish，修正英文选项和中英文术语边界。；已补充疑点的当前文本精确定位（UTF-16）。
public/shuimu/lessons/intermediate/058.json	shuimu	intermediate-058	太过完美的伪装	1.2.0	0	174	applied	needs_source_check	json_valid	Codex	2026-10-01T10:14:48.132Z	2b1c21fdf69b5e0063476dfc2972eecf79329508368fe4a2aaff2cead76a7296	96b3fb8868a9b1c3c9d24a9fe3161b1f9eb4e440d2ca0b2ea4940eb4cf40fe6e	3	完整读取演员伪装野餐故事、摘要要点、练习和并列/复合句省略例句；区分教学括号与单词，补齐英文边界空格。；已补充疑点的当前文本精确定位（UTF-16）。
public/shuimu/lessons/intermediate/059.json	shuimu	intermediate-059	在雪地里呼救	1.2.0	0	146	applied	needs_source_check	json_valid	Codex	2026-10-01T10:14:48.166Z	bfe4350e877d018fb6090e2f06b35e3769c01467849e7e0d8d76d358167b4d20	90b8dfe107d30e0cd04154e59faae57f002c385d399e0e223aa02880de230c93	3	完整读取雪地求救故事、摘要要点、练习和四类否定说明；检查 SOS、缩写和否定例句，修正教学注释边界。；已补充疑点的当前文本精确定位（UTF-16）。
public/shuimu/lessons/intermediate/060.json	shuimu	intermediate-060	一次成功的手术	1.2.0	0	226	applied	needs_source_check	json_valid	Codex	2026-10-01T10:14:48.200Z	e1c6c61dfd5043eb32af89aef89cc24e8dca56025bb5e9217dceabdf17bc38f6	4f9f285187dfbc853355b65b2d53b0f0ab46e698e590c0694087d7ba5dd61ac1	3	完整读取木乃伊手术故事、摘要、12 道词汇题及综合测试一 20 道题和解析；保留 X-ray、B.C. 内部，修复填空、答案选项及解释标点后的空格。；已补充疑点的当前文本精确定位（UTF-16）。
public/shuimu/lessons/intermediate/061.json	shuimu	intermediate-061	戒了无数次的烟	1.2.0	0	310	applied	needs_source_check	json_valid	Codex	2026-10-01T10:14:48.235Z	a699afde6e2f1cfdc179bb24f304204749e9c726c5e1a931a8151396868ad22e	42d2ee44b6747e0696e4913d18e6967e6ccbf779faf5cbae1f98cc3b0aefe21c	3	完整读取戒烟故事、摘要、12 道词汇题及综合测试二 20 道题和解析、答案串；修复填空、引号、解释及答案分组边界，保留时间与复合词内部。；已补充疑点的当前文本精确定位（UTF-16）。
public/shuimu/lessons/intermediate/062.json	shuimu	intermediate-062	有惊无险的飞机之旅	1.2.0	0	324	applied	needs_source_check	json_valid	Codex	2026-10-01T10:14:48.271Z	7ab25140751bbaed91a8d25ae8ca9344c2f66924ff9135a1bc1ae6a0e4e4d7ba	a7952b3fbb06da35f2da2b91c7403937bc4bae3da5ee6350433cbde232171b16	5	完整读取飞机返航故事、摘要、12 道练习与综合测试三全部 20 题和解析；修正确定的边界，保留选项及试题原貌。；已补充疑点的当前文本精确定位（UTF-16）。
public/shuimu/lessons/intermediate/063.json	shuimu	intermediate-063	靠机智逃脱的战俘	1.2.0	0	220	applied	needs_source_check	json_valid	Codex	2026-10-01T10:14:48.307Z	e889fa072f61218b54d88267ecd50aecdf4ccb94028e42ece8daa41592d3a7c9	fce39f4edf70bb8d5a34a14c34b38231b445bbe56d0e165e0f2b2458dc7f7894	2	完整读取战俘逃脱故事、摘要、12 道练习与综合测试四全部 20 题和解析；检查百分比与千位数字保护，修正答案题号及中英文边界。；已补充疑点的当前文本精确定位（UTF-16）。
public/shuimu/lessons/intermediate/064.json	shuimu	intermediate-064	一条长得像怪物的鱼	1.2.0	0	218	applied	needs_source_check	json_valid	Codex	2026-10-01T10:14:48.341Z	3de4bc1ed3c21ccfb4d4273762739d7b196d0afef7242b01a4a45ec65d3e6bcb	c599e310d47b227030694dfd7e76ef83a74c3f7fcd02f3b346eabb740b000a07	3	完整读取桨鱼故事、摘要、12 道练习与综合测试五全部 20 题和解析；修正选项、填空、答案分组和英文引号前的缺空格。；已补充疑点的当前文本精确定位（UTF-16）。
public/shuimu/lessons/intermediate/065.json	shuimu	intermediate-065	活到老学到老	1.2.0	0	252	applied	needs_source_check	json_valid	Codex	2026-10-01T10:14:48.376Z	bf5a59fd9f279255aa66cb0be37f459f5c4ee863873efb589d1dc666f9872a40	edece409bbb535e7d9293cbb526a414463bec1b90b85148bd9b596449056a5c7	1	完整读取校长退休故事、摘要、词汇题及综合测试六全部 20 题和解析；检查引号、连字符与答案分组，修复确定的缺空格。；已补充疑点的当前文本精确定位（UTF-16）。
public/shuimu/lessons/intermediate/066.json	shuimu	intermediate-066	日本的特殊节日	1.2.0	0	180	applied	needs_source_check	json_valid	Codex	2026-10-01T10:14:48.410Z	4ce9e861e311af3e4b9fcb13d994cbb72cea19407826574986ac3037156f1187	e500e782d357fbab608d38975e1606844fb072b57e114c212e20fc77e9d0a06d	2	完整读取亡灵节故事、摘要、词汇题及综合测试七全部 20 题和解析；修复小括号选项、选项标签与解析边界，保留 Specially-made。；已补充疑点的当前文本精确定位（UTF-16）。
public/shuimu/lessons/intermediate/067.json	shuimu	intermediate-067	未来的游泳冠军	1.2.0	0	214	applied	needs_source_check	json_valid	Codex	2026-10-01T10:14:48.445Z	709a3c91f459b272f00c69c7aa74bc2a785d2c7dd7e830b3e9e235aef486d578	af22e0ad3affca1e276e9267876c2ff51151ae576a36afbf0a5d26ff132bbef3	1	完整读取幼儿游泳故事、摘要、词汇题及综合测试八全部 20 题和解析；修复填空、术语和答案间距，记录解析交叉引用疑点。；已补充疑点的当前文本精确定位（UTF-16）。
public/shuimu/lessons/intermediate/068.json	shuimu	intermediate-068	法国送给美国的自由女神像	1.2.0	0	206	applied	needs_source_check	json_valid	Codex	2026-10-01T10:14:48.480Z	29e48dd47956f6e38dd51aa6f49313eb2cb3ed9d06e01eb10ebf658eef51e4fc	0117fd3f1ad84bd86cf7f6ab9d429c7dc2df48489bd2b9e0d93280c082a05152	2	完整读取自由女神像故事、摘要、词汇题及综合测试九全部 20 题与解析；检查 U.S.A. 和 70% 内部不变，修复年代和填空边界。；已补充疑点的当前文本精确定位（UTF-16）。
public/shuimu/lessons/intermediate/069.json	shuimu	intermediate-069	被大鱼吓到的潜水员	1.2.0	0	222	applied	needs_source_check	json_valid	Codex	2026-10-01T10:14:48.516Z	e2b0944090d0aedd2aca2d47f46a7ef07b2a9ae1c1eeb8389c8721a6d597d2af	2778194872e789ed4061128543310c809b6b5403cbdce634b489497832502f23	4	完整读取北海大鱼故事、摘要、词汇题及综合测试十全部 20 题与解析；保留 50,000 千位写法，修复半角分号后的中文和英文术语边界。；已补充疑点的当前文本精确定位（UTF-16）。
public/shuimu/lessons/intermediate/070.json	shuimu	intermediate-070	艰难的矿井救援	1.2.0	0	230	applied	needs_source_check	json_valid	Codex	2026-10-01T10:14:48.552Z	13043627068ba55ac483b81ddbeb39cfe424039874841960d32300d7ad8b4511	6b73a26ca693fe58c15093aeb9bf26f6ea6d80bc57d0a197ca9e0d747b2e8d68	3	完整读取矿井营救故事、摘要、词汇题及综合测试十一全部 20 题与解析；修复题号和填空边界，品牌内部已有空格问题保留为来源疑点。；已补充疑点的当前文本精确定位（UTF-16）。
public/shuimu/lessons/phonetics/001.json	shuimu	phonetics-001	入门课：认识 26 个英文字母	1.2.0	0	2	applied	edited	json_valid	Codex	2026-10-01T09:23:30.214Z	7c7a98f5437b9a412d5d87bbd05525a4bd4ed2c5b456c979c74586a534e3d85e	fcb303993d3969221d4fa1951f9f5e703e913826016b28f3b395fe8101544d92	0	完整读取字母课程、26 个字母音标及书写说明；保留音标符号及已有字母对间距，仅补角度数值与中文边界。
public/shuimu/lessons/phonetics/002.json	shuimu	phonetics-002	第一课：语音基础知识	1.2.0	0	6	applied	edited	json_valid	Codex	2026-10-01T09:23:30.253Z	89c935517890bda09f6e8f0a855f0549f87d8e4e32b9e93df6f2ec0bd54ae466	75860ff7876302bbf0d3141e910cd295084bfdb89615e976b88bb21976f1c5ef	0	完整读取发音动机、自然拼读、IPA 与语调条目及学习方式；现有中英数字间距合理，无需另行插入空格。
public/shuimu/lessons/phonetics/003.json	shuimu	phonetics-003	第二课：4 个前元音	1.2.0	0	66	applied	edited	json_valid	Codex	2026-10-01T09:23:48.761Z	eaf47be20d25321d99d8bf4b9a2e354a094d8310a9d36aaf357a767853a293c6	e3d5f8ed780003dbb2967622345ad454587fbb65b75b42e4ed9266ea1abe186d	0	复查已全文读取的音标课程差异，补齐相邻音标后中文边界；音标内部内容保持不变。
public/shuimu/lessons/phonetics/004.json	shuimu	phonetics-004	第三课：3 个中元音	1.2.0	0	40	applied	edited	json_valid	Codex	2026-10-01T09:23:48.844Z	95068886d8435de74ff678ae34e14cbb063e441cdfa7ef55c40799e2214c40cc	0c6a9bec6cb9ff26b447f2731ba8c42e1394f3511d3fb50c22ac4e2d2e59139f	0	复查已全文读取的音标课程差异，补齐相邻音标后中文边界；音标内部内容保持不变。
public/shuimu/lessons/phonetics/005.json	shuimu	phonetics-005	第四课：5 个后元音	1.2.0	0	62	applied	edited	json_valid	Codex	2026-10-01T09:24:25.929Z	e2a0af5a15f07d11ffdcf8b9b7bc5eeb2e174724a46ef5a5472401975cfff61e	ba85fd5f4dc8ac2ff61da4dae7e622edafb44283ef08e6badeb61ea34abb27f3	0	完整读取五个后元音发音、字母组合和五段绕口令；为音标整体补中英间距，音标和英文单词内部保持不变。
public/shuimu/lessons/phonetics/006.json	shuimu	phonetics-006	第五课：3 个合口双元音	1.2.0	0	62	applied	edited	json_valid	Codex	2026-10-01T09:24:26.012Z	fb6611d37f7a7bcb8667a7a7baed31ad18888b8bb8ea359c6a964e40e714a65f	f503578d26cf3dc0cb4b11d9fe97813e177e81a48a424d580ecca911351f3cde	0	完整读取三个合口双元音发音、组合及全部绕口令；确认题号后和音标两侧缺空格，保留原有句行结构。
public/shuimu/lessons/phonetics/007.json	shuimu	phonetics-007	第六课：2 个合口双元音	1.2.0	0	46	applied	edited	json_valid	Codex	2026-10-01T09:24:26.091Z	fb20536faaf6ba6b2a3b09d44600b07b5db98dcc4ed6dd6037fefde3b5b4fa26	512f636305558ece9ff44d5ead11457b8708c4894a59104059e5d5b30829bd03	0	完整读取两个合口双元音、字母组合和两段绕口令；补音标边界和题号间距，保留拼音 ao 与英文单词内部。
public/shuimu/lessons/phonetics/008.json	shuimu	phonetics-008	第七课：3 个集中双元音	1.2.0	0	60	applied	needs_source_check	json_valid	Codex	2026-10-01T10:14:48.588Z	7bad868d80c4ac8c68361829e0d2435eddcfd04d9232abbda5c1c1cd9224e94b	125270d4e8a6d078a325454b9f2ee20ed15aa963c35ccc430cb5d5a652ae6041	1	完整读取三个集中双元音说明、字母组合及五段绕口令；补音标整体两侧空格，跨行音标保持原换行并单列来源问题。；已补充疑点的当前文本精确定位（UTF-16）。
public/shuimu/lessons/phonetics/009.json	shuimu	phonetics-009	第八课：3 对爆破辅音	1.2.0	0	56	applied	edited	json_valid	Codex	2026-10-01T09:25:01.349Z	7dee5143ff26b608cedadfbcea7d3adab8d23f8fcb4b886abe5ba3875cda74c0	9c5b7d1e4f48c9eabd84de0a60905053c2db3676cbbca5f911028120989633c5	0	完整读取三对爆破辅音的发音、字母组合及九段绕口令；补音标整体边界，保留音标与单词内部。
public/shuimu/lessons/phonetics/010.json	shuimu	phonetics-010	第九课：5 对摩擦辅音	1.2.0	0	98	applied	edited	json_valid	Codex	2026-10-01T09:25:01.440Z	f8428a37e2014602dfaafc2e4de2eb9971dceb44a5682dd734301f2b7bd64328	98eb1c909b65dbd7768253b8a67a8b187ade4179dac8a6098b1a0cf650b5b7ec	0	完整读取五对摩擦辅音说明、词表和全部绕口令；补音标与中文相邻处，保留 /3/ 原字形、已有音标内部空格及英文连字符。
public/shuimu/lessons/phonetics/011.json	shuimu	phonetics-011	第十课：3 对破擦音	1.2.0	0	76	applied	edited	json_valid	Codex	2026-10-01T09:25:01.519Z	2e0ab0c1c58e0a50b8c415e3aaf721b042be1c8d153b9214dc5c86fb21a49d7e	cd66aead2f1f73a01b47b71ad88832f33cb333eb5e0a8b41ae3b4e5887d999ba	0	完整读取三对破擦音说明、词表和全部绕口令；补斜线音标整体及裸音标 ʃ 两侧间距，符号内容不改写。
public/shuimu/lessons/phonetics/012.json	shuimu	phonetics-012	第十一课：6 个单辅音	1.2.0	0	58	applied	edited	json_valid	Codex	2026-10-01T09:25:01.596Z	9c7bfb3c0c093dbc10fdeb01a5d8f7a45e633dc466322631ece3e9cbee1a7397	2dcb9a982764f8e14bc1b55758c3c998d9083b7e9b26c38b755cbce5f7148cef	0	完整读取鼻音、半元音、舌边音、词表和全部绕口令；分开连续排列的三个鼻音标记，并补音标与中文边界。
public/shuimu/lessons/upper/001.json	shuimu	upper-001	A puma at large	1.2.0	0	124	applied	needs_source_check	json_valid	Codex	2026-10-01T10:14:48.623Z	7146a27c1538feabbb8e5f2eb5215f5d8272644103a88aa59eeb42c6d42d084b	af546e0552b1c55a42240d6447800fbbd3aca5dbb56882c56373a0db1d43d6c3	2	完整读取美洲狮故事、词表、注释、16 道问答、写作提纲与范文、12 道练习和答案；保留 cat-like 等词，修复选项、答案与提纲省略号后的边界。；已补充疑点的当前文本精确定位（UTF-16）。
public/shuimu/lessons/upper/002.json	shuimu	upper-002	Thirteen equals one	1.2.0	0	92	applied	needs_source_check	json_valid	Codex	2026-10-01T10:14:48.658Z	ee11ee20680eb82869ec66bb5954434ddb44e354fc629a58c8f1b0ed0256263f	ed806d510f083ce16d58a245a994f7c3bdfe6cb08063f10bccc38ff21e8a0926	3	完整读取教堂钟故事、词表注释、20 道问答、写作任务和完整范文、12 道练习及答案；保留 a.m.，修复题号及选项间距。；已补充疑点的当前文本精确定位（UTF-16）。
public/shuimu/lessons/upper/003.json	shuimu	upper-003	An unknown goddess	1.2.0	0	146	applied	needs_source_check	json_valid	Codex	2026-10-01T10:14:48.704Z	8d651d2488b3abf6bd7674595be31c6fb21973fa4a8d2de91cc8271d0fe2be5a	e1085374702530fe9ec0785aeebdf1670af4a723d6107a2406d91d99d2d1d603	2	完整读取女神像故事、词表、全部注释与18 道问答、写作提纲及范文、12 道练习与答案；保留 B.C.、modern-looking、full-length，修复注释逗号和提纲边界。；已补充疑点的当前文本精确定位（UTF-16）。
public/shuimu/lessons/upper/004.json	shuimu	upper-004	The double life of Alfred Bloggs	1.2.0	0	86	applied	needs_source_check	json_valid	Codex	2026-10-01T10:14:48.741Z	1a05a5c3cde7fb3fc82c1b52840267c285fe24d2b569588488f2fa49d82798d7	7c4c87ff78a81ffdb330069b3206e4a47fcc6ec8b5f92875ed0d196a22ae6627	2	完整读取清洁工双重生活故事、词表与注释、21 道问答、写作提纲与范文和全部练习；修复所有格后与教学边界空格，复合职业名保持不变。；已补充疑点的当前文本精确定位（UTF-16）。
public/shuimu/lessons/upper/005.json	shuimu	upper-005	The facts	1.2.0	0	102	applied	needs_source_check	json_valid	Codex	2026-10-01T10:14:48.776Z	4e6e7f57c72b1515800a1f5b6df5295d6520c79bb050eae9e98261c502593a0a	2f58d26b7c6da768b398739c7ae635f0c38ec9fd23129ab6cf6b8095c0eb99fc	2	完整读取记者核实数字故事、词表注释、17 道问答、写作提纲与范文和 12 道练习及答案；仅修复确定的空格，原有千位数字问题另记。；已补充疑点的当前文本精确定位（UTF-16）。
public/shuimu/lessons/upper/006.json	shuimu	upper-006	Smash-and-grab	1.2.0	0	88	applied	needs_source_check	json_valid	Codex	2026-10-01T10:14:48.811Z	e47cfa71ce973abe2c760fea7e7a2d509272513994dc67f13e24b1ba5eb5154b	a0e4dc2cacf5335f3e43bc7552af817d58d93814226b183e9da8d7b13011fae5	3	完整读取珠宝店抢劫故事、词表注释、20 道问答、追车写作任务与范文以及练习答案；标题和连字符单词保持不变，补选项及所有格边界。；已补充疑点的当前文本精确定位（UTF-16）。
public/shuimu/lessons/upper/007.json	shuimu	upper-007	Mutilated ladies	1.2.0	0	76	applied	needs_source_check	json_valid	Codex	2026-10-01T10:14:48.846Z	5486457fb6c773202751397fa0005dad5ae8c7bbbe84b497c0b3754a66baae3b	00ef852f7e877598ee1e417a5e7eb340339eca86c0552e6125de2c81e0cfd703	3	完整读取残钞故事、词表注释、21 道问答、写作提纲与完整范文及练习答案；补引语闭合后间距，保留 £3,000、£1.5 的完整写法。；已补充疑点的当前文本精确定位（UTF-16）。
public/shuimu/lessons/upper/008.json	shuimu	upper-008	A famous monastery	1.2.0	0	106	applied	needs_source_check	json_valid	Codex	2026-10-01T10:14:48.887Z	4559ea7643f9d2dca1ba0ee7581250649a9e218c492f5c1b3c04b70ff93129a2	db96812f62e4482c5b63e6171eaf008cd5347865a74cb7b348ce412cfbb159be	3	完整读取修道院故事、词表注释、18 道问答、救援写作任务与范文、全部练习；修复 St. 缩写后空格、负温度外侧和选项边界。；已补充疑点的当前文本精确定位（UTF-16）。
public/shuimu/lessons/upper/009.json	shuimu	upper-009	Flying cats	1.2.0	0	114	applied	needs_source_check	json_valid	Codex	2026-10-01T10:14:48.923Z	0fa38283985fc8c978a3317f66e521a03dfcb4e72583964ebc79e0d309b5376a	6ebfe75c5c7533681b9d9c0fb1cce30fcd567a2ffd511f957fdd8aae70eeff05	1	完整读取猫高空坠落故事、词表注释、20 道问答、宠物写作提纲与范文、练习和答案；保留 air-resistance 等连字符词及统计数字，只补教学边界。；已补充疑点的当前文本精确定位（UTF-16）。
public/shuimu/lessons/upper/010.json	shuimu	upper-010	The loss of the Titanic	1.2.0	0	134	applied	needs_source_check	json_valid	Codex	2026-10-01T10:14:48.958Z	1f4a489762b7c9c090b3ef068b5b067685a539079c6aadf9d64d75bf73c9548e	006b11966831a8c52463386ea75e260c0548d710c3d50fcf050d08af2b8983a8	2	完整读取泰坦尼克号故事、词表注释、20 道问答、弃船写作任务与范文、12 道练习及答案；保留 46,000、1,500 和 watertight，补选项及答案空格。；已补充疑点的当前文本精确定位（UTF-16）。
public/shuimu/lessons/upper/011.json	shuimu	upper-011	Life on a desert island	1.2.0	0	116	applied	needs_source_check	json_valid	Codex	2026-10-01T10:14:48.994Z	782db442798def9498b2e607310eb3782a5b2446694a28e9be9b99aad02d549e	2f3fd93f54af4bebdf93ebddb923dfdc239e3fe7b85a11c57cb9035fc1380c74	1	完整读取荒岛生活故事、词表注释、19 道问答、写作任务与范文、12 道练习及答案；正文中英文数字间距已合理，修复练习标签和答案间距。；已补充疑点的当前文本精确定位（UTF-16）。
public/shuimu/lessons/upper/012.json	shuimu	upper-012	Not guilty	1.2.0	0	138	applied	needs_source_check	json_valid	Codex	2026-10-01T10:14:49.029Z	d2db10d018d84eca07514bce22cdb64b7d7a3fb6f80498f52fe9735893811e6e	f3355f73e1b931f8e845d65efbc5e168b097be0ebd49e2eac4f93ab687b14b09	3	完整读取海关检查故事、词表注释、21 道问答、写作提纲与范文、12 道练习及答案；补引语后、题号和提纲边界空格，保留专业缩写。；已补充疑点的当前文本精确定位（UTF-16）。
public/shuimu/lessons/upper/013.json	shuimu	upper-013	It's only me	1.2.0	0	86	applied	needs_source_check	json_valid	Codex	2026-10-01T10:14:49.064Z	14413eb09bcefa9ab6db62cc92ba2a80418b1d9149023a448119658a7e7800c5	dea37197a92b2a076fd0a67bd3812d0e5a29cd932ce6cf06180f023d9e8b4184	1	完整读取扮鬼误吓查表员故事、词表注释、19 道问答、写作提纲与范文及课外题；修复提纲省略号后、题号和选项答案间距。；已补充疑点的当前文本精确定位（UTF-16）。
public/shuimu/lessons/upper/014.json	shuimu	upper-014	A noble gangster	1.2.0	0	106	applied	needs_source_check	json_valid	Codex	2026-10-01T10:14:49.099Z	aeb282b2e9de8b2e6d2c66fa25a27ed0fd55d61c6ed7cc7e22bbdd08fdc3a89d	315cb3a8d51a27fd0b670f7fb5efa3177fd0b09876037b7f700df2ebc2555455	4	完整读取 Hawkwood 故事、词表注释、18 道问答、写作提纲与范文和练习答案；保留 city-state 等复合词，补引语后及题号边界。；已补充疑点的当前文本精确定位（UTF-16）。
public/shuimu/lessons/upper/015.json	shuimu	upper-015	Fifty pence worth of trouble	1.2.0	0	92	applied	needs_source_check	json_valid	Codex	2026-10-01T10:14:49.134Z	0df917165a920531992a94386678556c6fe544e8080d3d878a28a8b3c66f818b	cae6c012438b1347082f39a0714276eaa8d741efe5d732133faf6afde88cf07d	4	完整读取硬币掉进下水道故事、词表注释、20 道问答、写作提纲与范文及练习答案；检查 fifty pence 词组、题号、提纲边界并保留原换行。；已补充疑点的当前文本精确定位（UTF-16）。
public/shuimu/lessons/upper/016.json	shuimu	upper-016	Mary had a little lamb	1.2.0	0	92	applied	needs_source_check	json_valid	Codex	2026-10-01T10:14:49.169Z	c61a1e1f6bf0068d1d9a7a081f10cc6bdc28028106181b19265664bac917789e	907849fc39b092ebadc86f04908d3fe6ac4300f472a398f3ead1253b2c570e12	1	完整读取羔羊被染黑故事、词表注释、20 道问答、续写提纲和范文、12 道练习与答案；补动名词教学括号、题号及答案间距。；已补充疑点的当前文本精确定位（UTF-16）。
public/shuimu/lessons/upper/017.json	shuimu	upper-017	The longest suspension bridge in the world	1.2.0	0	98	applied	needs_source_check	json_valid	Codex	2026-10-01T10:14:49.204Z	4d428cd7bb80844d2b4a8a450b82373e154e7aaf8c254d7f8f8a3c6344a7c67f	7c42a3fc18410bf22b27afda7c8f5438aaa6d4273a04b50eb0f5780fa351c726	3	完整读取吊桥故事、词表注释、15 道问答、悉尼港桥写作提纲和范文、练习答案；数字内部原样保留，拆开粘连答案 4a5a。；已补充疑点的当前文本精确定位（UTF-16）。
public/shuimu/lessons/upper/018.json	shuimu	upper-018	Electric currents in modern art	1.2.0	0	102	applied	needs_source_check	json_valid	Codex	2026-10-01T10:14:49.239Z	c61e327263ea775653e0b8a763f31dd31039ec2fdd7b18c9349594f338faf5bf	99dbc0f73b67c7d46f072b2b4e32b03ed497f330bcd2e9e311ea25c013539990	1	完整读取现代艺术故事、词表注释、20 道问答、展览写作提纲和范文、全部练习答案；区分 so－called 与句内插入语，补教学括号及引语边界。；已补充疑点的当前文本精确定位（UTF-16）。
public/shuimu/lessons/upper/019.json	shuimu	upper-019	A very dear cat	1.2.0	0	96	applied	needs_source_check	json_valid	Codex	2026-10-01T10:14:49.274Z	b8a372aaebd9580708070904469b9a4da7a137f68526f3c45622b636d08b61f6	aff643a3c0cb09b831bda11646890c37720589358517f3d65e8c755fbd0cc7b2	3	完整读取猫被绑架故事、词表注释、20 道问答、写作提纲和范文、练习与答案；补句内插入语、教学括号、提纲和题号间距。；已补充疑点的当前文本精确定位（UTF-16）。
public/shuimu/lessons/upper/020.json	shuimu	upper-020	Pioneer pilots	1.2.0	0	130	applied	needs_source_check	json_valid	Codex	2026-10-01T10:14:49.309Z	d8ddbbb622603645a6197754d3050e7f6c84efecaa6ddc05188babd53fc0987b	e859d6244c9e4f4034b2e933cd76b56cebed04b706e930ef4619b450a39b9c9d	4	完整读取飞越海峡故事、词表注释、20 道问答、第一人称飞行提纲和范文、全部练习及答案；保护 No. XI、4.15、4.45，修复日期逗号及货币前边界。；已补充疑点的当前文本精确定位（UTF-16）。
public/shuimu/lessons/upper/021.json	shuimu	upper-021	Daniel Mendoza	1.2.0	0	140	applied	needs_source_check	json_valid	Codex	2026-10-01T10:14:49.344Z	4d1151eed83a770f036740ec66c55eac2d83be4896990c971c5b357c31065bdf	d956785e29f47217c36c9d896b0281e77a6c1ab55459415701dbcb8e88fb340a	1	完整读取 Mendoza 拳击生涯故事、词表注释、21 道问答、写作题干和四段范文、12 道练习与答案；保留年份范围与金额，修复提纲及句内转折边界。；已补充疑点的当前文本精确定位（UTF-16）。
public/shuimu/lessons/upper/022.json	shuimu	upper-022	By heart	1.2.0	0	140	applied	needs_source_check	json_valid	Codex	2026-10-01T10:14:49.379Z	a8f47365271847a321e536f8a4333dcebd48e3cc454e42873a9ae0ddbb8f347a	5930b0a643704ceeba2eab5d63fb5ca251c4c9c6fb97b2c174c291b713a79d1d	2	完整读取舞台信件故事、词表注释、20 道问答、写作任务及三段范文、12 道练习和答案；补问答括号边界、引文行号前及转折连接空格。；已补充疑点的当前文本精确定位（UTF-16）。
public/shuimu/lessons/upper/023.json	shuimu	upper-023	One man's meat is another man's poison	1.2.0	0	34	applied	needs_source_check	json_valid	Codex	2026-10-01T10:14:49.414Z	1e353632368a487ee58c5eb4d5d92570dd34c992264839d09433474981b19fb7	03095a1dd9280145bccbc3f912dd32c0906df4a2de1af08f8fe0b5567b6756f9	3	完整读取蜗牛食俗故事、词表注释、20 道问答、续写任务与三段范文、12 道练习及答案；选项大多已合理分隔，只补确认粘连处。；已补充疑点的当前文本精确定位（UTF-16）。
public/shuimu/lessons/upper/024.json	shuimu	upper-024	A skeleton in the cupboard	1.2.0	0	28	applied	needs_source_check	json_valid	Codex	2026-10-01T10:14:49.449Z	ab26e9fcd8158cde2861320e32ca509d9ce9cb35a3f5181996291febe4b24899	133fa9dc3af8a822ae531944ad61a721134e2bdff740dcc0f471134a9486ccd7	3	完整读取柜中骷髅故事、词表注释、20 道问答、续写任务及四段范文、12 道练习及答案；正文中英间距合理，补个别选项及答案题号空格。；已补充疑点的当前文本精确定位（UTF-16）。
public/shuimu/lessons/upper/025.json	shuimu	upper-025	The Cutty Sark	1.2.0	0	38	applied	needs_source_check	json_valid	Codex	2026-10-01T10:14:49.484Z	0116201d312290c0c1e6b58792d9513b44017fac9481b2e45b283edc122ebdb2	9dcb3a9c0b5f04ac726550a628f8abd97cfc64709b206fec7b4d31d0c6fd9ed9	3	完整读取卡蒂萨克号故事、词表注释、21 道问答、写作任务和四段范文、12 道练习及答案；保留19th-century、single-man，补题号及提纲分隔。；已补充疑点的当前文本精确定位（UTF-16）。
public/shuimu/lessons/upper/026.json	shuimu	upper-026	Wanted: a large biscuit tin	1.2.0	0	36	applied	needs_source_check	json_valid	Codex	2026-10-01T10:14:49.520Z	9b3a7c2e16c3ec5a8fcc6e1be9894724efd78fcf2bc17551d1a17f9e6ffb16cc	643234b7fe3adadcb811a840db693b0ed22f8197acfbb3d9439587173f5360d7	6	完整读取饼干广告故事、词表注释、21 道问答、问答节目写作任务和完整范文、练习答案；结合十道题语境将 maximum often questions 分为 maximum of ten questions，保留货币与拼字 I-T。；已补充疑点的当前文本精确定位（UTF-16）。
public/shuimu/lessons/upper/027.json	shuimu	upper-027	Nothing to sell and nothing to buy	1.2.0	0	34	applied	needs_source_check	json_valid	Codex	2026-10-01T10:14:49.556Z	d901b82bef04f5bd90facacdce0a400a6bd09d2bfb5e8f74c27f50bfafe69302	34733fa0261568ca6bd21710ac4730788719a0ca71a458165f0c66a54659bd68	2	完整读取流浪汉生活议论、词表注释、22 道问答、反驳写作题干及四段范文、全部练习答案；补问答括号和插入语分隔，保留 passer-by/passers-by。；已补充疑点的当前文本精确定位（UTF-16）。
public/shuimu/lessons/upper/028.json	shuimu	upper-028	Five pounds too dear	1.2.0	0	34	applied	needs_source_check	json_valid	Codex	2026-10-01T10:14:49.591Z	5b16a527c634416e807b4de8689c3cc8bf6ddeab27d5c5cdf27f8b5cc456d0d7	6a32677f1a622e61ad4de2a35a1ade8bae731bb3ff95562e32fa16180b134cba	1	完整读取买钢笔故事、词表注释、19 道问答、对话写作任务与范文、12 道练习及答案；保留 £50/£30/£5，补英语引语与教学边界。；已补充疑点的当前文本精确定位（UTF-16）。
public/shuimu/lessons/upper/029.json	shuimu	upper-029	Funny or not?	1.2.0	0	34	applied	needs_source_check	json_valid	Codex	2026-10-01T10:14:49.627Z	d2c1c20eba1a3cffeae2ba304356dc7d61070982bb109d6296c51b8e49032a39	468b3ce989079f0760f59619a52b035ee8596477687b06367ba9e8ceae1367a4	2	完整读取病态幽默故事、词表注释、20 道问答、幽默故事写作任务和完整范文、12 道练习及答案；修复引号后的英文间距，保留缩写原貌。；已补充疑点的当前文本精确定位（UTF-16）。
public/shuimu/lessons/upper/030.json	shuimu	upper-030	The death of a ghost	1.2.0	0	32	applied	needs_source_check	json_valid	Codex	2026-10-01T10:14:49.663Z	9994b152e606b4f6bcad2ed02f5250328dc9488fa586984205e5026b0bcd495d	2fd333bbf76d2782aa063a5179f40fb715adca2850bddb6b6d6f173345f99f9a	3	完整读取农场隐居者故事、词表注释、22 道问答、夜间见闻写作任务和三段范文、12 道练习及答案；补教学等号、引语后和题号分隔。；已补充疑点的当前文本精确定位（UTF-16）。
public/shuimu/lessons/upper/031.json	shuimu	upper-031	A lovable eccentric	1.2.0	0	30	applied	needs_source_check	json_valid	Codex	2026-10-01T10:14:49.698Z	31947f9c2d921a44bb0889b4e13d1ec3c47263dc38773b4f7f02fbc470302bf6	54e94379a9a1e42c9640efc5cdc15eaeba2265575e0c0949e6f7cb817915e899	3	完整读取 Dickie 古怪行为故事、词表注释、21 道问答、写作任务与四段范文、12 道练习和答案；保护金额和复合词，补金额前、题号及选项边界。；已补充疑点的当前文本精确定位（UTF-16）。
public/shuimu/lessons/upper/032.json	shuimu	upper-032	A lost ship	1.2.0	0	28	applied	needs_source_check	json_valid	Codex	2026-10-01T10:14:49.732Z	a0064001d1f50af543cf7a114a47e4ea5b4199a08d58771bca1b8c641bcb99cb	dbe3e041f4b58c03783389b08c21fec3914bf1615e5f970aff060d2d71a4cc8d	2	完整读取沉船打捞故事、词表注释、21 道问答、航海日志写作任务与范文、12 道练习答案；保护 U-boat、3.15 p.m.，补注释分句及题号边界。；已补充疑点的当前文本精确定位（UTF-16）。
public/shuimu/lessons/upper/033.json	shuimu	upper-033	A day to remember	1.2.0	0	26	applied	needs_source_check	json_valid	Codex	2026-10-01T10:14:49.767Z	3132db59f027cc2713ba9f8d630ece02f8e3dd78fa2e255d5561bf5a90783835	648e53670398fc0883ddf742c5fd8d8ed54de6705e32fd58b549a2c2b3d8afd4	3	完整读取交通连锁事故故事、词表注释、24 道问答、认错汽车写作任务与四段范文、12 道练习和答案；正文间距已合理，仅修复题号及答案分隔。；已补充疑点的当前文本精确定位（UTF-16）。
public/shuimu/lessons/upper/034.json	shuimu	upper-034	A happy discovery	1.2.0	0	38	applied	needs_source_check	json_valid	Codex	2026-10-01T10:14:49.810Z	d3bc81ad66750f50574287b696a0db52150496df3e2b23107b1993b4f2efa290	4c2c39642d0cf1e371cb98a612ce1a1d2352635410c9830217ddb74446ee5706	1	完整读取古董画发现故事、词表注释、23 道问答、古董店写作任务和四段范文、12 道练习及答案；补金额前和问句、提纲边界，保护 second-hand、grey-haired。；已补充疑点的当前文本精确定位（UTF-16）。
public/shuimu/lessons/upper/035.json	shuimu	upper-035	Justice was done	1.2.0	0	26	applied	needs_source_check	json_valid	Codex	2026-10-01T10:14:49.848Z	9f0b20f9b84676dee90cea6bb1c5d6aa64fc9ce0cc2824ecbf4839b0816b4854	16f29a41c37dffdab1ed27f423224f540e074df499bc9135dd2a7e6e4f4a2df0	4	完整读取小偷困烟囱故事、词表注释、20 道问答、第一人称写作任务和四段范文、12 道练习及答案；正文间距合理，补答案题号分隔。；已补充疑点的当前文本精确定位（UTF-16）。
public/shuimu/lessons/upper/036.json	shuimu	upper-036	A chance in a million	1.2.0	0	32	applied	needs_source_check	json_valid	Codex	2026-10-01T10:14:49.883Z	93d9fd6f75ff7cb068af13ab96ab0f2f4155ec2d42254c2ee31d701fd63a4735	cd837afbe02a6e64e038d4db403eb0c930081d7af503f55115d20ee856efe7e1	4	完整读取兄弟重逢故事、词表注释、20 道问答、人生经历写作任务和完整范文、全部练习答案；补注释及题号缺空格，保留 long-lost。；已补充疑点的当前文本精确定位（UTF-16）。
public/shuimu/lessons/upper/037.json	shuimu	upper-037	The Westhaven Express	1.2.0	0	68	applied	needs_source_check	json_valid	Codex	2026-10-01T10:15:27.017Z	8b6b5bd3e5699c041587d4aa92916618a363989a09a33eedc3f4969d2e936609	7c7df80e962c3450bf457ea9bcf1bc4a86b357f0da7a72b1d23c2d525c8484a7	2	完整阅读词表、列车故事及译文、8条注释、19个问题、四段作文和12道练习；根据航班可能取消的语境拆开 may be，补选项、答案和提示分隔空格。；已补充疑点的当前文本精确定位（UTF-16）。 回查写作提纲时进一步补齐三连字符表达的英文破折号间距，保持原标点和换行。
public/shuimu/lessons/upper/038.json	shuimu	upper-038	The first calendar	1.2.0	0	30	applied	needs_source_check	json_valid	Codex	2026-10-01T10:14:49.954Z	45687ce505e94d5d0420f31dd557c73d2838d9c2e2dfc43bad0eff97c157b812	b84a8f995ff99735a6433aaeceff28c0a0d7b9f54085ced1dabe5b23bfc54261	2	完整阅读词表、早期历法正文译文、注释、20个问题、四段作文及12道练习；保留 CD-ROM、年代和既有数字内部格式，补作文分隔和答案间距。；已补充疑点的当前文本精确定位（UTF-16）。
public/shuimu/lessons/upper/039.json	shuimu	upper-039	Nothing to worry about	1.2.0	0	24	applied	needs_source_check	json_valid	Codex	2026-10-01T10:14:49.995Z	a2455795c9ccfef750fa90392d5bf57f3e00db96e1c52dfa0b527b1748417b87	f0a77d60da5df63ada160b892d8634c8eff857801f6ef8fdf9ba24779b598da5	4	完整阅读词表、越野旅行正文译文、注释、20个问题、四段作文及12道练习；选项 in significantly 属原有干扰项，保留，补答案间距。；已补充疑点的当前文本精确定位（UTF-16）。
public/shuimu/lessons/upper/040.json	shuimu	upper-040	Who's who	1.2.0	0	40	applied	needs_source_check	json_valid	Codex	2026-10-01T10:14:50.030Z	a3ca62ab506e42fbcc37e557e03e67a843a5c2029a65134d232d9fe37cdfde87	0154e6d4b968fd023caf0967036692a962233f939dd845aa3014eacde891ff7f	1	全文复核词表、恶作剧故事双语段落、9条注释、19个问答、作文提纲及范文和12题；补作文提纲分隔符及答案空格，保留英文缩略语和中文标点。；已补充疑点的当前文本精确定位（UTF-16）。
public/shuimu/lessons/upper/041.json	shuimu	upper-041	Illusions of pastoral peace	1.2.0	0	30	applied	needs_source_check	json_valid	Codex	2026-10-01T10:14:50.069Z	25dcbfe5090263be1c736e8e3b73adefeb6f1d16202e0d248a8e04b71377c92a	4fb5d9fcf8ae3c5dc7372db4b7a5822a9e1dc68acc6ef5f573c017cbb3a2e2fb	4	全文复核城乡生活词表、双语正文、7条注释、18个问答、300词作文提纲范文和12题；补选项、提纲破折号及答案间距。；已补充疑点的当前文本精确定位（UTF-16）。
public/shuimu/lessons/upper/042.json	shuimu	upper-042	Modern cavemen	1.2.0	0	58	applied	needs_source_check	json_valid	Codex	2026-10-01T10:14:50.107Z	b6f16553d35aa0b54ebd75f7f4740aefa6361161d4291c2cf5d7e0fe2f32e370	9e65535696c3fcd123db4cdbd0ad05b1e55fcd5454790ab9c1a67d7ca699676b	1	全文复核洞穴探险词表、双语正文、7条注释、19个问答、海边洞穴作文提纲范文和12题；补英文提纲破折号、注释中英边界、题号分隔及答案间距，保留连字符术语和数值。；已补充疑点的当前文本精确定位（UTF-16）。
public/shuimu/lessons/upper/043.json	shuimu	upper-043	Fully insured	1.2.0	0	72	applied	needs_source_check	json_valid	Codex	2026-10-01T10:14:50.143Z	9f5106c093451e84967c0234ea71605ed1ff448015c4746e0e841fa138b3e730	c74744e27536c25e11d30e33c332042eb3cb2e49e0519d73b700f42ab164a136	2	完整阅读保险故事词表、双语正文、6条注释、18问答、作文提纲及306词范文和12题；补词性与中文括号、语法公式、提纲分隔及答案空格。；已补充疑点的当前文本精确定位（UTF-16）。
public/shuimu/lessons/upper/044.json	shuimu	upper-044	Speed and comfort	1.2.0	0	146	applied	needs_source_check	json_valid	Codex	2026-10-01T10:14:50.178Z	2a6f2775e51d5956b85816be82cb59ea51f717babfdcf55b29f629ab0806d4ed	3315af5f49ae84b185fd2a1d323f76561fac2f4a935d5354b9e191809831d7e0	4	完整阅读交通方式词表、全部双语正文、5条注释、19问答、作文提纲范文和12题；补英文破折号及答案空格，保留2-hour等复合词。输出截断的中文末段已单独完整补读。；已补充疑点的当前文本精确定位（UTF-16）。
public/shuimu/lessons/upper/045.json	shuimu	upper-045	The power of the press	1.2.0	0	126	applied	needs_source_check	json_valid	Codex	2026-10-01T10:14:50.214Z	6b113e8d6f530cfa07051a710e4aa8a089fefb540a02614841d1c67e3fc5a685	642fa311b2605a769035d244ce24d3a6cd4624d290b1d10298762a231f007718	4	完整阅读新闻影响词表、双语正文、11条注释、18问答、作文提纲范文和12题；补英文提纲破折号、注释省略号及答案间距；第12题下划线原样保留。；已补充疑点的当前文本精确定位（UTF-16）。
public/shuimu/lessons/upper/046.json	shuimu	upper-046	Do it yourself	1.2.0	0	164	applied	needs_source_check	json_valid	Codex	2026-10-01T10:14:50.250Z	4b1444a4b80eb9bb704c79d4e7d3dec1e9bb77fe1c39498df55c6c0a36c7d1b5	e302049e7f4240ddd1981d0f1ceb9cdbae1089d10bef67cdaddf94cd73da62db	4	完整阅读自己动手修理词表、双语正文、8条注释、20问答、水龙头作文提纲范文及12题；补词性、语法括号、提纲破折号、题号和答案间距。；已补充疑点的当前文本精确定位（UTF-16）。
public/shuimu/lessons/upper/047.json	shuimu	upper-047	Too high a price?	1.2.0	0	118	applied	needs_source_check	json_valid	Codex	2026-10-01T10:14:50.286Z	2f52576d9c7e4b35fe79fda1bbb009028352b28596565ebcafd11d345f0fd2d5	52ad08869e45d74211cabf1d66b85ce3c065f3d5c7067820b3efffbb6af89be3	3	完整阅读污染词表、双语正文、8条注释、19问答、饮食作文提纲范文及12题；补百分数与中文、英文提纲分隔、注释及答案间距，保留百分号、复合词内部。；已补充疑点的当前文本精确定位（UTF-16）。
public/shuimu/lessons/upper/048.json	shuimu	upper-048	The silent village	1.2.0	0	48	applied	needs_source_check	json_valid	Codex	2026-10-01T10:14:50.322Z	c699c25b942edbe0390f08fb990a632f714a679900be56627c2cb5e0c357a8cf	042cc8a54616a53d17139ebc2f538aa861aa2148cabdf12b62f49d8a6fd0e088	2	完整阅读寂静山村词表、双语正文、10条注释、22问答、渡河续写提纲范文及12题；补提纲分隔、选项和11号题、答案间距，保留复合词。；已补充疑点的当前文本精确定位（UTF-16）。
public/shuimu/lessons/upper/049.json	shuimu	upper-049	The ideal servant	1.2.0	0	80	applied	needs_source_check	json_valid	Codex	2026-10-01T10:14:50.359Z	a7e0740d12f8e69b51138c6e0438c07f286b199f60e68fda11724ff624a59673	c69083c75d2e004f30e9feb0bd7fd761c71e8b8d9569b99aaaffc0af0a3ceded	4	完整阅读佣人词表、双语正文、8条注释、19问答、作文提纲范文及12题；补英文正文和提纲分隔、注释中英边界、题号及答案间距。；已补充疑点的当前文本精确定位（UTF-16）。
public/shuimu/lessons/upper/050.json	shuimu	upper-050	New Year resolutions	1.2.0	0	74	applied	needs_source_check	json_valid	Codex	2026-10-01T10:14:50.394Z	75c33433b7cef71f675937e9bd7f486e6fa5e41fc5b7df40ebd081a25df9985e	695af3c904d0c02158020d2a7437ad87e9506d3bca8c14698e01218d49b29bc9	4	完整阅读新年决心词表、双语正文、12条注释、20问答、作文提纲范文及12题；补语法等号、省略号、引号词界、英文破折号和答案间距，日期序数10th保留。；已补充疑点的当前文本精确定位（UTF-16）。
public/shuimu/lessons/upper/051.json	shuimu	upper-051	Predicting the future	1.2.0	0	60	applied	needs_source_check	json_valid	Codex	2026-10-01T10:14:50.433Z	e255545fba2a61366ed8177a210e3ec4cf1207fb7e4d35453cd04ab4a09ea97e	c2f25ba836580d90d260a8140310eb3f9631257cc34ae0b48495402e8a3b8e90	4	完整阅读计算机未来词表、双语正文、8条注释、17问答、20年后预测作文提纲范文及12题；补英文提纲、范文破折号和答案间距；保留IBM、DOS、年代及lap-top等原有术语。；已补充疑点的当前文本精确定位（UTF-16）。
public/shuimu/lessons/upper/052.json	shuimu	upper-052	Mud is mud	1.2.0	0	58	applied	needs_source_check	json_valid	Codex	2026-10-01T10:14:50.468Z	7f50d9eb96ec9d5a69309c89b3bf6a13f67be0f17669ff18b07ee58fa79f61dd	18e17f9db8e9d3e8421f376b1812f18715bb96471e16d69e9eedeb031cf102e3	2	完整阅读香水泥词表、双语正文、8条注释、20問答、购物作文提纲范文及12题；补引号后词界、提纲和范文破折号、答案空格，保留商品名称和原有填空线。；已补充疑点的当前文本精确定位（UTF-16）。
public/shuimu/lessons/upper/053.json	shuimu	upper-053	In the public interest	1.2.0	0	78	applied	needs_source_check	json_valid	Codex	2026-10-01T10:14:50.504Z	d1bddd414d24279ccca971c148bc32935793b99f1a7042edc94d17520e9222cf	f210f11f0fcdacfb1125372c6d1db649f959da3ff891a3d51ee15c43d36926f9	6	完整阅读司法特派员词表、双语正文、10条注释、22问答、警察作文提纲范文、12题及文末混入的下一课片段；补词性括号、引号后词界、提纲破折号和答案间距，保留缩写内部。；已补充疑点的当前文本精确定位（UTF-16）。
public/shuimu/lessons/upper/054.json	shuimu	upper-054	Instinct or cleverness?	1.2.0	0	100	applied	needs_source_check	json_valid	Codex	2026-10-01T10:14:50.540Z	a1071f6a174197c5126087fd05cde3b5bbb040260d7e87d64c91313d24cb998d	20db2b742cc4c0cd7ac5f792fd8fe2d48408e780a23914cce9779df00bcedc11	4	完整阅读现有词表、昆虫双语正文、5条注释、22问答、害虫作文提纲范文及12题；补英文破折号、e.g.后词界、选项和答案间距，保留复合词。；已补充疑点的当前文本精确定位（UTF-16）。
public/shuimu/lessons/upper/055.json	shuimu	upper-055	From the earth: Greetings	1.2.0	0	76	applied	needs_source_check	json_valid	Codex	2026-10-01T10:14:50.577Z	108c106ed18694ff09a889ee1b7f3504ce620155bbd86395119e26591ec4f37b	9bf63f907cae59de060f9650446f8c7a67dcb7cb3ed8c0523bd74df6f73127a0	4	完整阅读天文学词表、双语正文、6条注释、18问答、外星生命作文提纲范文及12题；补英文破折号、答案空格，保留NASA与N.A.S.A.、ET等缩写，不改写教材科学陈述。；已补充疑点的当前文本精确定位（UTF-16）。
public/shuimu/lessons/upper/056.json	shuimu	upper-056	Our neighbour, the river	1.2.0	0	108	applied	needs_source_check	json_valid	Codex	2026-10-01T10:14:50.612Z	2dda9f6b14bba2584e528babc19f70ea1462d1ec19aad09825005bb841e4b055	751e5e2ad8573554cae7df6850566f3567c7c7864a68673cbe6b1e89eb6d287a	1	完整阅读河流词表、双语正文、6条注释、21问答、夜路冒险作文提纲范文及12题；补英文破折号、引号后词界、题号及答案间距；河流和诺亚典故保持原文。；已补充疑点的当前文本精确定位（UTF-16）。
public/shuimu/lessons/upper/057.json	shuimu	upper-057	Back in the old country	1.2.0	0	98	applied	needs_source_check	json_valid	Codex	2026-10-01T10:14:50.648Z	4dea55421e641299bb07061cf13ce151154a866f53b9b4dba052b0435d2398c0	3dfa4f5c18f452be665cc262a03415b96e755cd1cb93201d0f84d09a58f98531	2	完整阅读返乡词表、双语正文、5条注释、21问答、理想房屋作文提纲范文及12题；补词性括号、注释省略号、标题冒号、题号、英文破折号和答案间距，保留man-made等复合词。；已补充疑点的当前文本精确定位（UTF-16）。
public/shuimu/lessons/upper/058.json	shuimu	upper-058	A spot of bother	1.2.0	0	96	applied	needs_source_check	json_valid	Codex	2026-10-01T10:14:50.684Z	7a90a3538b5995bdb6461e1616914ff4ba188ecd9a81981f0fa1bea368654c2f	ef24fb8e2e689294c7e431b7c1f2686b23bda53883d3aeba99630e6bec404fdf	4	完整阅读入室盗窃词表、双语正文、8条注释、22问答、初访英国作文提纲范文和12题；补sb.缩写边界、所有格后词界、英文破折号、题号和答案间距，保留3-4数值范围。；已补充疑点的当前文本精确定位（UTF-16）。
public/shuimu/lessons/upper/059.json	shuimu	upper-059	Collecting	1.2.0	0	94	applied	needs_source_check	json_valid	Codex	2026-10-01T10:14:50.721Z	4217a3843a4fd144badf4ee73b4a2ace3bf05a5f303cc8bac78001a1e73a9e32	2934db7a45bbadc7173988fa8fcb3fe468b0228e0aced58585a2207d813c9509	4	完整阅读收藏词表、双语正文、7条注释、20问答、敲窗短篇提纲范文和12题；补词性括号、注释中英边界、英文破折号、题号及答案间距，保留like-minded等复合词。；已补充疑点的当前文本精确定位（UTF-16）。
public/shuimu/lessons/upper/060.json	shuimu	upper-060	Too early and too late	1.2.0	0	122	applied	needs_source_check	json_valid	Codex	2026-10-01T10:14:50.757Z	ce4483da9263f3916abdcd0c0894d1be55957e26aa41f74cc89368abd42d8f5d	26e07e413e2fdc03ba82f593fb3e38d07c0ea5e935424de95df8523909d87106	4	完整阅读准时词表、双语正文、7条注释、20问答、彩票作文提纲及344词范文和12题；补注释省略号、英文破折号、题号及答案间距，保留£50、连字符词和原有填空线。；已补充疑点的当前文本精确定位（UTF-16）。
public/postgraduate/lessons/reading-writing-translation/01a.json	postgraduate	reading-writing-translation-01a	Stay Hungry. Stay Foolish.	1.2.0	0	0	scanned	passed	json_valid	Codex	2026-10-01T09:46:00.466Z	d6f0846d913956ac1e80f97a525f21bb9c18c5d7eb758c94aa44506b233949ee	d6f0846d913956ac1e80f97a525f21bb9c18c5d7eb758c94aa44506b233949ee	0	完整阅读标题、Steve Jobs署名、单元标签和全部25段演讲（三个故事及结束语）；英文词界、标点和段落间距合理，7:30、4,000、NeXT等内部保持完整，无新增空格。
public/postgraduate/lessons/reading-writing-translation/01b.json	postgraduate	reading-writing-translation-01b	Barack Obama's Victory Speech	1.2.0	0	0	scanned	passed	json_valid	Codex	2026-10-01T09:46:00.512Z	1dfb38c5fab1f5ed07cb0b7b2932d41bd704f39a5cebdd991ab96935df110d80	1dfb38c5fab1f5ed07cb0b7b2932d41bd704f39a5cebdd991ab96935df110d80	0	完整阅读标题、Obama署名、单元标签和从Hello, Chicago到末尾祝语的全部演讲；段落、排比、引文与$5/$10/$20数值间距合理，无需新增空格。
public/postgraduate/lessons/reading-writing-translation/02a.json	postgraduate	reading-writing-translation-02a	Two Truths to Live By	1.2.0	0	0	scanned	passed	json_valid	Codex	2026-10-01T09:46:00.561Z	83b3c23e9bd5a8ea0df9d121f739c5f099c1e6501518b536d566f2dcb112b6fb	83b3c23e9bd5a8ea0df9d121f739c5f099c1e6501518b536d566f2dcb112b6fb	0	完整阅读标题、署名、单元标签和全部正文，包括住院阳光经历、把握与放手、两段犹太典故及结尾排比；词界与标点间距合理，保留re-taught/re-live/self-centered等原有连字符。
public/postgraduate/lessons/reading-writing-translation/02b.json	postgraduate	reading-writing-translation-02b	Approach to Life	1.2.0	0	0	scanned	needs_source_check	json_valid	Codex	2026-10-01T10:14:50.791Z	10fb2505f9eeff79c41e856aa86aee027386157d3eae685fc4d9c5fd60723e13	10fb2505f9eeff79c41e856aa86aee027386157d3eae685fc4d9c5fd60723e13	1	完整阅读标题、Lin Yutang署名、单元标签及全部五个长段落；包括中国人生观、detachment、闲适与中西比较，词界与标点无需新增空格，保留takuan/kuanghuai与Yen Huei原拼写。；已补充疑点的当前文本精确定位（UTF-16）。
public/postgraduate/lessons/reading-writing-translation/03a.json	postgraduate	reading-writing-translation-03a	A Few Kind Words for Losing	1.2.0	0	0	scanned	passed	json_valid	Codex	2026-10-01T09:46:21.852Z	39aeab4d503cecdcb4c811800d3768522503239a494ea8cb7e53f5e09dbe80cf	39aeab4d503cecdcb4c811800d3768522503239a494ea8cb7e53f5e09dbe80cf	0	完整阅读标题、Joseph Epstein署名、单元标签及全文：体育商业、1955球队、作者运动经历、失败场景列举及结尾；英文、法语和拉丁语词界清晰，保留4,000-student、40s、U. S.原有内部格式，无需新增空格。
public/postgraduate/lessons/reading-writing-translation/03b.json	postgraduate	reading-writing-translation-03b	What Makes a Champion?	1.2.0	0	0	scanned	passed	json_valid	Codex	2026-10-01T09:46:21.896Z	7920020b9da7614ea9f877a951a9cd6c38f763fbe1060d5e91e8d89e77e2e30e	7920020b9da7614ea9f877a951a9cd6c38f763fbe1060d5e91e8d89e77e2e30e	0	完整阅读标题、Tony Blair署名、单元标签和全篇演讲，含440码比赛经历、七项冠军品质及奥运/联合国结束语；标点与词界间距完整，2000/2015年代和复合词不拆分，无需新增空格。
public/postgraduate/lessons/reading-writing-translation/04a.json	postgraduate	reading-writing-translation-04a	The Future of Books	1.2.0	0	0	scanned	needs_source_check	json_valid	Codex	2026-10-01T10:14:50.826Z	1aea5b348d4c8325775481753a4c2dcceb8ff6bc170b1b20ebf79d190233d479	1aea5b348d4c8325775481753a4c2dcceb8ff6bc170b1b20ebf79d190233d479	2	完整阅读标题、Umberto Eco署名、单元标签及全文，从三类记忆、图书馆到纸书、按需印刷、电子书与技术共存；词界、冒号和年份间距合理，无新增空格。；已补充疑点的当前文本精确定位（UTF-16）。
public/postgraduate/lessons/reading-writing-translation/04b.json	postgraduate	reading-writing-translation-04b	Hypertextual Game and Interpretation of Texts	1.2.0	0	0	scanned	needs_source_check	json_valid	Codex	2026-10-01T10:14:50.861Z	5bbdcdb22fb12dd5be82f03d46cfcd5b9ac324468a1db98f4ad6949f2a689fbd	5bbdcdb22fb12dd5be82f03d46cfcd5b9ac324468a1db98f4ad6949f2a689fbd	1	完整阅读标题、署名、标签和全部正文，包括系统/文本差异、小红帽超文本、集体创作、Calder装置及战争与和平结论；词界和标点间距合理，CD-ROM等保留。；已补充疑点的当前文本精确定位（UTF-16）。
public/postgraduate/lessons/reading-writing-translation/05a.json	postgraduate	reading-writing-translation-05a	Scientists, Scholars, Knaves and Fools	1.2.0	0	0	scanned	needs_source_check	json_valid	Codex	2026-10-01T10:14:50.897Z	40da2f49c4eeb577ebc338c3606ed1ce5538b29213a47a340cc1f4dd74b276b1	40da2f49c4eeb577ebc338c3606ed1ce5538b29213a47a340cc1f4dd74b276b1	1	完整阅读标题、Edward O. Wilson署名、标签及全文，含五项科学特征、研究工作、发现与学术、科学家性格和新手建议；无明确缺空格，缩写内部不调整。；已补充疑点的当前文本精确定位（UTF-16）。
public/postgraduate/lessons/reading-writing-translation/05b.json	postgraduate	reading-writing-translation-05b	English Next...	1.2.0	0	4	applied	needs_source_check	json_valid	Codex	2026-10-01T10:14:50.938Z	6abe6325315a629c4d0e9e96f7b7495610f11a88522ed951d19acf3c2662c7f9	83bcfa5fead62c22120e52c039b278a7c68b2920818a13734da42ae4b56a8bb1	2	完整阅读标题、David Graddol署名、标签及英语史、世界语言系统、商业语言、汉语、西班牙语和趋势全部段落；补引文作者与年份括号、冒号后省略号间距，保留百分数和U. S. A.缩写。；已补充疑点的当前文本精确定位（UTF-16）。
public/postgraduate/lessons/reading-writing-translation/06a.json	postgraduate	reading-writing-translation-06a	Anthropologists on the Front Lines	1.2.0	0	2	applied	needs_source_check	json_valid	Codex	2026-10-01T10:14:50.973Z	a9f62f84c97df1bc9dcd8ad031320ebb86083560b93b4a683650a266c95bec59	25fecda7ec64a0119d3250456175302d923b41a562fa7199f95707e4b611f512	1	完整阅读标题、Ken Stier署名、标签及全部10段人类学争议报道；补最后一段引文编辑插入语[and]后的词界，保留缩写、货币和60% - 70%范围原格式。；已补充疑点的当前文本精确定位（UTF-16）。
public/postgraduate/lessons/reading-writing-translation/06b.json	postgraduate	reading-writing-translation-06b	Book Review: "College: What It Was, Is, and Should Be" by Andrew Delbanco	1.2.0	0	0	scanned	passed	json_valid	Codex	2026-10-01T09:47:35.270Z	57f65195eabc05a6a3159205112709fb061c29df4fef765f78c35b58e1873177	57f65195eabc05a6a3159205112709fb061c29df4fef765f78c35b58e1873177	0	完整阅读书评标题、Michael S. Roth署名、标签和全部正文，含教育理想、研究与教学、入学不平等、多样性及财务支持；引文、标点和词界间距合理，无需新增空格。
public/postgraduate/lessons/reading-writing-translation/07a.json	postgraduate	reading-writing-translation-07a	Entropy	1.2.0	0	0	scanned	passed	json_valid	Codex	2026-10-01T09:48:10.506Z	bb12b88e397e0b8e2f8fcce8c04326fc29e4ff8f5861a925d42068d473c17244	bb12b88e397e0b8e2f8fcce8c04326fc29e4ff8f5861a925d42068d473c17244	0	完整阅读标题、K. C. Cole署名、标签及全文，从家用电器故障、熵与生命、练笛到社会秩序和复杂性；英文词界完整，50-50、连字符和引文合理，无新增空格。
public/postgraduate/lessons/reading-writing-translation/07b.json	postgraduate	reading-writing-translation-07b	When the Pestilence Struck	1.2.0	0	0	scanned	passed	json_valid	Codex	2026-10-01T09:48:10.558Z	5d8b4e78d957ee3803613ab8580540362a9a147e0bdf2608b47443952ea86a2f	5d8b4e78d957ee3803613ab8580540362a9a147e0bdf2608b47443952ea86a2f	0	完整阅读标题、Giovanni Boccaccio署名、标签及全部六个长段落，含佛罗伦萨瘟疫、传播叙述、四种应对和亲属疏离结尾；分号、括号、引文和词界间距合理，保留历史文本措辞。
public/postgraduate/lessons/reading-writing-translation/08a.json	postgraduate	reading-writing-translation-08a	Of Ambition; Of Fortune	1.2.0	0	0	scanned	passed	json_valid	Codex	2026-10-01T09:48:10.603Z	4b01ccc62494c129b18660daa14edc4f84851191c97229924812cc81d89cae91	4b01ccc62494c129b18660daa14edc4f84851191c97229924812cc81d89cae91	0	完整阅读标题、Francis Bacon署名、标签及Of Ambition和Of Fortune两篇全部段落；古典拼写、古语结构、专名和every thing等原貌保留，未发现需新增的词界或标点空格。
public/postgraduate/lessons/reading-writing-translation/08b.json	postgraduate	reading-writing-translation-08b	The Giving of Orders	1.2.0	0	0	scanned	passed	json_valid	Codex	2026-10-01T09:48:35.037Z	6e43ea3a89f05c924c84e2cb1d1b679db7f01982bda09a942d5c419adb53f464	6e43ea3a89f05c924c84e2cb1d1b679db7f01982bda09a942d5c419adb53f464	0	完整阅读标题、Mary Parker Follett署名、标签及全文，含命令与习惯、三步心理过程、员工训练及沟通距离；1)/2)/3)和术语词界间距合理，保留co-operatives、some one individual等原有形式，无新增空格。
public/postgraduate/lessons/reading-writing-translation/09a.json	postgraduate	reading-writing-translation-09a	In DNA Era, New Worries About Prejudice	1.2.0	0	0	scanned	needs_source_check	json_valid	Codex	2026-10-01T10:14:51.010Z	359d9bc146527d7fd4ee10cba616f53bdb9dac429c0ec815673aaa6916d20b5d	359d9bc146527d7fd4ee10cba616f53bdb9dac429c0ec815673aaa6916d20b5d	1	完整阅读标题、Amy Harmon署名、标签和全部报道，含基因研究、博客争论、受访者观点及课堂案例；英文词界、缩写和数值间距完整；仅排版审核，未改动报道中的历史观点。；已补充疑点的当前文本精确定位（UTF-16）。
public/postgraduate/lessons/reading-writing-translation/09b.json	postgraduate	reading-writing-translation-09b	Are Your Genes to Blame?	1.2.0	0	0	scanned	needs_source_check	json_valid	Codex	2026-10-01T10:14:51.044Z	3101ff6dd085d2e2f4f1eb17fc50d5459f4f69e9469c9d45086f7a9fe35a33a1	3101ff6dd085d2e2f4f1eb17fc50d5459f4f69e9469c9d45086f7a9fe35a33a1	1	完整阅读标题、Steven Pinker署名、标签及全部七段基因与行为论述；英文词界完整，长连字符示例基因名与genes-for-X保持原样，无新增空格。；已补充疑点的当前文本精确定位（UTF-16）。
public/postgraduate/lessons/reading-writing-translation/10a.json	postgraduate	reading-writing-translation-10a	Fishes in the Concord River	1.2.0	0	0	scanned	passed	json_valid	Codex	2026-10-01T09:49:13.695Z	f5ed295ee8133a3d75d15ca887e70a6524bd2f1896c114d9f7ed41decd762aae	f5ed295ee8133a3d75d15ca887e70a6524bd2f1896c114d9f7ed41decd762aae	0	完整阅读标题、Henry David Thoreau署名、标签及全文七个长段落，包括鱼类观察、洄游阻碍、拟人呼告及水坝对农地影响；古语括号注释和词界清楚，无需新增空格，保留原有古典拼写与断句。
public/postgraduate/lessons/reading-writing-translation/10b.json	postgraduate	reading-writing-translation-10b	A Strange Experience in Yosemite	1.2.0	0	4	applied	edited	json_valid	Codex	2026-10-01T09:49:13.788Z	ad7679b78792430141d4f971927e42cb56df3f2bfadf90b240bb4c2aa7e3fc20	5b4b739ae65229ee3b4e408cde2997c628c9fd38c42b7ae77e4935b9c2693be4	0	完整阅读标题、John Muir署名、标签及四个长段落，包括告别、峡谷植被与两座瀑布、钓鱼感想和感知友人的结尾；补world与climate之间破折号的两侧空格，保留gold-cup等连字符词。
public/postgraduate/lessons/volume1/01.json	postgraduate	volume1-01	Traits of the Key Players	1.2.0	0	48	applied	edited	json_valid	Codex	2026-10-01T09:49:33.658Z	0d26707a33f7ed0c680fe96aab8ce4f80a21691d9aebf0997802cff5b7304759	c11daa9521c399f0535c4768cfa1b6e3e2f2461c7b092aae2649ac419a74cefb	0	完整阅读标题、主题及全部12组中英段落，逐项复核合作、紧迫感、风险与人际关系四种特质；补英文插入语破折号两侧空格，确认3M公司、deCODE Genetics及数字中文间距，保护aaas.sciencecareers.org、24/7/365和$2.4内部。
public/postgraduate/lessons/volume1/02.json	postgraduate	volume1-02	Culinary Delights in China	1.2.0	0	8	applied	edited	json_valid	Codex	2026-10-01T09:49:33.704Z	c3c0ca4d51f885e05c5acb995a82e38e28855fdd6bf7b94591707d40101a9fa0	d54e6eeba6e1b1589ad811b12766092886c757d49c20c690c4c2154828a5d58f	0	完整阅读标题、主题及全部16组中英段落，含地方菜系、狗不理、东坡肉、佛跳墙、待客与节令食品；中文与数字已合理分隔，保留1368–1644等年份范围及c.缩写，未发现额外缺空格。
public/postgraduate/lessons/volume1/03.json	postgraduate	volume1-03	Why Harry's Hot	1.2.0	0	90	applied	edited	json_valid	Codex	2026-10-01T09:50:21.158Z	b3c19eb2c22f74be1f0a5a9956663513edd92b88683876ebb3647200bd473556	2797c7bd176c8587d52f9bbbcea4c169f078898ff025de9199ab8458e44594d6	0	完整阅读标题、主题与全部10组双语段落，含发行数字、午夜售书、文学评价与悲伤主题；补英文破折号两侧空格，保留12:01、a.m.、N.C.、J. K.、5.3和作品名称；中文数字间距确认一致。
public/postgraduate/lessons/volume1/04.json	postgraduate	volume1-04	LOVE AND LOVING RELATIONSHIPS	1.2.0	0	48	applied	needs_source_check	json_valid	Codex	2026-10-01T10:14:51.088Z	e951daed3463fa9b70966a7fdfa851dd1f3eda9c4d29020591907ca3ce371235	79a9231402202f11bcc2f525d0fec26da7e066f02366df0f4cc70fae62c92003	9	完整阅读标题、主题、导语署名及全部中英正文，含婴幼儿关爱、自爱、爱的要素、日常生活与伴侣选择；补英文破折号、两处中文作者年份引用和问号后的句界空格。明确OCR问题逐处保留，未将错误句点视为正常句界自动补空格。；已补充疑点的当前文本精确定位（UTF-16）。
public/postgraduate/lessons/volume1/05.json	postgraduate	volume1-05	YOGA IN AMERICA	1.2.0	0	40	applied	needs_source_check	json_valid	Codex	2026-10-01T10:14:51.131Z	4841313d323a007d80afa48ec9ae82ac80db6f4bf6158645ea251e4113992e87	729597fee7845a64852f2dff835d548f88187502d352ca6d290c219a6fe297de	11	完整阅读标题、主题、导语署名及全部双语正文，从瑜伽历史、派别、练习与冥想到初学注意事项和结尾；依据生活方式语境将away拆为a way，其余疑似OCR错字/多余标点保留。核对中文数字间距，保护B.K.S.、B.C.和千位数字。；已补充疑点的当前文本精确定位（UTF-16）。
public/postgraduate/lessons/volume1/06.json	postgraduate	volume1-06	Here Is New York	1.2.0	0	86	applied	needs_source_check	json_valid	Codex	2026-10-01T10:14:51.171Z	7601c14a004fd7753f33099f4b29d661ee515d177490f1bde7bf86e89730146a	0a81a838b100a9a48304c88e5e5effe29e0a8358877750fb9095b9a44821434d	2	完整阅读标题、主题和导语及全部纽约双语段落，含城市历史距离、18英寸、公共事件和创造力；补英文破折号间距，确认中文数字与E. B.署名间距，保留1,000-foot、20,000-man等完整表达。；已补充疑点的当前文本精确定位（UTF-16）。
public/postgraduate/lessons/volume1/07.json	postgraduate	volume1-07	ON HUMAN NATURE	1.2.0	0	6	applied	needs_source_check	json_valid	Codex	2026-10-01T10:14:51.206Z	9cdcf3a5f7799c0619b86252ef0de3b35e3603c0d296e6362ab5546bbe604780	070de11b882581c80b1642343dc74d3ef411eb6086dfad976faedf661cf4d84f	7	完整阅读题名、主题、引语署名及全部中英段落；补英文署名前破折号和outer man/physical body插入语两侧间距，保留文章立场及中文标点。；已补充疑点的当前文本精确定位（UTF-16）。
public/postgraduate/lessons/volume1/08.json	postgraduate	volume1-08	THE HIDDEN DANGER OF SEAT BELTS	1.2.0	0	54	applied	needs_source_check	json_valid	Codex	2026-10-01T10:14:51.240Z	a432fd002e1ff7365a6b9467aad416c274abe5f6bcf6f20c5c1b9e0a72ccf1b0	82dc96dca5488c878fdfb50f529d47f9f79b21a7b0408cd425a8a08c4fb17b1b	4	完整阅读标题、主题、导语署名及全部安全带/风险补偿双语正文；补中文问号后的句界、完整百分数后的中文间距，以及明确英文插入语和博客标题分隔符间距；保留3:00/10:00和2.7内部，不改写教材论点。；已补充疑点的当前文本精确定位（UTF-16）。
public/postgraduate/lessons/volume1/09.json	postgraduate	volume1-09	The Housing Crisis Goes Suburban	1.2.0	0	134	applied	needs_source_check	json_valid	Codex	2026-10-01T10:14:51.275Z	9639574df186a41a79fb2df83bbbf75026c708f9ffc1a9f112c96bffcf58e684	597c45b5c1cffcc8cb4a7a8e95346dd444a72ba20e1ea65587b8fb6b1bc314f9	1	完整阅读标题、主题及全部住房危机双语段落，逐一检查百分数、货币、年份、住房数据和引文；补英文破折号间距，保留Own-80-Miles-From-Work等组合词及$90,000、4.5内部。；已补充疑点的当前文本精确定位（UTF-16）。
public/postgraduate/lessons/volume1/10.json	postgraduate	volume1-10	The Role of the Academy in Times of Crisis	1.2.0	0	4	applied	edited	json_valid	Codex	2026-10-01T09:52:27.566Z	94b204ed2965ee223dce766606044657815db08051db313921ac068427d348ab	ee3aa1f3c966897d0c4e6387ddd35b3cbf6b535cc7f272e2a91107227863dbd0	0	完整阅读标题、主题、导语及全部七组演说中英正文，含大学公共支持、知识探索与传播、通识教育和校训结尾；中文年份已分隔，13th及术语连字符完整，未发现需额外新增的空格。
public/postgraduate/lessons/volume2/01.json	postgraduate	volume2-01	The Hidden Side of Happiness	1.2.0	0	64	applied	needs_source_check	json_valid	Codex	2026-10-01T10:14:51.311Z	71321a16c8a3b57498e9bc22a21bccd7eae25b265bdad701b7c9fd0860b4ae3b	1848e082d868cddef417c227c5eae7d6a4df21ebd87c569602cf6cd3db076208	9	完整阅读标题、主题及全部幸福与逆境双语正文，含Tracy Cyr经历、创伤后成长、耐力运动和养育孩子；补明确英文插入语分隔符和中文ASCII冒号后空格，保留31-year-old、100-mile、药名等内部及原换行。；已补充疑点的当前文本精确定位（UTF-16）。
public/postgraduate/lessons/volume2/02.json	postgraduate	volume2-02	Commercialization and Changes in Sports	1.2.0	0	10	applied	needs_source_check	json_valid	Codex	2026-10-01T10:14:51.346Z	bb7c63eac93f8f2188d08b6fa14ae0280c5a1e60a1ef1242c9824901066eb177	e2674539d39f689f3251d09e6c019b9a1b6492bf0fc84bcb3717fe5bb1324457	7	完整阅读标题、主题及全部9组商业体育中英段落，含观众需求、美学与英雄主义取向及组织控制；补中文ASCII冒号、分号及问号后明确句界间距，保留专业复合词和段落。；已补充疑点的当前文本精确定位（UTF-16）。
public/postgraduate/lessons/volume2/03.json	postgraduate	volume2-03	Oslo	1.2.0	0	52	applied	needs_source_check	json_valid	Codex	2026-10-01T10:14:51.384Z	e0103337c84c252b92dbd29b2b4c14f14565da34116e38d30d737cc47e0d0671	f6ee0f70c81166c0bf71dc042502fb82fb52ea458673efd6dd63580dd599a1e3	10	完整阅读标题、主题及全部奥斯陆双语正文，含影院座位、各国习惯、洗衣剂、电视想象、奥斯陆游览及时刻表结尾；补明确英文插入语、问句/引号后词界空格。线路串连字符、挪威语及所有换行保留。；已补充疑点的当前文本精确定位（UTF-16）。
public/postgraduate/lessons/volume2/04.json	postgraduate	volume2-04	Is Google Making Us Stupid	1.2.0	0	28	applied	needs_source_check	json_valid	Codex	2026-10-01T10:14:51.420Z	ae59979af8785e866763e8299f5f6a7ceb8ecc383cdd53a5bdca158fefee6c4c	a0ec8c2dd2e34c4ba722868625e5185e9275c5fc5db387cc43cd06fa1ec0d7ba	7	完整阅读标题、主题及全部Google与深度阅读双语正文，包括作者体验、Karp/Friedman访谈、伦敦研究、Wolf解释和尼采打字机结尾；补明确插入语分隔、引号后词界、中文ASCII冒号及分号后间距，保留i. e.等原格式。；已补充疑点的当前文本精确定位（UTF-16）。
public/postgraduate/lessons/volume2/05.json	postgraduate	volume2-05	An Alpine Divorce	1.2.0	0	44	applied	needs_source_check	json_valid	Codex	2026-10-01T10:14:51.458Z	8a8d5c12a6e2150ca068d40df3eda582b09ff8283aa671cb97e6eae5de908de9	77cb34d9f569f8a21867900dba3256056b1f5f2461026a11eb92804c81fd0e13	7	完整阅读标题、主题及全部阿尔卑斯小说双语正文至结尾，包括人物背景、旅馆悬崖、夫妇对话和反转；补明确英文插入语及中文半角标点后句界空格，保留既有段落和原文情节。；已补充疑点的当前文本精确定位（UTF-16）。
public/postgraduate/lessons/volume2/06.json	postgraduate	volume2-06	Inaugural Address	1.2.0	0	126	applied	needs_source_check	json_valid	Codex	2026-10-01T10:14:51.494Z	7e0ade11d8154be26e2a7b5b165c39eb683906a8d31218fe5267913a899748e7	a90896ed14460e25852b33135fa1624b90619b6bade58ffdc936285993a5a721	4	完整阅读标题、主题及全部就职演说中英文本，含各类国家承诺、谈判、合作与公民责任结尾；补英文破折号及中文ASCII冒号、分号和问号后间距，现有中英混合行不拆分。；已补充疑点的当前文本精确定位（UTF-16）。
public/postgraduate/lessons/volume2/07.json	postgraduate	volume2-07	The Poetry of Architecture	1.2.0	0	36	applied	needs_source_check	json_valid	Codex	2026-10-01T10:14:51.530Z	e8be70a6d9f57cd52c6ba003f95e7a278a4dca89efbf0677b445fe7cb0c2b503	cde62463fa448d31906f819e58decce600e15173f138fa14ea89042c088dead2	7	完整阅读标题、主题及全部建筑论述和其后完整混入的The beauty industry双语文章；补英文分号、问号、括号、引号边界及破折号间距，按语境将turnto拆为turn to；文章切分和OCR错字另记。；已补充疑点的当前文本精确定位（UTF-16）。
public/postgraduate/lessons/volume2/08.json	postgraduate	volume2-08	Thinking Like a Mountain	1.2.0	0	34	applied	needs_source_check	json_valid	Codex	2026-10-01T10:14:51.563Z	139df734cad8d1160003913fef41a2650889c5cf646b4bd2da9e18cc4de84569	1cafe2974bdce5511ddac7ddc7ba3aee6eb0551780e3a85a73984aa75c0e9b64	7	完整阅读标题、主题及全部10组像山一样思考的双语段落，含狼嚎、射狼记忆、鹿群生态和结尾；补英文括号、冒号、分号及插入语间距、中文半角分号间距，不改动缺词错字。；已补充疑点的当前文本精确定位（UTF-16）。
public/postgraduate/lessons/volume2/09.json	postgraduate	volume2-09	How Mass Media Affect Our Perception of Reality	1.2.0	0	8	applied	needs_source_check	json_valid	Codex	2026-10-01T10:14:51.600Z	eab6f797b8891f80c2bb6a138bb00400437d94c7976052955adbd29b293f6df2	2a7355c5517e325f33aa4cfec9d3d8a82dcfa69835b099d7c76ed5a05591d441	8	完整复核标题、主题及全部 17 段英汉正文；分块与正文重复表示已核对。补齐两个中文问句间距、引语前冒号间距及英文破折号间距；日期、连字符组合及已有空格保持。；已补充疑点的当前文本精确定位（UTF-16）。
public/postgraduate/lessons/volume2/10.json	postgraduate	volume2-10	Marketing Across Cultures	1.2.0	0	70	applied	needs_source_check	json_valid	Codex	2026-10-01T10:14:51.635Z	3dcc830b8f90dd672d5ce91dcd3963c6d720683ec04d8ee51667fce913c4ec03	0383d38642a348e5824a9a34cd6d7734c41437346c34b676c9e4145d1885d611	12	完整复核标题、主题及全部 14 段英汉正文，核对重复分块；补齐中文冒号、分号、问句边界及英文破折号间距。品牌、8/8/88 日期及已有数值格式保留；疑似 OCR 字词不改写。；已补充疑点的当前文本精确定位（UTF-16）。
public/cet/lessons/cet4/cet4-20180601.json	cet	cet4-20180601	2018 年 6 月英语四级真题第 1 套	1.2.0	0	123	applied	needs_source_check	json_valid	Codex	2026-10-01T10:14:51.673Z	3a602d52eae7dba012982c99cda69084905acf80c34f1a5d47dfc80d262c22ac	ae6b2c9bba5a24f76ecd37e5d1ea9b120993c763f82059ea18e631cbf6c3974d	29	完整阅读全部 23,603 字符试卷：标题、写作、听力 1–25、选词填空 26–35、长篇匹配 36–45、两篇阅读 46–55 和翻译。补齐数字与英文、选项字母后句点、章节句点及英文破折号边界；括号内中文释义属正常注释，非 OCR 混字。原有断词、重复段标题及缺分段保留并记疑点。；已补充疑点的当前文本精确定位（UTF-16）。
public/cet/lessons/cet4/cet4-20180602.json	cet	cet4-20180602	2018 年 6 月英语四级真题第 2 套	1.2.0	0	119	applied	needs_source_check	json_valid	Codex	2026-10-01T10:14:51.710Z	f05ecb7f5e35f8b883e0896f20a57d303cdc4f7893fcb81fd45c2edd3a6b9f9b	c77d9742c51c45798e966f685c8d9db9f0384a171066bf0493809a10bcbc7bec	34	完整阅读 22,826 字符及标题：写作能力作文、听力 1–25、污染选词、威尼斯长篇、绿地与奥林匹克级客轮两篇阅读和公交中文翻译。按上下文拆分 be spoken，补齐分钟、答题卡号码、选项和破折号间距；全部中文括注为正常释义。原有词内空格与章节重复另记来源问题。；已补充疑点的当前文本精确定位（UTF-16）。
public/cet/lessons/cet4/cet4-20180603.json	cet	cet4-20180603	2018 年 6 月英语四级真题第 3 套	1.2.0	0	39	applied	needs_source_check	json_valid	Codex	2026-10-01T10:14:51.746Z	df723a6ee5b659a4129cdf01c0a856e25b055e7efa1b61c32a72dd6212117a3c	c434c7aa9e360068008e88d08d99bc082e0bc2bf7c785ca635205bf12a854950	8	完整阅读 18,239 字符及标题，覆盖口语能力作文、听力省略说明、霓虹灯选词、新泽西学业压力长篇、教学相长与职场女性两篇阅读及地铁翻译。补齐分钟和字数边界、英文插入语破折号；百分数、年龄段、日期和中文括注保持原有内容。；已补充疑点的当前文本精确定位（UTF-16）。
public/cet/lessons/cet4/cet4-20181201.json	cet	cet4-20181201	2018 年 12 月英语四级真题第 1 套	1.2.0	0	63	applied	needs_source_check	json_valid	Codex	2026-10-01T10:14:51.787Z	480781bbb8760a2da0a0235c06bfd4f56dc3e30da590c00321f2a862cbf34afc	bf103cb7ced61f32c53edc6d22f873d3e454cef4f809cafe317b5302d0bea05f	18	完整阅读 22,503 字符及标题，包括大城市作文、全部听力选项、污染选词、食疗长篇、地下水与 AI 伦理阅读、智能手机中文翻译。补齐英文引语之间及引语后叙述、括注外侧、选项字母及数字单位间距。页码 NUL、原有断词和疑似缺字逐处保留。；已补充疑点的当前文本精确定位（UTF-16）。
public/cet/lessons/cet4/cet4-20181202.json	cet	cet4-20181202	2018 年 12 月英语四级真题第 2 套	1.2.0	0	91	applied	needs_source_check	json_valid	Codex	2026-10-01T10:14:51.829Z	b52adb3719ea28e446bbf0715edf56c276e10a6de58536b1a83d7a4d0f18a612	f95e3e6d6a265da99dd98f61906a3b7f43c9a2343570a7ba979ee314106f5d9c	18	完整阅读 23,702 字符及标题：留学作文、听力 1–25、沟通方式选词、名厨 Carême 长篇、安全摄像头与百事食品阅读、手机中文翻译。补齐分钟、字数、长篇段落字母、选项及英文破折号空格，并分隔 apps 括注与中文。专名内部已有空格、缺字和页码控制字符需来源核对。；已补充疑点的当前文本精确定位（UTF-16）。
public/cet/lessons/cet4/cet4-20181203.json	cet	cet4-20181203	2018 年 12 月英语四级真题第 3 套	1.2.0	0	79	applied	needs_source_check	json_valid	Codex	2026-10-01T10:14:51.868Z	d3feb3c595508f3acbdd075c6013fc7ee279a2e055de0cb45b532b7f98158ec8	ede9f78408a681dba9e45fda08d1062b435b4a50cc7a4a409f0d77e9407022fa	17	完整阅读 17,485 字符及标题：毕业就业作文、听力省略说明、中医选词、食品五秒规则长篇、猫的因果认知与无人驾驶两篇阅读、移动支付翻译。逐处确认中文释义括注，补齐其与英文边界、数字枚举逗号、选项和破折号间距；原有正文标题错配及重复句另记待核对。；已补充疑点的当前文本精确定位（UTF-16）。
public/cet/lessons/cet4/cet4-20190601.json	cet	cet4-20190601	2019 年 6 月英语四级真题第 1 套	1.2.0	0	77	applied	needs_source_check	json_valid	Codex	2026-10-01T10:14:51.907Z	4e8703dce1972540c0a31720b7fd96b401f6436f80a5b982bc1fc4a2d5d9996a	339b0aaef3614a139a390a52d54a99b40824125652f2777769db6b53a28929f6	52	完整阅读 23,359 字符及标题，包括志愿活动作文、全部听力、自动驾驶选词、百岁人生长篇、婚姻健康和叫错名字两篇阅读、灯笼翻译。补齐明确选项标签、所有格后名词、括注及插入语边界。正文有大量 OCR 损坏和双栏选项错序，逐项保留来源疑点，未机械拆开混入汉字的损坏单词。；已补充疑点的当前文本精确定位（UTF-16）。
public/cet/lessons/cet4/cet4-20190602.json	cet	cet4-20190602	2019 年 6 月英语四级真题第 2 套	1.2.0	0	189	applied	needs_source_check	json_valid	Codex	2026-10-01T10:14:51.946Z	b8327877131475769f553d36fb300040d25d6a008dbaf566f33692cae2e8d894	6f357dfe4963cd7c1d4e2c361232b1f2148669bdf30e97c606bdea186c10a9e4	24	完整阅读 22,875 字符及标题，覆盖农场参观作文、全部听力、虎鲸文化选词、与父母同住长篇、女性领导和全球身高阅读、舞狮翻译。补齐全角选项括号后的英文、厘米单位、括注、数值枚举和插入语边界；复合年龄形容词 18-to-34-year-old 保持。；已补充疑点的当前文本精确定位（UTF-16）。
public/cet/lessons/cet4/cet4-20190603.json	cet	cet4-20190603	2019 年 6 月英语四级真题第 3 套	1.2.0	0	39	applied	needs_source_check	json_valid	Codex	2026-10-01T10:14:51.984Z	c3d191661a00527c76031562750fba830010fe8bf7cdee796556310f1ca6b1bb	7818ab41897fd8bca6d0c75f0f8dc25beee29f8f028985b247f8cf058dc47036	16	完整阅读 17,587 字符及标题，覆盖希望小学作文、听力说明、沉船礁选词、创客长篇、涂鸦项目和网络 CBT 阅读、剪纸翻译。补齐释义和缩写括注、选项及英文破折号；Airbus A300、Smithsonian.com、CBT 保持内部完整。；已补充疑点的当前文本精确定位（UTF-16）。
public/cet/lessons/cet4/cet4-20191201.json	cet	cet4-20191201	2019 年 12 月英语四级真题第 1 套	1.2.0	0	47	applied	needs_source_check	json_valid	Codex	2026-10-01T10:14:52.039Z	98e8c7e0396f90030b7eaba23e57741c25baee54f1aff1f9aa5aef8ad0aff3d2	37fb1f74410a2eacc941fd430e0db8807e0df621e9e3065d29b4cf23da11cf8a	150	完整阅读全部 23,279 字符及标题，覆盖推荐城市作文、听力全部选项、塑料瓶微粒选词、邮递抗灾长篇、Jill Watson 助教与科研众筹两篇阅读、家庭教育翻译。本卷存在系统性 OCR 汉字混入英文、缺句号及双栏串行；逐个损坏词保留并记来源核对，未把这些误识别边界当中英混排补空格。仅修复明确所有格、括注、句点和破折号边界。；已补充疑点的当前文本精确定位（UTF-16）。
public/cet/lessons/cet4/cet4-20191202.json	cet	cet4-20191202	2019 年 12 月英语四级真题第 2 套	1.2.0	0	79	applied	needs_source_check	json_valid	Codex	2026-10-01T10:14:52.081Z	1bacc1ca85da119196f4d69490103638cde5b7c4313234bf11aa510a116ae6db	5042163dacf500c34baa81a4afe1f8b2656b7a63f6c023816fe5530c4ceaae3d	160	完整阅读 22,743 字符及标题：学习中文地点推荐作文、听力全部选项、机舱感染选词、早餐长篇、教材与海蛞蝓两篇阅读、家庭观念翻译。确认全卷大量英文汉字混入属于 OCR 损坏，逐词保留来源问题；修复确切的选项、段标签、所有格、括注、百分数后英文、句点及破折号空格。；已补充疑点的当前文本精确定位（UTF-16）。
public/cet/lessons/cet4/cet4-20191203.json	cet	cet4-20191203	2019 年 12 月英语四级真题第 3 套	1.2.0	0	115	applied	needs_source_check	json_valid	Codex	2026-10-01T10:14:52.120Z	7a2ef939f2aebefd1a7da70ffe2c5dfbab1dc11b79fa838a307b72f5d98ef3d4	6bca01042c0abe04814839c95de79e273182ecb53c3c503dd5b9d08ab16cd90f	120	完整阅读 17,183 字符及标题：推荐大学作文、听力省略说明、航空生理选词、松岛新城长篇、费城汽水税与微波炉碳排放阅读、中文姓名翻译。仅补齐可确认的选项/段标签、引号、所有格、括注、冒号与英文破折号边界；全卷系统性 OCR 汉字混入、缺句点及数字损坏逐处保留。；已补充疑点的当前文本精确定位（UTF-16）。
public/cet/lessons/cet4/cet4-20200700.json	cet	cet4-20200700	2020 年 7 月英语四级真题全套合卷	1.2.0	0	131	applied	needs_source_check	json_valid	Codex	2026-10-01T10:14:52.159Z	1c3d048102a6a3e321bb61451ac3d01a2d469df7c3ef1784c446fff80d4e9fa9	84d9896c6cd6673ce80190537c38666135360cf58029a299d2dc312834b1d927	30	分两段完整阅读全部 24,398 字符及标题，覆盖翻译应用作文、听力 1–25、科学女性选词、健康烹饪长篇、钱包与梦境阅读、火锅翻译及末尾全部范文、答案和参考译文。补齐逗号/句号、英文破折号、括注与答案范围标签空格，保留答案序列和填空结构。；已补充疑点的当前文本精确定位（UTF-16）。
public/cet/lessons/cet4/cet4-20201201.json	cet	cet4-20201201	2020 年 12 月英语四级真题第 1 套	1.2.0	0	59	applied	needs_source_check	json_valid	Codex	2026-10-01T10:14:52.204Z	b5c13f0d46f9df5a6737256ef1a0b1a142b3d785ee19a680acb096704b5f48e7	5a196df8e6aacd825e2a4181d226f6f3379603aaef78c951637fab67be4d09ac	36	完整阅读 23,855 字符及标题：教育方式作文、全部听力、信任选词、圣何塞流动性长篇、学校心理服务和诱饵定价阅读，以及翻译题尾部。仅补齐英文破折号插入语间距；大量中文释义、翻译题和页码已损坏为符号，逐处记录，不能通过空格恢复。；已补充疑点的当前文本精确定位（UTF-16）。
public/cet/lessons/cet4/cet4-20201202.json	cet	cet4-20201202	2020 年 12 月英语四级真题第 2 套	1.2.0	0	31	applied	needs_source_check	json_valid	Codex	2026-10-01T10:14:52.242Z	c9702d855ac6d098791082d8f4da690feeb359e743096dccf257bdcc3ca32795	36a478d29747c8687d9808da4e99c1fb80a63e42a764ac81d0ad86596d0e1064	29	完整阅读 23,531 字符及标题：交通方式作文、全部听力、表扬选词、贫困长篇、无聊心理和西方森林阅读，以及缺失中文翻译题的末尾。补齐答题卡数字、选项前连词和英文破折号边界；翻译原文缺失、双栏错序及 OCR 标点损坏逐项记录。；已补充疑点的当前文本精确定位（UTF-16）。
public/cet/lessons/cet4/cet4-20201203.json	cet	cet4-20201203	2020 年 12 月英语四级真题第 3 套	1.2.0	0	55	applied	needs_source_check	json_valid	Codex	2026-10-01T10:14:52.280Z	b8816d0905c56986a9473c75fcec1dc828d5cac6b84f98a576d0bca1cf83b376	61fc3b0665b7bf61f9a858a72596608612948376758522a5910e87acc243d83c	14	完整阅读 17,039 字符及标题：沟通方式作文、听力残留说明、工厂数字化选词、饭盒历史长篇、电动自行车与气候术语阅读、翻译题末尾。确认 Green Hornet 节目名粘连并补空格；补齐选项前连词及英文破折号。缺失中文翻译题与损坏释义另记来源问题。；已补充疑点的当前文本精确定位（UTF-16）。
public/cet/lessons/cet4/cet4-20210601.json	cet	cet4-20210601	2021 年 6 月英语四级真题第 1 套	1.2.0	0	61	applied	needs_source_check	json_valid	Codex	2026-10-01T10:17:54.375Z	6b47b983152d507b7efd2e8c6a3dc57dc0bd25740197909c2e6f77a86d15653b	e6c9b777cc1cb48d1cf32be2b15474440edbd40b46147efbc341f41a8898eb73	67	完整阅读 24,528 字符及标题，包含技术上瘾作文、全部听力、沙漠银蚁选词、高中过渡长篇、STEM 玩耍学习和 IT 工作体验两篇阅读，以及铁观音翻译题损坏文本。确认 Enrol him 粘连，逐处为用连字符表示的插入语补空格；词内标准连字符和 Ph.D. 保持。损坏字形、题号、释义及整段中文另列来源核对。
public/cet/lessons/cet4/cet4-20210602.json	cet	cet4-20210602	2021 年 6 月英语四级真题第 2 套	1.2.0	0	39	applied	needs_source_check	json_valid	Codex	2026-10-01T10:18:46.557Z	5bbdbd376b77c9da080b9c8a9e50e079ba96d9a1028f95eadb6e685c95c38364	1a07c5d8b36180b23700a7e923189de1331d7e59088d1014c4475d0d84f3f322	84	完整阅读 25,336 字符及标题：科技与懒惰作文、全部听力、孤独选词、无数词语言长篇、食品研究资助和零工经济阅读、普洱茶翻译题损坏文本。修复明确选项标号、引语、表达式加号和句中插入语间距；题号、数字、词内空格、连字符污染和乱码均保留来源核对。
public/cet/lessons/cet4/cet4-20210603.json	cet	cet4-20210603	2021 年 6 月英语四级真题第 3 套	1.2.0	0	39	applied	needs_source_check	json_valid	Codex	2026-10-01T10:19:32.719Z	7d9fde3edb0e958389feb74df4ee39c326cbd74ac6569dc8e553d3754f89b535	93263d1644bd7976f34ed45f794b3bf03523a7897e1aec625485f09ffa9ecec2	75	完整阅读 17,925 字符及标题：暴力游戏作文、听力省略乱码说明、星级评价选词、科研挫折长篇、无聊与热量低报阅读、龙井茶翻译题损坏文本。补齐词库选项标号和明确插入语连字符边界。缺损填空题号、OCR 替换符及整段中文乱码保留并记录具体位置。
public/cet/lessons/cet4/cet4-20211201.json	cet	cet4-20211201	2021 年 12 月英语四级真题第 1 套	1.2.0	0	139	applied	needs_source_check	json_valid	Codex	2026-10-01T10:20:35.897Z	192b8be3266a11a16f8da7825c3e4d32c2b25b9fcd8569b5a1506fccb4dbb67e	478bdcb5e1b83dc24e41536d13daaaec8d62fc408eaefa5b1ba54fb970a23229	48	完整阅读 24,158 字符及标题：新生适应提案、全部听力、谦逊选词、性别压力长篇、远程办公与好奇心阅读、大运河翻译。補齐 Dr. 称谓、句间、所有格、正常中英括注、填空外侧及插入语间距；不改填空编号本身。英文混入汉字与损坏题号单独记录。
public/cet/lessons/cet4/cet4-20211202.json	cet	cet4-20211202	2021 年 12 月英语四级真题第 2 套	1.2.0	0	155	applied	needs_source_check	json_valid	Codex	2026-10-01T10:21:44.295Z	d8a0c71add6522653235cdea3191ce5f3e5cfdfbf342cbc2fbe7c8168ecf01f0	480cbc32999ff90a43359d5091c10a4215e4ddfb0a0be33e43e1065aed9c94fa	61	完整阅读 24,127 字符及标题：演讲比赛提案、全部听力、莎士比亚选词、如何不无聊长篇、肥胖定义与男性幼教阅读、坎儿井翻译。补齐所有格、括注和句中插入语，确认 and discrimination、motivation that、industry when 三处纯英文粘连。保留被汉字损坏的英文词与填空标号。
public/cet/lessons/cet4/cet4-20211203.json	cet	cet4-20211203	2021 年 12 月英语四级真题第 3 套	1.2.0	0	149	applied	needs_source_check	json_valid	Codex	2026-10-01T10:22:43.591Z	e167994ccb12e5f53716c8c4aed75261620382da70e146e05c3465afd92d8fde	495b77432bbb5ca0839657e7541a4268c59a5b4a4a0df2d31c43697551bea56f	54	完整阅读 18,603 字符及标题，覆盖旧书回收报告、听力说明、噩梦选词、青少年阅读长篇、身体接触及成长型兴趣阅读、都江堰翻译。补齐填空占位外侧、所有格、句间、括注和英文插入语边界；填空损坏编号本身保持。都江堰原文错字及英文混字逐处保留。
public/cet/lessons/cet4/cet4-20220601.json	cet	cet4-20220601	2022 年 6 月英语四级真题第 1 套	1.2.0	0	255	applied	needs_source_check	json_valid	Codex	2026-10-01T10:23:59.943Z	89e72bf4d4e36621deeef0e0c2b825e21cab2a8a2cd63ce8cb687a3008e64fd0	9408fee369fbe4bc242825dc551cab075a484bcf45cdc883a1537882359edfdd	59	完整阅读 24,448 字符及标题：图书馆服务提案、全部听力、牙痛选词、公司文化长篇、在线课程与公开科学辩论阅读、揠苗助长翻译。补齐 notes quickly、所有格、明确句点、括注和插入语空格；逐个确认页脚日期/页码的中文数字边界，保留乱码尾部另记来源问题。
public/cet/lessons/cet4/cet4-20220602.json	cet	cet4-20220602	2022 年 6 月英语四级真题第 2 套	1.2.0	0	7	applied	needs_source_check	json_valid	Codex	2026-10-01T10:24:37.378Z	24269a65319405e99b49ba25994191961eaeb882b5cb77706ca9179db6375e51	567b1aa5eb908913e0896401c5bcf9e86402cb3032d1bf72f615e26eaee91053	41	完整阅读 18,150 字符及标题：校医服务提案、听力重复说明、天然香料选词、假别墅网站长篇、社交媒体工作留任与远程教育阅读、揠苗助长翻译。确认 first 18 的数字边界缺空格并补齐；其他主要问题是原有词内多余空格及缺失词库项，按仅插空格范围保留。
public/cet/lessons/cet4/cet4-20220900.json	cet	cet4-20220900	2022 年 9 月英语四级真题全套合卷	1.2.0	0	301	applied	needs_source_check	json_valid	Codex	2026-10-01T10:26:19.162Z	9790750488b038ebdaca4fb0654f129a0d9e07cf0346e403f4fda334b10245c7	6785c04e98fdf1cfedde329e94fdf8b2ea739b22e17f0962862008d475482896	76	分两段完整阅读 26,466 字符及标题，涵盖全套听力、成功标准选词、善意医疗长篇、科技作弊与远程绩效阅读，以及末尾三套写作和太极拳/红包/戏曲三篇翻译。补齐 firms may、facial painting、所有格、引语和破折号间距，逐个处理页脚数字；完整保留题号与字形疑点。
public/cet/lessons/cet4/cet4-20221201.json	cet	cet4-20221201	2022 年 12 月英语四级真题第 1 套	1.2.0	0	61	applied	needs_source_check	json_valid	Codex	2026-10-01T10:27:19.227Z	fc33e130d5c015bf7652694d95671f3e43f23e1d31665ee36274d274266af6a6	db5a26d76a5bca69cc64bc30ae8aeb656748791faeaf1cdd26e4794ed4aea014	42	完整阅读全部 23,846 字符及标题，覆盖体育锻炼作文、全部听力、孤独与心血管选词、大学隐性收费长篇、饮食文化和情绪智力阅读、立秋翻译。补齐词库项目之间、括注、引语、句间和破折号间距；损坏引号字形及正文末尾中文缺引号不通过空格掩盖。
public/cet/lessons/cet4/cet4-20221202.json	cet	cet4-20221202	2022 年 12 月英语四级真题第 2 套	1.2.0	0	43	applied	needs_source_check	json_valid	Codex	2026-10-01T10:30:06.940Z	821c81310752bd383c0146a617c29c63d1c9f0675670302fd840465886f2f170	9cd6b038844574810063e5cd8196282dd2c1a3e63bddbe5f8ad9e74143b32af4	58	已完整读取全文 23049 字符：健康生活作文、全部听力题及选项、育儿幸福感完形、学会拒绝匹配、养鱼和 WFP 阅读及立春翻译。逐处确认注释、引号后词界和英文破折号间距；听力多处双栏选项错序及 OCR 问题保留待核对来源。
public/cet/lessons/cet4/cet4-20221203.json	cet	cet4-20221203	2022 年 12 月英语四级真题第 3 套	1.2.0	0	61	applied	needs_source_check	json_valid	Codex	2026-10-01T10:30:57.960Z	f72e2a0933ea7dac0a76d703cf923cadd6c67a10cf550ce033ad0f9ac4028978	695f77981dda53dd8b53c0e40e79f9b6491a3cecff7427fbca6ba906f0538f01	60	已完整读取全文 18149 字符：社交技能作文要求、听力空标题、手机使用完形、邪恶与创造力匹配、养老院和膳食阅读全部选项及冬至翻译。确认词库边界、释义、英文破折号和译文括号空格；缺失听力与 OCR 错误保留并定位。
public/cet/lessons/cet4/cet4-20230300.json	cet	cet4-20230300	2023 年 3 月英语四级真题全套合卷	1.2.0	0	143	applied	needs_source_check	json_valid	Codex	2026-10-01T10:31:47.124Z	82c4be00a84bb926d33cb0fa91e30917327b31221271dc561c66793e76f022f0	5ba417861c847faade0d01eeed4afd6d83fab42e3e56ac99657d364eba7cc19b	41	已完整读取合卷 24865 字符：三套写作及三篇旅游翻译、一套听力所有选项、玩具蛋完形、婚后姓氏匹配、聪明人盲点及难民在线教育阅读。逐处确认日期页脚、中文释义、词界和破折号间距；编者已说明听力阅读共用，不将后两套缺少重复内容列为问题。
public/cet/lessons/cet4/cet4-20230601.json	cet	cet4-20230601	2023 年 6 月英语四级真题第 1 套	1.2.0	0	181	applied	needs_source_check	json_valid	Codex	2026-10-01T10:32:19.833Z	a95d57fec69e43e61d103e551509d076f4758ff025dc4c8376e1d87a17ef79ab	0ec1552d03eff44714ae467411a6fa04292698971ac880fa40f789ba08c21f40	5	已完整读取全文 24020 字符：网课作文、听力全部题目选项、棉花用水完形、语音网络匹配、大房子与创业雄心阅读、终身教育翻译。确认句号后、选项标记、年份后及破折号间距；百分数、连字符复合词、品牌名称和填空占位内容保留。
public/cet/lessons/cet4/cet4-20230602.json	cet	cet4-20230602	2023 年 6 月英语四级真题第 2 套	1.2.0	0	181	applied	needs_source_check	json_valid	Codex	2026-10-01T10:32:53.748Z	295c187f63371a47126630d04da81f964e7181522e6b1b86a4171f5061d075f1	cc29b666715dfad2e75a55829f8e0bf7484be6e7c9d1f73d781aa5de8f6ce310	6	已完整读取全文 23735 字符：同学关系作文、全部听力选项、摩洛哥太阳能完形、F1 发展匹配、超市和全年学校阅读及高等教育翻译。确认选项、句界、注释及破折号间距，保留 F1 名称、金额、小数、知识经济复合词和填空内容。
public/cet/lessons/cet4/cet4-20230603.json	cet	cet4-20230603	2023 年 6 月英语四级真题第 3 套	1.2.0	0	149	applied	needs_source_check	json_valid	Codex	2026-10-01T10:33:29.163Z	38414d06b2cb49309e5e5a5c313edeace6c12f4478bfe972419886b9f7e00faa	53d4eab53fe7c2d08ab375fd40af95d5e1c2f0331adc8f1ebd59d593cfab4e19	4	已完整读取全文 18122 字符：社区服务作文、听力共用说明、步行健康完形、纽约舞狮匹配、团建与无家可归者阅读全部选项及义务教育翻译。确认题目标记、英文破折号、译文括号间距；保留年份范围、金额、复合词与填空。听力按文件说明不重复列出，无需补写。
public/cet/lessons/cet4/cet4-20231201.json	cet	cet4-20231201	2023 年 12 月英语四级真题第 1 套	1.2.0	0	131	applied	needs_source_check	json_valid	Codex	2026-10-01T10:34:56.767Z	5a9dcf75716a78dd8f451a78e0c876b4763145552053c9463cb507f031603c21	4bf21dd104b386859b9ee65e1f863f82b05d709a7d12592a061601efe005e745	154	已完整读取全文 25064 字符：校园活动作文、全部听力、运动寿命完形、气候与食品匹配、忙碌文化和机票性别差异阅读及健康饮食翻译。逐处确认注释、英文词界和破折号间距；大量已有断词、数字断裂、引号损坏、OCR 错字及听力双栏错序均不以新增空格掩盖，具体定位待核对。
public/cet/lessons/cet4/cet4-20231202.json	cet	cet4-20231202	2023 年 12 月英语四级真题第 2 套	1.2.0	0	99	applied	needs_source_check	json_valid	Codex	2026-10-01T10:36:00.147Z	7dadefcf982f7793981798dd78f3325915ab9566c559ff93006c068bbe553acc	86a7b7db62fc31887c6dae307801a2ab83feb3a14b7c597cb5c52dac3c3bd538	102	已完整读取全文 24162 字符：家乡变化作文、听力全部选项、爱好与工作完形、陪产假匹配、竞争对手和多任务处理阅读及饮食变化翻译。确认注释及词界间距；听力错序、匹配 P 段残缺、原有断词、引号与 OCR 错误逐项保留待核对。
public/cet/lessons/cet4/cet4-20231203.json	cet	cet4-20231203	2023 年 12 月英语四级真题第 3 套	1.2.0	0	79	applied	needs_source_check	json_valid	Codex	2026-10-01T10:36:50.722Z	2cf56c22b414640f9776285c50d8dd6342b7dc37e128988838f4fdd06e0aba99	3beb8148eee0b32a91fa287887b7b08031145c5013b8f17100162c5d07dab756	76	已完整读取全文 18230 字符：大学印象作文、听力共用说明、社会健康完形、青少年网络社交匹配、Red Rum 赛马及决策阅读、饮食变化翻译。确认句界、括号后、引号后和破折号间距；年份范围、品牌及自然复合词保留，原有断词、疑缺中文主体等来源问题具体定位。
public/cet/lessons/cet4/cet4-20240601.json	cet	cet4-20240601	2024 年 6 月英语四级真题第 1 套	1.2.0	0	17	applied	needs_source_check	json_valid	Codex	2026-10-01T10:37:24.518Z	39d307f07d3547e2ba2a6e9e7a294a5e9a45ab59e7be00d1f0f0b4cd80d9d9f4	50d7651b8f7e01223559bc178f5119cfede249157598efa90cd10b6bf8e40bb5	4	已完整读取全文 24062 字符：图书馆开放作文、听力全部题目选项、语言抽象性完形、长期目标匹配、意志力及科研资助阅读、四合院翻译。全文原有中英注释与英文破折号间距基本合理，只补四合院英文注释后的空格；页眉网址、小数、百分数和复合词内部保持原样。
public/cet/lessons/cet4/cet4-20240602.json	cet	cet4-20240602	2024 年 6 月英语四级真题第 2 套	1.2.0	0	297	applied	needs_source_check	json_valid	Codex	2026-10-01T10:38:05.822Z	4a52e8927a4d690224588646dff66d291706f00eae3557435eb2e190548fee95	4a2ad67beefebaf41190c44071d10d86babc23e09d2a2834e8742389508957a1	21	已完整读取全文 24005 字符：体育设施开放作文、听力全部选项、语言抽象性完形、长期目标匹配、意志力和科研资助阅读、农历翻译及文末全部参考答案。确认缺少选项后空格、注释句界及译文括号间距；保留答案序列、填空、小数和百分数。原有断词与缺标点定位待核对。
public/cet/lessons/cet4/cet4-20240603.json	cet	cet4-20240603	2024 年 6 月英语四级真题第 3 套	1.2.0	0	15	applied	needs_source_check	json_valid	Codex	2026-10-01T10:38:32.032Z	a38ef0de16007ed511f05e7543585dc897673193bd7400343e0a26ff72f383e2	3125e1cc343a16a650679f7b7111f73061c91e9b635c832156679c0dd2219f2d	3	已完整读取全文 18927 字符：体育设施开放作文、听力共用说明、机器人就业完形、雪天网课匹配、服装史及说服技巧阅读全部选项、福字翻译。所有中英注释、数字、句界与破折号已有合理间距，本次全文复核无新增空格；保留网址与复合词。原有来源问题另列。
public/cet/lessons/cet4/cet4-20241201.json	cet	cet4-20241201	2024 年 12 月英语四级真题第 1 套	1.2.0	0	17	applied	needs_source_check	json_valid	Codex	2026-10-01T10:39:12.625Z	0a8e892992f3cb0939570a7f3f7ea104a0d93637c69bccfef08c6389c9e764e4	d3e336ed45e90e703c8b4bbb535716521d2232b5444cedb85c88758122781e2f	16	已完整读取全文 24807 字符：快递业作文、全部听力选项、语言与年龄完形、工作生活平衡匹配、园艺和女性工程师阅读、环境保护翻译及全部参考答案。逐处确认英文破折号间距；保留合理中英注释、百分数、金额、小数和填空。原有断词及缺标点定位待核对。
public/cet/lessons/cet4/cet4-20241202.json	cet	cet4-20241202	2024 年 12 月英语四级真题第 2 套	1.2.0	0	5	applied	needs_source_check	json_valid	Codex	2026-10-01T10:39:53.999Z	b636b92ec4f20bf8d308f5b18ece4a8842bc9d4dda3850b5956bb3a463d0ee5f	764ca82f5787e2efe58bde282429a43845d850e5c859273a8e95f2518a2fbd91	23	已完整读取全文 25123 字符：传统文化作文、听力全部选项、视觉听觉神经完形、瓶装水匹配、金融教育及可可基因编辑阅读、新能源汽车翻译及全部答案。合理注释、数字百分数、句界已有间距，无确认新增空格；现有问题主要为词内多余空格、缺标点和 OCR 错字，逐项定位待核对，未改动占位符或温度单位。
public/cet/lessons/cet4/cet4-20241203.json	cet	cet4-20241203	2024 年 12 月英语四级真题第 3 套	1.2.0	0	9	applied	needs_source_check	json_valid	Codex	2026-10-01T10:40:21.690Z	287b728232ddd437a031362cec5c5da3edce40f2177ab2f749e115f9dbc077c2	d368c35676115d1f0212554c9af60137e99e0d707f0ac5e82a5234399af638be	11	已完整读取全文 18546 字符：绿色校园作文、听力共用说明、仿真面具完形、学习与实践匹配、自动驾驶和蛋白质阅读、莫高窟翻译及全部答案。只确认译文英文名称两侧缺空格；保留题号占位、金额、小数、年龄与连字符复合词，词内断裂及异常标点定位待核对。
public/cet/lessons/cet4/cet4-20250601.json	cet	cet4-20250601	2025 年 6 月英语四级真题第 1 套	1.2.0	0	11	applied	needs_source_check	json_valid	Codex	2026-10-01T10:40:53.646Z	4c22bb176af0b0f0855e555137bf9fc48a974871a506876c477cdb8d5b39e531	457285b4e34d0a95016bfb98f3264e709ebc22e47f4b46fa8e91bc500e5a069a	14	已完整读取全文 24634 字符：大学语文必修作文、全部听力、儿童声誉完形、设计竞赛匹配、大熊猫及坚毅阅读、杂交水稻翻译和全部答案。确认圆柱体注释前及译文括号两侧间距；保留带中文注释的 elastic-band-powered 复合词连接、产品名称、数字范围与百分比。原有断词与占位符问题定位待核对。
public/cet/lessons/cet4/cet4-20250602.json	cet	cet4-20250602	2025 年 6 月英语四级真题第 2 套	1.2.0	0	19	applied	needs_source_check	json_valid	Codex	2026-10-01T10:41:36.196Z	3e17496d19ceb13b26bfe68ecc7d416d75187db03c65e6ea61be1dbaa6ce3a58	c170e1357552e1267ebd5f39abb4c90c5f4e85c26c42b2ff27ac2d67e99d1a03	18	已完整读取全文 23955 字符：AI 辅助学习作文、全部听力选项、希区柯克完形、果汁健康匹配、服饰与古典音乐阅读、冰雪旅游翻译及全部答案。确认果糖解释的破折号及克、毫升单位前空格；保留网址式标识无关内容、品牌、金额、百分数、自然复合词与占位符。原有断词和缺标点定位待核对。
public/cet/lessons/cet4/cet4-20250603.json	cet	cet4-20250603	2025 年 6 月英语四级真题第 3 套	1.2.0	0	11	applied	needs_source_check	json_valid	Codex	2026-10-01T10:42:07.369Z	646dad5b504be1fb9830793974c8a29b054276bda80b4099c36ecc2d9a6835d2	e80406bf436a1c3239b677e593de08032a47538fc0c6766081b92812b9e622bf	15	已完整读取全文 18181 字符：跨文化交流作文、听力共用说明、大脑适应性完形、幽灵堵车匹配、内在美及植物肉阅读、15 分钟生活圈翻译和全部答案。确认匹配标题破折号及译文括号间距；保留品牌名称、百分比、金额和英文复合词。原有词内断裂、姓名 OCR 与缺标点具体定位待核对。
public/cet/lessons/cet4/cet4-20251201.json	cet	cet4-20251201	2025 年 12 月英语四级真题第 1 套	1.2.0	0	9	applied	needs_source_check	json_valid	Codex	2026-10-01T10:43:11.565Z	9e1945e2104feea514c0c7b3eabc28183d1bc87f63eae89bb599924653cb8a00	e6da84768f68705bb0c28de49ddfcbea1c22107c48749e24a8d0fdf737c1d5f4	22	已完整读取全文 24980 字符：学生会工作作文、听力全部选项、选择过多完形、自行车道匹配、用药时间及延迟退休阅读、民营经济翻译和全部答案。确认译文英文释义两侧空格；保留姓名、复合词、金额、百分数及填空。其余问题为原有断词、选项缺标点及孤立标点，已定位待核对。
public/cet/lessons/cet4/cet4-20251202.json	cet	cet4-20251202	2025 年 12 月英语四级真题第 2 套	1.2.0	0	11	applied	needs_source_check	json_valid	Codex	2026-10-01T10:43:41.360Z	fda3dad66f0e9cf5b7c171e584f6508397a3ffc6e33c1dee5a49dbace1ce8f3c	93eff0ae13a4c4e12ef1f89df29470ee088cb35f0adebf5ba4bf77dda30435e4	17	已完整读取全文 24694 字符：学术写作作文、全部听力、音乐与痴呆完形、游戏职业技能匹配、青少年饮食和婴儿梦境阅读、城市漫步翻译及全部答案。确认引文省略号后、中文注释后英文词及译文括号间距；保留游戏名、缩写、年龄范围、金额和填空，原有断词与错字定位待核对。
public/cet/lessons/cet4/cet4-20251203.json	cet	cet4-20251203	2025 年 12 月英语四级真题第 3 套	1.2.0	0	9	applied	needs_source_check	json_valid	Codex	2026-10-01T10:44:21.116Z	e181dd7f1ac018b79d6227520685044e1291fa8a9b7e83ec6ffd965443933e18	d0a7e9f9d23b589b8ecb58a4282f9a6c098501c88a2af9ac909ea181c700a9d0	20	已完整读取全文 18782 字符：校园资源作文、听力共用说明、地球日完形、中年求职匹配、米其林素食餐厅和基因检测阅读、绿色经济翻译及全部答案。确认省略号后及译文括号前间距；保留网站名 Lynda.com、基因缩写、年龄标记、数字和填空。现有断词及标点问题均另行定位。
public/cet/lessons/cet6/cet6-20151203.json	cet	cet6-20151203	2015 年 12 月英语六级真题第 3 套	1.2.0	0	305	applied	needs_source_check	json_valid	Codex	2026-10-01T10:45:26.007Z	baebdbab1ad92506e03e2f4a282887ed0b9fd75914b03de410188e92efec0fa1	a5081143144f163592621180037db2cc2884f0ac1e1df244056019d999ad696e	30	已完整读取全文 30308 字符：网络误导信息作文要求、全部听力及复合式听写、睡眠完形、气候行为匹配、探究学习与太空旅游阅读、减贫翻译、完整参考范文、答案及翻译参考译文。逐处检查大量英文句号后缺空格、双连字符破折号、括号与答案标签边界；缩写 Dr. 作为称谓补间距，保护数字范围。OCR 错字、现有断词及异常句内标点另行定位，不改字。
public/cet/lessons/cet6/cet6-20180601.json	cet	cet6-20180601	2018 年 6 月英语六级真题第 1 套	1.2.0	0	143	applied	needs_source_check	json_valid	Codex	2026-10-01T10:46:12.738Z	4df39e8b7d391f8893028740ba427c79b830626d44a696cdb70036e8e1452851	fd1cd0cf9861c0a220d69981de47462848ef4876f3ee41a1838b5a06350ce163	25	已完整读取全文 26433 字符：雇佣关系信任作文、全部听力选项、金字塔完形、同伴压力匹配、稻田害虫和拍照体验阅读、新能源汽车翻译。逐处确认题号、选项、词库标签、注释和英文破折号间距，填空横线只补外侧空格。源文空字符页脚、错字和错误引号保留并定位。
public/cet/lessons/cet6/cet6-20180602.json	cet	cet6-20180602	2018 年 6 月英语六级真题第 2 套	1.2.0	0	135	applied	needs_source_check	json_valid	Codex	2026-10-01T10:47:08.954Z	ff37926ab7b67cfd7c4e0d4fa97797df1d61ea195bca979ec55821676ba1b753	2a8b1ec9f96e6a741b2adf138a03ff1f72c71bb984d62213ed196e51680be2b5	38	已完整读取全文 26504 字符：师生信任作文、全部听力选项、Mary 童谣完形、复苏植物匹配、人脸识别与大学费用阅读、高铁翻译。逐处确认时间单位、题号、选项、英文句界、释义及破折号间距。完形 33/35 题存在明显错序，另有 OCR 错字、原有断词和部分选项缺句末标点（第 46—55 题），均保留来源核对。
public/cet/lessons/cet6/cet6-20180603.json	cet	cet6-20180603	2018 年 6 月英语六级真题第 3 套	1.2.0	0	149	applied	needs_source_check	json_valid	Codex	2026-10-01T10:48:00.544Z	23b61c5abde85c4abc09fdbde07f93bcc56081777493c29bb656c7cd4517985b	9a996361fb5651e2b748c4d12720052db43664a510724c196aca56095bddf89a	18	已完整读取全文 21007 字符：企业消费者信任作文、听力共用说明、家用机器人完形、大学声誉匹配、经济福利及决策疲劳阅读、共享单车翻译。逐处确认题号单位、称号、释义、引文与破折号间距，清晰英文粘连 I loved、it excludes 等只加空格；重复段落、OCR 损坏和翻译缺词保留定位。
public/cet/lessons/cet6/cet6-20181201.json	cet	cet6-20181201	2018 年 12 月英语六级真题第 1 套	1.2.0	0	121	applied	needs_source_check	json_valid	Codex	2026-10-01T10:49:12.093Z	7d5089ebbc503011f0ba316b3491844cf11c72598dbe99bfc027ebfac2486c1a	7e2fa33654f2823183856a52be5756d21d62431a8f340ba5b0f2d3a2ba1d40eb	35	已完整读取全文 27140 字符：工作休闲作文、全部听力选项、岛屿狐狸完形、晒娃隐私匹配、农业机器人及科学传播阅读、博物馆翻译。确认题号、选项和词库标签后空格、引文及破折号间距；严重 OCR 断词指令和第 46 题全文均保留并定位，不用插空格掩盖。
public/cet/lessons/cet6/cet6-20181202.json	cet	cet6-20181202	2018 年 12 月英语六级真题第 2 套	1.2.0	0	275	applied	needs_source_check	json_valid	Codex	2026-10-01T10:49:57.603Z	2ac456f5adc64d3d1fd02e1a9288c8c48b3eadf5f0e66fa87d167b1579808c9d	9f259ecc3a2f7bc683acf8d526e3a9272dbf30ef707f0dee992567a5e2569981	57	已完整读取全文 27070 字符：工作职责与兴趣作文、听力全部选项、上课上网完形、Merian 科学史匹配、数学教学及护理机器人阅读、公共图书馆翻译。逐处确认题号、选项及词库标签、释义后和英文破折号间距；第 50/53 题缺号、RIBA 段残缺和大量已有词内空格均保留定位。
public/cet/lessons/cet6/cet6-20181203.json	cet	cet6-20181203	2018 年 12 月英语六级真题第 3 套	1.2.0	0	137	applied	needs_source_check	json_valid	Codex	2026-10-01T10:50:42.446Z	ef3ab55ff39a47fbc21544a108d563e3e6674248f655670adf70887a957b1bae	85c848484ca9128e7a3083947bb63b013786cdd148191a530eb2db0babee19b8	24	已完整读取全文 21127 字符：工作休闲作文、听力共用说明、狮子保护完形、恢复与韧性匹配、儿童注意力及智能手机心理研究阅读、体育馆翻译。逐处确认词库与选项标签、日期、注释和破折号间距；残缺引文、原有断词、指令乱码和中文错字具体定位待核对。
public/cet/lessons/cet6/cet6-20190601.json	cet	cet6-20190601	2019 年 6 月英语六级真题第 1 套	1.2.0	0	63	applied	needs_source_check	json_valid	Codex	2026-10-01T10:51:28.712Z	a71b4badcef5a76ed6f149ee4e04888993e0debdfa1e2f4c9a0b1c141252f8e2	cfad6d9fb29b2181fc4a0dd884995604af3fd5e34ad67987edc863e7ad29adac	31	已完整读取全文 26246 字符：团队沟通作文、全部听力选项、意大利面完形、线上线下零售匹配、AI 研究与老年科技产品阅读、成语翻译。确认英文句界、选项、引号后、句末全角句点后和语义破折号间距；对 Innovative—driven 等疑复合词 OCR 不机械加空格。原有错字、引文错序和空字符页脚具体定位。
public/cet/lessons/cet6/cet6-20190602.json	cet	cet6-20190602	2019 年 6 月英语六级真题第 2 套	1.2.0	0	33	applied	needs_source_check	json_valid	Codex	2026-10-01T10:52:05.421Z	d3522f1d56d0ffe82688557e752bd6e8256b38e62db329a0a722fef0c66f78c2	fa47f49b31298114fcc7ff821b3e052f6edb5bfe1f4ae1239da3f8796c7b7331	24	已完整读取全文 27042 字符：人际理解尊重作文、全部听力、个人飞行完形、企业循环利用匹配、配音演员及太空交通阅读、方言翻译。确认选项和列表、毫米单位及英文破折号间距；保留产品品牌、SAG-AFTRA、Directive-3、数字小数、金额和自然复合词。错字、原有断词及页脚空字符定位待核对。
public/cet/lessons/cet6/cet6-20190603.json	cet	cet6-20190603	2019 年 6 月英语六级真题第 3 套	1.2.0	0	17	applied	needs_source_check	json_valid	Codex	2026-10-01T10:52:44.020Z	44f974a57a6c7e5fde8c9dae9ed8ab027456e38c51c7660532ed7f0bf6d279bf	c14f898f6407dbeeeed60f990e64a4253e12673dc0c336c659c4bd76bffbdedb	27	已完整读取全文 21387 字符：学习动机方法作文、听力共用说明、低温钢材完形、个人卫星匹配、同事关系和 AI 创造力阅读、汉语翻译。确认厘米单位、选项标记、英文破折号及译文注释两侧空格；保护 CubeSat、FOX 1-A、LEO、负温度、数字小数和百分数。错字、异常大小写与空字符页脚保留定位。
public/cet/lessons/cet6/cet6-20191201.json	cet	cet6-20191201	2019 年 12 月英语六级真题第 1 套	1.2.0	0	419	applied	needs_source_check	json_valid	Codex	2026-10-01T10:56:06.677Z	530973e7f821510ca493e513f1e0b2cbc27055666f1c125c54f4d7fc59d9907b	2222cd8c1e0b3853fe35b12bb575a7061e3027b8bdaa960d89cdfb2636720211	18	全文读取社会责任作文、听力 1–25、饮食与大脑完形、屏幕时间匹配、说谎与大脑及 Cascadia 灾害演练阅读、荷花翻译；逐项检查选项、题号、破折号、引号及括号边界。只补确认的空格，HTML 实体、缺字和插入页眉另记待查。
public/cet/lessons/cet6/cet6-20191202.json	cet	cet6-20191202	2019 年 12 月英语六级真题第 2 套	1.2.0	0	463	applied	needs_source_check	json_valid	Codex	2026-10-01T10:56:55.725Z	cdc5445e26e57de1523fbb08549ea1ed691341e151ae011baf98fc6cd8df5afd	cfe8ead03a5e7936f06bd9957bc543e057151d352fe64be60d1f73fe0f021f71	25	全文读取家庭责任作文、听力 1–25、物体拟人完形、蛋白质摄入匹配、态度与南极磷虾阅读、牡丹翻译。核对所有选项、括号、数字占位题号、引语和破折号边界；补清晰粘连，标记缺字、实体、重复选项及页眉插入问题。
public/cet/lessons/cet6/cet6-20191203.json	cet	cet6-20191203	2019 年 12 月英语六级真题第 3 套	1.2.0	0	411	applied	needs_source_check	json_valid	Codex	2026-10-01T10:57:41.314Z	b43dec3155e31bf14aef29e486c3d28bb85d73d4678d32ba9ace8b4e4a565cdf	8f0e5c91d67f0d5f1cc9aea784bc7813ef9ecab359b79d4c8ead90ff21d6779f	21	全文读取社区责任作文、全部听力选项、城市空气污染完形、草饲畜牧匹配、学校旅行公平性和帝企鹅阅读、梅花翻译。逐处核对选项、段号、引语和破折号；保留 N.Y.、M25、24/7 及原有复合词。疑似 OCR 缺字、缺数值、残缺选项及页眉插入均记来源核对。
public/cet/lessons/cet6/cet6-20200700.json	cet	cet6-20200700	2020 年 7 月英语六级真题全套合卷	1.2.0	0	57	applied	needs_source_check	json_valid	Codex	2026-10-01T10:58:36.999Z	4196305fb304c02cbb13cb6d9cb9247b0aa8019cc4c82bac13acdafc1201cacb	4f2d509f681e2869fe274de21feac48b4482d8742cd3cc3677e0e67f889def37	33	全文读取作文、全部听力、生态保护完形、儿童心智匹配、正向压力与狩猎阅读、三国演义翻译，以及参考范文、答案和译文。补齐选项和明确标点/括号边界；音译人名、缩写和已有断词不改。逐处记录引号误识别、汉字一代替破折号、拼写和答案疑点。
public/cet/lessons/cet6/cet6-20200901.json	cet	cet6-20200901	2020 年 9 月英语六级真题第 1 套	1.2.0	0	107	applied	needs_source_check	json_valid	Codex	2026-10-01T10:59:27.415Z	9719e8af23702ada0ce7260080d42c96209dc0bb907b193a36e24606a736505b	c54c3dcac1e20def3a767d392d2af95d081c4f95a58461aade2b965a135262fc	27	全文读取作文、听力、借口与自我设障完形、双语教育匹配、肥胖公共政策与珊瑚海保护阅读、西游记翻译。补页码数字、破折号、引用及所有格边界；逐处记录错排选项、断词、乱码页脚和中文错字，保留原结构和全部字符。
public/cet/lessons/cet6/cet6-20200902.json	cet	cet6-20200902	2020 年 9 月英语六级真题第 2 套	1.2.0	0	53	applied	needs_source_check	json_valid	Codex	2026-10-01T11:00:17.113Z	cc2aa04ae60c4ce557e56501975a1a59758456ed7d3f8756c9140b33141339db	2d834ffaba2b61065129ee85282b2639ae9019cb9b9f844a70dc33f211d26111	35	完整读取精神财富作文、听力说明乱码段、与父母同住完形、远程医疗匹配、作家睡眠和有机农业阅读、水浒传翻译乱码全文。仅补选项、引号和语境清晰的插入语横线间距；中文注释、翻译、页脚、断词和小数内部损坏均定位留待查源。
public/cet/lessons/cet6/cet6-20201201.json	cet	cet6-20201201	2020 年 12 月英语六级真题第 1 套	1.2.0	0	19	applied	needs_source_check	json_valid	Codex	2026-10-01T11:01:01.185Z	2eadc40c27dc7d2b6c9c41528740f907b1676b769bcf9c6b443b1dcf23671912	da12108dc5e544aa76613d92955a6c18202f0a1cb1a4987392dd690854817cb1	25	完整读取迎接挑战作文、听力所有题目及错排选项、税收完形、农业人工智能匹配、艺术观赏和膳食指南阅读、翻译残缺段。补标题相邻边界、and D 及插入语破折号空格；单词误识别、错排、页码乱码和翻译缺失保留并记录。
public/cet/lessons/cet6/cet6-20201202.json	cet	cet6-20201202	2020 年 12 月英语六级真题第 2 套	1.2.0	0	51	applied	needs_source_check	json_valid	Codex	2026-10-01T11:01:52.481Z	58e9f3686c08455e1a210108e2ef4b9dfd61d106a960ef7586bc5c8d2760ffb5	f308f89a2be58bacde377dad9095161aaa27ed8a224047ac047713adce0217e9	38	完整读取沟通能力作文、全部听力、疫情社会影响完形、慢希望匹配、印度饮食与抱怨责任阅读、港珠澳大桥翻译残缺段。逐处补插入语破折号和 and D 的空格；错序选项、乱码注释、词内破损、缺标点、翻译残缺均定位记录。
public/cet/lessons/cet6/cet6-20201203.json	cet	cet6-20201203	2020 年 12 月英语六级真题第 3 套	1.2.0	0	25	applied	needs_source_check	json_valid	Codex	2026-10-01T11:02:27.192Z	4b365cbca8c22cd29f9ad9e1c8f28f50bf0b099088f9495375bc502213fe3631	c2bf2fa7be27d2e51efd26313c5115dfb147bd1f35cbba4df1bc6bd036a03aa8	15	完整读取创造力作文、听力空标题、社交距离完形、终身学习匹配、社交媒体及黑猩猩文化阅读、翻译残缺段。补 media do、and D 和插入语破折号间距。保留异常逐词换行、注释乱码和翻译缺失并精确记录。
public/cet/lessons/cet6/cet6-20210601.json	cet	cet6-20210601	2021 年 6 月英语六级真题第 1 套	1.2.0	0	61	applied	needs_source_check	json_valid	Codex	2026-10-01T11:03:23.897Z	18ee212903faba39cc06859164b20f3ca3797abbf84743072092d2b3aed6e84e	582afcd8ce568379fd13ec2d21d5fb569d433d7b257936f896a249fa6432fc13	56	完整读取城市化图表作文、全部听力、儿童图书多元文化完形、马可尼匹配、遗传与教育和旅游税阅读、翻译乱码段。补 than 200、引语和语境明确插入语横线间距。图表、错序选项、题号损坏、单词及中文注释乱码、翻译缺失均记录具体位置。
public/cet/lessons/cet6/cet6-20210602.json	cet	cet6-20210602	2021 年 6 月英语六级真题第 2 套	1.2.0	0	33	applied	needs_source_check	json_valid	Codex	2026-10-01T11:04:41.015Z	52251cc82c283938938474a7fd00149a7d9e4019c3db43d91e83a0ce9d35d68e	c7bd2a544e39b5b4425c207774defcf1a05e70faa2ea70636a78964d1429f873	61	完整读取高等教育入学率图表作文、全部听力、财务规划完形、巴黎圣母院火灾匹配、绘画及汽车导航阅读、翻译乱码全文。补明确词间、句间及插入语间距；记录所有观察到的图表损坏、选项错序、断词、标点错误、注释和翻译乱码。
public/cet/lessons/cet6/cet6-20210603.json	cet	cet6-20210603	2021 年 6 月英语六级真题第 3 套	1.2.0	0	41	applied	needs_source_check	json_valid	Codex	2026-10-01T11:05:55.959Z	7f42db6ad882883c06600f908d858b955bc76ab928570f53f678c87d74d9c8ac	899ca9a24c60f28aa1839347e2c4db027d29ac1a8b94918487f1151ee65a7aa7	62	全文读取减贫图表作文、听力说明、女性中年自我接纳完形、CGI 演员伦理匹配、创造力和模仿阅读、翻译乱码段。补确定插入语横线、H) A 与 Jurassic Park 间距；其余断词、损坏标点、题号及译文乱码逐处记录。
public/cet/lessons/cet6/cet6-20211201.json	cet	cet6-20211201	2021 年 12 月英语六级真题第 1 套	1.2.0	0	139	applied	needs_source_check	json_valid	Codex	2026-10-01T11:06:39.178Z	b38e2b2a45ad7bfa9cb1deb41ebb56c492da5c01d48ad538eb1b93f6fa6430e8	c54e574ca9628bf99a9181214ae779573c43e9e5fb4c247236f53f2daf962272	17	完整读取追星作文、全部听力、服装与心情完形、事实与信念匹配、自动化和国籍文化阅读、中共一大会址翻译。补选项/段号、引语、句间、注释和破折号间距；核对中文数字已有合理空格。拼写缺字和异常标点单独定位保留。
public/cet/lessons/cet6/cet6-20211202.json	cet	cet6-20211202	2021 年 12 月英语六级真题第 2 套	1.2.0	0	29	applied	needs_source_check	json_valid	Codex	2026-10-01T11:07:19.417Z	2e39bc9d5eea4648a63ba600abd2cb5244cfe6ed6d8ee10d6466b65f2ddb7829	248eaed2e00ca6e58ebcfa175c41874546f449031fb42b79bede27fd936c874e	12	完整读取过度保护子女作文、全部听力、乐观与寿命完形、奢侈品牌销毁库存匹配、社交媒体招聘与食品标签阅读、井冈山翻译。补选项、段号、引语、破折号及英文中的注释边界。保留正常金额百分数、缩写和中文数字格式；疑似缺字、错序和标点另记。
public/cet/lessons/cet6/cet6-20211203.json	cet	cet6-20211203	2021 年 12 月英语六级真题第 3 套	1.2.0	0	53	applied	needs_source_check	json_valid	Codex	2026-10-01T11:08:04.747Z	9cf7a44243d0d6546a91230dc679efcb040599bdfb60c09450d48815dcb1ad8c	b4597f1e818f822fda331583044067d39a122cbc8b9d0e973298a7d4f41f663d	23	完整读取网络信息辨别作文、听力及完形省略标记、音乐教育匹配、全部错排的网络媒体/员工权益阅读及 46–55 题、延安翻译。补段号、选项、引语列表、脑电图注释和破折号空格；精确记录两篇正文互串和题号错排，不重排或改写原文。
public/cet/lessons/cet6/cet6-20220601.json	cet	cet6-20220601	2022 年 6 月英语六级真题第 1 套	1.2.0	0	7	applied	needs_source_check	json_valid	Codex	2026-10-01T11:08:48.838Z	70153635d76342d31ba81318547dab5a4aa17a6af53b7ea2b9ce8199f19da5a1	24c3464557f1db4af05d7182d514b19fcabf093f27528d237f0a08589d2668f8	40	完整读取助人作文、全部听力、善待自己完形、生态保护匹配、AI 音乐与科学传播阅读、赵州桥翻译及文末混入的下一套标题。仅补 heart rate 的明确词界；已核对小数、年份、百分比、题号和既有标点间距。内部多余空格、题号重复和跨卷残文具体定位保留。
public/cet/lessons/cet6/cet6-20220602.json	cet	cet6-20220602	2022 年 6 月英语六级真题第 2 套	1.2.0	0	7	applied	needs_source_check	json_valid	Codex	2026-10-01T11:09:26.296Z	0c51a77f8cb7c37dec4cf8ad500fedca722fb7eee2fa31eb408f5562274ec1bb	d195208496e0f31bbc77d2ce45e1a8bb31774294cc72c8140000cc6dd5942efd	34	完整读取开头误混入的上一套尾部、新技能作文、听力重复说明、巴斯温泉完形、孟加拉远程医疗匹配、美国高校与常识科学阅读、卢沟桥翻译。仅修动词 set up 的词界，已逐项核对数值、题号及括号。跨卷内容、缺字、词内空格和中文破折号损坏均记录。
public/cet/lessons/cet6/cet6-20220900.json	cet	cet6-20220900	2022 年 9 月英语六级真题全套合卷	1.2.0	0	319	applied	needs_source_check	json_valid	Codex	2026-10-01T11:10:44.793Z	bd6dc9b98291850b6e580fbfc55075fe8466d4ca974e617e65f03ec661175ba7	e905e3185673475f39ffb0f3724d5c9c4b3988e9dcfa0a7cddd87fcb62dab619	96	完整读取九月合卷：数字技能作文、全部听力、旅鸽灭绝完形、编程与外语匹配、科技反垄断和旅游阅读、春联翻译，以及后附第 2/3 套作文与印章/CCTV 总部翻译。仅补时间单位、页脚正常词界、注释及引语词间空格；大量原有词内空格、引号错误、错序选项与页脚乱码均定位保留。
public/cet/lessons/cet6/cet6-20221201.json	cet	cet6-20221201	2022 年 12 月英语六级真题第 1 套	1.2.0	0	51	applied	needs_source_check	json_valid	Codex	2026-10-01T11:12:49.211Z	defaa14a09ad092904d6e7a7f6f089554de837034e99ab609198794b089d020e	6075d99a261165653509a3601a98953850f9272f02cddffb2f35af507235411c	70	完整读取信息技术教育作文、全部听力、两次精神健康危机完形、七洲七日马拉松匹配、工作自尊与环境资源阅读、青藏高原翻译。补注释、引语词界、正常插入语横线。记录题目错序、专名断词、引号与所有格 OCR、乱码页脚及中文缺标点，未用空格伪装修复。 已为重复乱码页脚分别记录实际出现位置。
public/cet/lessons/cet6/cet6-20221202.json	cet	cet6-20221202	2022 年 12 月英语六级真题第 2 套	1.2.0	0	87	applied	needs_source_check	json_valid	Codex	2026-10-01T11:14:01.865Z	f1587ebfd9dc94fa1b0c7a581b986358d1712e2e571090fdaf6e4a6257a08f68	7c3ac7ba9742b26cadf9ea3886e837a1124ed977c3d2c76077138969a71f2657	81	完整读取批判思考作文、全部错排听力、跨国企业能力完形、自然恐惧匹配、学生贷款和幼儿屏幕使用阅读、黄土高原翻译。补确定的词界、注释、句间及插入语空格，保持数值范围符号。词内空格、引号损坏、选项错序与每处乱码页脚另记待核对。
public/cet/lessons/cet6/cet6-20221203.json	cet	cet6-20221203	2022 年 12 月英语六级真题第 3 套	1.2.0	0	103	applied	needs_source_check	json_valid	Codex	2026-10-01T11:15:11.338Z	bf9f1ece45aaec755c911c7cff906136a7d04851c00f19a4afb38451ee523d65	08cd7f7a8ba6b32b4754e76a7f6d67f126e5fa790a952371b038a2a81c7c4592	64	完整读取团队精神作文、听力空标题、大学煤炭使用完形、古典音乐受众匹配、端粒衰老与塑料降解酶阅读、云贵高原翻译。补 Sheet 2、注释外侧、引语词界及插入语空格；保留复合词、数字范围。引号错误、所有格缺失、词内空格、中文 OCR 与每处页脚单独定位。
public/cet/lessons/cet6/cet6-20230300.json	cet	cet6-20230300	2023 年 3 月英语六级真题全套合卷	1.2.0	0	129	applied	needs_source_check	json_valid	Codex	2026-10-01T11:16:34.174Z	9c8be2f7ad681ab7f1599f60126985d80a1238dc5efb43ee0f841439f3596d21	c15bcba3c84cbd5f4ef292d3a2952bd41ebdd99c45300dd5c02019de657a42b7	48	全文读取三月合卷全部内容：外貌焦虑作文、全部错排听力、人类存亡风险完形、旧金山住房匹配、饮食多样性和鸭雏实验阅读、徐霞客翻译，以及选择困难/数字鸿沟作文和郑和/张骞翻译。补页脚年月数字、注释及句间词界、明确插入语横线；全部错序、引号、拼写和中文姓名问题定位保留。
public/cet/lessons/cet6/cet6-20230601.json	cet	cet6-20230601	2023 年 6 月英语六级真题第 1 套	1.2.0	0	173	applied	needs_source_check	json_valid	Codex	2026-10-01T11:17:14.064Z	b6a2e37471f81a4e7bd66e1b91de7bac190187f7612a2dc7f63a839852992b42	d8accc71e90764dbc33a0928a7fb51faa8e8179db347cef0dd9c29e4235b5fc3	18	完整读取心理健康作文、听力全部题目、犬类认知完形、感恩匹配、AI 判断力与自然拼读阅读、文化产品出口翻译。补选项列表与句间、插入语横线和音位注释边界。原有填空下划线、数字百分比及段落保持；指示语错配、缺字、标点和插入页眉记录待查。
public/cet/lessons/cet6/cet6-20230602.json	cet	cet6-20230602	2023 年 6 月英语六级真题第 2 套	1.2.0	0	177	applied	needs_source_check	json_valid	Codex	2026-10-01T11:17:55.316Z	9fc9628601e6c57ef3bfe1a6d1feda50d0b8a78077b9d093add7a07d6e4311f9	c71c48d114c89665f60d33e09a9ff652172525cd8f0bef1f446b5e7c6a2c7715	15	全文读取理性讨论作文、所有听力题、饥饿与饮食完形、完美主义匹配、儿童广告和工作场所监测阅读、城市公共设施翻译。补 60 years、选项列表、句间、插入语横线及填空占位符外侧间距；保留 $750m、￡12bn、ID 等内部形式。指示语错配、缺字与每处页眉单独记录。
public/cet/lessons/cet6/cet6-20230603.json	cet	cet6-20230603	2023 年 6 月英语六级真题第 3 套	1.2.0	0	157	applied	needs_source_check	json_valid	Codex	2026-10-01T11:18:36.243Z	05f654e606b88964798ec2612020cbc42c4a11ff7a4ce7a1c295916142ddce57	7b8f6eea1118759212b049951ccb4b18f986e86f99b122e961844e5f88ad8ab4	10	完整读取学会学习作文、听力共用说明、自我认识完形、微型大学匹配、加工食品与人类模仿阅读、城市建设翻译。补 30,000 students、选项列表和插入语横线空格；保留正常 L.L.、a.m.、小数及填空结构。指示语缺字、引语/标点疑点和页眉混入已定位。
public/cet/lessons/cet6/cet6-20231201.json	cet	cet6-20231201	2023 年 12 月英语六级真题第 1 套	1.2.0	0	157	applied	needs_source_check	json_valid	Codex	2026-10-01T11:20:00.092Z	87cdf10b8c1545358b9b77f7e76798dc80f0cf979f5ffd4619244b435d709d23	1b229cdf6d64657aa529f7585274cd50d23c13c54a818d8f37f5f66d17234077	51	全文读取学科基础作文、全部听力、莫哈韦沙漠完形、非洲农业匹配、工资与经济增长及期刊编辑性别差异阅读、养老模式翻译。补明确选项、词间、题号与数值边界、注释和句间空格；漏百分号、货币数值错误、异常句点及页码均记录，未把缺失符号当成已修复。
public/cet/lessons/cet6/cet6-20231202.json	cet	cet6-20231202	2023 年 12 月英语六级真题第 2 套	1.2.0	0	195	applied	needs_source_check	json_valid	Codex	2026-10-01T11:21:02.480Z	189f0b941b5449a46c67741b369d62744899ab5dd40eb8850e898ee5530a8d73	a85d3e702a1d268084dd332ee4dde462f29ae44cc46c43c3d7c89b6269589670	34	全文读取儿童独立作文、全部听力、事实与可能性语言完形、沉船财宝匹配、数字排斥与竞争文化阅读、老龄社会保障翻译。补选项、数值题号、引语和注释边界、句间和插入语空格；保留 GPS、GME、web 3.0 等内部形式。题号旁多余句点、拼写、缺符号与页眉均具体记录。
public/cet/lessons/cet6/cet6-20231203.json	cet	cet6-20231203	2023 年 12 月英语六级真题第 3 套	1.2.0	0	97	applied	needs_source_check	json_valid	Codex	2026-10-01T11:21:51.768Z	c5f4cd6913ca8a749b0a48b9b2621864093fc4505e01277196f482c4c2194200	5d44ae07dad71b37f3769cd500d6c1d6a0198f023eea8f309f797cfcf2bd2a76	27	完整读取老年人价值作文、听力共用说明、城市运动完形、语言学习与认知匹配、科研传播和蜘蛛保护阅读、养老服务翻译。补选项、词库边界、所有格后、注释、年月数字和句间空格；保留全部填空与换行。缺字、题号旁标点、控制字符和第 53 题错序具体定位待查。
public/cet/lessons/cet6/cet6-20240601.json	cet	cet6-20240601	2024 年 6 月英语六级真题第 1 套	1.2.0	0	15	applied	needs_source_check	json_valid	Codex	2026-10-01T11:24:19.142Z	3291705d6cecead57ebeee22b2bf749eaceb1fc246cdd563ebd7cb6522ccaff3	716071d251e6a6e9974b9a049b026c678f683e9389dc577370c657cb2a0d430c	11	完整读取独立学习写作、听力 1–25、彩虹选词、会议恢复综合征匹配、讽刺和学习变异性阅读及传统婚礼翻译；核对已有中英数字、选项、引语、注释和破折号间距，本轮无额外空格修正。非空格疑点保留。
public/cet/lessons/cet6/cet6-20240602.json	cet	cet6-20240602	2024 年 6 月英语六级真题第 2 套	1.2.0	0	15	applied	needs_source_check	json_valid	Codex	2026-10-01T11:24:42.073Z	5d427fed5d9a435a94edb0a0b0b5d09f614e54fac4b60c23d94a023e269ca61f	246850eaafb21e766961ba50d1507cc7257c24df18e79180b887f6093f9637e5	9	全文读取社会实践写作、听力全部题目、古典音乐选词、自有产权橡树匹配、工作场所干预及核能阅读、竹子翻译；逐段检查选项标签、英文标点、数字单位、中英注释与链接边界，既有间距适当，无新增空格位置。
public/cet/lessons/cet6/cet6-20240603.json	cet	cet6-20240603	2024 年 6 月英语六级真题第 3 套	1.2.0	0	17	applied	needs_source_check	json_valid	Codex	2026-10-01T11:25:04.235Z	085dcddbcde7748c02ba10a67da9c195ddcf795d65fc9e66e8356f7c8ed7860e	135a79d2a8258f494896cfdeb2ba9c56e9fb6d4d3641c3043c8d20729e49e0b0	8	完整复核数字素养写作、听力省略说明、The Sun Is Also a Star 选词、行为习惯匹配、美国梦和职业身份阅读、扇子翻译；标点、选项、缩写、百分数以外的数字及中英注释已有间距无需新增。错字和原有异常空格不改写。
public/cet/lessons/cet6/cet6-20241201.json	cet	cet6-20241201	2024 年 12 月英语六级真题第 1 套	1.2.0	0	9	applied	needs_source_check	json_valid	Codex	2026-10-01T11:25:42.161Z	d44fb07a554525245265f3c25aa1357e2d05e80ff868cb4bd4c9cdc4a14f087f	59231b661147317bd92d5c5cc9fcd546d1794517ee377e0af07bf745b5cf4072	41	全文读取目标与坚持写作、听力 1–25、消费借贷选词、被遗忘作物匹配、恐怖体验与社交媒体审美阅读、北斗翻译及答案表；补北斗英文括注两侧空格，保留 CO2、百分数、题号和答案对应，逐处记录词内空格等非插空格问题。
public/cet/lessons/cet6/cet6-20241202.json	cet	cet6-20241202	2024 年 12 月英语六级真题第 2 套	1.2.0	0	11	applied	needs_source_check	json_valid	Codex	2026-10-01T11:26:11.652Z	0d367072a5668446350a80207da85fad9516ea4f48d04c88070799e0ad5dfdcd	b0e742eb21454a53bdfb42ee35893cd6dddab56a451a223aba247dbc60a5ded9	28	完整读取自律写作、全部听力、合作对话选词、月相匹配、乡村变迁与审美阅读、洋山港翻译和答案表；补 January 逗号后及洋山港括注边界空格，保护 e.g./i.e.、29.53、小数及题号。单词内部异常空格和标点问题逐处保留。
public/cet/lessons/cet6/cet6-20241203.json	cet	cet6-20241203	2024 年 12 月英语六级真题第 3 套	1.2.0	0	5	applied	needs_source_check	json_valid	Codex	2026-10-01T11:26:35.301Z	efe368ba5c837b10b928b4a74490a63cad8764d68dbbd11e7057839de35d56b2	eb6611cb686b46a7541284cafbef82072734cbec7bcf874ced04991d66923b96	19	完整读取大学探索写作、听力复用说明、慈善选词、自由贸易悖论匹配、左右脑与团队教学阅读、航天翻译及答案；核对数字年份、英镑金额、占位符、括注和英文选项间距，无需额外新增空格。词内断裂、缺连字符及疑似错标点保留待核对。
public/cet/lessons/cet6/cet6-20250601.json	cet	cet6-20250601	2025 年 6 月英语六级真题第 1 套	1.2.0	0	17	applied	needs_source_check	json_valid	Codex	2026-10-01T11:27:13.468Z	2c510bee7bbe89bb0ae2058f76c917880e2fdbb5b9965b9052beeac1de0ca9c0	8ac6ee69a97d74e30aa28f0b6ed84a3bb8ad61406a9b3c0b427b8c9fc65981f2	28	全文复核就业准备写作、听力、校园除草剂选词、图书馆社区匹配、缺勤与职业热情阅读、天宫翻译及答案表；补三处破折号后空格、引语词界、天宫英文括注两侧间距，保留 400-450 范围、缩写及占位符；错字和原有词内空格逐处登记。
public/cet/lessons/cet6/cet6-20250602.json	cet	cet6-20250602	2025 年 6 月英语六级真题第 2 套	1.2.0	0	11	applied	needs_source_check	json_valid	Codex	2026-10-01T11:27:48.127Z	f2fcc215bc51d25e895ec174501c7114f2d62ceb43796e6b6e0eebc1d39f453d	d75801a6479ab02c1d662a7e9ee74de434eea5c049aaa04fcaf137c5f006f18c	29	全文读取社交媒体写作、听力全部题目、缓步类选词、畜牧碳排放匹配、势利评价及薪酬性别差异阅读、大湾区翻译和答案表；补大湾区英文括注两侧空格，保留温度、小数、D.C./U.S.、名称连字符及占位符；词内断裂及缺标点逐处登记。
public/cet/lessons/cet6/cet6-20250603.json	cet	cet6-20250603	2025 年 6 月英语六级真题第 3 套	1.2.0	0	7	applied	needs_source_check	json_valid	Codex	2026-10-01T11:28:14.556Z	bee04bf2a5bf45b577a2d8666241b7425b29d275cd5c9f3b4f45ba6b63b36b04	20d621f673b511c4c92a8278c1057bfa81b3a821147887cd14db51ad0f9520df	20	完整复核 AI 创造力写作、听力说明、女性政治参与选词、独处匹配、模拟培训及幸福经济阅读、南水北调翻译和答案；补项目英文括注前空格，中文句号前不机械插空格，保留数字年份、73rd、GDP/WHO 与复合名称；逐处登记词内断裂等疑点。
public/cet/lessons/cet6/cet6-20251201.json	cet	cet6-20251201	2025 年 12 月英语六级真题第 1 套	1.2.0	0	15	applied	needs_source_check	json_valid	Codex	2026-10-01T11:28:46.708Z	e805f8119c31c5480d0d7f980c02c849f4c67580852906aa37f0a31af7737523	6d2f807ba32b4ae1cb2f1a313c03f4fa5bd6df455fac956235e5ab0b1fbd7acd	25	完整读取竞争挑战写作、听力 1–25、中年运动选词、餐饮机器人匹配、友谊与成功及种族公平阅读、尊老翻译及答案；补两处选项标签后空格和时间/速度单位间距，3D、40s/50s、金额范围及专名保持完整；OCR 词内断裂等保留并记录。
public/cet/lessons/cet6/cet6-20251202.json	cet	cet6-20251202	2025 年 12 月英语六级真题第 2 套	1.2.0	0	11	applied	needs_source_check	json_valid	Codex	2026-10-01T11:29:18.074Z	29f764ca79b54cc89796038368d3abff1c9e54e0a5121343ecfbced6564f8bdb	2203ede6239b999344a15673832c0c299d3c416e5e5cf47d94dd4f901e2d7e54	20	完整复核中国梦写作、听力、AI 工作选词、适时放弃匹配、团结与非请求建议阅读、自强自立翻译及答案表；补 D 选项词界和 rejuvenation 括注间距，保留 5G、负温度、题号和所有换行；词内错误空格、OCR 字符疑点及缺标点记录来源核对。
public/cet/lessons/cet6/cet6-20251203.json	cet	cet6-20251203	2025 年 12 月英语六级真题第 3 套	1.2.0	0	11	applied	needs_source_check	json_valid	Codex	2026-10-01T11:30:30.265Z	688190b1ca418423b9fe82246caa08454b8e72f6c8e20f2b61c8d2baddb826c6	a5bc61c483d7a7b3aa6c7a517066ce4e01f4bcda83a36377079127fb813a39f4	16	延续刚完成的整篇阅读，复查 it is 与 frugality 插空格后的差异无误；收紧 t o 的疑点上下文为 supposed t o / likely t o，排除正常跨单词片段，其他全文复核结论不变。
public/kaoyan-english/lessons/e1/e1-1980.json	kaoyan-english	e1-1980	1980 年考研英语一真题	1.2.0	0	11	applied	needs_source_check	json_valid	Codex	2026-10-01T11:31:00.685Z	f0a96822d5a31d62c3dabb51cf49670510cb05593e156f77d52472c0ce958181	d9f330634fd80e7a8d8690de93f349170e41c043da500e6ca808e91c0b50f092	10	全文读取 1980 卷七个题型与完整参考答案，含爱因斯坦和世纪末科技两篇英汉原文译文；补方括号选项标记与中文说明的边界空格。题目中刻意设置的语法错误及干扰选项保留，参考译文和分值的明显 OCR 疑点单独登记。
public/kaoyan-english/lessons/e1/e1-1981.json	kaoyan-english	e1-1981	1981 年考研英语一真题	1.2.0	0	3	applied	needs_source_check	json_valid	Codex	2026-10-01T11:31:33.520Z	1fffab667461924e9540c0de2371974d278a1cabec14aee7b8a6370910d522b9	39c46e3a52099193933da0b1faa898d36ee19320c70dd94e45a01efc359c5e90	23	全文复核七节题目和全部答案，含电视完形、英国政体/噪音/太阳黑子三篇原文及译文；补分值 14 points 的词界，核对选择项、动词占位符和中英注释。保留纠错题有意的错误，水印、缺字、节号疑点逐处记录。
public/kaoyan-english/lessons/e1/e1-1982.json	kaoyan-english	e1-1982	1982 年考研英语一真题	1.2.0	0	3	applied	needs_source_check	json_valid	Codex	2026-10-01T11:32:05.685Z	79d19942b215613309803aa4d9534e7ea27aef978f2833cccfb400e023ad3c32	1a3921994e389d3f0956d1cf76d434ebcf4da3b9c56997c8e30d4b2627e87bed	22	全文读取语法词汇、动词、纠错、原始住所完形、五段推断题、翻译及全部答案，含吸烟与核辐射两篇原文译文。补选项标记和以逗号起始的答案之间空格；保留语法干扰项、时间 4:50 和占位符，重复题干、答案编号错配及缺字水印逐处记录。
public/kaoyan-english/lessons/e1/e1-1983.json	kaoyan-english	e1-1983	1983 年考研英语一真题	1.2.0	0	1	applied	needs_source_check	json_valid	Codex	2026-10-01T11:32:33.661Z	3a2d74ada0605fd0d19d11c2d7051348c24a710c0772dccc6ba370f2a3ea01de	846ff64df62c386452cd8740b60cb30f7b7af3081e02033f9e0c11d58b6f5e5c	16	全文复核八节试题及全部答案，包括工业污染完形、推断题、审查制度和太阳能两篇英汉原文译文；选项、数字、单位、引语及括注已有空格无需增加。保留考试预设错误，额外 OCR 疑点和序数词内空格单独登记。
public/kaoyan-english/lessons/e1/e1-1984.json	kaoyan-english	e1-1984	1984 年考研英语一真题	1.2.0	0	1	applied	needs_source_check	json_valid	Codex	2026-10-01T11:33:04.932Z	9526bdb35e2f61d28916cebccb8905c0473cd7bed1a40102aa19940b3500a1cf	f4b12c211bcdfa924b92f08517f9e9c62f3d97271c80dba8952f70d1aa121318	21	完整阅读八部分试题及参考答案，含隧道通风完形、食品保存推断、纽约停电和矿物两篇翻译；选项、题号、缩写 O.K.、占位符及括注间距无需新增。保留语法纠错题故意错误，其他明显错字、译文缺损与答案编号疑点记录来源核对。
public/kaoyan-english/lessons/e1/e1-1985.json	kaoyan-english	e1-1985	1985 年考研英语一真题	1.2.0	0	3	applied	needs_source_check	json_valid	Codex	2026-10-01T11:33:31.618Z	fcce5c9e4674e2ab2c4e0d73c54fd7d6a821d7459b4d11f16bc781751ba7db37	1ed7d465e4d5a2829ac81032938322835177144549f0d33cf4c12e68d14047a7	24	完整读取八节全部题目、诗歌完形、电视与办公室英汉原文及对应答案；补 key 与填空占位符之间空格，保留题号和原有段落。检查所有展示文本，无其他确认缺空格；水印、词内空格、缺字和译文 OCR 疑点逐处记录。
public/kaoyan-english/lessons/e1/e1-1986.json	kaoyan-english	e1-1986	1986 年考研英语一真题	1.2.0	0	85	applied	needs_source_check	json_valid	Codex	2026-10-01T11:34:03.913Z	c565ff9800ece9fdf818f15d1ecabb3b101afa48b34701eb2d73e5dccd56485e	8a3e36813088ec93765c90424bee0f42827ac06f5fba63dfa57c3ef46168db57	22	全文复核 Annie 购椅完形、通才专才及南极阅读、大学选课翻译，文件至末尾无参考答案；补圆圈句号编号与英文起句、两处 ○11/○12 标记、第 10 题标签及 important 填空边界空格。词内原有断裂不删改，疑点逐处记录。
public/kaoyan-english/lessons/e1/e1-1987.json	kaoyan-english	e1-1987	1987 年考研英语一真题	1.2.0	0	123	applied	needs_source_check	json_valid	Codex	2026-10-01T11:34:38.609Z	66aedea43ab2b108f9874a88b4174f96bfad59993aa83af8665d203aa507526d	52b487c9450eab6c1c79518a00983392e1426921ca21c148d818c26addca1abe	54	全文读取支票珠宝完形、直升机/奥运会/科学解释三篇阅读和城市发展翻译，核对至文件末尾；补圆圈句子编号、○11 等编号和第 10 题标签后的空格。所有内部断词、数字断裂等保留，专名、B.C./A.D. 和段落不变。
public/kaoyan-english/lessons/e1/e1-1988.json	kaoyan-english	e1-1988	1988 年考研英语一真题	1.2.0	0	189	applied	needs_source_check	json_valid	Codex	2026-10-01T11:35:18.826Z	da853e177c7d4371bf5af9c3af8487cfb8d653f63e85edb78cf474b2c802a8af	e7fe11fe614eb2004fa64c0839f919c6b3986118019cb17151f483a1dd240208	59	完整阅读五月花完形、目的性阅读/噪音/女性就业三篇阅读，以及两次收录且 OCR 不同的男性从业翻译全文；补圆圈句号标记与英文边界和第 10 题标签空格，不删除重复翻译或改题号。所有发现的词内断裂和重复来源疑点逐处登记。
public/kaoyan-english/lessons/e1/e1-1989.json	kaoyan-english	e1-1989	1989 年考研英语一真题	1.2.0	0	133	applied	needs_source_check	json_valid	Codex	2026-10-01T11:35:52.277Z	88db7b224598ae86e93eac5cca1fed5da990203c9c28890f0718684dff9b19e3	52f9540f97305230d1200b11c3482ed787591bbf71a08bcc6c63ace0f98c2c42	39	完整阅读冰山淡水完形、UFO/汽车/都市礼貌三篇阅读、自动化失业翻译至末尾；补圆圈句号编号及 ○11 等编号与句首英文边界，第 10 题标签空格。保护 UFOs、Inc.、百分数、数字分组和复合词字符；词内原有断裂及内容缺损登记。
public/kaoyan-english/lessons/e1/e1-1990.json	kaoyan-english	e1-1990	1990 年考研英语一真题	1.2.0	0	133	applied	needs_source_check	json_valid	Codex	2026-10-01T11:37:18.031Z	3c22aa4be81980dc271120622784162425260e6464c62e2edc9efbd59d5b2ced	c89f7994b702bfda207f23256bdbdb6afab3278febe5b6ef8c6bcaf6199a8546	44	完整复核未来生活完形、金星/意大利女性就业/资优儿童阅读、先天与后天理论翻译至末尾；补句子编号与正文边界、第 10 题标签及温度单位空格，已有 ⑤ 空格不重复增加。温度缺符号和原有化学式/数字断裂等单独记录，不改文章观点或非空格字符。
public/kaoyan-english/lessons/e1/e1-1991.json	kaoyan-english	e1-1991	1991 年考研英语一真题	1.2.0	0	77	applied	needs_source_check	json_valid	Codex	2026-10-01T11:37:57.148Z	b66ca48f7fc359ecb06b2d36eb1b670aba5a9b1f1fa342730202d0c2a8c8ece6	8c49ad15db8faf82417aca585114a9e70ba46ffb885f2ad0034d25ae5db70307	38	完整阅读广播电视完形、责任意识/青春期/植物水分三篇阅读、能源粮食翻译和城乡写作提纲；补章节罗马数字、选项、填空边界、破折号、标点及写作分值空格。保留缩写、化学式和段落，原有断词、选项括号混用及截断译文原句逐处登记。
public/kaoyan-english/lessons/e1/e1-1992.json	kaoyan-english	e1-1992	1992 年考研英语一真题	1.2.0	0	91	applied	needs_source_check	json_valid	Codex	2026-10-01T11:38:40.092Z	32de34609ccfc8a90ef278d743e4d8e7f2b89c4ae16eb27a781f980155eeeabb	ca7fd6799a65a151801a1b3976f8fc21fb0ef0d62fb46f53a8f5ce4cd93c13dd	41	完整阅读航天飞机完形、道路礼貌/气候因素/国际体育阅读、智力测验翻译和亲子理解写作提纲；补章节标签、选项、填空、英文破折号、括注、Para. 1、分值和时间要求空格。数字内断裂及提纲缺损保留并记录。
public/kaoyan-english/lessons/e1/e1-1993.json	kaoyan-english	e1-1993	1993 年考研英语一真题	1.2.0	0	21	applied	needs_source_check	json_valid	Codex	2026-10-01T11:39:20.623Z	7b67b4eb5e4d8aecf1a4aa63153e911018d2650b3fb283efded28b220625b856	6193b03b2c7c7fd7e6bd2f203e049db2a7003145dc9d77e8397507f8f6c677c1	51	全文复核室内设计完形、语言习得/工业社会/专利阅读、科学归纳演绎翻译与电视广告写作提纲；补章节、填空外侧、引语括注、中文注释后及破折号间距。保留所有原题答案线长度与换行，词内断裂、数字误识别和专名疑点逐处登记。
public/kaoyan-english/lessons/e1/e1-1994.json	kaoyan-english	e1-1994	1994 年考研英语一真题	1.2.0	0	49	applied	needs_source_check	json_valid	Codex	2026-10-01T11:39:59.099Z	7caa3887f541b553beae34493d70b79c85029ae0e63c853d2d32ca43b67d3e82	165db1f6f1e89c05c50f7dd3854792a382f2fd64facb910a69a12fe59ede0d85	53	全文读取用词交流完形、美国经济/商用计算机/特殊教育/癌症研究/创新五篇阅读、科技工具翻译和交友写作提纲；补章节、填空、破折号及翻译第 33 句标记间距。保留全部非空白字符与题目观点，词内多余空格及疑缺词逐处登记。
public/kaoyan-english/lessons/e1/e1-1995.json	kaoyan-english	e1-1995	1995 年考研英语一真题	1.2.0	0	51	applied	needs_source_check	json_valid	Codex	2026-10-01T11:40:41.068Z	4c08e1408c56f834fa2315dad3bc144847862214d17b02a36e7189dd6e08e58c	93d2113d351918c1dfc6a959b7af89a1d1fcb7b458ecf1c8ca0c67ed5b42f4de	52	完整阅读睡眠完形、广告/个人成长/信息获取/A 型人格/遗忘五篇阅读、标准化测验翻译和希望工程作文提纲；补章节、填空边界与破折号间距。保留 REM、题号、填空长度和换行；错断词、缺损选项及截断段落逐处登记。
public/kaoyan-english/lessons/e1/e1-1996.json	kaoyan-english	e1-1996	1996 年考研英语一真题	1.2.0	0	129	applied	needs_source_check	json_valid	Codex	2026-10-01T11:41:23.204Z	19b237b46f6bdd97fb416bae5f992b2c8a267d92f3905375bbd2a3d45738d7b2	9c29d95aed0553728a1a842f80ab8524cb58200e265ef036e9e2d3a4941bc60d	41	完整复核维生素完形、求职/BBC/公司资本/发明/进化论书评五篇阅读、科研资助翻译和健康作文；补密集完形选项及题号、章节、翻译题号、破折号、所有格词界和 40 minutes。原有词内空格及段落缺损逐处登记，题目缺下划线不改写。
public/kaoyan-english/lessons/e1/e1-1997.json	kaoyan-english	e1-1997	1997 年考研英语一真题	1.2.0	0	77	applied	needs_source_check	json_valid	Codex	2026-10-01T11:42:04.814Z	ac62139c409550da0bc8d205d1919b563877e0e7a3a89399bdb61c2e6e933f4c	7aa1faa42a017b040e15106172d4c195cfb6e58871bf69fe952dcf4736c3f065	51	完整读取临时就业完形、安乐死/美国待客/物质使用/传媒责任/通胀五篇阅读、动物权利翻译和烟草图画作文要求；补章节、题号、引语括注、破折号及 is the 粘词边界。保留百分数和所有非空格字符，原始错断词、缺填空线及图组引用记录待核对。
public/kaoyan-english/lessons/e1/e1-1998.json	kaoyan-english	e1-1998	1998 年考研英语一真题	1.2.0	0	13	applied	needs_source_check	json_valid	Codex	2026-10-01T11:42:41.300Z	9a56a8f215a460bd60ce1acbca8e014b66371f8c96e0eb74918457218fd50028	ec056a3746d96c3f6656ae719b86f8e701f57188217b2afb6593886576dc4c82	69	完整读取工业革命完形、水坝/生产率/科学争论/人口迁移/地质热点五篇阅读、宇宙背景翻译及母鸡承诺漫画作文文字；补 They 与第 1 空及 that 的边界、两处列表符号和中文图注编号间距。所有原有词内断裂、专名疑错与漫画资源疑点逐处记录。
public/kaoyan-english/lessons/e1/e1-1999.json	kaoyan-english	e1-1999	1999 年考研英语一真题	1.2.0	0	79	applied	needs_source_check	json_valid	Codex	2026-10-01T11:43:35.184Z	49658fec434504fce16838cbcebbcd56d3894c2aabd216fd53a8c6eef968e6a5	ed470ab6d0bdeaa8452d30bdeab554ef24eb9a97efb5a89bfd46d726a8748a55	61	完整复核工业安全完形、产品警示/Web 商务/计算机教育/克隆政策/科研方法五篇阅读、史学方法翻译及人口野生动物作文；补章节、完形题号、翻译编号和破折号间距。Amazon.com 与数字缩写不拆，原有断词、缺连接符和图表缺失疑点逐处登记。
public/kaoyan-english/lessons/e1/e1-2000.json	kaoyan-english	e1-2000	2000 年考研英语一真题	1.2.0	0	263	applied	needs_source_check	json_valid	Codex	2026-10-01T11:44:44.464Z	9c315b6df3de5f8bfb10b023a8336ae9660fdce65feaef9f89e94cccfe58785a	c2374e19473da625a69c4abdade75d55129ef9da48472131df2e108a6df2ed9f	80	全文复核农业盈余完形、美国经济/人类演化/未来主义诗歌/日本社会/抱负五篇阅读、政府与科技翻译和两图作文要求；补圆圈编号、章节、题号、词数标签及破折号边界空格。保留原文字符、缺损句子和图组引用，词内断裂逐处登记。
public/kaoyan-english/lessons/e1/e1-2001.json	kaoyan-english	e1-2001	2001 年考研英语一真题	1.2.0	0	267	applied	needs_source_check	json_valid	Codex	2026-10-01T11:45:34.706Z	7016f9d0a4781bbe29a5c3e4269f960cb6b8de387115e4a5c7ad81e0f531bbbb	1231f188ed2c15cf75501ec8ec3e4afaef5a49c01e36a6b4d1ae8b6efa77a232	68	全文读取证人付费完形、科学专业化/数字鸿沟/新闻可信度/并购/简化生活五篇阅读、未来技术翻译与爱心作文要求；补密集选项和题号、填空、引语、括注、破折号及年代省略前空格。保留 M&A、专业缩写、型号和数值；原有断词及错字符疑点逐处登记。
public/kaoyan-english/lessons/e1/e1-2002.json	kaoyan-english	e1-2002	2002 年考研英语一真题	1.2.0	0	231	applied	needs_source_check	json_valid	Codex	2026-10-01T11:50:24.295Z	1ed54f10cddd369881a32b747f71e5c79fbade64c81bed5758a158b81318a231	deab11cdb7e1338abaef1310e1863e3e970c4ef332a8339555aef91be24ce629	68	全文复核通讯革命完形、幽默/机器人/油价/临终照护四篇阅读、行为科学翻译及中式服装作文。确认选项、破折号、所有格、翻译题号及括号边界空格；缺选项、题干、词内断空格及图片依赖逐处留待核对。
public/kaoyan-english/lessons/e1/e1-2003.json	kaoyan-english	e1-2003	2003 年考研英语一真题	1.2.0	0	55	applied	needs_source_check	json_valid	Codex	2026-10-01T11:51:05.422Z	63ffc1a356bd53a8d2a0c5cc8b9412e970f5c5202d345715672854689e6484c0	5588f4387de4d3c194d4ec2e391833c461408027f6786401899aa88208cbc2b6	60	全文复核青少年社团完形、网络情报/动物研究/铁路合并/医疗与死亡四篇阅读、人类学翻译及图画作文；确认选项、引号、句点、行号、破折号和题号边界，原有词内断空格与缺网址/作文标题等按位置保留待核对。
public/kaoyan-english/lessons/e1/e1-2004.json	kaoyan-english	e1-2004	2004 年考研英语一真题	1.2.0	0	25	applied	needs_source_check	json_valid	Codex	2026-10-01T11:51:42.825Z	f8cda6f64eb0ece0b3491c738275cb4e94b94295f79b3bfc72d23a8c3fd6a709	04a5df125345b723727905310dde74d4a6dec878d0036595d595c991737746d8	62	全文复核青少年犯罪完形、求职搜索/字母排序偏见/经济放缓/反智主义阅读、语言思想翻译及图画作文。仅补题号、引号、破折号与填空边界，保留并定位 OCR 断词、拼写及图画资源疑点。
public/kaoyan-english/lessons/e1/e1-2005.json	kaoyan-english	e1-2005	2005 年考研英语一真题	1.2.0	0	97	applied	needs_source_check	json_valid	Codex	2026-10-01T11:52:25.383Z	5fb91758ce255199ecbc58da021568f254dd487ac58580c72faa13f697098518	4fd4ad5371248d0041b6e689726b843406a782465881d5f147e6319d03d2f019	87	全文复核嗅觉完形、猴子公平感/全球变暖/梦境/正式语言阅读、加拿大药品机构七选五、欧洲电视翻译与辞职信及图画作文。确认题号及选项边界、破折号、costs keep/to include/the creation 粘连；断词和图画依赖按位置保留待核对。
public/kaoyan-english/lessons/e1/e1-2006.json	kaoyan-english	e1-2006	2006 年考研英语一真题	1.2.0	0	75	applied	needs_source_check	json_valid	Codex	2026-10-01T11:53:06.656Z	395cc52c2fb8cb8e909a358f2b4710f1317838a3d76908525f53d2306d32172d	041ba752a43c19e4ae0bf331ee79fd7d8076a34f0dcdb7da5f8e899967a1d330	81	全文复核无家可归者完形、移民同化/莎士比亚剧院/过度捕捞/艺术幸福阅读、赌博七选五、知识分子翻译和希望工程信及照片作文。补题号、选项、破折号、10 this 与 to their；原有断空格、疑似错字和图片依赖逐处留待来源核对。
public/kaoyan-english/lessons/e1/e1-2007.json	kaoyan-english	e1-2007	2007 年考研英语一真题	1.2.0	0	89	applied	needs_source_check	json_valid	Codex	2026-10-01T11:53:48.456Z	074048436498c0f527e84e28f1fa7720950a57e4d319cefa954bea10c7c1a12b	3accc864a2d6e8037d45acafc9bc917acdce7cb59a4bf65c8acea5e3050dcd92	88	全文复核拉美独立完形、刻意练习/IQ/家庭财务风险/数据安全阅读、亲子指导小标题配对、法律与新闻教育翻译、图书馆建议信与图画作文。补题号及选项、Paragraph 3、逗号和破折号边界；断词、配对题号缺失及图画依赖逐处记录。
public/kaoyan-english/lessons/e1/e1-2008.json	kaoyan-english	e1-2008	2008 年考研英语一真题	1.2.0	0	85	applied	needs_source_check	json_valid	Codex	2026-10-01T11:54:32.788Z	e4712fd784e72528fc3fe32c966b7b0bcd21d422fe0bc39175dfc04c9964029c	f4f3e7c3e48822dde6fa040ba0e7b6e3b0a327f0b91f1d9a42870089036410f1	79	全文复核遗传研究完形、女性压力/学术出版/身高/建国者与奴隶制阅读、论文写作七选五、达尔文翻译及归还 CD 信和图画作文。确认题号、选项、句点、破折号及 or his/of the/intellectual 边界，原有断词与错字逐处留待核对。
public/kaoyan-english/lessons/e1/e1-2009.json	kaoyan-english	e1-2009	2009 年考研英语一真题	1.2.0	0	83	applied	needs_source_check	json_valid	Codex	2026-10-01T11:55:20.276Z	64f474e5c42ebb27ed9dee23d0b4accb2bee8fe629e26f95642017ec88a3072e	f5f23af1f9162fc2144a59c333f578c0f5a74f1bea81c0d24fe5ace515764d4c	57	全文复核动物智力完形、习惯创造力/DNA 检测/教育经济/新英格兰阅读、人类学七选五、教育翻译、塑料袋建议信及网络远近作文。补明确词间粘连、题号、引号、破折号、填空和两处插入语连字符边界；原文错字/断空格及图片依赖留待核对。
public/kaoyan-english/lessons/e1/e1-2010.json	kaoyan-english	e1-2010	2010 年考研英语一真题	1.2.0	0	127	applied	needs_source_check	json_valid	Codex	2026-10-01T11:56:09.358Z	fdc9692d2ed608c15b2e5999ac9afc0ba0acbd6605a38976aefac52607440747	6ec2d0ca90d025e868d2d7672aac001b09142ceb8d11889e19e7f9db3b08d962	103	全文复核霍桑效应完形、报刊艺术评论/商业方法专利/社会影响/银行会计阅读、食品批发排序、土地保护翻译及招募通知和图画作文。确认选项、题号、句点、SHEET 1 与破折号间距；大量原有断词/误字保留明确位置，不改写原题。
public/kaoyan-english/lessons/e1/e1-2011.json	kaoyan-english	e1-2011	2011 年考研英语一真题	1.2.0	0	55	applied	needs_source_check	json_valid	Codex	2026-10-01T11:56:54.736Z	a0f752500558415f140b866ffd42e85e3d289b6b0c3f48d66ae8679e4492e14b	396cd1e83fee7ad0a9b3f145e4a9e9c8087e3bfa20e9f062fc700d08f83aa9fa	54	全文复核笑与情绪完形、乐团/高管离职/营销媒体/育儿幸福阅读、高教排序、自助思想翻译与电影推荐及旅程作文。补题号、句点、冒号、引号和破折号间距；原有词内空格、聽 伪影、排序链 G 缺失与图片依赖定位保留。
public/kaoyan-english/lessons/e1/e1-2012.json	kaoyan-english	e1-2012	2012 年考研英语一真题	1.2.0	0	183	applied	needs_source_check	json_valid	Codex	2026-10-01T11:57:35.132Z	2b08954c154261d4084b6ae3d80e320a9e1a8ceab83daf70bd9ee8ccf0ba8270	23449f6b3c280620ddc0570c6503777f67d58f1649fc3d368a9a668014437ef7	57	全文复核法官伦理完形、同伴压力/核电监管/科学发现/公共部门工会阅读、网络创作七选五、语言普遍性翻译及欢迎邮件和图画作文。补选项题号和明确粘连；保留 language—acquisition 的连接符疑点，不当作插入语机械加空格。其余断词、错字与图片依赖按位置记录。
public/kaoyan-english/lessons/e1/e1-2013.json	kaoyan-english	e1-2013	2013 年考研英语一真题	1.2.0	0	117	applied	needs_source_check	json_valid	Codex	2026-10-01T11:58:14.274Z	39ef752793312c16914fb69eac08c9293c014c1fb01dc8ece59999a9c91b903a	11e16afd3321d3f2c95b3ffc1a49edbee77299ea0d40564bbaf51327a3982408	55	全文复核判断偏差完形、快时尚/DNT/人类未来/移民法阅读、社科研究七选五、无家可归者花园翻译与评委邀请及图画作文。补题号、引号、逗号、句点、破折号及 Internet Explorer/overturned because 等粘连；断词与实体名疑点逐处保留。
public/kaoyan-english/lessons/e1/e1-2014.json	kaoyan-english	e1-2014	2014 年考研英语一真题	1.2.0	0	109	applied	needs_source_check	json_valid	Codex	2026-10-01T11:59:22.121Z	992e61bca21230f8d312cbeb18db4e3b6fc16029bc52efbaff2ddb47d0a45afa	4a65ccb91c9cad30e4bf59e5ada433e1a79ca2f40c4d7e54d9c2392c9fd6b861	97	全文复核记忆训练完形、失业福利/法律教育/科学奖项/人文教育阅读、考古排序、贝多芬翻译及体质建议信和图画作文。确认题号、句点、插入语连接符、AD 500 等空格；原有断词、重复句、考古残句及人名疑点逐处留待来源核对。
public/kaoyan-english/lessons/e1/e1-2015.json	kaoyan-english	e1-2015	2015 年考研英语一真题	1.2.0	0	149	applied	needs_source_check	json_valid	Codex	2026-10-01T12:00:08.592Z	30d4336ddbc4f9bc3540d9c245d7e8ae87940f196fad3fa06c156215a9177a7f	918f1746c91fe19fe4382672b0132251d395c1b5192f8e701eb6bdf4dcf238c3	53	全文复核朋友基因完形、欧洲君主/手机隐私/统计审稿/新闻道德阅读、阅读理解七选五、移民史翻译、荐书信及图画作文。补标题题号、填空、选项、标点与插入语连接符间距；原有断词、人名及词形疑点按位置保留。
public/kaoyan-english/lessons/e1/e1-2016.json	kaoyan-english	e1-2016	2016 年考研英语一真题	1.2.0	0	141	applied	needs_source_check	json_valid	Codex	2026-10-01T12:00:58.864Z	7117f7c5834be9ece03934006e7ab6587bf6ad083d8b205f73cc754481d0fc6b	ba904d09c54033abdeded2ada1fb3480438ae696bbfd53dc150b414faa34dd1e	55	全文复核柬埔寨婚姻完形、模特健康/乡村规划/CSR/报纸印刷阅读、职业形象小标题、心理健康翻译及图书馆通知和图片作文。结合全角标点语境补确认的句间、题号、选项及括号间距，不全局处理中文标点；原有断词、错字及作文指令混入按位置保留。
public/kaoyan-english/lessons/e1/e1-2017.json	kaoyan-english	e1-2017	2017 年考研英语一真题	1.2.0	0	131	applied	needs_source_check	json_valid	Codex	2026-10-01T12:01:45.776Z	773a9bb4e69b66abf824f80b9f4b329ed995f1c7721fb5898a1fd7db28cdd678	a5e9a2547527d96ee2f2c5105695afa4ca058e813f7b00382a94154f5da0ef5b	61	全文复核拥抱与健康完形、机场安检/夏威夷望远镜/GDP/公职腐败阅读、狄更斯排序、英语全球地位翻译及旅游推荐和图片作文。补题号、选项、引号外边界、破折号和 Directions 冒号间距；原有断词、错字及错向引号按位置保留。
public/kaoyan-english/lessons/e1/e1-2018.json	kaoyan-english	e1-2018	2018 年考研英语一真题	1.2.0	0	139	applied	needs_source_check	json_valid	Codex	2026-10-01T12:02:37.951Z	bd4d5421dfd80af89f62f569dbcaab5bf70e0bdbc4470628cc131a8f5b987c98	7e0751ff2a8ac60c52072fe98f11dbfb78064118a30bafb79115d36046050c59	82	全文复核信任完形、自动化就业/社媒识读/医疗数据/邮政阅读、行政办公楼排序、莎士比亚戏剧翻译及毕业典礼邀请和图画作文。补题号、选项、引号、破折号、插入语连字符及 14 and 24；断词错字和第 46 题标记缺失按位置保留。
public/kaoyan-english/lessons/e1/e1-2019.json	kaoyan-english	e1-2019	2019 年考研英语一真题	1.2.0	0	113	applied	needs_source_check	json_valid	Codex	2026-10-01T12:03:21.383Z	c8bdf568d08506f5e788089fecf259626f7a6264e6a9b091f309735a1f103788	ffe4708e69adf9aeb3568936bccd0e6f1fd63832624f526f77ec376cf6b50bc1	17	全文复核野外导航完形、长期主义/成绩宽免/AI 伦理/网购税阅读、论证排序、科学论文翻译（含末尾重复题句）及支教邮件和图画作文。补填空占位符外部、标点、破折号、题号和排序箭头间距；保留公式 H2O、网址及占位符内部，OCR 错词与重复题句差异按位置记录。
public/kaoyan-english/lessons/e1/e1-2020.json	kaoyan-english	e1-2020	2020 年考研英语一真题	1.2.0	0	389	applied	needs_source_check	json_valid	Codex	2026-10-01T12:04:27.240Z	a46fc495eef34c5f20353f4615bfcc7ef1398d6cfe6ee91997d954c2f80fedc6	2a0e1747074a172078311d3f0f1c3921e085176b7ddf53949bda551922254398	38	全文复核周日烤肉完形、文化小镇/学术出版/董事会配额/数字税阅读、眼神交流小标题、启蒙时代翻译及歌唱通知和图片作文。补题号选项、标点、占位符与插入语间距；数字税重复段、完形残句及 eye/eve 等 OCR 误识按位置保留待核对。
public/kaoyan-english/lessons/e1/e1-2021.json	kaoyan-english	e1-2021	2021 年考研英语一真题	1.2.0	0	105	applied	needs_source_check	json_valid	Codex	2026-10-01T12:05:28.893Z	70e9a90461029da52271f3adfe8c0c393be819d0850c7caf7e17ecfb1c41d502	fea01af64c5e00b53328073e5acf1d4f22524249bb62e9a75f290605c51406c0	33	全文复核流体智力完形、铁路票价/扶贫森林/维多利亚照片/网络中立阅读、AI 商用七选五、战后高教翻译和就业建议及图片作文。正文严重双栏错序，缺失题号及生成占位符逐处定位；仅补题号、占位符外侧、填空和插入语间距，不改原排序/换行。
public/kaoyan-english/lessons/e1/e1-2022.json	kaoyan-english	e1-2022	2022 年考研英语一真题	1.2.0	0	113	applied	needs_source_check	json_valid	Codex	2026-10-01T12:06:33.181Z	babdc284f50066d53d5ccca9b7c6cc2dd58caa796c9f7e14b4f3ab2ef4271fab	0d1df79bd8120dfa9a7977420bfd40350abebd6df91d0f5aa98ebd934a71fa24	35	全文复核植物意识完形、塑料文物/学历价值/艺术科学合作/解雇法阅读、动物园观点匹配、拿破仑密码翻译及创新赛邀请和图片作文。严重题号缺失和双栏错序均按位置记录；仅补题号、填空、占位符外侧及插入语间距，不补写或重排原文。
public/kaoyan-english/lessons/e1/e1-2023.json	kaoyan-english	e1-2023	2023 年考研英语一真题	1.2.0	0	93	applied	needs_source_check	json_valid	Codex	2026-10-01T12:07:29.469Z	2ea454e0130a2e49a13f1b459aeb9bac20e4653211ecfdea1441ef2269aba9c8	9d1c0c69440cdfe1187f630b8700275394a2bc1357c44353167b3abe0d23023f	32	全文复核商队驿站完形、气候教育/短租/出版商书店争议/论文引用阅读、黄石摄影排序、AI 营销翻译及研究招募通知和图画作文。完形缺题号、双栏错序、翻译 50 题中断逐处定位；仅补题号、填空、破折号间距，不修改原文顺序和缺失内容。
public/kaoyan-english/lessons/e1/e1-2024.json	kaoyan-english	e1-2024	2024 年考研英语一真题	1.2.0	0	123	applied	needs_source_check	json_valid	Codex	2026-10-01T12:08:28.023Z	2259908f6bd22674797d673ab8584b39755900d50b90518ec23ca84a4d2d656f	fa4e45568ced9dddfe4e45b069cd32e6732bb703dbfd9eb9d97246f1f167aaa3	33	全文复核自动门完形、钉子价格/共同育儿/AI 艺术/湿地保护阅读、文物归还观点匹配、大象导航翻译及科学家报告邮件和图表作文。补标点、题号、填空、单位和破折号间距；完形缺题号、中文生成占位符及多处双栏错序按位置记录，保留原结构。
public/kaoyan-english/lessons/e1/e1-2025.json	kaoyan-english	e1-2025	2025 年考研英语一真题	1.2.0	0	73	applied	needs_source_check	json_valid	Codex	2026-10-01T12:09:24.997Z	d81218f251f380424ca510ec3d832f405487c6541ed311af1311a406ce38bea2	d428a50d65a2b9001402eaf22d709f4612f351d3f229d3b34ba58876ad24c0bb	31	全文复核水下古城完形、莎剧教学/科研能耗/流媒体盗版/数字保存阅读、蝴蝶摄影排序、公民科学翻译及工艺展示邮件和表格作文。补题号、填空、破折号、2 cm 与引号边界；完形缺标记、排序/翻译/写作交错和缺表格数据按位置保留。
public/kaoyan-english/lessons/e1/e1-2026.json	kaoyan-english	e1-2026	2026 年考研英语一真题	1.2.0	0	67	applied	needs_source_check	json_valid	Codex	2026-10-01T12:10:34.976Z	356e50e2f8f632b0fd5485c55f1c621e81268dbb1182137b80d5dc3a24604c7f	a317720be986705a6c2e499522f4a86855ae5eda8c2dbb10533e4f2a4f359f63	34	全文复核 AI 与美完形、驴驯化/影视制作/广播/森林火灾阅读、阅读益处排序、科学素养翻译及家书邮件和图表作文。补题号、破折号与省略号边界；完形题号缺失、双栏错序及排序/翻译/写作交错逐处记录，不补写缺失内容。
public/kaoyan-english/lessons/e2/e2-2010.json	kaoyan-english	e2-2010	2010 年考研英语二真题	1.2.0	0	159	applied	needs_source_check	json_valid	Codex	2026-10-01T12:12:10.368Z	0be05342a5a488852a194d2a27df6e975c4c9f1a229b936a562b36aa12665d01	4af240e08a6ce31d761b516c3d0fa71c95f9e3728b33e20fa59f1270c8f52740	27	全文复核 H1N1 完形、艺术市场/夫妻交流/消费习惯/陪审团阅读、编队飞行判断、可持续生活翻译及感谢信和图表作文。补占位符外侧、选项、句点、数字和插入语间距；保留 URL、H1N1、so—called 连接符疑点，页脚/错字及缺连字符逐处记录。
public/kaoyan-english/lessons/e2/e2-2011.json	kaoyan-english	e2-2011	2011 年考研英语二真题	1.2.0	0	53	applied	needs_source_check	json_valid	Codex	2026-10-01T12:13:00.878Z	fe1c596f38d708ee08524a028fe918f94da35ff40f9c4197cf8fe64025353916	983a92e8f8550d1ffbe1a8368ef313b0ae34f9466ae11bb88425a62a253ee4f6	38	全文复核网络身份完形、外部董事/报业/小住宅/欧盟阅读、食品健康观点配对、IT 碳排放翻译及入学建议信和汽车图表作文。补标点、题号、破折号、two extra 和数字单位；保留 CO2、Change4Life 及 URL，页脚、缺连字符和配对双栏布局按位置记录。
public/kaoyan-english/lessons/e2/e2-2012.json	kaoyan-english	e2-2012	2012 年考研英语二真题	1.2.0	0	121	applied	needs_source_check	json_valid	Codex	2026-10-01T12:15:24.764Z	0a205b56108432726bedc38203d2ad4d104684c605768ae8510e0452473f42ce	fefefe122cd035d300f83c0006c22778cc95aa195869cd52b643f0e69107cdc0	26	全文复核 G.I. Joe 完形、作业政策/粉色营销/基因专利/衰退阅读、历史人物配对、人才流失翻译及词典投诉和满意度表格作文。补题号、填空、引号、标点、省略号和明确词间粘连；保留 G.I.、URL、年龄范围及数据，页脚与双栏/表格结构疑点按位置记录。 复查撤回了年龄范围内部的 1 个误加空格（正文和分块各一处），40—50 保持完整。
public/kaoyan-english/lessons/e2/e2-2013.json	kaoyan-english	e2-2013	2013 年考研英语二真题	1.2.0	0	125	applied	needs_source_check	json_valid	Codex	2026-10-01T12:18:23.762Z	8c885ff41f7c0863e047dc3bc83751f7517f6a928a1624f0e9e1538df2aa6fac	8308787050c9370356326f6723c65f93ca322a998f1d9de309078a38ef8466ca	28	完整阅读 2013 年英语二：支付方式完形、自动化就业、短期移民、潜意识判断、女性董事配额、节俭饮食匹配、自传体记忆翻译及两篇写作。逐处确认选项、题号、填空和插入语破折号空格，保留范围、货币、网址及复合词内部；逐处登记 OCR 和页脚、图表疑点。
public/kaoyan-english/lessons/e2/e2-2014.json	kaoyan-english	e2-2014	2014 年考研英语二真题	1.2.0	0	55	applied	needs_source_check	json_valid	Codex	2026-10-01T12:19:09.640Z	9ff5711d1f9a58d9672928072777fbf3c41458404f8b37345999e0922fa8c9c5	fe981a1ae6c0f89cdf292aa08d5b59ef11f53637ac2b76c99feb71d0cab6a46c	49	全文读完 2014 英语二：肥胖完形、消费幸福、外貌自评、机器与就业、住房政策、大地艺术匹配、乐观心理翻译及两篇写作。逐处补完形空位边界、选项、句点、插入语和明确英文粘连空格，复合词及 OCR 不确定项保留登记。
public/kaoyan-english/lessons/e2/e2-2015.json	kaoyan-english	e2-2015	2015 年考研英语二真题	1.2.0	0	73	applied	needs_source_check	json_valid	Codex	2026-10-01T12:19:46.790Z	54487a5cdc7940b70b05921f208054ebf00842f2db7cc2e5f0b05c479a3aaa78	543c5494b18aa395317e01eade44ae6ff27265543e30bddac2bfd83127690e9e	27	全文阅读 2015 英语二全部题目：陌生人交流完形、家庭工作压力、第一代大学生、职场术语、兼职与医保、困境建议匹配、熟悉路线时间感知翻译及写作。确认引号后、括注、百分数单位、填空及插入语空格；记录 OCR、页脚和图表问题。
public/kaoyan-english/lessons/e2/e2-2016.json	kaoyan-english	e2-2016	2016 年考研英语二真题	1.2.0	0	225	applied	needs_source_check	json_valid	Codex	2026-10-01T12:20:35.676Z	b01378aff3b206d1afa77a94878cbbcf6babc14b49758671ddb3b84a2e4be082	4f2227e1f6c69812060140764dcd8a49f32fbaf7a358a6ff369a0e7373a166e9	36	完整阅读 2016 英语二：幸福与企业投资完形、编程教育、草原松鸡保护、深度阅读、代际成功观、儿童幸福建议匹配、超市购物翻译及两篇写作。结合上下文补齐完形占位外侧、选项、括注、题号和插入语空格，保留 range—wide 异常复合词并登记来源疑点。
public/kaoyan-english/lessons/e2/e2-2017.json	kaoyan-english	e2-2017	2017 年考研英语二真题	1.2.0	0	131	applied	needs_source_check	json_valid	Codex	2026-10-01T12:21:19.157Z	a7ccc179bc460451a0eabfce61b9bf18bab6c0fee33ed522d9d40a7a32d4030d	41d5c5dc7a272a4078234f411408cfc2b74404a95c6b85a17154043027e253de	19	全文读完 2017 英语二正文、全部选项及卷后答案和中文译文：无工作未来、Parkrun、亲子屏幕使用、间隔年、山火、制造业人员匹配、时尚专业翻译与写作。修正题号选项、距离单位、Text 标号、Li Ming、引号及插入语空格；缺题目图表和 OCR 异常逐处登记。
public/kaoyan-english/lessons/e2/e2-2018.json	kaoyan-english	e2-2018	2018 年考研英语二真题	1.2.0	0	41	applied	needs_source_check	json_valid	Codex	2026-10-01T12:21:59.195Z	3d64284658b9553adffa53c63c34fa873c85122a6eeaef7e6d56d21a4b3ef5d9	a7b341903f0a72e5a76067278f1297e0a904f38e4b6e266fed09709be4244e34	41	完整阅读含考生须知和全部题目的 2018 英语二：好奇心、职业教育、可再生能源、平台数据、深度工作、会话建议、比尔盖茨阅读翻译与写作。修复页数汉字边界、罗马章节、引用及省略号后空格；词内多余空格、页码混入和缺图表逐处登记，不删除原空格。
public/kaoyan-english/lessons/e2/e2-2019.json	kaoyan-english	e2-2019	2019 年考研英语二真题	1.2.0	0	43	applied	needs_source_check	json_valid	Codex	2026-10-01T12:22:36.975Z	5e98aa4bec4edd56ae7a4672d47cb41499b8ca79710fdbe18234e6ef8fce6807	16b26e3e629f57ebb0ccf86018b1973cb3247508872d927ca78c900f5400a175	19	全文阅读 2019 英语二：称重完形、内疚情绪、森林碳汇、农业用工、塑料治理、儿童参与购房匹配、兽医作家翻译和写作。补齐页数汉字、题干填空、段落定位及破折号/括注空格；保留签证型号 H-2A/H-2B、网址、小数及百分数内部，登记页码与来源疑点。
public/kaoyan-english/lessons/e2/e2-2020.json	kaoyan-english	e2-2020	2020 年考研英语二真题	1.2.0	0	105	applied	needs_source_check	json_valid	Codex	2026-10-01T12:23:22.772Z	39d00ee887e4994b4f7f9f24d4907389d66d07472beb9082b7357e5652b9c5f1	2ca3264056e3089f7f0c3d08c9699c66a559bdb90807b20ddedad1476aec4c99	16	全文阅读 2020 英语二所有交错段落：耐心育儿完形、机器人鼠、CEO 薪酬、城市清洁空气区、Z 世代、职场交往匹配、失败翻译及写作。仅修复题号、题干、引用括注及破折号空格；明确记录完形题号丢失、跨栏正文错序、中文占位提示和缺图表。
public/kaoyan-english/lessons/e2/e2-2021.json	kaoyan-english	e2-2021	2021 年考研英语二真题	1.2.0	0	131	applied	needs_source_check	json_valid	Codex	2026-10-01T12:24:05.618Z	20fdb39499c5c4cd0253c580873ec821e6dfef5912479de957121841ce273e7b	7b4a174ea2392fcae162d1b845b9f8bf4d10652cd29e6ee8b775b40791085a20	16	完整阅读 2021 英语二全部交错正文、题干、选项和写作：目标管理、技能再培训、英国粮食自给、科技收购、直觉判断、向上沟通、陌生人交流翻译。确认选项题号、填空和插入语空格，逐处登记题号缺失、跨栏错序、中文占位符、重复指示及图表缺失。
public/kaoyan-english/lessons/e2/e2-2022.json	kaoyan-english	e2-2022	2022 年考研英语二真题	1.2.0	0	135	applied	needs_source_check	json_valid	Codex	2026-10-01T12:24:42.554Z	c712f3b6b4f9357ce6ae1a84f565af06b00c86d17201e3d1bc9a6a665a2e422d	4a0c592acb6a0e2fb41348615baabd58fdf37b1cfc59c1c0467792ec1dce8f59	21	完整阅读 2022 英语二：写作时间管理、气候友好鸡蛋、退休后就业、暗黑交互设计、伦理教育、恢复锻炼匹配、绘画翻译及写作。补齐题号、题干和插入语空格，逐处登记完形丢空、跨栏错序、数字疑点、复合词异常、占位提示及缺图表。
public/kaoyan-english/lessons/e2/e2-2023.json	kaoyan-english	e2-2023	2023 年考研英语二真题	1.2.0	0	81	applied	needs_source_check	json_valid	Codex	2026-10-01T12:25:04.124Z	e697d0f80adafa31e1b2cd04ffdc86d4523a389816c60a24f0147b22f142f1e8	039e12fd52dd1a8ce4cbc82bb7540a95feec5a78dd09c4e0e8405ff840561870	12	全文阅读 2023 英语二：增长团队完形、塑料草坪、国家公园、互联网记忆、青少年特征、建筑新规匹配、诗歌翻译及写作。确认题号选项、题干空位和插入语空格，保留货币、小数及型号完整；记录各处跨栏错序、完形题号丢失和缺图表。
public/kaoyan-english/lessons/e2/e2-2024.json	kaoyan-english	e2-2024	2024 年考研英语二真题	1.2.0	0	105	applied	needs_source_check	json_valid	Codex	2026-10-01T12:25:29.525Z	1ec2996cbfce1a086fce6f671a1360020e0e1c763ab682cbbebd8de5c779bc02	e8985f08fda4904fb5222dd9d07d1b84fe75405ae16aedf71d3cca84c416e226	14	全文阅读 2024 英语二：社交平衡完形、AI 与经济公平、英国木材供给、老年驾驶、健康 App 隐私、课外活动匹配、农贸市场翻译及写作。修复题号/填空、插入语破折号和写作句点空格，登记跨栏错序、缺空位、复合词缺连字符、题干 OCR 与图表缺失。
public/kaoyan-english/lessons/e2/e2-2025.json	kaoyan-english	e2-2025	2025 年考研英语二真题	1.2.0	0	119	applied	needs_source_check	json_valid	Codex	2026-10-01T12:26:01.613Z	cb992d9d16f2d139698e7ccd5b3ecd699ef50c42a970a5c4db7332af6d293513	74c5da91a2c86654eb8cf14fee5fc01e130d5dc9219e61a0238d5736b03fde65	15	全文阅读 2025 英语二全部题目：求助心理、小费、英国医疗、印度高温预案、自然形成的步道、职场建议、会话停顿翻译及写作。确认题号、温度单位、引号及插入语空格；登记缺空位、双栏错序、占位提示、复合词异常及图表缺失。
public/kaoyan-english/lessons/e2/e2-2026.json	kaoyan-english	e2-2026	2026 年考研英语二真题	1.2.0	0	49	applied	needs_source_check	json_valid	Codex	2026-10-01T12:26:29.630Z	c5bb0be439229e9af1503a36869743a0753132001e6d28d546cdf941d07ceb84	d3ce8f1c5f3d76fb739964d776cd1180197a63d2458e6d6a04f95cc38c72541c	13	完整阅读 2026 英语二正文、全部题干选项及翻译写作：自尊与个人化、公立图书馆、AI 数据隐私、意大利高铁、芝加哥街区节日、森林恢复匹配与服饰心理。确认题号选项、段落定位、距离单位和省略号空格；记录全部错序段落、缺空位、复合词与图表疑点。
public/nce/lessons/nce1/001.json	nce	nce1-001	Excuse Me	1.2.0	0	2	applied	edited	json_valid	Codex	2026-10-01T12:27:32.176Z	2c08494b6d7783a4b88f0566a7b2fe3b1b18343b30d7797ab6a151fb4818fa84	4541d7767931c54a07671e46e7bc6732c79902da00e47118a08226307ceccb77	0	完整阅读标题、提问、中英正文和全部逐句字幕。问询手提包归属的对话；英文单词、中文译句、课号及提问字幕间距正常。 已有第 N 课的数字空格确认合理，重复字段经一致性验证。
public/nce/lessons/nce1/003.json	nce	nce1-003	Sorry, Sir.	1.2.0	0	2	applied	edited	json_valid	Codex	2026-10-01T12:27:32.216Z	f7860d47e928eece98990605f7bd9ed2b46ddd90ebccf21f5e4ddae70a0fa580	5d0795c9b667117ea7958c6f5c194058ac04ab4b2ab744661a9527260ba317cb	0	完整阅读标题、提问、中英正文和全部逐句字幕。取外套和雨伞对话；检查缩写、所有格与字幕对应，未发现还需插入的空格。 已有第 N 课的数字空格确认合理，重复字段经一致性验证。
public/nce/lessons/nce1/005.json	nce	nce1-005	Nice to Meet You.	1.2.0	0	2	applied	edited	json_valid	Codex	2026-10-01T12:27:32.258Z	7f7662c18398f7f93b8e64d05ad981bc3a17d7b9a5680bb4c330d8eeebc2158a	a763ca4d5fb0b77d045158842f185b5422e3d4158a4ced2942438c51706728f8	0	完整阅读标题、提问、中英正文和全部逐句字幕。新同学与国籍介绍；保留 Chang-woo 连字符及 Luming/Xiaohui 姓名拼写，不按大小写盲目拆词。 已有第 N 课的数字空格确认合理，重复字段经一致性验证。
public/nce/lessons/nce1/007.json	nce	nce1-007	Are You a Teacher	1.2.0	0	2	applied	needs_source_check	json_valid	Codex	2026-10-01T12:27:32.300Z	345c4ec168b5a7c046769875c67118aa424ae35115e08945c9f791684ce31bf5	09269ade204926b322f7840b98a743c6fa45e0c9a353dbdfcbc3279ffaf94b24	1	完整阅读标题、提问、中英正文和全部逐句字幕。国籍职业对话；间距无须追加，提问中的姓名疑似漏字另记。 已有第 N 课的数字空格确认合理，重复字段经一致性验证。
public/nce/lessons/nce1/009.json	nce	nce1-009	How Are You Today	1.2.0	0	2	applied	edited	json_valid	Codex	2026-10-01T12:27:32.338Z	753d18a0f7abccbc3292982631dc493ff2c8f97882f53fe975f06bd063c7265a	ebb259d304ab917b4e68d3926d07f32e37185ef31ae31992f27d27a354b81170	0	完整阅读标题、提问、中英正文和全部逐句字幕。Helen 与 Steven 问候及 Tony/Emma 近况；所有英文、中文及逐句字幕间距均已完整检查。 已有第 N 课的数字空格确认合理，重复字段经一致性验证。
public/nce/lessons/nce1/011.json	nce	nce1-011	Is This Your Shirt	1.2.0	0	2	applied	needs_source_check	json_valid	Codex	2026-10-01T12:27:32.374Z	966bc4a8986ce453b6aef2560f72455e384614589dd623f21de3337a30220654	371906049ec4e7dbb301142d0e8d93590869fce10cbe0adc954a122c577f13cb	1	完整阅读标题、提问、中英正文和全部逐句字幕。Dave 与 Tim 衬衫归属对话；所有格保持完整，未见需追加空格，异常断句登记。 已有第 N 课的数字空格确认合理，重复字段经一致性验证。
public/nce/lessons/nce1/013.json	nce	nce1-013	A New Dress	1.2.0	0	2	applied	edited	json_valid	Codex	2026-10-01T12:28:14.946Z	d714cbbc4c8efc52b71fb61f147e9a1b424c9b8b8b671711b40d1aa0e28f8e3a	a7b7a2dc32ff7a0eb91142f64ca803c21827a4b1e3f7586d125913acef9ab2fe	0	完整阅读标题、提问、中英正文及全部不同字幕文本；重复表示通过一致性检查。绿色新裙与帽子；现有 green  too 双空格保留，正文与字幕非空白一致。
public/nce/lessons/nce1/015.json	nce	nce1-015	Your Passports, Please.	1.2.0	0	2	applied	edited	json_valid	Codex	2026-10-01T12:28:14.987Z	37671a15701a63ab2183700c3c9fb73efa5869ab77ed1477786bea1859ed335a	8cc00fb18073a2bcf46c6c275c9b44cdc18ec83177c8bdef803e85f8ae2f012c	0	完整阅读标题、提问、中英正文及全部不同字幕文本；重复表示通过一致性检查。海关检查护照与行李；保留已有双空格，不拆国籍单词。
public/nce/lessons/nce1/017.json	nce	nce1-017	How do you do	1.2.0	0	5	applied	edited	json_valid	Codex	2026-10-01T12:28:15.086Z	856002db389adeb15a1d17c5fa562de47b03d368a4945f0125c23cbee68fafbe	9bc3b533856dc9ed5d04459be92e0fa9c41796e70dfbc6d915fa868737eb1931	0	完整阅读标题、提问、中英正文及全部不同字幕文本；重复表示通过一致性检查。员工和职位介绍；Mr. 与 Richards 之间缺空格，正文、bodyText、字幕同步补齐。
public/nce/lessons/nce1/019.json	nce	nce1-019	Tired and Thirsty	1.2.0	0	2	applied	edited	json_valid	Codex	2026-10-01T12:28:15.123Z	82f3d0a0542cf8a22e5e15582061d40ed2fa75db4db35e660ecac7847b8616e1	ddd57ed5a8b78d445cd54c84848a6988fd119e51ae127f2a70d598a55c675635	0	完整阅读标题、提问、中英正文及全部不同字幕文本；重复表示通过一致性检查。孩子又累又渴、买冰淇淋；保留字幕省略号及原有双空格，未发现需追加的边界。
public/nce/lessons/nce1/021.json	nce	nce1-021	Which Book	1.2.0	0	2	applied	edited	json_valid	Codex	2026-10-01T12:28:15.160Z	03784fc9102e2ac12032e819b6b8a2baccd58980fb1f8ea80f56c241e0192197	31774d52d1e50fa00e5a802f2e89ff2b04b15883c4ff8c46c49d7b2bf0f8322c	0	完整阅读标题、提问、中英正文及全部不同字幕文本；重复表示通过一致性检查。选择红色书本；提问与中英句子间距正常，原引号保留。
public/nce/lessons/nce1/023.json	nce	nce1-023	Which Glasses	1.2.0	0	2	applied	needs_source_check	json_valid	Codex	2026-10-01T12:28:15.198Z	780678e6c2dd19886ec34648e7948b8bad6492135f05f1b31e9f0af88ea365a4	ed0ea410c69e74b1cd80958065978ee01143b470ed634fbeb3d52a6f45db1158	1	完整阅读标题、提问、中英正文及全部不同字幕文本；重复表示通过一致性检查。索取架上的 glasses；间距无需追加，中文词义疑点另记。
public/nce/lessons/nce1/025.json	nce	nce1-025	Mrs. Smith's Kitchen	1.2.0	0	2	applied	edited	json_valid	Codex	2026-10-01T12:28:15.234Z	ef8bde13431198ec3e886769d62c8a30e9acb6b37d8eabb85088b1b9a2bef3fb	19aa47e4d53d6e575554391ee93661ebc93029dac29cecd8a5ccc52c7515bda6	0	完整阅读标题、提问、中英正文及全部不同字幕文本；重复表示通过一致性检查。厨房冰箱、电炉、桌子及杯瓶；Mrs. 缩写和所有格间距正常。
public/nce/lessons/nce1/027.json	nce	nce1-027	Mrs. Smith's Living Room	1.2.0	0	2	applied	edited	json_valid	Codex	2026-10-01T12:28:15.271Z	e393d922b9e4ff3f72fcf09893695829b784c357b443375afad8937e15c2b3d5	31949993f10644f73c51281d4e581ca458a24370f76c67b99563fa490f55d07e	0	完整阅读标题、提问、中英正文及全部不同字幕文本；重复表示通过一致性检查。客厅电视、报刊、扶手椅和音响位置；全文未见额外缺空格。
public/nce/lessons/nce1/029.json	nce	nce1-029	Come In, Amy.	1.2.0	0	2	applied	edited	json_valid	Codex	2026-10-01T12:28:39.453Z	ac8b30e342da9b59cd085a7032a37c39d780d16dffaf3b0bf6723a5d64e67e0b	22a4552e42c323fc415aa243d20d3e065a8b6dc31d4d9eade868f85446892b51	0	完整阅读标题、问题、全部中英正文及不同字幕文本，重复字段经一致性检查。Amy 打扫卧室的指令，Mrs. 缩写间距正常。 本篇无需额外插入空格。
public/nce/lessons/nce1/031.json	nce	nce1-031	Where's Sally	1.2.0	0	2	applied	edited	json_valid	Codex	2026-10-01T12:28:39.494Z	4c0e55de9c69b82e32ea0579058afebc4f09f9614ff1f3a416b20b1148cddb86	c3c20764cc99bcf58717cbbb13257417ce04194ca3f7c9fec6389daa6ea72038	0	完整阅读标题、问题、全部中英正文及不同字幕文本，重复字段经一致性检查。Sally、Tim 和狗在花园中的活动，缩写和人物称呼间距正常。 本篇无需额外插入空格。
public/nce/lessons/nce1/033.json	nce	nce1-033	A Fine Day	1.2.0	0	2	applied	edited	json_valid	Codex	2026-10-01T12:28:39.532Z	286ce5523da9c1b85e256054ea94ff3eead39318402cc7653ac9bcbf48dc28a7	77ad3ebe0b81fd8439bd7f82c187c963779dc3d8e4a9f180b0763fb14b3e65ac	0	完整阅读标题、问题、全部中英正文及不同字幕文本，重复字段经一致性检查。Jones 一家过桥看船与飞机；英文句点和 Mr. 正常分隔。 本篇无需额外插入空格。
public/nce/lessons/nce1/035.json	nce	nce1-035	Our Village	1.2.0	0	2	applied	edited	json_valid	Codex	2026-10-01T12:28:39.571Z	e35aa68216990cb09ddb7f46948c9d476831a8b5e7e6478adf7cba5b456f1a44	d1bf8db9324a8686ebb25a7c44f389a53bff4dc001abb74bc132e0233a0aad76	0	完整阅读标题、问题、全部中英正文及不同字幕文本，重复字段经一致性检查。村庄、河流、学校和公园照片描述，全部英文词与中译间距正常。 本篇无需额外插入空格。
public/nce/lessons/nce1/037.json	nce	nce1-037	Making a Bookcase	1.2.0	0	2	applied	edited	json_valid	Codex	2026-10-01T12:28:39.609Z	d1452c22db03578101ea84a5b33e883133f094de0996a45e3e30f4cf87d3842c	454ccf2e34799d21f9ad968dce0c983d268f398b5ce6e417af1e6b2c37acaf49	0	完整阅读标题、问题、全部中英正文及不同字幕文本，重复字段经一致性检查。制作粉色书架对话，保留所有格和口语缩写内部完整。 本篇无需额外插入空格。
public/nce/lessons/nce1/039.json	nce	nce1-039	Don't Drop It	1.2.0	0	2	applied	edited	json_valid	Codex	2026-10-01T12:28:39.646Z	a9e1933bbbec9257fccbd81dfad7c9bc9d4ff69b65ae5b8dfc457dc8b0b09f7a	ef2c5ff303421e7419bf0d274b26fb4a023c84186d0cb2c6dfa08c6801e4211a	0	完整阅读标题、问题、全部中英正文及不同字幕文本，重复字段经一致性检查。花瓶摆放对话，感叹句已有空格，中文标点不额外补空格。 本篇无需额外插入空格。
public/nce/lessons/nce1/041.json	nce	nce1-041	Penny's Bag	1.2.0	0	2	applied	edited	json_valid	Codex	2026-10-01T12:28:39.685Z	3f169234a21b303451a0527e325cbe8cda19e499f159d28f0aff860c82bb0bc4	b157ae9ac0e95e47b8617103f478e1bcc7775ed2b3c63a50f68079f39fad2bba	0	完整阅读标题、问题、全部中英正文及不同字幕文本，重复字段经一致性检查。包中食品及日用品清单；Penny 两侧为中文标点，按规则不机械插空格。 本篇无需额外插入空格。
public/nce/lessons/nce1/043.json	nce	nce1-043	Hurry Up	1.2.0	0	2	applied	edited	json_valid	Codex	2026-10-01T12:28:39.721Z	cc666563de20de666efc55c0839010c4b4f862bf4b6fea916e4ef095bf8b2589	459a06dc28c76f619c910779ec5e095aff5eed3db9922a822b5244f14c275dde	0	完整阅读标题、问题、全部中英正文及不同字幕文本，重复字段经一致性检查。Sam 泡茶找茶叶茶杯对话，英语缩写及句间空格正常。 本篇无需额外插入空格。
public/nce/lessons/nce1/045.json	nce	nce1-045	The Boss's Letter	1.2.0	0	2	applied	needs_source_check	json_valid	Codex	2026-10-01T12:28:39.759Z	db1901d6a07b4a27d9e6bfdeb717845a975b343f2bdf0f44ec2f2425df6708a0	298bec2a93beaeebf0eb221d9119f2a39595e2ed043ae09f2d837d5e3e377eff	1	完整阅读标题、问题、全部中英正文及不同字幕文本，重复字段经一致性检查。老板信件字迹难辨的对话，所有格完整；提问中的中文姓名简写疑点另记。 本篇无需额外插入空格。
public/nce/lessons/nce1/047.json	nce	nce1-047	A Cup of Coffee	1.2.0	0	2	applied	edited	json_valid	Codex	2026-10-01T12:28:39.795Z	08fc1ce737337026903f92b890967599c162e7fcfaf68148bb42dbeea3c437c5	2bc184a8c2a9429caca1c4459e5b407cda008e3150fdffc18bde6b127b9a96cc	0	完整阅读标题、问题、全部中英正文及不同字幕文本，重复字段经一致性检查。Ann 与 Christine 的咖啡、糖奶与饼干对话，未见待补边界。 本篇无需额外插入空格。
public/nce/lessons/nce1/049.json	nce	nce1-049	At the Butcher's	1.2.0	0	2	applied	edited	json_valid	Codex	2026-10-01T12:29:06.582Z	c792d3f55887fad015519bccfd4c7115958e8ff03c3a7fffea0aaf1e7495810e	e59663ee45b5f12665fc960dc5e23b141f5fbd8e047afc6690f3a8b2444eef40	0	完整阅读标题、问题、全部英文和译文以及不同字幕文本；重复字段通过一致性检查。肉铺购买牛羊肉、牛排和肉末；Mr./Mrs.、所有格及对话间距正常。 无需额外插空格。
public/nce/lessons/nce1/051.json	nce	nce1-051	A Pleasant Climate	1.2.0	0	2	applied	edited	json_valid	Codex	2026-10-01T12:29:06.623Z	1c8e5c53bca5fc97f3739c86de30eef8cfc510d5f15f1d293289c2efc85a06ed	c24e367a5dd9a1077c98eb47bbb942d5addbc8e1db3619e03ba62b7aec81fe65	0	完整阅读标题、问题、全部英文和译文以及不同字幕文本；重复字段通过一致性检查。希腊四季和各月天气；月份词、标点和中译无缺空格。 无需额外插空格。
public/nce/lessons/nce1/053.json	nce	nce1-053	An Interesting Climate	1.2.0	0	2	applied	edited	json_valid	Codex	2026-10-01T12:29:06.662Z	5eaa0372e46f4a7131e382eff71678a28d4faf26b5ed24743950fa056c39b293	50bbe0729cd2c6ec828d4a6e4ed01fb8700bbfd1ea97a5b20f1000ee9f111346	0	完整阅读标题、问题、全部英文和译文以及不同字幕文本；重复字段通过一致性检查。英格兰气候、四季和昼夜长短；方向词与缩写保持原样。 无需额外插空格。
public/nce/lessons/nce1/055.json	nce	nce1-055	The Sawyer Family	1.2.0	0	6	applied	edited	json_valid	Codex	2026-10-01T12:29:06.700Z	8d15d2aec5f39413a81c6967b2e1bfb1aaebb6a554ebc34d2202e845daed40c9	bea86b816fbc0f060dbb82ffb072babece60c99ce494534bb6675e89fbd431f8	0	完整阅读标题、问题、全部英文和译文以及不同字幕文本；重复字段通过一致性检查。Sawyer 一家日常活动；国王街 87 号的中数间距已正确。 无需额外插空格。
public/nce/lessons/nce1/057.json	nce	nce1-057	An Unusual Day	1.2.0	0	2	applied	edited	json_valid	Codex	2026-10-01T12:29:06.738Z	1bf6b805444a059079f8aefa4f99715f4dc9abfee2047636c2e3aed1fb6ca912	a586629f97fe489f346268907f08e9cc9f2fa9312b758f9f0b3ded5b582e19e1	0	完整阅读标题、问题、全部英文和译文以及不同字幕文本；重复字段通过一致性检查。不寻常一天与日常活动对比；o’clock 和人名缩写内部不拆。 无需额外插空格。
public/nce/lessons/nce1/059.json	nce	nce1-059	Is That All	1.2.0	0	2	applied	edited	json_valid	Codex	2026-10-01T12:29:06.775Z	3264f10ae30089466f53be4bdc2b8f3b84dbf85ff22979344e1142433263cca6	b99b5660f25bea46246274c9f66a4d829f2b9e1d4e9b3665f781abd4735137d2	0	完整阅读标题、问题、全部英文和译文以及不同字幕文本；重复字段通过一致性检查。购物购买信封、信纸和胶水；未见词汇或句间粘连。 无需额外插空格。
public/nce/lessons/nce1/061.json	nce	nce1-061	A Bad Cold	1.2.0	0	2	applied	edited	json_valid	Codex	2026-10-01T12:29:06.816Z	dd7635c75c8b9de1bb2bf1afb71b98e8667a6ad183b42553dc8e372d400ce2c7	e17e89494446105644e45d8f5cf4ff4dc27dd5127d58f89f165cfa67e1c616e8	0	完整阅读标题、问题、全部英文和译文以及不同字幕文本；重复字段通过一致性检查。Jimmy 重感冒对话；电话号码 09754 前导零及内部完整，中文引号包裹 Ah 不加空格。 无需额外插空格。
public/nce/lessons/nce1/063.json	nce	nce1-063	Thank You, Doctor.	1.2.0	0	4	applied	edited	json_valid	Codex	2026-10-01T12:29:06.852Z	3693d1d48b6732013ba0a4fc6775b1a2303c2efe18c40c97405b9a7c1116aec2	17de61aa498e7a885b4a30b37c1e9c08a9606c83dafa4648438cceba5604b02d	0	完整阅读标题、问题、全部英文和译文以及不同字幕文本；重复字段通过一致性检查。医生复诊及父亲也感冒；Jimmy 今天的中英边界已正确，字幕对应保持。 无需额外插空格。
public/nce/lessons/nce1/065.json	nce	nce1-065	Not a Baby	1.2.0	0	2	applied	edited	json_valid	Codex	2026-10-01T12:29:06.889Z	168730eb6260186dda999177c8d253820b0a6df40beb88e04da2352cec149781	8a00b69376dcc6ff016955968ca716180ecd86839d4e98e5378cc71fcf7c5b1c	0	完整阅读标题、问题、全部英文和译文以及不同字幕文本；重复字段通过一致性检查。Jill 晚归与钥匙对话；年龄时间表达、Bye-bye 连字符正常。 无需额外插空格。
public/nce/lessons/nce1/067.json	nce	nce1-067	The Weekend	1.2.0	0	2	applied	edited	json_valid	Codex	2026-10-01T12:29:06.927Z	d49626b80b181c49433d5a0648b9007a05a4312b2c60b4fc8dc99e8ffb911732	c9bd479d3957940786b84dd96b8371b9980679912a4d5b1f1d93b10ea7044eff	0	完整阅读标题、问题、全部英文和译文以及不同字幕文本；重复字段通过一致性检查。购物相遇、Jimmy 缺课和乡下周末计划；星期枚举、所有格间距正常。 无需额外插空格。
public/nce/lessons/nce1/069.json	nce	nce1-069	The Car Race	1.2.0	0	8	applied	edited	json_valid	Codex	2026-10-01T12:29:33.914Z	448aff309dd6a4e88ac913e7154dbfa4f501257039625a841c416baa5ed5a753	49da1486b0927879cd0763b5b014bfa697846b478880207175902c40dc59bf54	0	完整阅读标题、提问、中英正文及不同字幕；重复字段经一致性检查。汽车比赛与 Billy Stewart；1995 年的间距正确，引用分句原样保留。 无需额外插空格。
public/nce/lessons/nce1/071.json	nce	nce1-071	He's Awful	1.2.0	0	2	applied	needs_source_check	json_valid	Codex	2026-10-01T12:29:33.955Z	0c19d0faa7871333a8cac8cf3768fc8ad8d3ffe455d36ad679f9ccda71659703	b6df6ef5ff048684709a9dc327eceb7ba9a209d747ac93eb757087d570be4ea9	2	完整阅读标题、提问、中英正文及不同字幕；重复字段经一致性检查。Pauline 应对反复来电；时间缩写和姓名间距正常，中译引号问题登记。 无需额外插空格。
public/nce/lessons/nce1/073.json	nce	nce1-073	The Way to King Street	1.2.0	0	2	applied	edited	json_valid	Codex	2026-10-01T12:29:33.993Z	daeaf0335ef275a885809e12027ee28b4bb849fea413b3feb806abec5eedaac1	cbec22e281398697b7f45532eba16b1ba723d0c3935267e8454f5e44a73f509a	0	完整阅读标题、提问、中英正文及不同字幕；重复字段经一致性检查。Mills 夫人向德国游客问路；Mr./Mrs. 缩写、引语后的空格正常。 无需额外插空格。
public/nce/lessons/nce1/075.json	nce	nce1-075	Uncomfortable Shoes	1.2.0	0	2	applied	edited	json_valid	Codex	2026-10-01T12:29:34.032Z	35a86ac6298dc31155169ed0d692bf138197d15f4921ec5724b98b14e3e9044a	249287e890b97475495909ff65bba92fdadc3eb49b7c9f159029eb42afb9644c	0	完整阅读标题、提问、中英正文及不同字幕；重复字段经一致性检查。选购时髦却不舒服的鞋；保留 U. S. 缩写原间距，不改成其他写法。 无需额外插空格。
public/nce/lessons/nce1/077.json	nce	nce1-077	Terrible Toothache	1.2.0	0	18	applied	edited	json_valid	Codex	2026-10-01T12:29:34.069Z	aec2d3d724d92cdbb5ce3820962435ce6614c6e6750fde8146061653ed42d13e	ae118d75d83be302b9873d5e0ba7429e8e844da639b152d96d2eab5433a5582b	0	完整阅读标题、提问、中英正文及不同字幕；重复字段经一致性检查。Croft 牙痛预约；4 月 24 日、10 点和 2 点间距已正确，保留 a.m./p.m. 内部及原有问号前空格。 无需额外插空格。
public/nce/lessons/nce1/079.json	nce	nce1-079	Carol's Shopping List	1.2.0	0	2	applied	needs_source_check	json_valid	Codex	2026-10-01T12:29:34.106Z	206117e3fad8d9b61f254f903a24085ec1d47c272da6375f0c2621112c6e3743	5e3419d6143ca3a4a503cc8997b3fdfcc114b40bf6233eb1dacb044cd33bebd8	1	完整阅读标题、提问、中英正文及不同字幕；重复字段经一致性检查。Carol 的购物清单；未见缺空格，greengroce 所有格疑似漏字另记。 无需额外插空格。
public/nce/lessons/nce1/081.json	nce	nce1-081	Roast Beef and Potatoes	1.2.0	0	4	applied	edited	json_valid	Codex	2026-10-01T12:29:34.156Z	57ef4fc4bce2ffdabb806ae5a4a2bdfa933ccbde980d11132d64b3e9452d9370	23199032497fc95d70b23e5e3cbfff7d7734b435bd10342baa915731fb683880	0	完整阅读标题、提问、中英正文及不同字幕；重复字段经一致性检查。午餐晚餐重复吃烤牛肉土豆；Tom 在哪儿边界已正确，中文标点两侧不机械加空格。 无需额外插空格。
public/nce/lessons/nce1/083.json	nce	nce1-083	Going on Holiday	1.2.0	0	2	applied	edited	json_valid	Codex	2026-10-01T12:29:34.193Z	a2973937b1e60137bae4fd9d59a915baae3776b2c9f265342558b16a6946ff66	a6a7dfed72293bc1cb1ffcd55b1112d2060fd2d907685252efc4db75a18fb52b	0	完整阅读标题、提问、中英正文及不同字幕；重复字段经一致性检查。Sam 与 Tom、Carol 谈度假；口语缩写与时间表达完整，现有字幕行尾标点不改。 无需额外插空格。
public/nce/lessons/nce1/085.json	nce	nce1-085	Paris in the Spring.	1.2.0	0	2	applied	edited	json_valid	Codex	2026-10-01T12:29:34.230Z	7b89b3ee953de34e06747cdbce7e67dc540cbe6cc5f46e1fe4624af5e1674a84	bd99f248177bc6c9c64f8cfec5e544be79d42946ffeae33f0e1c102a662430ad	0	完整阅读标题、提问、中英正文及不同字幕；重复字段经一致性检查。春天的巴黎电影与天气；片名引号、月份表达间距正常。 无需额外插空格。
public/nce/lessons/nce1/087.json	nce	nce1-087	A Car Crash	1.2.0	0	4	applied	edited	json_valid	Codex	2026-10-01T12:29:34.268Z	fd7a01fdcdb97ba10fa27a19a2564a9170ad9b5d44e17ea0723580705d6f8544	ebf8b557869e6311e448fa063df0c4bc24363ee0a418872a319fcf568a4abdd3	0	完整阅读标题、提问、中英正文及不同字幕；重复字段经一致性检查。Wood 车祸后修车；完整保留车牌 LFZ 312 G 和 lamp-post 连字符。 无需额外插空格。
public/nce/lessons/nce1/089.json	nce	nce1-089	For Sale	1.2.0	0	8	applied	needs_source_check	json_valid	Codex	2026-10-01T12:30:01.872Z	29beeff0ef81ca4c363edc13168d9c107bb51de5fd4483360579d58e2d2ace02	4d00a4b696acdd294d387b482d9457700860c69cbcec2779f182e384b8954e46	1	完整阅读标题、问题、全部中英正文及不同字幕文本，检查重复表示一致性。出售住房对话；1976 年和英镑边界已有空格，英文房价内部空格异常登记。
public/nce/lessons/nce1/091.json	nce	nce1-091	Poor Ian	1.2.0	0	2	applied	edited	json_valid	Codex	2026-10-01T12:30:01.914Z	f718f1ee6b3590598eff9234e5f44c4064a08a24379511f236bb946b51429b0a	151d1eeb1f7534d495cac3efa3824d607707259f48625f70cdfedf97c065597b	0	完整阅读标题、问题、全部中英正文及不同字幕文本，检查重复表示一致性。Ian 出售并搬离住宅；人物称呼、缩写和句间空格正常。
public/nce/lessons/nce1/093.json	nce	nce1-093	Our New Neighbour	1.2.0	0	2	applied	edited	json_valid	Codex	2026-10-01T12:30:01.952Z	d9e18b57bd02a960909c88f57354c986f3992c55d4c08191f24a77350a02a295	44e9abe95343b0c514132f91939d35a6d417d57313970a5af9838e300fd33ac1	0	完整阅读标题、问题、全部中英正文及不同字幕文本，检查重复表示一致性。新邻居飞行员 Nigel 的行程；R.A.F. 缩写、forty-one 和 next-door 连字符保留完整。
public/nce/lessons/nce1/095.json	nce	nce1-095	Tickets, Please.	1.2.0	0	2	applied	edited	json_valid	Codex	2026-10-01T12:30:01.991Z	155e9c88a584f855af5e4ceff1c1578c9720b8c6da57834915f04cab1997a6a9	be0d90e2e3a3d8af2d7762710cbea09f9a841e05810a4cc22fd527f5e8fc4bd3	0	完整阅读标题、问题、全部中英正文及不同字幕文本，检查重复表示一致性。George 和 Ken 因慢钟误车；时间词和 hours’ 所有格完整。
public/nce/lessons/nce1/097.json	nce	nce1-097	A Small Blue Case	1.2.0	0	10	applied	edited	json_valid	Codex	2026-10-01T12:30:02.028Z	af862fe41992b56a79051c98a0ae7047f3453fe9c1ad12c17f9a9e3194ce8e88	a869dcad77b1f2a8dc44f10d96c7d7cd9c1574bba16182ec5f382387b34ec31e	0	完整阅读标题、问题、全部中英正文及不同字幕文本，检查重复表示一致性。Hall 领取行李拿错箱子；桥街 83 号的数字边界正确，D. N. 和中文姓名间隔号保持。
public/nce/lessons/nce1/099.json	nce	nce1-099	Ow	1.2.0	0	6	applied	edited	json_valid	Codex	2026-10-01T12:30:02.065Z	a503a57c082b87f576d5920fb84db85b70d61984a5168c5459cf504e79ea8656	bc6960394348fa6f1bd9d557f13a7ba35b17c105dbb6d1dff150b5dc6fd5031b	0	完整阅读标题、问题、全部中英正文及不同字幕文本，检查重复表示一致性。Andy 滑倒与请医生；Dr. Carter 间距正确，X-ray 与 X 光边界合理。
public/nce/lessons/nce1/101.json	nce	nce1-101	A Card From Jimmy	1.2.0	0	4	applied	needs_source_check	json_valid	Codex	2026-10-01T12:30:02.105Z	79079821dba046f739e89f4c0a148aff7dc74abf2e1361b242c52b2786890ee5	0f1fece1dde201463a81e863c9900df8f992a24ee11ee603602e19c9ab142055	1	完整阅读标题、问题、全部中英正文及不同字幕文本，检查重复表示一致性。Jimmy 寄卡片与 Y.H.A.；缩写内部不拆，中文中英文缩写边界已正确，译文重复字另记。
public/nce/lessons/nce1/103.json	nce	nce1-103	The French Test	1.2.0	0	2	applied	edited	json_valid	Codex	2026-10-01T12:30:02.141Z	581a1dd12cd27943b183dcb864eac568e26ce393621544c62a5dbd950b5a1a8b	fda2270b0fc04b3f5d6be22831bb8929726ebf1d574bf899dd84844ac72ce2e0	0	完整阅读标题、问题、全部中英正文及不同字幕文本，检查重复表示一致性。Richard 与 Gary 谈英语数学法语考试；无待补空格。
public/nce/lessons/nce1/105.json	nce	nce1-105	Full of Mistakes	1.2.0	0	4	applied	edited	json_valid	Codex	2026-10-01T12:30:02.239Z	40292f1764fdc4e8e2dd8a719f5322b25d319f45e07165ba9a3cae8dfccc2205	d5d0997190c4eaafef3e2a382a2757ce3376dfd2b2f0142b3ef380d72b6bbfcc	0	完整阅读标题、问题、全部中英正文及不同字幕文本，检查重复表示一致性。Sandra 打字错误和字典礼物；中文句子在半角引号包裹 L 前补空格，拼字序列不拆。
public/nce/lessons/nce1/107.json	nce	nce1-107	It's Too Small.	1.2.0	0	2	applied	edited	json_valid	Codex	2026-10-01T12:30:02.280Z	cc787a9d22c030991dd4a2229065bd15f0bb867eadea2281d897c3bdbfa2f1fe	9089eb86e2ad89fcb846ebcfad963390adba99e34e4ca89f9906c127016dc8c8	0	完整阅读标题、问题、全部中英正文及不同字幕文本，检查重复表示一致性。试穿蓝绿裙子与尺码比较；英文词和字幕边界正常。
public/nce/lessons/nce1/109.json	nce	nce1-109	A Good Idea	1.2.0	0	2	applied	needs_source_check	json_valid	Codex	2026-10-01T12:30:37.267Z	e6bdcd5aaa8e49955b657cf2984d3ef53515be03c2e10dbb01c0634186c9ef21	745407310120a817c3fbb97c14cfc1d9465f4b277cbb70e907f5caef5ae91e8c	1	完整阅读标题、提问、中英正文和全部不同字幕文本，重复表示经一致性检查。Jane 喝咖啡加糖奶并以饼干代烟；中译问题的 have with 词义另记。 本篇无额外缺空格。
public/nce/lessons/nce1/111.json	nce	nce1-111	The Most Expensive Model	1.2.0	0	10	applied	edited	json_valid	Codex	2026-10-01T12:30:37.309Z	b61a848f87258353d3922c2b7eab184e6f38202d17c36cce02271ff81523839c	926d370ef70afbcc181841ab792233a147c4741be5233915de981401cd2c1ce0	0	完整阅读标题、提问、中英正文和全部不同字幕文本，重复表示经一致性检查。购买昂贵电视与分期付款；30 英镑、14 英镑的中数边界正常。 本篇无额外缺空格。
public/nce/lessons/nce1/113.json	nce	nce1-113	Small Change	1.2.0	0	2	applied	edited	json_valid	Codex	2026-10-01T12:30:37.354Z	398f96334600e49f58ac7f4b38e05452f954feaaa3c765e9be11c67632715a68	dec58ee8ab4a0fa771460b61433497260b9f2a23e21d1deb2db08423b2a78eb9	0	完整阅读标题、提问、中英正文和全部不同字幕文本，重复表示经一致性检查。公交车找零钱；ten-pound 连字符和缩写保持完整。 本篇无额外缺空格。
public/nce/lessons/nce1/115.json	nce	nce1-115	Knock, Knock	1.2.0	0	2	applied	edited	json_valid	Codex	2026-10-01T12:30:37.393Z	71fc4d2077e7bd52f0066565f476571f7a10fcb465801f7b8cd774c62871a2df	ed2cee753b8f05e478dd596571531669e3ee48511f96ae74d9b937db57e1642a	0	完整阅读标题、提问、中英正文和全部不同字幕文本，重复表示经一致性检查。Helen、Jim 拜访花园聚餐；称呼与感叹句间距正常。 本篇无额外缺空格。
public/nce/lessons/nce1/117.json	nce	nce1-117	Tommy's Breakfast	1.2.0	0	2	applied	edited	json_valid	Codex	2026-10-01T12:30:37.431Z	02508ed93ae4cdbd31352739f016373942070551e6ab557cfb21e8575fd29d51	380e1dfb88b3e4c946ba9ac672e150f87900290e19b9d8208f2d6da2f5fd4ff8	0	完整阅读标题、提问、中英正文和全部不同字幕文本，重复表示经一致性检查。Tommy 吞硬币和 change 双关；中英文引语、字幕分行完整，不改写内容。 本篇无额外缺空格。
public/nce/lessons/nce1/119.json	nce	nce1-119	A True Story	1.2.0	0	2	applied	needs_source_check	json_valid	Codex	2026-10-01T12:30:37.468Z	0e9e4cdaa904d3d01a3bf4f73cea68dd2881e16b02465f72f42f86552f138ba3	9608d4bb2030e94885cf2d389d2a9cf6f8dbbe3f0034d42c80da60ca00ffd59d	1	完整阅读标题、提问、中英正文和全部不同字幕文本，重复表示经一致性检查。鹦鹉 Henry 吓走窃贼；已有问号后空格正常，引号漏配另记。 本篇无额外缺空格。
public/nce/lessons/nce1/121.json	nce	nce1-121	The Man in a Hat	1.2.0	0	2	applied	edited	json_valid	Codex	2026-10-01T12:30:37.508Z	da79e8930f1b37b56b0dc559342d6896faf11b91183bfe0034c0a972e552ceb4	a9c9bd6e76f6223175a839e60e45630ab30966c189d35bb1035cc8c43629dd23	0	完整阅读标题、提问、中英正文和全部不同字幕文本，重复表示经一致性检查。Caroline 靠帽子认出购书顾客；句间和所有格边界正常。 本篇无额外缺空格。
public/nce/lessons/nce1/123.json	nce	nce1-123	A Trip to Australia	1.2.0	0	2	applied	edited	json_valid	Codex	2026-10-01T12:30:37.544Z	74f4082f4b96948f4c4a5e680b84df3db14ae10e69563899418ab063d5b6617a	d5dadcfa8d1159a06c3693d278e51bb74f73f15907168c45246d8913d183f9c3	0	完整阅读标题、提问、中英正文和全部不同字幕文本，重复表示经一致性检查。Mike 展示澳洲旅行照片与胡子；未发现词语或标点后缺空格。 本篇无额外缺空格。
public/nce/lessons/nce1/125.json	nce	nce1-125	Tea for Two	1.2.0	0	2	applied	needs_source_check	json_valid	Codex	2026-10-01T12:30:37.581Z	aa326a486eb1fb4fcf005dcca22d907591486aa723310f4699513b6f2e0adf09	7482f4f62a108c357afff6b9ae691011fbb27d4f74b8ebd9ddefea9c2d74e413	2	完整阅读标题、提问、中英正文和全部不同字幕文本，重复表示经一致性检查。Peter 浇花被雨打断得以喝茶；间距正常，中文标题和提问明显来源异常另记。 本篇无额外缺空格。
public/nce/lessons/nce1/127.json	nce	nce1-127	A Famous Actress	1.2.0	0	18	applied	edited	json_valid	Codex	2026-10-01T12:30:37.619Z	b20370137a57c498432bb71e1acd28f2fbd644ac61cbf974a3bfdae98122b293	c08981f0a9b107f03c2ab4bd47e1a775548e62b7e75f1504c4eec2d92ccd99c4	0	完整阅读标题、提问、中英正文和全部不同字幕文本，重复表示经一致性检查。辨认演员与讨论年龄；29 岁、40 岁已正确分隔，twenty-nine 内部保持。 本篇无额外缺空格。
public/nce/lessons/nce1/129.json	nce	nce1-129	Seventy Miles an Hour	1.2.0	0	6	applied	edited	json_valid	Codex	2026-10-01T12:31:04.017Z	07f39bd80a668875c6e6a0580aaed725f772dd51d20edde0d4f8c5a0759ca65c	1e2e584d0ef631def51744d85039fddf8b0ab05b5a943c9aa46bb10db699cbe1	0	完整阅读标题、提问、全部中英文及不同字幕文本，重复字段经一致性校验。Gary 超速被警察拦下；70 英里的中数间距正确，英文所有格不拆。 无需追加空格。
public/nce/lessons/nce1/131.json	nce	nce1-131	Don't be So Sure	1.2.0	0	2	applied	edited	json_valid	Codex	2026-10-01T12:31:04.059Z	66faedce9f46f061e5cb2238519e0a047c4c79672bf85d41597dde13fa84e7d9	024706863f1c1e060754c11a30aa242a7eae0c84d9893f0379971b791e597853	0	完整阅读标题、提问、全部中英文及不同字幕文本，重复字段经一致性校验。讨论埃及度假与照顾家里事务；无待补空格。 无需追加空格。
public/nce/lessons/nce1/133.json	nce	nce1-133	Sensational News	1.2.0	0	2	applied	needs_source_check	json_valid	Codex	2026-10-01T12:31:04.099Z	59b89047c4283fa6b0f704c57cfd4fa8408f436b584b06a4f70749c67b0e1062	1f8b84764be54e8387509869f625cacd6dbb84ddbcd4025b8200a181511ed434	1	完整阅读标题、提问、全部中英文及不同字幕文本，重复字段经一致性校验。Karen Marsh 宣布退休新闻；冒号与引语分隔正常，句首小写另记。 无需追加空格。
public/nce/lessons/nce1/135.json	nce	nce1-135	The Latest Report	1.2.0	0	2	applied	edited	json_valid	Codex	2026-10-01T12:31:04.138Z	e8ed0080b8948920db5c8232477ba2260f889eb84e550267cd03f96ade15ea05	4beaba5e5045e107c52a7b828ab929dffd10156a3d5cbe78c077d70b039223f5	0	完整阅读标题、提问、全部中英文及不同字幕文本，重复字段经一致性校验。Karen 与 Carlos 结婚最新报道；人名、称呼和引用间距正常。 无需追加空格。
public/nce/lessons/nce1/137.json	nce	nce1-137	A Pleasant Dream	1.2.0	0	2	applied	needs_source_check	json_valid	Codex	2026-10-01T12:31:04.175Z	85d62c7ceeed1cecbea45718be783c88b18cef5aea20b17c09105070e8a4405b	3fd90e9f03b3eb3ec48471f474853c32d2633d6309501a2d525f550d4aa0a33b	1	完整阅读标题、提问、全部中英文及不同字幕文本，重复字段经一致性校验。足球彩票与环游世界梦想；省略号和原有感叹号前空格保留，姓名疑似字母错序登记。 无需追加空格。
public/nce/lessons/nce1/139.json	nce	nce1-139	Is That You, John	1.2.0	0	2	applied	edited	json_valid	Codex	2026-10-01T12:31:04.212Z	ceb0dfbf1f4901e2ac7ea60499ae9cb4fad87672ce74ebbffe40d1defbd58d88	42fead816fdc48a31d78a187d1f93ecc2d7b95f484cdfad734c01a72d5a9d6e2	0	完整阅读标题、提问、全部中英文及不同字幕文本，重复字段经一致性校验。同名 John Smith 造成电话误会；公司名称、人物与时间间距正常。 无需追加空格。
public/nce/lessons/nce1/141.json	nce	nce1-141	Sally's First Train Ride	1.2.0	0	2	applied	needs_source_check	json_valid	Codex	2026-10-01T12:31:04.251Z	6817fcae2ace147dd0900a16d08b81096d00fd90ee5acdae39b327ce0f366916	9893d025d50f3d925e09d5ddfe48def296755f8a22dbbe3327df89f1417c856b	1	完整阅读标题、提问、全部中英文及不同字幕文本，重复字段经一致性校验。Sally 首次坐火车和化妆女士；four-year-old 连字符完整，中年形容词疑点登记。 无需追加空格。
public/nce/lessons/nce1/143.json	nce	nce1-143	A Walk Through the Woods	1.2.0	0	2	applied	needs_source_check	json_valid	Codex	2026-10-01T12:31:04.287Z	5be0321525966905d59c31e8dc6bbeae5d811628e72189bacb56a1529f0b9285	51f7c09442d0ddd8197c61498309bf7b4d342e584241d4960907cc5293508935	1	完整阅读标题、提问、全部中英文及不同字幕文本，重复字段经一致性校验。树林垃圾与禁止乱扔告示；正文与译文全部检查，little/litter 疑点登记。 无需追加空格。
public/nce/lessons/nce2/001.json	nce	nce2-001	A Private Conversation	1.2.0	0	2	applied	edited	json_valid	Codex	2026-10-01T12:31:53.625Z	dae22611097dc31f0b2c26846d3a983bc19d2aa9121bdcf8e19f8d016ee9cefd	5d34415e633c7fd24b92ce3ff911e93ecd29b6f4575c221a381cabfef266fef7	0	全文阅读标题、问题、中英正文以及全部不同字幕，重复字段经一致性验证。剧院中被身后谈话打扰；引语与感叹句已有正确空格。
public/nce/lessons/nce2/002.json	nce	nce2-002	Breakfast or Lunch	1.2.0	0	2	applied	needs_source_check	json_valid	Codex	2026-10-01T12:31:53.666Z	e50f91e9fdd9afbc82b0c6fcbfcf8fdd1cad5dd5353415ea071b50035db85af5	1e3132f44b4d3938f67916c9120866cbd3358c67d8938c3f91285fa9bca86436	1	全文阅读标题、问题、中英正文以及全部不同字幕，重复字段经一致性验证。周日起晚接 Lucy 电话；时间缩写完整，天气感叹中译疑点另记。
public/nce/lessons/nce2/003.json	nce	nce2-003	Please Send Me a Card	1.2.0	0	5	applied	edited	json_valid	Codex	2026-10-01T12:31:53.766Z	701d8bb04d52a40e2423dd72f1468dc9c63b6f506f1c3f4be8853dba92b60522	5a4b544a1274804c4c90d54d9017fbf26784588cf04745c8fa07b8afe490f7c9	0	全文阅读标题、问题、中英正文以及全部不同字幕，重复字段经一致性验证。意大利度假写明信片；时间状语 Everyday I 明确应为 Every day I，仅插入空格并同步三处表示。
public/nce/lessons/nce2/004.json	nce	nce2-004	An Exciting Trip	1.2.0	0	2	applied	edited	json_valid	Codex	2026-10-01T12:31:53.803Z	e184c403000b8a3cc5c95e312270f00ef6b6e2b2a9c46cc4823d3f18444eaa6d	c682da189eda667ce6b2f7cfbb12030295f9e4f8f57451b1fd0727765dfcc2c5	0	全文阅读标题、问题、中英正文以及全部不同字幕，重复字段经一致性验证。Tim 在澳大利亚工作旅行；Alice Springs 括注和专名内部保留，不在中文括号旁机械加空格。
public/nce/lessons/nce2/005.json	nce	nce2-005	No Wrong Numbers	1.2.0	0	8	applied	needs_source_check	json_valid	Codex	2026-10-01T12:31:53.896Z	0cb5fc156139d02cd15f0566bd65ca3942e2b122eaddd4c90f4ab1cb376954a2	c9b4aa9cc568fb06b117c65be92e9270509991e84d1f1d1366d5bd5b166712ae	1	全文阅读标题、问题、中英正文以及全部不同字幕，重复字段经一致性验证。Scott 用鸽子传递汽修配件消息；Mr.James 和 Mr.Scott 补缩写后空格，提问译义另记。
public/nce/lessons/nce2/006.json	nce	nce2-006	Percy Buttons	1.2.0	0	2	applied	edited	json_valid	Codex	2026-10-01T12:31:53.936Z	ea439b9770f9fd4698c7b6edbca48f5d374b73cef2904821e3a7e3cefe9a23be	e46693c7c831fcf1fa0a3d5c9169f7de55e5c4a3fdb8674abf883764c2cbef34	0	全文阅读标题、问题、中英正文以及全部不同字幕，重复字段经一致性验证。Percy Buttons 倒立换餐；Bridge Street 和中文边界已补齐，括注和人名保留完整。
public/nce/lessons/nce2/007.json	nce	nce2-007	Too Late	1.2.0	0	2	applied	needs_source_check	json_valid	Codex	2026-10-01T12:31:53.972Z	2350d6151324d643c60e6f091255d5557ab8db0df990a2383321565f8170003e	52d433711b28686749a783ad14decccd5b5a5106e065f0c6b6f190edff600360	1	全文阅读标题、问题、中英正文以及全部不同字幕，重复字段经一致性验证。机场侦探看守钻石包裹；英文间距正常，中文从句断句错误另记。
public/nce/lessons/nce2/008.json	nce	nce2-008	The Best and the Worst	1.2.0	0	2	applied	needs_source_check	json_valid	Codex	2026-10-01T12:31:54.008Z	6efab359feceba9b4938e4e2c1f45aecc10884ac7d9141a7ffde6c557d27167c	a4db7e3b2b564e0faac46a863c5689c9e107d30c077da02a00cbee29ce812845	2	全文阅读标题、问题、中英正文以及全部不同字幕，重复字段经一致性验证。Joe、Bill 的花园竞赛；英文引号和所有格完整，中文断句/译句残缺另记。
public/nce/lessons/nce2/009.json	nce	nce2-009	A Cold Welcome	1.2.0	0	2	applied	needs_source_check	json_valid	Codex	2026-10-01T12:32:22.691Z	84a137700725792e2cafad15cdc855d8c7ac6cee1bee900310b2a10d97d49fab	ab7bd81e68fb5ed80a0ad9e15d7e18b36430888b0dae9ff4d9332fd559816642	1	完整阅读标题、提问、中英正文及不同字幕，重复表示通过一致性检查。新年前大钟停摆；中英括注间距正常，问题字段混入解释另记。 未发现额外缺空格。
public/nce/lessons/nce2/010.json	nce	nce2-010	Not for Jazz	1.2.0	0	6	applied	edited	json_valid	Codex	2026-10-01T12:32:22.741Z	c1be19b3c05e461ef81b2f74f53093a69948f804b469c10bb72466ca0fba55c9	bf9f91a3a0033c716412cda52388c60b3c47e08b9a5a430620f292c208f80b48	0	完整阅读标题、提问、中英正文及不同字幕，重复表示通过一致性检查。古钢琴被弹爵士损坏；1681 年数字边界正确。 未发现额外缺空格。
public/nce/lessons/nce2/011.json	nce	nce2-011	One Good Turn Deserves Another	1.2.0	0	2	applied	edited	json_valid	Codex	2026-10-01T12:32:22.779Z	e960262248ca7d035d790afa20a2aff89f64597b7c962808e5d6b5b81de0235c	3659d362540a9aa56f89a2600c6f101b2c53afb4599858d5e0c00e423bad8749	0	完整阅读标题、提问、中英正文及不同字幕，重复表示通过一致性检查。Tony 借钱与付晚饭钱；引语和人名分隔正常。 未发现额外缺空格。
public/nce/lessons/nce2/012.json	nce	nce2-012	Goodbye and Good Luck	1.2.0	0	2	applied	needs_source_check	json_valid	Codex	2026-10-01T12:32:22.818Z	3f38e97fa141bfa35ce593d11f78d39d0e4e2a3fbe7974653143ca9722954a97	910222d06a62b537756a1770dc2708edeff8104f4a9776f2e1da5e8c675975f5	1	完整阅读标题、提问、中英正文及不同字幕，重复表示通过一致性检查。Alison 驾 Topsail 横渡大西洋；船名与括号标点保持，职称译法疑点登记。 未发现额外缺空格。
public/nce/lessons/nce2/013.json	nce	nce2-013	The Greenwood Boys	1.2.0	0	4	applied	edited	json_valid	Codex	2026-10-01T12:32:22.856Z	b7a6e5a005fca838eb08bfa659e8a4e80f3bb4127302f25eb15c5b93a2b00d58	16f379c35a9e990ef47924b43d57414944145db0286392f80d55ad2204a9ecdd	0	完整阅读标题、提问、中英正文及不同字幕，重复表示通过一致性检查。Greenwood Boys 巡演与警方维持秩序；中文中的组合英文名称已有边界空格，Workers’ 所有格完整。 未发现额外缺空格。
public/nce/lessons/nce2/014.json	nce	nce2-014	Do You Speak English	1.2.0	0	2	applied	needs_source_check	json_valid	Codex	2026-10-01T12:32:22.893Z	b37b5029c0d317cc74782e11634c99cac9d242bbb2f89dee327af9f11cb7c941	c827060b3ab75dd943e39106a0f3937866d62ac79efd10968e510aa5dfad121d	1	完整阅读标题、提问、中英正文及不同字幕，重复表示通过一致性检查。法国搭车的英国人；英文间距正常，中文重复译句与漏译地点另记。 未发现额外缺空格。
public/nce/lessons/nce2/015.json	nce	nce2-015	Good News	1.2.0	0	2	applied	edited	json_valid	Codex	2026-10-01T12:32:22.931Z	94099669cd2ef91b56f47863b57850f2bc8eb43a5968b40eb205035bede113e9	1f920faf22dd351e196b160d6956a51e46c67872ea6c147c798f3226b3638b19	0	完整阅读标题、提问、中英正文及不同字幕，重复表示通过一致性检查。Harmsworth 宣布加薪；Mr. 缩写、引语与金额单词间距正常。 未发现额外缺空格。
public/nce/lessons/nce2/016.json	nce	nce2-016	A Polite Request	1.2.0	0	2	applied	needs_source_check	json_valid	Codex	2026-10-01T12:32:22.968Z	65460c1b22542e9fe70cd78123a8fdd88572c98cd36c2dd34181cbea862f07d4	fbca35e26da2bb211506c3620f61e6690604cbee6b5775530b34f1e4b116ef74	1	完整阅读标题、提问、中英正文及不同字幕，重复表示通过一致性检查。瑞典停车提醒；句点后空格正确，原有引语句首小写保留登记。 未发现额外缺空格。
public/nce/lessons/nce2/017.json	nce	nce2-017	Always Young	1.2.0	0	2	applied	edited	json_valid	Codex	2026-10-01T12:32:53.144Z	633f14e092841f2af817779d2e5b0b830d8a9113993d37df1daa172a39ea1d26	56d0f4287ab63111d163a3f386c3110c109fb4b65c5bdddb60180f132c7afddc	0	完整阅读标题、问题、中英正文及全部不同字幕，检查重复表示一致性。Jennifer 姑姨饰演少女；thirty-five、orange-coloured 连字符与引语间距正常。
public/nce/lessons/nce2/018.json	nce	nce2-018	He Often does This	1.2.0	0	2	applied	edited	json_valid	Codex	2026-10-01T12:32:53.185Z	d3f5bee932a00a4ee4ca6b5a26ff5e4dadd7246c782b29c646f462ecd3ae8835	250de09cde292e10b2c554665eec14d047f9e4afae36369a1074b0717dcd81aa	0	完整阅读标题、问题、中英正文及全部不同字幕，检查重复表示一致性。酒吧狗叼走手提包；所有格和多句引语分隔正常。
public/nce/lessons/nce2/019.json	nce	nce2-019	Sold Out	1.2.0	0	2	applied	edited	json_valid	Codex	2026-10-01T12:32:53.224Z	67a17340d636afa25e04ba09d742ffd0cb11b18f79f66ab13bbeaca70580cb73	eadd56e1e1c4a571f18fa69709de13956de36c47b7f7fd98ea8682df0cc6cad2	0	完整阅读标题、问题、中英正文及全部不同字幕，检查重复表示一致性。买到下周三的退票；Wednesday’s 所有格与句间空格正常。
public/nce/lessons/nce2/020.json	nce	nce2-020	One Man in a Boat	1.2.0	0	2	applied	needs_source_check	json_valid	Codex	2026-10-01T12:32:53.262Z	adbe713ca321504be1e01fca0bb7626c9cab91df367d9e66b56ce70549b4e07b	f6e6d77a8fbd4428df4626decb9d4892b7183a0391a4c1833548c3bf35731abd	1	完整阅读标题、问题、中英正文及全部不同字幕，检查重复表示一致性。享受钓鱼时无所事事；原有双连字符外侧间距保留，译文含义疑点另记。
public/nce/lessons/nce2/021.json	nce	nce2-021	Mad or Not	1.2.0	0	2	applied	edited	json_valid	Codex	2026-10-01T12:32:53.300Z	d51cb6c3f1ef81a088499709afa7d5632fbfc244aac42f933751930515a2e388	86768c29777023572eeb428af616b4845ccb95170b897ab6036b6fc892912882	0	完整阅读标题、问题、中英正文及全部不同字幕，检查重复表示一致性。机场噪声下坚持不搬家；英文中译及字幕间距正常。
public/nce/lessons/nce2/022.json	nce	nce2-022	A Glass Envelope	1.2.0	0	2	applied	edited	json_valid	Codex	2026-10-01T12:32:53.337Z	edd384b34572cd012f684b7e5ceb678d1f37187feaebaff513e58f3883310f94	95229495f1862e64b1757b5ca7343d8b903f6b9f8ba3e7d29736e12cee5683bf	0	完整阅读标题、问题、中英正文及全部不同字幕，检查重复表示一致性。Jane 漂流瓶交荷兰笔友；姓名、地点和标点边界无待补空格。
public/nce/lessons/nce2/023.json	nce	nce2-023	A New House	1.2.0	0	2	applied	needs_source_check	json_valid	Codex	2026-10-01T12:32:53.375Z	5dccf99f75731bd277333b0e15ec9fb71e214f06f18e2506157f0beb6caf6a59	4f60e6d1e998c8b5a261a2ed5716b5a8a2c9fe959b02fff23c2161ac5b42af3c	1	完整阅读标题、问题、中英正文及全部不同字幕，检查重复表示一致性。给尼日利亚姐妹写信介绍新房；间距正常，中文姐姐/妹妹前后不一另记。
public/nce/lessons/nce2/024.json	nce	nce2-024	It Could be Worse	1.2.0	0	13	applied	edited	json_valid	Codex	2026-10-01T12:32:53.469Z	8842aca3986bfa767ae1c07657ab89b465dec5240137df320830b90e33c6684f	c9158eaaac970aef9e4636f0a90d48ca68bee730d325ef2db83c7f77fca374a8	0	完整阅读标题、问题、中英正文及全部不同字幕，检查重复表示一致性。旅馆丢失 50 英镑后找回；manager 后逗号和开引号之间补空格，金额与原引号内空格保留。
public/nce/lessons/nce2/025.json	nce	nce2-025	Do the English Speak English	1.2.0	0	2	applied	needs_source_check	json_valid	Codex	2026-10-01T12:33:19.189Z	b046f0b5871a257a8d5a81bc3fbb10f6f14c66deabe21dc9a93c608f5c818992	c99fbe86905d0ef4cf421c2a169da3076ad30130d854bc751f665b6ab6efe793	2	全文阅读标题、问题、中英正文及不同字幕，重复表示经一致性检查。伦敦问路听不懂搬运工；间距正常，首句问题被归入正文及小写句首登记。
public/nce/lessons/nce2/026.json	nce	nce2-026	The Best Art Critics	1.2.0	0	2	applied	needs_source_check	json_valid	Codex	2026-10-01T12:33:19.232Z	bf56d0c331ece0ae36ea4a5fc9c064a684bbf1e8819b48322be75963170972a8	7153cf5f1a3668fe9152939733620f23eebb23fddfb979f14efc1a5bcd5b5e8f	1	全文阅读标题、问题、中英正文及不同字幕，重复表示经一致性检查。妹妹发现现代画倒挂；单词、引语间距正常，译文错配登记。
public/nce/lessons/nce2/027.json	nce	nce2-027	A Wet Night	1.2.0	0	2	applied	edited	json_valid	Codex	2026-10-01T12:33:19.271Z	e4667e906bee1f9a4b493a0a4ad71a7dec954381e8137f2400d36d35ada95371	13793679a14d0c00153fd6df4890a353f9fd885f37aed54cb652a8f40ba4996f	0	全文阅读标题、问题、中英正文及不同字幕，重复表示经一致性检查。男孩露营遇雨帐篷进水；全文句子与译文无额外缺空格。
public/nce/lessons/nce2/028.json	nce	nce2-028	No Parking	1.2.0	0	2	applied	edited	json_valid	Codex	2026-10-01T12:33:19.311Z	3b061e541150bfe91482cebb36fe29b61a0b3c47707ec35a2d015687ebdfd642	c6f35f5e12493fd5cc175aef9a8d09d10ab2be0c9074c1f2b1f125a804237f2d	0	全文阅读标题、问题、中英正文及不同字幕，重复表示经一致性检查。Jasper 用美杜莎石像防门前停车；No Parking 引号与专名间距正常。
public/nce/lessons/nce2/029.json	nce	nce2-029	Taxi	1.2.0	0	2	applied	needs_source_check	json_valid	Codex	2026-10-01T12:33:19.349Z	df9c8b35c8ce0d763a7f9f0123dbf9efb41dd1d5634ffbd7abb9ba1ddd6bb627	7dcf63ba6f1ffbbd09b70826b16b68c849a10c63b3024234f613325223adcbd4	1	全文阅读标题、问题、中英正文及不同字幕，重复表示经一致性检查。Fawcett 用 Pilatus Porter 飞机载客；型号和地名内部完整，职称误译另记。
public/nce/lessons/nce2/030.json	nce	nce2-030	Football or Polo	1.2.0	0	2	applied	edited	json_valid	Codex	2026-10-01T12:33:19.386Z	0e004420aad7732911ccead362029cc926643ef957aec14c5999b0c3f9acc033	45eb2fcb678b51942e03296371cad887d77605938841ddea553093d5e020cea5	0	全文阅读标题、问题、中英正文及不同字幕，重复表示经一致性检查。Wayle 河岸踢球击中船上男子；冒号、连词边界已正常。
public/nce/lessons/nce2/031.json	nce	nce2-031	Success Story	1.2.0	0	4	applied	needs_source_check	json_valid	Codex	2026-10-01T12:33:19.425Z	f1863e865f1ee5d1daf67f916c5c08d3a1db2b697a1bf97355e005987914102b	2b60f7ad554b84dc0c75997700c0b2141a39ab7cadc83aa0e86eee693c8fbcda	1	全文阅读标题、问题、中英正文及不同字幕，重复表示经一致性检查。Frank 从修车发展工厂；1958 年已有数字空格，中文企业负责人句损坏另记。
public/nce/lessons/nce2/032.json	nce	nce2-032	Shopping Made Easy	1.2.0	0	8	applied	edited	json_valid	Codex	2026-10-01T12:33:19.521Z	d65cd539dd7c3ed85e39360b67fb5d5955c1c2d343486cea39574bda4a0e2234	b22885b27be2a05315f048da6c83c1f2e8519ac6ef2cf2b28869417e4ff0bfc6	0	全文阅读标题、问题、中英正文及不同字幕，重复表示经一致性检查。侦探发现母女商场偷衣；插入语双连字符两侧补空格，well-dressed 连字符保持。
public/nce/lessons/nce2/033.json	nce	nce2-033	Out of the Darkness	1.2.0	0	2	applied	needs_source_check	json_valid	Codex	2026-10-01T12:33:55.396Z	66c2d463a95e4a726dc1af7394d334805f3e6d6d14ee2ed68de73c2cf54cce4f	ce433a4dc48580845f52ff4302a0cd4d192a6c845cb133e3f17d41894e1b7169	1	完整阅读标题、问题、中英全文及不同字幕；重复表示经一致性检查。女孩海中遇险后获救。 英文及数字未发现额外缺空格，译文疑点保留原文。
public/nce/lessons/nce2/034.json	nce	nce2-034	Quick Work	1.2.0	0	2	applied	needs_source_check	json_valid	Codex	2026-10-01T12:33:55.445Z	7878eda60622b4ec2c2d47f6c7ae083544886455443652869f471e26a957c46c	1970a07afe51129433efa0098665d886c38344449394c9dead6ccc2707e71639	2	完整阅读标题、问题、中英全文及不同字幕；重复表示经一致性检查。Dan 找回二十年前的自行车。 英文及数字未发现额外缺空格，译文疑点保留原文。
public/nce/lessons/nce2/035.json	nce	nce2-035	Stop Thief	1.2.0	0	2	applied	needs_source_check	json_valid	Codex	2026-10-01T12:33:55.483Z	0f265815f756935ca4d0cd6dbb0489ee3d1576484f1b495aed6de008de936a9a	0bfd4c748065424265daa15a24c7c34ba276966e4342f28dcae92b56c481e181	1	完整阅读标题、问题、中英全文及不同字幕；重复表示经一致性检查。Roy 驾公交车拦截窃贼。 英文及数字未发现额外缺空格，译文疑点保留原文。
public/nce/lessons/nce2/036.json	nce	nce2-036	Across the Channel	1.2.0	0	2	applied	needs_source_check	json_valid	Codex	2026-10-01T12:33:55.521Z	2f058a863e2f298a21ae24ee0c4b3695cd93bbf9368b354ab808acd3f92232d5	9d709a5c150080c4a4c7284df8ec899309e87d9498a0ebffb438b30f3e8f0b23	2	完整阅读标题、问题、中英全文及不同字幕；重复表示经一致性检查。Debbie 准备横渡英吉利海峡，Mr. 缩写间距正常。 英文及数字未发现额外缺空格，译文疑点保留原文。
public/nce/lessons/nce2/037.json	nce	nce2-037	The Olympic Games	1.2.0	0	2	applied	needs_source_check	json_valid	Codex	2026-10-01T12:33:55.564Z	18ce3512688c7a5472a5a8e162adc2f4a4a25470eec2b2b781ca3e28f1fce546	571afc027214b19ff41bdcd20b92ec8f8df505ea01d60175de4ffb77f406b68c	7	完整阅读标题、问题、中英全文及不同字幕；重复表示经一致性检查。举办奥运会与建设场馆；多处译文严重重复拼接。 英文及数字未发现额外缺空格，译文疑点保留原文。
public/nce/lessons/nce2/038.json	nce	nce2-038	Everything Except the Weather	1.2.0	0	2	applied	needs_source_check	json_valid	Codex	2026-10-01T12:33:55.600Z	4bdd1920b8d8f191dae839ae7a35c15abfe94f112007af2650c02b22c8e0328e	647d2bc6e54173e893e92345f58bbf093e716527f45d1af415b848a0b580bb74	2	完整阅读标题、问题、中英全文及不同字幕；重复表示经一致性检查。Harrison 回英退休因天气再离开。 英文及数字未发现额外缺空格，译文疑点保留原文。
public/nce/lessons/nce2/039.json	nce	nce2-039	Am I All Right	1.2.0	0	2	applied	needs_source_check	json_valid	Codex	2026-10-01T12:33:55.638Z	615de09b2e7082d2e72760c8c6cb42370fdb1baea37af2d374ec7ffda833514e	152642af905124a44ab91e8ea42d13b8ef52c00f527f7fbbb9f801d792207117	3	完整阅读标题、问题、中英全文及不同字幕；重复表示经一致性检查。Gilbert 假扮亲属询问手术。 英文及数字未发现额外缺空格，译文疑点保留原文。
public/nce/lessons/nce2/040.json	nce	nce2-040	Food and Talk	1.2.0	0	2	applied	edited	json_valid	Codex	2026-10-01T12:33:55.678Z	1e88ed172479366085fc3ad99908bfbcbab885b510dddb91f3591351f5ff6f7d	5a77405bd9d134368c54307cd8b082b0642dc37703e7d1727968d2d258cbe413	0	完整阅读标题、问题、中英全文及不同字幕；重复表示经一致性检查。与 Rumbold 共进晚餐谈不拢；The Globe 由中文引号包裹，不机械添空格。 英文及数字未发现额外缺空格，译文疑点保留原文。
public/nce/lessons/nce2/041.json	nce	nce2-041	Do You Call That a Hat	1.2.0	0	2	applied	edited	json_valid	Codex	2026-10-01T12:34:24.101Z	f69acfde5a974cb11931083d1e1df5caf69948aafe9236c32248eedd18252833	71a6129b21d088bd5261f5acde27f23b7ab6735ae9205e68d2ee1708d8d81bd2	0	完整阅读标题、提问、中英全文及不同字幕；重复字段经一致性检查。夫妻争论帽子与领带；引语、needn’t 等缩写完整。
public/nce/lessons/nce2/042.json	nce	nce2-042	Not Very Musical	1.2.0	0	2	applied	needs_source_check	json_valid	Codex	2026-10-01T12:34:24.148Z	75b0d513e4c783a202ea1810f3726e12983791d7c033da576bc2fa0aa1f3c973	2c7ebaf38dbe9f178ba6d955340a8016b22ddbc320da59c4f293a15e390dea3f	1	完整阅读标题、提问、中英全文及不同字幕；重复字段经一致性检查。耍蛇人演奏爵士；英文间距正常，重复译句登记。
public/nce/lessons/nce2/043.json	nce	nce2-043	Over the South Pole	1.2.0	0	12	applied	needs_source_check	json_valid	Codex	2026-10-01T12:34:24.186Z	465d44a5375ff566116772d87b2942c4d4465dd02d481791e87010055741b23f	2d5bc710c816524cb70feb9e9d78c9265ed911d4b63dc6d8a6c9d1f94e016a5b	3	完整阅读标题、提问、中英全文及不同字幕；重复字段经一致性检查。Byrd 飞越南极；保留 R.E. 缩写和数字内部，原有数字内空格及译文重复另记。
public/nce/lessons/nce2/044.json	nce	nce2-044	Through the Forest	1.2.0	0	2	applied	needs_source_check	json_valid	Codex	2026-10-01T12:34:24.224Z	22b98e4957c9cf40945185fdb165977a5b19d85fb1aec381aaa00283e7bc56f6	465af37a38a6a9230c69ef65eb6d765351a274461158db63964724fc4c1f0044	1	完整阅读标题、提问、中英全文及不同字幕；重复字段经一致性检查。Sterling 追赶抢包人；Mrs. 缩写正常，中文重复拼接登记。
public/nce/lessons/nce2/045.json	nce	nce2-045	A Clear Conscience	1.2.0	0	12	applied	needs_source_check	json_valid	Codex	2026-10-01T12:34:24.261Z	eb92cde6902ae948009159e7af8946724fc727f526a543385791e2355e70fbf4	77d4c52e0feaf0ccd87b3b816368ce32c8563a3458c415c7d115181f85255aa8	1	完整阅读标题、提问、中英全文及不同字幕；重复字段经一致性检查。小偷分次还款；50%、25%、100% 内部完整、中文边界正确，百分比译义错误登记。
public/nce/lessons/nce2/046.json	nce	nce2-046	Expensive and Uncomfortable	1.2.0	0	10	applied	needs_source_check	json_valid	Codex	2026-10-01T12:34:24.298Z	7a127bee296dd6c2947439a8e1f59cf61dde044f42b2e49ceebe4fae87afebb7	7e3b0aa7757d2a90602eb37a30b661450d9a7daa269cd998f923f44e23758c56	2	完整阅读标题、提问、中英全文及不同字幕；重复字段经一致性检查。木箱偷渡飞机旅客；币种与价格内部保留，已存在的数字空格异常登记。
public/nce/lessons/nce2/047.json	nce	nce2-047	A Thirsty Ghost	1.2.0	0	14	applied	needs_source_check	json_valid	Codex	2026-10-01T12:34:24.397Z	46e48f7994b5f9fda92a01d41c7c4e9d9e4eb5f2dfcd69db3eb77d353ebf54e9	3855728a3e4dfe0de1069e0a5f7e30b90de89cdc27f769e8eef9fe9bd8e78cfb	1	完整阅读标题、提问、中英全文及不同字幕；重复字段经一致性检查。Thompson 闹鬼酒吧；Mr.Ian 和所有 Mr.Thompson 缩写后空格同步补齐。
public/nce/lessons/nce2/048.json	nce	nce2-048	Did You Want to Tell Me Something	1.2.0	0	2	applied	edited	json_valid	Codex	2026-10-01T12:34:24.434Z	11878808d6d7c5575ed8a8442af50df51c1a546d9e433a319c1dd9b92023a0c8	f8bd9360be404e738140ae31db6b4ac14b980bbb8f5f5bc31ba5c107ede50fef	0	完整阅读标题、提问、中英全文及不同字幕；重复字段经一致性检查。牙医提问后被告知拔错牙；全文标点与单词间距正常。
public/nce/lessons/nce2/049.json	nce	nce2-049	The End of a Dream	1.2.0	0	2	applied	edited	json_valid	Codex	2026-10-01T12:34:54.363Z	38dfa4753a05f22c3f7a3eda136f49c2c55fddd916a67b8b23d568b7b3e4a544	0e87408f3f61a667eb4eea466f2258715cab4c3ea8e62ca3f7e9cec2c3675f50	0	完整阅读标题、提问、中英正文及不同字幕；重复字段经一致性检查。德黑兰年轻人屋顶的床被风吹落；正文单词、引语和中文边界正常。
public/nce/lessons/nce2/050.json	nce	nce2-050	Taken for a Ride	1.2.0	0	2	applied	needs_source_check	json_valid	Codex	2026-10-01T12:34:54.417Z	a8128ba49c2bc1e5fe731a0a41951e98960038fafbe479d58b4e65ef36b64172	ef0925f650a0b70153a4e9d7b5fefa9f42dec2512a8ba0a45f2855381a347e9d	2	完整阅读标题、提问、中英正文及不同字幕；重复字段经一致性检查。伍德福德格林下车提醒被忘；地名括注内部保留，标点及中译引号另记。
public/nce/lessons/nce2/051.json	nce	nce2-051	Reward for Virtue	1.2.0	0	2	applied	edited	json_valid	Codex	2026-10-01T12:34:54.462Z	aab7de25a13fc901aa571e4702ab2bef099f42f25c0985ac8d1d5c52cee8d9b6	ed67ef7887080ba985a5ab2adb14e7a384b72e4d90f3908089161ccc5390b159	0	完整阅读标题、提问、中英正文及不同字幕；重复字段经一致性检查。Hugh 节食却用巧克力奖励自己；列表和句间空格正常。
public/nce/lessons/nce2/052.json	nce	nce2-052	A Pretty Carpet	1.2.0	0	2	applied	needs_source_check	json_valid	Codex	2026-10-01T12:34:54.501Z	90c344de4e8203cfb9da42a137449ad656c497d2ad83a763f49733a6602b5839	c6221707badd3916dc8ef759ef01a4abce4896443b1108fe7618bfcd0a4871b3	1	完整阅读标题、提问、中英正文及不同字幕；重复字段经一致性检查。书籍铺满房间成为地毯；英文间距正常，中文问题混入不实解释另记。
public/nce/lessons/nce2/053.json	nce	nce2-053	Hot Snake	1.2.0	0	6	applied	needs_source_check	json_valid	Codex	2026-10-01T12:34:54.540Z	9e1a6a5138cdbc81a40e7151efc01df8afb1bc1a594ddc6095c24c4c45dc9fdb	6d3b714748b53230186f644123ab7df77f7e5686a0d5787f14691cb21e94d5ac	2	完整阅读标题、提问、中英正文及不同字幕；重复字段经一致性检查。蛇缠高压线引发森林火灾；数字复合词保持，原数字多余空格和单复数异常登记。
public/nce/lessons/nce2/054.json	nce	nce2-054	Sticky Fingers	1.2.0	0	2	applied	needs_source_check	json_valid	Codex	2026-10-01T12:34:54.578Z	ee2b39d2cc77b8d077309993f2a54b00aaef844661e4b6e81a126d88e966f090	076d9005ea722488027f8f182721acf885aab5d90bdcfe44b299e4ada45b70af	1	完整阅读标题、提问、中英正文及不同字幕；重复字段经一致性检查。做馅饼时来电与邮递员打断；英文多句已有空格，中文错误断句登记。
public/nce/lessons/nce2/055.json	nce	nce2-055	Not a Gold Mine	1.2.0	0	14	applied	needs_source_check	json_valid	Codex	2026-10-01T12:34:54.675Z	2fd5b416a3b0fbcf69e2e529c507e7409fc564aa33e0725a414a7848ef1503f0	5aefc9f8f1bc58a5c817c0cd7cbdfb15f050507766f941e70bfb413b5e0fb3ee	1	完整阅读标题、提问、中英正文及不同字幕；重复字段经一致性检查。探测器寻宝只找到小金币；where--it is said--pirates 插入语两侧补空格，设备名内部保留。
public/nce/lessons/nce2/056.json	nce	nce2-056	Faster Than Sound	1.2.0	0	10	applied	edited	json_valid	Codex	2026-10-01T12:34:54.711Z	9b571d6de451fcfc28267227905e157718a21c97bb83940ab053d268842ee477	9aa8df5c3a1fb392a8aed3f07a60959d4b5b12d68f56da202fb20ca8a2c7a831	0	完整阅读标题、提问、中英正文及不同字幕；重复字段经一致性检查。老爷车赛；Rolls-Royce 品牌内部不拆，1885 年与 40 英里间距正确。
public/nce/lessons/nce2/057.json	nce	nce2-057	Can I Help You, Madam	1.2.0	0	2	applied	edited	json_valid	Codex	2026-10-01T12:35:25.592Z	54fea801f89aa50abeb891355dad7cc3c50460a111055d2bde06ba30732536da	70d8880a96b0e246795e70a646bc30fb5edad43edc3ae3d4e3bb4e15d83b0d3d	0	完整阅读标题、问题、全部中英正文及不同字幕，重复表示经一致性检查。女顾客换装惩治无礼店员；引语、时序及衣物词汇间距正常。
public/nce/lessons/nce2/058.json	nce	nce2-058	A Blessing in Disguise	1.2.0	0	2	applied	edited	json_valid	Codex	2026-10-01T12:35:25.641Z	66261017bcb5bd9cc0d3fd7d03c47d0d3b8c3399c462cd5b38cbcc92b6d9fed8	fcba746814c54a4ed82f01b32fae9d39c2a5599c7f661ad72f7790cf28160913	0	完整阅读标题、问题、全部中英正文及不同字幕，重复表示经一致性检查。诅咒树带来旅游收入；分号后空格和 tree-trunk 连字符完整。
public/nce/lessons/nce2/059.json	nce	nce2-059	In or Out	1.2.0	0	2	applied	edited	json_valid	Codex	2026-10-01T12:35:25.679Z	d2289ae16388f6dec9b9f99f2e410f09f395a8d66085a18daf18e06ae366c22c	4e8451e43439af00513e692d259e093428827c6c4ad39df41e10e727eedeabb8	0	完整阅读标题、问题、全部中英正文及不同字幕，重复表示经一致性检查。Rex 学会开门后不停吠叫；专名、标点和中译无待补空格。
public/nce/lessons/nce2/060.json	nce	nce2-060	The Future	1.2.0	0	2	applied	edited	json_valid	Codex	2026-10-01T12:35:25.717Z	0f283976ad848185e2b97dfb846f8f0962845c12957e6955702f767c64e7a88d	6546d0d9b1d2c2b8f9c21f4031fcb6ca2bbb0d233422aeda1baab1561ed29acf	0	完整阅读标题、问题、全部中英正文及不同字幕，重复表示经一致性检查。Bellinsky 算命与妻子寻人；fortune-teller 连字符、引语间距正常。
public/nce/lessons/nce2/061.json	nce	nce2-061	Trouble with the Hubble	1.2.0	0	36	applied	needs_source_check	json_valid	Codex	2026-10-01T12:35:25.754Z	eb8b6763cc36d92e159d30f3f238845fb17ae96f306ce116c303cea30d40a475	9065aa18cd055ec428e711596d861f04109c38ba3367e82a63993699d00545d8	1	完整阅读标题、问题、全部中英正文及不同字幕，重复表示经一致性检查。哈勃望远镜维修；NASA 中英边界、1990 年 4 月 20 日和 10 亿数字空格正确，译文首句重复登记。
public/nce/lessons/nce2/062.json	nce	nce2-062	After the Fire	1.2.0	0	2	applied	edited	json_valid	Codex	2026-10-01T12:35:25.792Z	7aaa2701e479d1a857cfef883a4f63939f010c97c829bb610cbbffd180a5e7f6	3e6c84c4896f52653c80804e283e8a18a467d91874ec4634d368172a866b6ed0	0	完整阅读标题、问题、全部中英正文及不同字幕，重复表示经一致性检查。森林火灾后航空播种防洪；grass-seed 连字符保持，句间空格正常。
public/nce/lessons/nce2/063.json	nce	nce2-063	She Was Not Amused	1.2.0	0	8	applied	edited	json_valid	Codex	2026-10-01T12:35:25.890Z	ccd6c9b256a0a2e6cbbcbe6344aad1351acbe44b84d149ff9a0268832a06c1fd	69567854b693d213f42e6292070e82e8ceb2a76479b96ecef80ec3cde47f2465	0	完整阅读标题、问题、全部中英正文及不同字幕，重复表示经一致性检查。Jenny 误以为婚礼宾客嘲笑父亲；humour--everybody 插入语边界补空格，six-year-old 保留。
public/nce/lessons/nce2/064.json	nce	nce2-064	The Channel Tunnel	1.2.0	0	26	applied	edited	json_valid	Codex	2026-10-01T12:35:25.926Z	fd8b25b100828d4233d63032aefdcc54bbc73d38d2e2791faf8e14ea157f47f6	08dc4dbc54061e5cd1d6e530ec4c078839d077064a2abb3529f613d726248ee9	0	完整阅读标题、问题、全部中英正文及不同字幕，重复表示经一致性检查。英吉利海峡隧道规划历史；年份、21 英里、100 年的中数间距正确，21-mile 与专名不拆。
public/nce/lessons/nce2/065.json	nce	nce2-065	Jumbo Versus the Police	1.2.0	0	4	applied	needs_source_check	json_valid	Codex	2026-10-01T12:35:53.802Z	4ceec59870bd5d197119a6222f920053afb236fd164936c0dd6c8c3c79b84652	fadb401d9e338067637df3210863735ea3e1e850d928fd26f63acbacf617a29d	2	完整阅读标题、提问、中英文全文及不同字幕；重复字段经一致性验证。Jumbo 挡路与警察推象；Jumbo 中英边界已正确，译文解释和缺引号登记。
public/nce/lessons/nce2/066.json	nce	nce2-066	Sweet as Honey	1.2.0	0	18	applied	edited	json_valid	Codex	2026-10-01T12:35:53.911Z	7e6a999233a369dce02a42412d53a2e028df403ad1d0a78765c3994c2685fd0d	29205c50e21f8b1fd366e3729386d5ed5699c9a246423ff5daa6b69bd146501f	0	完整阅读标题、提问、中英文全文及不同字幕；重复字段经一致性验证。飞机发动机被蜂蜡保存；honey--still 插入语两侧补空格，Rolls-Royce 和年份保持。
public/nce/lessons/nce2/067.json	nce	nce2-067	Volcanoes	1.2.0	0	4	applied	edited	json_valid	Codex	2026-10-01T12:35:53.950Z	935defae08728ccc1d4fc12678fe824dc0f7fd2081b18b887be57fce28d59cce	b59d8622928ddbebdcfbeef9086eb076726bb23ec2fce78f77838cd3d25e2d7f	0	完整阅读标题、提问、中英文全文及不同字幕；重复字段经一致性验证。Tazieff 研究火山；1948 年、地名括注及专名内部间距正常。
public/nce/lessons/nce2/068.json	nce	nce2-068	Persistent	1.2.0	0	8	applied	needs_source_check	json_valid	Codex	2026-10-01T12:35:54.042Z	04f9f728e746f167282feac404996c94062773d71e8ee907b1787fc748566529	df0abaea74dd4bafc9ba310e0352c48c970e29db3b91f5141e5aeb086e853977	2	完整阅读标题、提问、中英文全文及不同字幕；重复字段经一致性验证。Elizabeth 躲不开 Nigel；morning--until 双连字符两侧补空格，缺标点与引号另记。
public/nce/lessons/nce2/069.json	nce	nce2-069	But not Murder	1.2.0	0	2	applied	edited	json_valid	Codex	2026-10-01T12:35:54.079Z	7ae5bf850c5af3a109da796ff58d9e1923ffd3cbf5a6bde43abc434eba9d23f0	4b67610640868034b630779f02617901ce2a7b2c4565e1a976201499f10eb4cf	0	完整阅读标题、提问、中英文全文及不同字幕；重复字段经一致性验证。Eames 第三次驾考紧急停车失败；Mr. 缩写及引语间距正常。
public/nce/lessons/nce2/070.json	nce	nce2-070	Red for Danger	1.2.0	0	2	applied	edited	json_valid	Codex	2026-10-01T12:35:54.115Z	ff56a1bbb4e02e6ca007995bd6bfc24ea938862a2f5c8935da5e9eaa94dee0d1	b36c9aa7d8e8dd497da2dea20694da4598b0889cefc0950cbb48f03b6a5dd1a9	0	完整阅读标题、提问、中英文全文及不同字幕；重复字段经一致性验证。醉汉闯入斗牛场后被拖走；全文单词和标点间距正常。
public/nce/lessons/nce2/071.json	nce	nce2-071	A Famous Clock	1.2.0	0	10	applied	edited	json_valid	Codex	2026-10-01T12:35:54.151Z	a850a71f2f5ee2fad5dc8ad6b1be6040ee8b2312bae8d4fa811085d8092442fd	83b8e6ac47f71ee9ad20f5e16c06d8fd484ea4eec5d73f6cbcca114e3b720e70	0	完整阅读标题、提问、中英文全文及不同字幕；重复字段经一致性验证。大本钟命名、校时与油漆罐故障；B.B.C. 内部不拆，BBC 与 1834 年中文边界正确。
public/nce/lessons/nce2/072.json	nce	nce2-072	A Car Called Bluebird	1.2.0	0	42	applied	needs_source_check	json_valid	Codex	2026-10-01T12:35:54.187Z	99146371168717f019a8d217fab084885e6dc37e7a6e08e5407ba5334cdf80b0	b86a530b176f7a578d63b482c2d9eadc2f25cfacd1983d7ca35a164b8c0db532	1	完整阅读标题、提问、中英文全文及不同字幕；重复字段经一致性验证。Campbell 蓝鸟赛车纪录；各数字单位已有空格，型号和专名完整，马力数原有空格异常登记。
public/nce/lessons/nce2/073.json	nce	nce2-073	The Record-Holder	1.2.0	0	10	applied	needs_source_check	json_valid	Codex	2026-10-01T12:36:26.851Z	aec0487b1c47cf5171d71abfbb6aadb373f906deb77b0e40c7ae06aab4bd27a3	0a35e9fb21bf9d39c491b9e1b4d23b36b0af0769076af9b444e9c52ea5c4b619	2	完整阅读标题、问题、中英正文及全部不同字幕，重复字段经一致性检查。逃学男孩搭便车到法西边境；数字中文边界正确，原文所有格与数字内空格另记。 本篇无需追加空格。
public/nce/lessons/nce2/074.json	nce	nce2-074	Out of the Limelight	1.2.0	0	2	applied	needs_source_check	json_valid	Codex	2026-10-01T12:36:26.901Z	73f316b3d57b08f3a5f8293aa06b0c6db2460a4fed1c517895fddd05def8765b	98136ba2afa9453395368b4719afb33534a5d303f9ec8e3fc5ff78b4e3e3c7b7	3	完整阅读标题、问题、中英正文及全部不同字幕，重复字段经一致性检查。演员伪装野餐被警长驱赶；保留已有双空格、问号前空格和姓名边界，译文解释错误登记。 本篇无需追加空格。
public/nce/lessons/nce2/075.json	nce	nce2-075	SOS	1.2.0	0	2	applied	edited	json_valid	Codex	2026-10-01T12:36:26.939Z	d0aeb8cd53240de5928660a2338b2b37cbe9a293a081f4f81aae9204526aa68a	7aa9778de256b75c6b134dad71ea238856f2fde2a8cbff86414a6e456e5023c5	0	完整阅读标题、问题、中英正文及全部不同字幕，重复字段经一致性检查。母女空难后雪地踩出 SOS 获救；SOS 连续字母保留，中文引号旁不机械添空格。 本篇无需追加空格。
public/nce/lessons/nce2/076.json	nce	nce2-076	April Fools' Day	1.2.0	0	14	applied	needs_source_check	json_valid	Codex	2026-10-01T12:36:26.977Z	8a6824dfc39050efa7ae5d4aab5d9edd57dad56fe17bd9266e6a630794370f04	1ce7289569075a619819be7ea6ab06b8c7d96e5cdb8ee75b91fc151717266176	1	完整阅读标题、问题、中英正文及全部不同字幕，重复字段经一致性检查。愚人节通心粉种植播报；1991 年、4 月 1 日间距正确，中文标题疑点登记。 本篇无需追加空格。
public/nce/lessons/nce2/077.json	nce	nce2-077	A Successful Operation	1.2.0	0	14	applied	edited	json_valid	Codex	2026-10-01T12:36:27.015Z	49d07d31dd9049a4f8ec12df28de25ebf7b20a3a4c3036e352964919ff635d63	7b006bb2de5cb8da2ce9d14ba88dbdc00bb02df8ec7365a04e9267473c1798ee	0	完整阅读标题、问题、中英正文及全部不同字幕，重复字段经一致性检查。埃及木乃伊手术；B.C. 与 X-ray 内部完整，800 年和 X 光中数/英文边界正确。 本篇无需追加空格。
public/nce/lessons/nce2/078.json	nce	nce2-078	The Last One	1.2.0	0	2	applied	edited	json_valid	Codex	2026-10-01T12:36:27.052Z	a5fa4431af2c4f8b6ae70237f65bb2016e6e26bc170caa33e0346ad72054bbea	b76bc724554ccd7cd27f09fcb7c73140f3e47b30f393fc2c2222ccc6e08cc409	0	完整阅读标题、问题、中英正文及全部不同字幕，重复字段经一致性检查。戒烟七天后复吸；书文标题引号与人物姓名间距正常。 本篇无需追加空格。
public/nce/lessons/nce2/079.json	nce	nce2-079	By Air	1.2.0	0	2	applied	edited	json_valid	Codex	2026-10-01T12:36:27.088Z	93fa681611ca25fa717a96703b08672fa86f9bc953d6eb55ad95f60affbb3e5c	8713742a1344875d7d1b7b5394e22b4d63ee8ac8cd996e129d3988544dcfe306	0	完整阅读标题、问题、中英正文及全部不同字幕，重复字段经一致性检查。飞机因疑似炸弹返航；英文、中译和字幕无额外缺空格。 本篇无需追加空格。
public/nce/lessons/nce2/080.json	nce	nce2-080	The Crystal Palace	1.2.0	0	14	applied	needs_source_check	json_valid	Codex	2026-10-01T12:36:27.129Z	b769b53660cccbacb2c02d3b7f1d12d9837c9df4d45824c4e9a190ef897d415f	452594cbd48dd66e00d77da0faaaf5af9f9674423de96ddd0a4a660e26a74dd1	1	完整阅读标题、问题、中英正文及全部不同字幕，重复字段经一致性检查。1851 年水晶宫博览会；19 世纪、1851 年、1936 年间距正确，额外逗号另记。 本篇无需追加空格。
public/nce/lessons/nce2/081.json	nce	nce2-081	Escape	1.2.0	0	2	applied	edited	json_valid	Codex	2026-10-01T12:38:15.195Z	ec26883659701097f536de6fec5ab3144f02e1f952f78b6135e31ca60eeed6d9	84790c1fd355c5afcf090efda7339071f28b4d8db10c174122186f7602f53293	0	完整阅读标题、提问、中英正文及不同字幕；重复字段经一致性检查。逃跑叙事及中文对应完整，未发现其他明确缺空格。
public/nce/lessons/nce2/082.json	nce	nce2-082	Monster or Fish	1.2.0	0	2	applied	needs_source_check	json_valid	Codex	2026-10-01T12:38:15.237Z	a914f2f6b8387f1b4148bf283277a16d359efbd637a15da0cad58eaeadbeb872	d509f7dc7e19a6d25cf4c8b51c61f723a5d4d194000275620e4faa65f38d6a2e	2	完整阅读标题、提问、中英正文及不同字幕；重复字段经一致性检查。皇带鱼尺寸与发现经过间距正常；两处疑似遗漏保留核对。
public/nce/lessons/nce2/083.json	nce	nce2-083	After the Elections	1.2.0	0	8	applied	edited	json_valid	Codex	2026-10-01T12:38:15.347Z	dc943ce68d6d18f4e556c062d5eaaee380212434171eff00f4213c7cb09eb291	b3c5edaa246171f0980841b9e85957027e26113859e6053f9b8e94bc73c2ff0b	0	完整阅读标题、提问、中英正文及不同字幕；重复字段经一致性检查。修正称谓缩写与引语前缺空格，保留原引号内既有空格。
public/nce/lessons/nce2/084.json	nce	nce2-084	On Strike	1.2.0	0	2	applied	edited	json_valid	Codex	2026-10-01T12:38:15.385Z	e2b9c2b3d7f95e50fe73dd5a299c0d5b6259b3ee69b9e44abfe58e78f7f74bc9	3519bea90efe584b5181dbbe95a1eaf6284bb4ea5307e59d8a6862f93f1b5ecf	0	完整阅读标题、提问、中英正文及不同字幕；重复字段经一致性检查。司机罢工及学生志愿驾驶叙述间距正常。
public/nce/lessons/nce2/085.json	nce	nce2-085	Never Too Old To Learn	1.2.0	0	2	applied	needs_source_check	json_valid	Codex	2026-10-01T12:38:15.423Z	b0f9abf60583d77edabe798745495f27ed0eedcd7f61be509adf805b89360b0b	c3ea11b897d53c25aeefb381f04e46156684d3c65e74c099c047eda375aea797	1	完整阅读标题、提问、中英正文及不同字幕；重复字段经一致性检查。退休校长叙述间距正常；中文人物关系存疑。
public/nce/lessons/nce2/086.json	nce	nce2-086	Out of Control	1.2.0	0	2	applied	edited	json_valid	Codex	2026-10-01T12:38:15.460Z	013f4261361bbdfd0b440678749b21fb6fc04d4e626552902db9a99ca41b9fda	e92b79ac2586688435f6e2620bf5635c4328e8c33f539645532164ebc3df61ce	0	完整阅读标题、提问、中英正文及不同字幕；重复字段经一致性检查。快艇失控与获救过程完整，未发现其他明确缺空格。
public/nce/lessons/nce2/087.json	nce	nce2-087	A Perfect Alibi	1.2.0	0	27	applied	needs_source_check	json_valid	Codex	2026-10-01T12:38:15.555Z	6eafc00506e586f1b9a94c148e1376a390366c9ae4e598a8d18a7d0e76ad31af	859e3d6c1bc84a260a5855e8a2f32e8c494da687030156c5ffaa4e38f573f9eb	3	完整阅读标题、提问、中英正文及不同字幕；重复字段经一致性检查。修正引语前间距，保留时间 8.25；中文时间及解释待核。
public/nce/lessons/nce2/088.json	nce	nce2-088	Trapped in a Mine	1.2.0	0	6	applied	edited	json_valid	Codex	2026-10-01T12:38:15.592Z	e08ce2088da48910c397857f948f9f69fa955120276a2ec4594a89bc5bd50ed7	9180679b27b173664562bb573178716efcefdf3bd245d88d227270e9c2dc465e	0	完整阅读标题、提问、中英正文及不同字幕；重复字段经一致性检查。矿井救援时间数字与中英文边界正常，保留省略号。
public/nce/lessons/nce2/089.json	nce	nce2-089	A Slip of the Tongue	1.2.0	0	8	applied	needs_source_check	json_valid	Codex	2026-10-01T12:38:39.942Z	28ae6a866bbd62335a5a37ce0fd78537b6720d8fed6ae5f15560bee0770ee7d7	e6761655f14707e2cab30518dea9bf49c220b24d0ee31a769865c0f6ec1d60fb	2	完整阅读标题、提问、中英正文及不同字幕；重复字段经一致性检查。修正插入语破折号外部间距；保留故意说错的公司名和问候语。
public/nce/lessons/nce2/090.json	nce	nce2-090	What's for Supper	1.2.0	0	2	applied	edited	json_valid	Codex	2026-10-01T12:38:39.982Z	57c5c512e12e4e835582b13f812db5633d8159dd4d04f33a4b37188d266cebbf	e1778f6b0542b008409d6bf4d94f73bd547f3c10c1985adfbb35ff6af50a8460	0	完整阅读标题、提问、中英正文及不同字幕；重复字段经一致性检查。海上钻井平台鱼类叙述间距正常。
public/nce/lessons/nce2/091.json	nce	nce2-091	Three Men in a Basket	1.2.0	0	2	applied	edited	json_valid	Codex	2026-10-01T12:38:40.023Z	059f58d7f5bafb0be53a688175fe456d86b59228610144d509b8e92ab4f92402	6bf2d23d1b14f18038a28f764cbeb2fdaebcb03dfbc9baeeccc626e5a0ca913c	0	完整阅读标题、提问、中英正文及不同字幕；重复字段经一致性检查。气球和基地指挥官故事间距正常。
public/nce/lessons/nce2/092.json	nce	nce2-092	Asking for Trouble	1.2.0	0	2	applied	needs_source_check	json_valid	Codex	2026-10-01T12:38:40.062Z	e91586aec0ea9a4b6702d198da414800707801a5e465a6bee6d6874e1bff01f5	8a8d0b9cff8676ec6d0da4463b06550ae55f0b6db52cf304d2ff78b1efdc52e3	2	完整阅读标题、提问、中英正文及不同字幕；重复字段经一致性检查。引语内容完整读取，疑似漏引号与标点保留核对。
public/nce/lessons/nce2/093.json	nce	nce2-093	A Noble Gift	1.2.0	0	26	applied	needs_source_check	json_valid	Codex	2026-10-01T12:38:40.100Z	4560e3e2d1823fa0fe203dcd96935006232aba833284d8880dcbd356e8ebf26f	86f89cbe18219f5bd9cfa20398251c9b752ebf993ac36bf2aa087cdb0aedc408	2	完整阅读标题、提问、中英正文及不同字幕；重复字段经一致性检查。年份与尺寸间距正常；译文重复保留核对。
public/nce/lessons/nce2/094.json	nce	nce2-094	Future Champions	1.2.0	0	2	applied	edited	json_valid	Codex	2026-10-01T12:38:40.138Z	4a5b2b678d4cc3f9dfd06ced7ae770c08cf99f243877ac739d929c71775df1f1	5ada8a0101c5df22d9a93b074bea08746f19e6e2c3cb6b4c4ad7e30148214d67	0	完整阅读标题、提问、中英正文及不同字幕；重复字段经一致性检查。水下三轮车比赛全文间距正常。
public/nce/lessons/nce2/095.json	nce	nce2-095	A Fantasy	1.2.0	0	2	applied	needs_source_check	json_valid	Codex	2026-10-01T12:38:40.175Z	9eec215938fb38b1a837a20ffb8165609acbc0b2250581b1426f7a083c93d550	7a353ad398727270a82e7c77e9e24b3ea9af964d88e2a7db9bc06c79d6d216a2	1	完整阅读标题、提问、中英正文及不同字幕；重复字段经一致性检查。大使对话间距正常；中文引语拼接可疑。
public/nce/lessons/nce2/096.json	nce	nce2-096	The Dead Return	1.2.0	0	2	applied	edited	json_valid	Codex	2026-10-01T12:38:40.212Z	0c3b7c5f3b3a2d6d7167d7a64e912aff692d1b0a99e155d4935efe134ea35946	a07c3ba5093b14ac2c2239aa3bf257a0804921bb13e5942888b8bda8322658d6	0	完整阅读标题、提问、中英正文及不同字幕；重复字段经一致性检查。亡灵节正文及对应字幕间距正常，保留英文连字符和中文现有断句。
public/nce/lessons/nce3/001.json	nce	nce3-001	A Puma at Large	1.2.0	0	9	applied	edited	json_valid	Codex	2026-10-01T12:39:02.086Z	a0275ac4a6ed74b0c511fc7cbbd64b6889ff85803900df25123ee093e27b8c53	ca7d7ad4fada8f1b6687cdd13485db43b0496093427d9b6d2dc83e9bcca68344	0	完整阅读标题、提问、中英正文及不同字幕；重复字段经一致性检查。补充引号后单词间距，保留 cat-like。
public/nce/lessons/nce3/002.json	nce	nce3-002	Thirteen Equals One	1.2.0	0	11	applied	needs_source_check	json_valid	Codex	2026-10-01T12:39:02.186Z	d8b4a859f9fd4a380a62691d6a5a555461a0594a754b2600eeab31987d46a8ff	f0cee32b6f228a30e66e708a289e597d68cc6f401c3d97c28d22492c7cedd0ef	1	完整阅读标题、提问、中英正文及不同字幕；重复字段经一致性检查。补充冒号及闭引号后间距；既有引号内空格不删除。
public/nce/lessons/nce3/003.json	nce	nce3-003	An Unknown Goddess	1.2.0	0	14	applied	edited	json_valid	Codex	2026-10-01T12:39:02.224Z	248c394932843bd9d855682db40aef6061938b9a9ea02ce3e9ec8c77cf690e8b	e9395843a318745e0ea55fe47dc23b3ba43ce9c997cd9c7ccb6922ae50d97ea9	0	完整阅读标题、提问、中英正文及不同字幕；重复字段经一致性检查。B.C.、15th 和复合词内部保持完整；现有插入语间距正确。
public/nce/lessons/nce3/004.json	nce	nce3-004	The Double Life of Alfred Bloggs	1.2.0	0	5	applied	edited	json_valid	Codex	2026-10-01T12:39:02.318Z	8267f87307c2ab39dfb8b262c061db8804ef9271f069065aa919a15b64cf7aea	93b327f3cc13ac12c7bb93946fd97f026fa4148d13ac75ad071e4537c5009a66	0	完整阅读标题、提问、中英正文及不同字幕；重复字段经一致性检查。补充称谓缩写后空格。
public/nce/lessons/nce3/005.json	nce	nce3-005	The Facts	1.2.0	0	13	applied	needs_source_check	json_valid	Codex	2026-10-01T12:39:02.405Z	665f84ec289532028e917786996d254cc291126bf847458d78cfd86beb9c4f36	899ffe0f115cbb250e1954a653c56b2757cb47d7b8dd052de6259b1b365f1101	3	完整阅读标题、提问、中英正文及不同字幕；重复字段经一致性检查。补充冒号后空格；数值内部空格及错误单位不以新增空格掩盖。
public/nce/lessons/nce3/006.json	nce	nce3-006	Smash-and-Grab	1.2.0	0	9	applied	needs_source_check	json_valid	Codex	2026-10-01T12:39:02.493Z	ffb552799c2229994888446cf0305e6b3cd7fcd610846478e76477a4b84040c8	4b54b044f987e93ce871405a3650ec89137b6e5cf7cbc0e8643b56fa7e2f572e	1	完整阅读标题、提问、中英正文及不同字幕；重复字段经一致性检查。补充称谓间距，保留原有分行。
public/nce/lessons/nce3/007.json	nce	nce3-007	Mutilated Ladies	1.2.0	0	14	applied	needs_source_check	json_valid	Codex	2026-10-01T12:39:23.627Z	6d60a88f069ca2e765dbfee52dac3681a891e00cc2452da9e0f36c4935fa785a	bee20c2434f6cb9ba33a2fef3c4682e730299cb8d4ee23d05166bcb1536a6f18	2	完整阅读标题、提问、中英正文及不同字幕；重复字段经一致性检查。金额及复合词未新增内部空格，已有数值断空保留。
public/nce/lessons/nce3/008.json	nce	nce3-008	A Famous Monastery	1.2.0	0	25	applied	needs_source_check	json_valid	Codex	2026-10-01T12:39:23.749Z	ca367c472909c79a2a19d15dd455066792b305f46c7ac9975cf370ec51c930be	9b375d5ecb27fe3c75f0de448bfb2a2b1cb8366ec7e0fde0e40a5b59b77ea581	1	完整阅读标题、提问、中英正文及不同字幕；重复字段经一致性检查。统一 St. 缩写与人名边界，保留负温度数值。
public/nce/lessons/nce3/009.json	nce	nce3-009	Flying Cats	1.2.0	0	14	applied	edited	json_valid	Codex	2026-10-01T12:39:23.792Z	f1581a3009ee8a29b24dcb1c6cf68a4789880a89993004acc36e4fad9aec7d2b	346e3691616f24104f08a095c953a313a5ee03a0d878b87ef827996a24566459	0	完整阅读标题、提问、中英正文及不同字幕；重复字段经一致性检查。楼层、速度和数量外部间距正常；复合词保持完整。
public/nce/lessons/nce3/010.json	nce	nce3-010	The Loss of the Titanic	1.2.0	0	46	applied	needs_source_check	json_valid	Codex	2026-10-01T12:39:23.829Z	4a54d38351da315897cab5e75c3e50000dd6945f70e6fc15df35fa16afb88b3c	0e8c0544e09f276fccf5542c8db4ebeaddce6079085b873f230eb90849668c96	3	完整阅读标题、提问、中英正文及不同字幕；重复字段经一致性检查。日期及隔舱数量间距正常；现有英文千位数断空需来源核对。
public/nce/lessons/nce3/011.json	nce	nce3-011	Not Guilty	1.2.0	0	2	applied	needs_source_check	json_valid	Codex	2026-10-01T12:39:23.866Z	e730c6e5f406d73a8bac48d860bbea00184927fa052a32e88afd40f6ea7cec83	f023524144a0345d91046ddc7fd3fe4e52e4bf3f5c89e131b94f20e40a4ea567	2	完整阅读标题、提问、中英正文及不同字幕；重复字段经一致性检查。海关对话未发现新增空格需求；保留原重复表示中的既有双空格。
public/nce/lessons/nce3/012.json	nce	nce3-012	Life on a Desert Island	1.2.0	0	2	applied	edited	json_valid	Codex	2026-10-01T12:39:23.903Z	ec9cfa473713ddf8b62650dca53d8349977b06381e886c53eee83a803193544c	6ab69d26af67588a2a91f4b9a4c3957dc8d4690c16c2c796d761ef98a55153cc	0	完整阅读标题、提问、中英正文及不同字幕；重复字段经一致性检查。荒岛经历、地名及中英文对应间距正常。
public/nce/lessons/nce3/013.json	nce	nce3-013	It's Only Me	1.2.0	0	2	applied	needs_source_check	json_valid	Codex	2026-10-01T12:39:23.940Z	3ba5421d40f86b4c9314c28cb0020b13339c40c537a6ec96b6c71211cc5abadc	507285353b9addba2a86b03f6a08b41595b349fe2e814f9f58499e581f09dcb8	1	完整阅读标题、提问、中英正文及不同字幕；重复字段经一致性检查。称谓和对话间距正常；保留分行。
public/nce/lessons/nce3/014.json	nce	nce3-014	A Noble Gangster	1.2.0	0	2	applied	edited	json_valid	Codex	2026-10-01T12:39:23.978Z	4b8ae21dba7c6729397729cd8afc2f5574b16d9fe7f0125df9917d29bb17fb46	0c9080d11d85733a1f1df5ca3110f3003cd7768f73e62e918048682f1b861558	0	完整阅读标题、提问、中英正文及不同字幕；重复字段经一致性检查。历史人物姓名、city-state 及中文引号边界完整，无明确缺空格。
public/nce/lessons/nce3/015.json	nce	nce3-015	Fifty Pence Worth of Trouble	1.2.0	0	10	applied	edited	json_valid	Codex	2026-10-01T12:39:47.925Z	5b63b1592e39001aca180bacf42ff3a8129187b076ab75c25dbf2e4c100e0239	f349b12032b0d996ae799be50ef8cb6394315e86f0d0e79fd69b8666784f7b47	0	完整阅读标题、提问、中英正文及不同字幕；重复字段经一致性检查。五十便士故事数字边界和正文间距正常。
public/nce/lessons/nce3/016.json	nce	nce3-016	Mary Had a Little Lamb	1.2.0	0	2	applied	edited	json_valid	Codex	2026-10-01T12:39:47.968Z	537b6eda9d5535bd6273cd10610405b830918821e4ea080aeb24f9363a401c44	bf633fce61e8b2b7b624ebf387b46eac419e752dd8059d9892daac7eb9efc9b9	0	完整阅读标题、提问、中英正文及不同字幕；重复字段经一致性检查。羊羔故事人物名、引语及原分行保持不变，无明确缺空格。
public/nce/lessons/nce3/017.json	nce	nce3-017	The Longest Suspension Bridge in the World	1.2.0	0	30	applied	needs_source_check	json_valid	Codex	2026-10-01T12:39:48.008Z	10e7000438a70985c02431db5d43c3f0f20a6c963e6686f169a3eb38134a280d	0dacf866e2bd274d81769bfce6151ad827bdf7456d6c5f07ac503112f409a7c4	3	完整阅读标题、提问、中英正文及不同字幕；重复字段经一致性检查。桥梁尺寸及日期中英间距正常，数值内部旧空格与缺字保留核对。
public/nce/lessons/nce3/018.json	nce	nce3-018	Electric Currents in Modern Art	1.2.0	0	14	applied	needs_source_check	json_valid	Codex	2026-10-01T12:39:48.113Z	2f458a30891101d33809f6edba342cdab3cb40a9f8ed4ebd78e4e48e3432bd58	585e52f15e820adfd6bc57dc37c65f59666256a04e4a5a69844f9baaa79baf87	1	完整阅读标题、提问、中英正文及不同字幕；重复字段经一致性检查。补充双连字符插入语边界；标题注释保留待核。
public/nce/lessons/nce3/019.json	nce	nce3-019	A Very Dear Cat	1.2.0	0	28	applied	needs_source_check	json_valid	Codex	2026-10-01T12:39:48.229Z	437b78935eea7d47e0113d75c2a0cc46dd3cb89f7b8646fbce89983838248c95	6fbccd7c209631581944f9dc9551fe3e8610aa4ec72ae22d5fad383719f6d679	1	完整阅读标题、提问、中英正文及不同字幕；重复字段经一致性检查。补充 Mrs. 后及插入语破折号外空格。
public/nce/lessons/nce3/020.json	nce	nce3-020	Pioneer Pilots	1.2.0	0	46	applied	needs_source_check	json_valid	Codex	2026-10-01T12:39:48.266Z	9a8e3fbeffc7b181c28164595945c6fc4625158f5d3fb3f04e16386420a55627	915a0a50c565987c0c48b0d0d09b2c2ecdeaaaece34c458bf9a57b2c8cf533d6	1	完整阅读标题、提问、中英正文及不同字幕；重复字段经一致性检查。时间 4.15、a.m. 和型号 No.XI 内部保留；中文日期间距正常。
public/nce/lessons/nce3/021.json	nce	nce3-021	Daniel Mendoza	1.2.0	0	22	applied	edited	json_valid	Codex	2026-10-01T12:39:48.304Z	5d796fc5604107676799760a43da28dd8670082a0cda300ef36672198c231c33	d1762b81f087c1851a6b7186633ec5f073d870b0218b9294c2f11ca13b0b048d	0	完整阅读标题、提问、中英正文及不同字幕；重复字段经一致性检查。拳击传记数字、称谓和奖金边界正常。
public/nce/lessons/nce3/022.json	nce	nce3-022	By Heart	1.2.0	0	2	applied	needs_source_check	json_valid	Codex	2026-10-01T12:39:48.341Z	8eeedda57981656d7b9c3450e85693069968aff41b03ccf786e1b00cc8a2cb05	b39a0ded32a882af4093a743759b525ab838b409f62c8a0235597249f67c2902	1	完整阅读标题、提问、中英正文及不同字幕；重复字段经一致性检查。戏剧对白间距正常，保留原有双空格；译文重复留痕。
public/nce/lessons/nce3/023.json	nce	nce3-023	One Man's Meat is Another Man's Poison	1.2.0	0	8	applied	needs_source_check	json_valid	Codex	2026-10-01T12:40:11.245Z	b6164204a606b8db2b014deabfbe8d3fee18881a0c70920d54da3f17e082e540	7da62a2e4fa5c3e4c009a819253bdcbe313544be1be3c61a110ede794f1d0f02	1	完整阅读标题、提问、中英正文及不同字幕；重复字段经一致性检查。fat-the 在语境中引出解释，并非复合词，补两侧间距。
public/nce/lessons/nce3/024.json	nce	nce3-024	A Skeleton in the Cupboard	1.2.0	0	2	applied	edited	json_valid	Codex	2026-10-01T12:40:11.296Z	ab04a202515071b95d54589bb780065f16c99dae02cff2ae93ccfccf803fa5d8	53030a7a103f10318b8c2ed9f0967198e3b4c805e97b69d5bdf662579e5a2f69	0	完整阅读标题、提问、中英正文及不同字幕；重复字段经一致性检查。骷髅故事对白与标题边界正常。
public/nce/lessons/nce3/025.json	nce	nce3-025	The Cutty Sark	1.2.0	0	30	applied	needs_source_check	json_valid	Codex	2026-10-01T12:40:11.400Z	db71c62c39260be02ff797a3a2d4f15cd402956b490a6dbba5124f1f2a70a066	b24244a4f8bd3e6457201c74e2724b3ed296793936bb44e92ecd52851f1ee75e	2	完整阅读标题、提问、中英正文及不同字幕；重复字段经一致性检查。补充船名与汉字的两个直接相邻边界，中文引号外不机械加空格。
public/nce/lessons/nce3/026.json	nce	nce3-026	Wanted a Large Biscuit Tin	1.2.0	0	36	applied	needs_source_check	json_valid	Codex	2026-10-01T12:40:11.437Z	3c66b50252f2c467d61d28c5ebbb7ed67f1ad9ee7cd7cf8f782f098367f8b677	b23df7662c5db0cd21b1c5e13e67e61cd4d3de3b1fcacd5cb5a15c64893a6992	3	完整阅读标题、提问、中英正文及不同字幕；重复字段经一致性检查。重量与美元外部间距正常；原有千位数内部断空留痕。
public/nce/lessons/nce3/027.json	nce	nce3-027	Nothing to Sell and Nothing to Buy	1.2.0	0	2	applied	edited	json_valid	Codex	2026-10-01T12:40:11.473Z	56cf7c99777bff2b47cfad67ab10c96280f6aeb7c141642942a30267391a28d1	90777f25d96d29e7eefe7da6b6793c51bcb45cde75e7942220e477f906e490dc	0	完整阅读标题、提问、中英正文及不同字幕；重复字段经一致性检查。流浪者主题段落及 passers-by 复合词边界正常。
public/nce/lessons/nce3/028.json	nce	nce3-028	Five Pounds Too Dear	1.2.0	0	16	applied	edited	json_valid	Codex	2026-10-01T12:40:11.563Z	706d6c109107edfa16fa14d7a9c1aca895ac445ffe8ab2fb2ee79f30619be678	99ac164b4b814a69d4aa7e3782a9acdc359e0b745e6ea013e2cb2ad34eb93e12	0	完整阅读标题、提问、中英正文及不同字幕；重复字段经一致性检查。补充转折破折号间距，保留 U.S.A. 及货币数值内部。
public/nce/lessons/nce3/029.json	nce	nce3-029	Funny or Not	1.2.0	0	2	applied	edited	json_valid	Codex	2026-10-01T12:40:11.599Z	a0ccbb239b7f39304797d1fbf07bb3d0d498b1570d623bd1c9e1f2398f9f13b9	ddddbe3fe6bbefd5943f402ad241139d2fae1266346c8d052af184d58d1851d2	0	完整阅读标题、提问、中英正文及不同字幕；重复字段经一致性检查。幽默故事中英边界及引语间距正常。
public/nce/lessons/nce3/030.json	nce	nce3-030	The Death of a Ghost	1.2.0	0	2	applied	needs_source_check	json_valid	Codex	2026-10-01T12:40:11.637Z	8548718e048a80c74e528e86327b619202a4bd9309b5326910e280990c41fe7c	66a42f91c1e36beeaba1e01e30d06b2ef97e62af512a66452ba997f38d64495b	1	完整阅读标题、提问、中英正文及不同字幕；重复字段经一致性检查。农场故事间距正常；中文兄弟排行矛盾留痕。
public/nce/lessons/nce3/031.json	nce	nce3-031	A Lovable Eccentric	1.2.0	0	16	applied	needs_source_check	json_valid	Codex	2026-10-01T12:40:28.065Z	51d2fe68b0da157bd8a1c5dd3d218722862c2c6e639afae2c8285c6fe33ed389	7598d7e5c3338f5a3871a72078b7e63214f4b93cb09cb937391425ec00a50ab0	1	完整阅读标题、提问、中英正文及不同字幕；重复字段经一致性检查。补充解释性破折号外空格；金额内部不改。
public/nce/lessons/nce3/032.json	nce	nce3-032	A Lost Ship	1.2.0	0	14	applied	edited	json_valid	Codex	2026-10-01T12:40:28.115Z	b69050b8bcaed3489ae6e885946dddaafc741333b6614ffdecfc2f02794ff5fe	9b920f7abd62ba43e4b799310ffc8bdea27140c20a47f619fd69baa4e3dbece6	0	完整阅读标题、提问、中英正文及不同字幕；重复字段经一致性检查。沉船打捞叙事、舰名和日期间距正常。
public/nce/lessons/nce3/033.json	nce	nce3-033	A Day to Remember	1.2.0	0	2	applied	needs_source_check	json_valid	Codex	2026-10-01T12:40:28.154Z	5b1729e14a5879fee72ee74e684445b0ddf9ecfdf281a343d505ee508daac12a	41dce786286495931e955feb3bf57ac799539902e3db5b863d70c6377efbaac8	1	完整阅读标题、提问、中英正文及不同字幕；重复字段经一致性检查。交通事故叙事及 etc. 缩写间距正常。
public/nce/lessons/nce3/034.json	nce	nce3-034	A Happy Discovery	1.2.0	0	6	applied	needs_source_check	json_valid	Codex	2026-10-01T12:40:28.194Z	763021ae058f7c67cec43fcc484dac649fd016e9da51f98669d1e343a0cbe100	c6e39a71199ef1c6f9cd975797eb60d2734cad766b9b2799505fb7782d05b154	1	完整阅读标题、提问、中英正文及不同字幕；重复字段经一致性检查。古董交易金额与中英边界正常；疑似介词转写错误保留核对。
public/nce/lessons/nce3/035.json	nce	nce3-035	Justice was Done	1.2.0	0	2	applied	edited	json_valid	Codex	2026-10-01T12:40:28.231Z	4178dd0ea27cd3eaec46735369d9d66048c7369eb26c6ec8349a3f915c1aafd2	15a1a4c2efb24d5ed91d8e4da968c7c3321211a87f757d168d5de0b618561fcb	0	完整阅读标题、提问、中英正文及不同字幕；重复字段经一致性检查。完整读取额外的 justice 释义提问字幕，正文及引语未发现明确缺空格。
public/nce/lessons/nce3/036.json	nce	nce3-036	A Chance in a Million	1.2.0	0	8	applied	edited	json_valid	Codex	2026-10-01T12:40:28.327Z	e7fcc6696c1d190a4fbe5c91f294bbfc6b9b302fff5cd30bb94d302baa83292a	8c4b45559d84089bdbba37a1613eef87875df2f67f3a66acad835f697a9fec0c	0	完整阅读标题、提问、中英正文及不同字幕；重复字段经一致性检查。补充解释插入语边界，保留 long-lost 复合词。
public/nce/lessons/nce3/037.json	nce	nce3-037	The Westhaven Express	1.2.0	0	10	applied	edited	json_valid	Codex	2026-10-01T12:40:51.687Z	29aca34a5ee1b01655e1f3e87389908194956593ce38edf77fe704da26f2d415	47dc106799b0770506e2689aaaffe5d6c8ce1982019267ed5eaa41842001b213	0	完整阅读标题、提问、中英正文及不同字幕；重复字段经一致性检查。特快列车经历的数字、中英边界和引语间距正常。
public/nce/lessons/nce3/038.json	nce	nce3-038	The First Calendar	1.2.0	0	20	applied	needs_source_check	json_valid	Codex	2026-10-01T12:40:51.804Z	11fb639606be78d99466b0e4910962253752955e00fdca48090140ee034c2e74	56e2fd4c0053c3a79441a517cb0d0406e173841f26542e683ac9f9f5adc84f3d	3	完整阅读标题、提问、中英正文及不同字幕；重复字段经一致性检查。补充 CD 与汉字边界，保护 CD-ROM 内部连字符。
public/nce/lessons/nce3/039.json	nce	nce3-039	Nothing to Worry About	1.2.0	0	14	applied	needs_source_check	json_valid	Codex	2026-10-01T12:40:51.843Z	84386b543cc01a11f28de6e7f77c07e8bea558b23ebffcd5be9ed1563e99eaea	15de802e895db910876c1df9fc20d5fa49f6ca78c2d568f0be1e4043efbcb9c6	2	完整阅读标题、提问、中英正文及不同字幕；重复字段经一致性检查。长度小数间距正常；漏字与漏介词保留核对。
public/nce/lessons/nce3/040.json	nce	nce3-040	Who's Who	1.2.0	0	6	applied	edited	json_valid	Codex	2026-10-01T12:40:51.883Z	eb00b65774a133f2f4b54e3d05d4213cf7fb3b4f3eec9922678d25542c284233	71d9aa11c020ce03b3ae753310e02b1e8f2d2386ac89d3a89561499dd201afe0	0	完整阅读标题、提问、中英正文及不同字幕；重复字段经一致性检查。恶作剧故事数字、复合词与引语间距正常。
public/nce/lessons/nce3/041.json	nce	nce3-041	Illusions of Pastoral Peace	1.2.0	0	8	applied	needs_source_check	json_valid	Codex	2026-10-01T12:40:51.979Z	6f1660ee60cf2b2412de749cc39fc34ceeb3d13947eadfc632ebd0ff018ceb19	0a0cac487ed23061c472fae23353cbd7c45d85cb6e40d7700ed35a5ab8b0d7dc	1	完整阅读标题、提问、中英正文及不同字幕；重复字段经一致性检查。补充 TV 后插入语间距；中文末句重复留痕。
public/nce/lessons/nce3/042.json	nce	nce3-042	Modern Cavemen	1.2.0	0	18	applied	needs_source_check	json_valid	Codex	2026-10-01T12:40:52.070Z	53ae4469a2da447dc3a882a70a5dbec7de0a6c6e6b77f47214372bf95ce3a682	2169600dbeb686e8a9a00c40f4a6a3df5e671f63111b297ec85efe6a477f57cb	1	完整阅读标题、提问、中英正文及不同字幕；重复字段经一致性检查。补充石笋高度插入语间距，保留 pot-holer、tree-trunks。
public/nce/lessons/nce3/043.json	nce	nce3-043	Fully Insured	1.2.0	0	10	applied	needs_source_check	json_valid	Codex	2026-10-01T12:41:33.883Z	f62e283e9e2d582a23682fe1a4e1d9ffa073eec253b37e0a229505a514102d15	2079e9c3b07941654f60c0cd696d7c70ae73a4f4e8385da9680731036616670b	1	完整阅读标题、提问、中英正文及不同字幕；重复字段经一致性检查。派盘打捞的尺寸与正文间距正常；译文错配留痕。
public/nce/lessons/nce3/044.json	nce	nce3-044	Speed and Comfort	1.2.0	0	16	applied	needs_source_check	json_valid	Codex	2026-10-01T12:41:34.003Z	cb8c96b3a823a4a3681675d20544e88d3e52dcd785c1eb7d14ca7dc0525d2dc7	c65c8eda589f08332fc41e9f8bf8ed6da68124c452842446b7840fe643bfe156	3	完整阅读标题、提问、中英正文及不同字幕；重复字段经一致性检查。补充解释性破折号间距，完整复读被输出截断的部分。
public/nce/lessons/nce3/045.json	nce	nce3-045	The Power of the Press	1.2.0	0	10	applied	needs_source_check	json_valid	Codex	2026-10-01T12:41:34.044Z	d3a12acbfc05a2983006acf8d46fed3fe4effbc6fb5da15b0b3dda65ac5cf9a8	cd1681b1339882c706a929ce187c6f444654f0552dd51c1497b1f0951148f1ee	2	完整阅读标题、提问、中英正文及不同字幕；重复字段经一致性检查。全文复读以补足输出截断；原有数值断空保留待核。
public/nce/lessons/nce3/046.json	nce	nce3-046	Do It Yourself	1.2.0	0	2	applied	edited	json_valid	Codex	2026-10-01T12:41:34.085Z	3d4134a216fed6a4cf7dc9de04071649c2fb640fa24f9dcd54ab8896aa46a3d9	c4e738909057c80730e9507a45c5cfd9cb224f4c3ee4c87226113bf419a54347	0	完整阅读标题、提问、中英正文及不同字幕；重复字段经一致性检查。DIY、do-it-yourself 与正文中英间距正常，保留复合词。
public/nce/lessons/nce3/047.json	nce	nce3-047	Too High a Price	1.2.0	0	18	applied	needs_source_check	json_valid	Codex	2026-10-01T12:41:34.124Z	758b79b23801305a05fc379720efe19c3c63562cc774a2a550a25d7747e4bb29	15013eda30dc75d2aaa4fcbf80caaa673cb171fa2eb7d09eb6a46a9ad222138f	1	完整阅读标题、提问、中英正文及不同字幕；重复字段经一致性检查。BSE、百分数及年龄复合词保持完整；两处拼写异常留痕。
public/nce/lessons/nce3/048.json	nce	nce3-048	The Silent Village	1.2.0	0	8	applied	needs_source_check	json_valid	Codex	2026-10-01T12:41:34.222Z	abf38f2307321c6af71df883584f48c1d7874235b31d552f583918b3118fc60e	95b4bfc99d2d8f119b3984385d5310e1eda8952ca55b6aaec28111fce81f8665	1	完整阅读标题、提问、中英正文及不同字幕；重复字段经一致性检查。补充解释性破折号间距；中文动作误译留痕。
public/nce/lessons/nce3/049.json	nce	nce3-049	The Ideal Servant	1.2.0	0	14	applied	needs_source_check	json_valid	Codex	2026-10-01T12:41:54.485Z	9256ab22f3dcc0e91a878fb435cf5bca684103815a97d7f80ec1c295745d9151	f7941b563e3e2cb28c06b24782f99b1cd9e2519785c9ffb8e50cbb5706e9403e	2	完整阅读标题、提问、中英正文及不同字幕；重复字段经一致性检查。补充布丁插入语两侧空格；译文语境错误留痕。
public/nce/lessons/nce3/050.json	nce	nce3-050	New Year Resolutions	1.2.0	0	14	applied	needs_source_check	json_valid	Codex	2026-10-01T12:41:54.533Z	1c85382fdd7810aff86247a1aaa5637e2bad85c8dd7c1d27ce6e432354f245e5	5df0a594c7d9dbd672f3b6ae9be0baeb2f28ccef7d21181b4e0ccf7b0700fdc6	1	完整阅读标题、提问、中英正文及不同字幕；重复字段经一致性检查。新年日期与分钟数间距正常，复合词拼写缺字保留核对。
public/nce/lessons/nce3/051.json	nce	nce3-051	Predicting the Future	1.2.0	0	56	applied	needs_source_check	json_valid	Codex	2026-10-01T12:41:54.573Z	c4023ac861f883e57582f9693cd915a02481afc95a3a20d2e6f16519495f8fce	4a53528f04e2b49430d73a86e8f257d03b3c694193df1097269ba0d91adc84df	1	完整阅读标题、提问、中英正文及不同字幕；重复字段经一致性检查。PC、DOS、IBM、年代等混排间距正常，保留品牌和缩写。
public/nce/lessons/nce3/052.json	nce	nce3-052	Mud is Mud	1.2.0	0	2	applied	needs_source_check	json_valid	Codex	2026-10-01T12:41:54.614Z	2611b39f2c06eabeeee8357e63fbc9e0dd7ab23432c1b1d4f63c3abf792f44c7	92da320c2f3d526a6dd94d1d187c197284147324f8241fa06704b668a84deacb	4	完整阅读标题、提问、中英正文及不同字幕；重复字段经一致性检查。商品名和引语间距正常；人称与译文误释保留核对。
public/nce/lessons/nce3/053.json	nce	nce3-053	In the Public Interest	1.2.0	0	6	applied	needs_source_check	json_valid	Codex	2026-10-01T12:42:13.722Z	e088de45e15c250973457b1c38874c362a2af192c1e92153d5fc47b64c836b14	34fb3b5f458eb2de800e3a9da0c941aac9ee21280107a6cc299fc8b0afc52163	2	完整阅读标题、提问、中英正文及不同字幕；重复字段经一致性检查。J.O. 与年份外部间距正常；原数字断空和译文缺标点保留。
public/nce/lessons/nce3/054.json	nce	nce3-054	Instinct or Cleverness	1.2.0	0	6	applied	edited	json_valid	Codex	2026-10-01T12:42:13.766Z	1514b85dae08096c57f54b5896c103ce3c7365dcd8b0495a2805fb3f5a062d92	9d642af9b158fb0f013142bb3d3c589190894b5668ba392738a4e930eda43865	0	完整阅读标题、提问、中英正文及不同字幕；重复字段经一致性检查。昆虫观察和桃树实验正文、数字及复合词间距正常。
public/nce/lessons/nce3/055.json	nce	nce3-055	From the Earth Greetings	1.2.0	0	10	applied	needs_source_check	json_valid	Codex	2026-10-01T12:42:13.809Z	25db7be6ff7ab382279291ed8b7234bddfc64344917ee1b1d3709b731f434d96	b5dc92091ab660a8cc301163592064968d944cc26fa1a796b25a3d2b12417bd5	1	完整阅读标题、提问、中英正文及不同字幕；重复字段经一致性检查。NASA、21 世纪及复合词间距正常；拼写疑点保留。
public/nce/lessons/nce3/056.json	nce	nce3-056	Our Neighbour, the River	1.2.0	0	2	applied	needs_source_check	json_valid	Codex	2026-10-01T12:42:13.851Z	10a4adf11c36b335ff14df6e8d74449c82a4da5b0b708ddee8c4811b90ef025e	69cd81e81b3df2f9fdcc112c070e250f8800106d40a2fb50aba339757572ccda	2	完整阅读标题、提问、中英正文及不同字幕；重复字段经一致性检查。河流与洪水叙述间距正常，中文前几句对应关系有缺失和重复。
public/nce/lessons/nce3/057.json	nce	nce3-057	Back in the Old Country	1.2.0	0	8	applied	edited	json_valid	Codex	2026-10-01T12:42:30.394Z	9f7db4d03ed4007b78dc02d2fd5810fa55abd23bc3827c14da9e763885d4e823	f56ec27901f483c92c1720741ccba6bca50293714717a8f7dbfa16a840b892df	0	完整阅读标题、提问、中英正文及不同字幕；重复字段经一致性检查。spire-only 引出转折而非复合词，补两侧空格，保留 man-made。
public/nce/lessons/nce3/058.json	nce	nce3-058	A Spot of Bother	1.2.0	0	2	applied	edited	json_valid	Codex	2026-10-01T12:42:30.444Z	84fceb695f8f63ef926e002008d8331e68f807008fc169c62e35e7332b8b3734	880bad89b8ac1ba3828213cbd065b7f23403d8a0c19c5bb890dcf0fc7f55868a	0	完整阅读标题、提问、中英正文及不同字幕；重复字段经一致性检查。公寓失窃叙事与引语边界正常，未发现明确缺空格。
public/nce/lessons/nce3/059.json	nce	nce3-059	Collecting	1.2.0	0	2	applied	edited	json_valid	Codex	2026-10-01T12:42:30.490Z	1b4434b4cba5e087cfd6d4c6145594bfaf5317c42a513b77d647cbd2c67f69fc	be6198d0246c2a3411983d6d1c42b5e5d96821c5524e02277458675eb21473e2	0	完整阅读标题、提问、中英正文及不同字幕；重复字段经一致性检查。收藏主题长文完整，保留 strongminded、like-minded 和 self-confidence，不机械拆词。
public/nce/lessons/nce3/060.json	nce	nce3-060	Too Early and Too Late	1.2.0	0	4	applied	needs_source_check	json_valid	Codex	2026-10-01T12:42:30.597Z	3b00506e5fed15d4db10a292654b1d04cecb290568e7f5e9c47dbf62a8592b05	97f7426b1563598e61008c5a55d712767cf8b50cc2cbb6f53f8d7b80bc2e369e	1	完整阅读标题、提问、中英正文及不同字幕；重复字段经一致性检查。补充汉字与半角引号包裹的字母 o 之间空格；提问及全文分行保留。
public/nce/lessons/nce4/001.json	nce	nce4-001	Finding Fossil Man	1.2.0	0	13	applied	needs_source_check	json_valid	Codex	2026-10-01T12:42:49.706Z	e1949d1f7d0d15d9cc37776ffa7970814d1e9cf20da3ef56ac697aa82e15edc1	5fb459e69be5c474fca876977f8fbbe99070e2c3f8adea142477d61b15ca2263	3	完整阅读标题、提问、中英正文及不同字幕；重复字段经一致性检查。语境确认 Islands 与 came 为名词主语尾和动词，补分词空格。
public/nce/lessons/nce4/002.json	nce	nce4-002	Spare That Spider	1.2.0	0	10	applied	needs_source_check	json_valid	Codex	2026-10-01T12:42:49.755Z	9b4e3b18671941a67078d7af3e27eed023d190f292bc91768799a53523e855c2	b30eeb18dd3323f2ce1d0615be88cbdcd4570b6424e42670ef3a0a9b1cea036c	2	完整阅读标题、提问、中英正文及不同字幕；重复字段经一致性检查。蜘蛛数量和中英对应完整，数值内部原空格留痕。
public/nce/lessons/nce4/003.json	nce	nce4-003	Matterhorn Man	1.2.0	0	5	applied	edited	json_valid	Codex	2026-10-01T12:42:49.854Z	a9e1fbc922bc1e4fa2b24fd2ac3d92c22fda48ecc1e448f271c5e867bc64af41	f8a0d3304961c35e75b66e6f03186f11904940f94ff7387a37c0f8646dd3806e	0	完整阅读标题、提问、中英正文及不同字幕；重复字段经一致性检查。补充冒号后空格，保留复合词。
public/nce/lessons/nce4/004.json	nce	nce4-004	Seeing Hands	1.2.0	0	6	applied	needs_source_check	json_valid	Codex	2026-10-01T12:42:49.896Z	c83905bff3c9cb2856dbf2a8dff2e2f87620954ad789f8e6286e2acc2a4432f5	47450b8a395ff5c4e8c05dcc0c324cc858f1e69adc437c40e43c3fbee161498a	1	完整阅读标题、提问、中英正文及不同字幕；重复字段经一致性检查。年龄与引语间距正常；提问译文错配留痕。
public/nce/lessons/nce4/005.json	nce	nce4-005	Youth	1.2.0	0	2	applied	needs_source_check	json_valid	Codex	2026-10-01T12:42:49.933Z	1caf7c752ea4a40cff47294cd19608543400d33cdcd862f014fda4d37b6a72dc	84e2c88ace0fd58c428f6c7d8ccbb3ed627bde1639cbcf44eb69049cd3163f68	1	完整阅读标题、提问、中英正文及不同字幕；重复字段经一致性检查。保留已正确分隔的破折号和换行；提问译文错配留痕。
public/nce/lessons/nce4/006.json	nce	nce4-006	The Sporting Spirit	1.2.0	0	6	applied	needs_source_check	json_valid	Codex	2026-10-01T12:42:49.970Z	228db1c66315441303ac4a64d050e6426c1a71b61fc6e9311a85ad859fdcd278	265d6b62ae9bb0a8b012d13afab3f2f9588607f8badb9e64589a7f1605e53192	1	完整阅读标题、提问、中英正文及不同字幕；重复字段经一致性检查。年份和破折号边界正常；重复冠词保留核对。
public/nce/lessons/nce4/007.json	nce	nce4-007	Bats	1.2.0	0	2	applied	needs_source_check	json_valid	Codex	2026-10-01T12:43:09.567Z	1a12d2214b784617c4fc3ee1384855d79eb6137be00aaca13cba71cb7e72eb2f	50697ad79df73808e350cfa3502744c37c2740a094cc55417a08bbfd1ad81260	2	完整阅读标题、提问、中英正文及不同字幕；重复字段经一致性检查。回声定位复合词及破折号间距正常；提问错配保留。
public/nce/lessons/nce4/008.json	nce	nce4-008	Trading Standards	1.2.0	0	10	applied	edited	json_valid	Codex	2026-10-01T12:43:09.613Z	2ab7bdde9266595ce373de41515dd9e915fd320c29710b0f97ec156fa1a86a25	61ea39bd809794684a5646f80e65f095ff19e18634abea1c2c60a94987e1d870	0	完整阅读标题、提问、中英正文及不同字幕；重复字段经一致性检查。EU、日期和插入语边界正常，保护 double-test 等复合词。
public/nce/lessons/nce4/009.json	nce	nce4-009	Royal Espionage	1.2.0	0	2	applied	needs_source_check	json_valid	Codex	2026-10-01T12:43:09.661Z	246c627a1efcbaf6a2f6a593c9c02571a4d9baa397773d5e0b28621b88b0122b	113771668c2f116457ec804e763b45d894bea4077ddb8f4c24a2a88e659cac51	1	完整阅读标题、提问、中英正文及不同字幕；重复字段经一致性检查。历史叙述姓名与破折号间距正常。
public/nce/lessons/nce4/010.json	nce	nce4-010	Silicon Valley	1.2.0	0	14	applied	needs_source_check	json_valid	Codex	2026-10-01T12:43:09.702Z	ccd170aba177751481b00fdee668d720c0b3a6a9a9a89c14900c8f59fa215ba3	741256f63d86d370065dc5073f6c78c30e082eb73a794ce5ca8150e1f0baf787	3	完整阅读标题、提问、中英正文及不同字幕；重复字段经一致性检查。品牌 Macintosh、AT&T 和缩写原样保留；提问及拼写疑点留痕。
public/nce/lessons/nce4/011.json	nce	nce4-011	How to Grow Old	1.2.0	0	14	applied	edited	json_valid	Codex	2026-10-01T12:43:09.805Z	b8a72f7c14a094e2fdadc2f9bd4c0073624e33a1cb120049326b29cc1dce42ba	6e3447064140520023ba483547f6ede5ef235e5bbae189e1fb85d9c8c97207b0	0	完整阅读标题、提问、中英正文及不同字幕；重复字段经一致性检查。补充破折号缺失侧空格，已有空格保持不重复。
public/nce/lessons/nce4/012.json	nce	nce4-012	Banks and Their Customers	1.2.0	0	5	applied	edited	json_valid	Codex	2026-10-01T12:43:09.903Z	8b0db955242568c4594b8b3160f609d9e6a0bc0320e873f3f63839406967f922	13293a79ef28f2a5e2eb5604fb5b57c364d4dc609e2f17a7fd6c30949e5b712c	0	完整阅读标题、提问、中英正文及不同字幕；重复字段经一致性检查。补充解释性破折号前空格，保留 banker-customer。
public/nce/lessons/nce4/013.json	nce	nce4-013	The Search for Oil	1.2.0	0	6	applied	needs_source_check	json_valid	Codex	2026-10-01T12:43:30.915Z	d99fa47155562bb4f9d844105e1a4724b9ff53206814b32fb19cd8cb552630d4	687fcdac53b48cef0bf35b83bb95533600a6325021d08a57fe9f3ed2d9f6cdc3	1	完整阅读标题、提问、中英正文及不同字幕；重复字段经一致性检查。钻井正文及尺寸外部间距正常。
public/nce/lessons/nce4/014.json	nce	nce4-014	The Butterfly Effect	1.2.0	0	56	applied	needs_source_check	json_valid	Codex	2026-10-01T12:43:31.031Z	47ee6c1afa3f72e074f1a7fbebbf0d8edaa12dbcf4ca44636fa4cf14436d7598	8cc1e56ef0897d94f637351716bc1902615b43c6c864c942a5f00e095dd41b10	1	完整阅读标题、提问、中英正文及不同字幕；重复字段经一致性检查。补充插入语前空格，时间 12.01 等内部保持完整。
public/nce/lessons/nce4/015.json	nce	nce4-015	Secrecy in Industry	1.2.0	0	2	applied	needs_source_check	json_valid	Codex	2026-10-01T12:43:31.069Z	8415be8d5a9d11a3fc2a39f90511ee95aedc909354538386b3f661934be8ea1d	9bbcde58b082d5a3f7ff38b2740d4e59a73dfb188d400f321f21804197938e0e	3	完整阅读标题、提问、中英正文及不同字幕；重复字段经一致性检查。正文无明确缺空格；中文多个分句缺标点留痕。
public/nce/lessons/nce4/016.json	nce	nce4-016	The Modern City	1.2.0	0	2	applied	edited	json_valid	Codex	2026-10-01T12:43:31.108Z	fd69046b201398d683bb5d9e0a758e3ea26e4276c5829b73baf8a0f4a9d57c8c	08fd97833aeff78ec9a65d8265812e5db3317a30b32523aff50b8c48943f5325	0	完整阅读标题、提问、中英正文及不同字幕；重复字段经一致性检查。城市与工业生活文章全文间距正常。
public/nce/lessons/nce4/017.json	nce	nce4-017	A Man-made Disease	1.2.0	0	2	applied	edited	json_valid	Codex	2026-10-01T12:43:31.145Z	2875b590cd139eb10790840656d04dc474853edfb358963bd7339faa983385b1	96df219388962128d1bbd94312c85c50ab71d7a1371287fad503c1f364c97691	0	完整阅读标题、提问、中英正文及不同字幕；重复字段经一致性检查。man-made 及科学词汇保持完整；未发现新增空格需求。
public/nce/lessons/nce4/018.json	nce	nce4-018	Porpoises	1.2.0	0	8	applied	needs_source_check	json_valid	Codex	2026-10-01T12:43:31.184Z	ae42e622edf6ae4bab82b62fbf673f7694fb6af54597fd26c86f54320dec4f4c	38d374b845447dc4b55c7a65e46648eff1502945f6968a6fafed195e2d05191b	2	完整阅读标题、提问、中英正文及不同字幕；重复字段经一致性检查。300-pound 和年份边界正常；英文单复数疑点保留。
public/nce/lessons/nce4/019.json	nce	nce4-019	The Stuff of Dreams	1.2.0	0	2	applied	edited	json_valid	Codex	2026-10-01T12:43:48.808Z	f9cc7e3ae7967b9b086f479936567686f59a6603e2c5664196fca82bf9fc4c5a	7817208092343189b1e8b0d1484f19c5935deae587c5b914445e42d0ee8c0176	0	完整阅读标题、提问、中英正文及不同字幕；重复字段经一致性检查。REM 和 eye-movement 等术语及中英文边界正常。
public/nce/lessons/nce4/020.json	nce	nce4-020	Snake Poison	1.2.0	0	8	applied	needs_source_check	json_valid	Codex	2026-10-01T12:43:48.930Z	38537271b4c93d744ea14a8634e4779d41133e35ae5dc01602429dab752506ee	e2b78f749900993d49633a7eade3160a371b966c0eb493977348ccc2a7f4a16b	1	完整阅读标题、提问、中英正文及不同字幕；重复字段经一致性检查。补充解释性破折号间距，保护毒理术语和复合词。
public/nce/lessons/nce4/021.json	nce	nce4-021	William S. Hart and the Early Western Film	1.2.0	0	6	applied	needs_source_check	json_valid	Codex	2026-10-01T12:43:49.026Z	6e68103c4df23979070da4a690be05374b710e3f56337f3df33e1fd68e8e9966	bffac61b440e593b9943200c0db8366f24b71b28b6a88292d7c8266d7fdc6b59	1	完整阅读标题、提问、中英正文及不同字幕；重复字段经一致性检查。补充中间名缩写与姓氏边界，字幕标题同步。
public/nce/lessons/nce4/022.json	nce	nce4-022	Knowledge and Progress	1.2.0	0	2	applied	needs_source_check	json_valid	Codex	2026-10-01T12:43:49.062Z	dc8aaaaf23c4c6f0f5ff28fcb9e26cdb7b835254fefa8444ce556a84973033f2	1766870d8d53b58b938f3e6ce226f659723ad88cd8f530ebe023349a16249e31	1	完整阅读标题、提问、中英正文及不同字幕；重复字段经一致性检查。知识进步主题正文及引语间距正常；译文重复保留。
public/nce/lessons/nce4/023.json	nce	nce4-023	Bird Flight	1.2.0	0	2	applied	edited	json_valid	Codex	2026-10-01T12:43:49.099Z	6a98991099fe7302fced177d5decff0fa64936cad38db7d9afcbd67c78b37637	641899b090adcd0859b22c63371d72e8458845656082a3a9a7cc521336009912	0	完整阅读标题、提问、中英正文及不同字幕；重复字段经一致性检查。鸟类飞行正文、复合词和引语边界正常。
public/nce/lessons/nce4/024.json	nce	nce4-024	Beauty	1.2.0	0	2	applied	needs_source_check	json_valid	Codex	2026-10-01T12:43:49.135Z	a7d9a89ff46d21670020c51adc26459e9a7255a353c8c957c125914ce22db7fa	036582a0e75061df6680b7567b64f136ff4636890edba5d297c8973fe7392f73	2	完整阅读标题、提问、中英正文及不同字幕；重复字段经一致性检查。审美文章全文无明确缺空格；缺标点与译文错配留痕。
public/nce/lessons/nce4/025.json	nce	nce4-025	Non-Auditory Effects of Noise	1.2.0	0	5	applied	needs_source_check	json_valid	Codex	2026-10-01T12:44:14.065Z	06e6869a41a9c3416665dec080278dee93ca851d3fc31dad07efb0f334fd9cb2	1f8c84c9f1855b6b6d3a1c10cd9c5c97e372c479870566588ad5609c2821664f	1	完整阅读标题、提问、中英正文及不同字幕；重复字段经一致性检查。补充行首破折号后空格，保留换行。
public/nce/lessons/nce4/026.json	nce	nce4-026	The Past Life of the Earth	1.2.0	0	11	applied	edited	json_valid	Codex	2026-10-01T12:44:14.169Z	5b7f362a150d01ea0d9315e3320f9b74d4fbcf0779dbb93a24998b2c82eb3517	25ce5c1403bf263b3a0e16878b45b4a46c108a4f3c7d90597451e1d6c700db1c	0	完整阅读标题、提问、中英正文及不同字幕；重复字段经一致性检查。补充解释破折号及 St. 与地名的边界。
public/nce/lessons/nce4/027.json	nce	nce4-027	The vasa	1.2.0	0	30	applied	needs_source_check	json_valid	Codex	2026-10-01T12:44:14.265Z	3d91d534456580ad7f8d2fa34148bc28210922af7247aba43c3885866256ebb4	f19f9648283859b778de9d608689668094138e9959b02fb5dd087142505a8542	1	完整阅读标题、提问、中英正文及不同字幕；重复字段经一致性检查。补充结尾破折号间距；介词拼写疑点留痕。
public/nce/lessons/nce4/028.json	nce	nce4-028	Patients and Doctors	1.2.0	0	8	applied	needs_source_check	json_valid	Codex	2026-10-01T12:44:14.356Z	afd62a88c04f446cc7ada22216234bc58f8aa1b1058525aa37b2bb3f12a11974	a00f45824f2917ce5cdd37568ebe8da8cb8dcf60eb95bee6f7906d8de66031a3	3	完整阅读标题、提问、中英正文及不同字幕；重复字段经一致性检查。补充解释性破折号间距；缺词和重复译文保留。
public/nce/lessons/nce4/029.json	nce	nce4-029	The Hovercraft	1.2.0	0	28	applied	needs_source_check	json_valid	Codex	2026-10-01T12:44:14.448Z	1850566175b30947e7ecf213494338ae887ef8d4391ba585d324da74cac69d49	c50716c2cef02bc7bf37f61fe0f4decb2f0fe79dc14114ee349bf72434c9e979	1	完整阅读标题、提问、中英正文及不同字幕；重复字段经一致性检查。补充三处破折号边界，保护 m.p.h. 和复合词。
public/nce/lessons/nce4/030.json	nce	nce4-030	Exploring the Sea-Floor	1.2.0	0	56	applied	needs_source_check	json_valid	Codex	2026-10-01T12:44:14.486Z	c2f44a4f16623c74744f6177a99ee9c6b2e373277da97a8d13b79b3ec03e7d3b	e5bad92dd1cbe7469e49b98d038696ac0102188abd30b2fe7a41ca856a052e85	2	完整阅读标题、提问、中英正文及不同字幕；重复字段经一致性检查。保护 H.M.S.、1:30、数字范围与复合词；原千位数断空保留。
public/nce/lessons/nce4/031.json	nce	nce4-031	The Sculptor Speaks	1.2.0	0	8	applied	needs_source_check	json_valid	Codex	2026-10-01T12:44:30.784Z	2ffc76e28aa8280b34e909142f347011846d00ea75d4c0304f9f2c43319c2f74	db7882d4471c9e0fcdbcf7b14959ae875582324a0699c7a8f2c1446e627edbf0	4	完整阅读标题、提问、中英正文及不同字幕；重复字段经一致性检查。补充解释性破折号间距，保护 3-dimensional。
public/nce/lessons/nce4/032.json	nce	nce4-032	Galileo Reborn	1.2.0	0	10	applied	needs_source_check	json_valid	Codex	2026-10-01T12:44:30.833Z	a77c58a457de6fc20e4bc1e9716e6b662cc6f28fe6181a4b4628da0a492c2972	73afbe7dc545b49a22e164520d6c907890dae7a6e464bbf59ed101b2bac83136	1	完整阅读标题、提问、中英正文及不同字幕；重复字段经一致性检查。人物姓名、年代及正文间距正常，译文重复留痕。
public/nce/lessons/nce4/033.json	nce	nce4-033	Education	1.2.0	0	44	applied	needs_source_check	json_valid	Codex	2026-10-01T12:44:30.938Z	dc16c8f4d828864af82f8d133652ea5b33bc37822c549abd4356f52689b66d35	2a899ecf14cec7f3af034a062fe758462c77291d38fe424f40e63edf03bd1a07	1	完整阅读标题、提问、中英正文及不同字幕；重复字段经一致性检查。补充引号前以及插入语破折号外空格，保护复合词。
public/nce/lessons/nce4/034.json	nce	nce4-034	Adolescence	1.2.0	0	2	applied	needs_source_check	json_valid	Codex	2026-10-01T12:44:30.976Z	5d4c406837aefdcffda1b32435efc86892a4da5358accc0f86e44d8cd34f71e6	82a2ba54f817d3eafa707a416433354ee765db52dbc5cc3154b70fe4519c5a11	2	完整阅读标题、提问、中英正文及不同字幕；重复字段经一致性检查。青春期文章全文间距正常；疑缺主语和标点保留。
public/nce/lessons/nce4/035.json	nce	nce4-035	Space Odyssey	1.2.0	0	54	applied	needs_source_check	json_valid	Codex	2026-10-01T12:44:52.766Z	e08e5ea76c938d51a5897b7e22901b2c635159c2efe490ff650ce7dadb0191b9	4680535e1a29ecba459d5886c8acac88bdf9a4dfe8f1537e781c9e307fc52038	1	完整阅读标题、提问、中英正文及不同字幕；重复字段经一致性检查。补充姓名缩写、速度单位及破折号边界，保护小数、百分数和 Earth-orbit。
public/nce/lessons/nce4/036.json	nce	nce4-036	The Cost of Government	1.2.0	0	8	applied	edited	json_valid	Codex	2026-10-01T12:44:52.876Z	1e1dcf47c2789b21ac09e80540ae2dcd3fb889b5d312976c0e195a1c3cfb8f13	3b5247c66215cf6247192d3b72f8737334a3d4f7f969cb624ca14af47753e5e4	0	完整阅读标题、提问、中英正文及不同字幕；重复字段经一致性检查。补充 cost 后解释性破折号间距。
public/nce/lessons/nce4/037.json	nce	nce4-037	The Process of Ageing	1.2.0	0	30	applied	needs_source_check	json_valid	Codex	2026-10-01T12:44:52.973Z	1bb60172cda45c2a7ba35538fe24d8d55c9c373455e753ad01575468fe8935b2	9b8b422a62a67687196f06c0c2d68a2cc46d331491450658b545df95550d65ce	3	完整阅读标题、提问、中英正文及不同字幕；重复字段经一致性检查。补充解释性破折号边界，年龄与年数间距保持正确。
public/nce/lessons/nce4/038.json	nce	nce4-038	Water and the Traveller	1.2.0	0	28	applied	needs_source_check	json_valid	Codex	2026-10-01T12:44:53.065Z	c355a808596d846dd3abeb4a1bd5347e7cd523a0c523c940150cd223055fbce1	15d5cd04cdfe61e4ae28c5634aa1d08b00448a98a2fe16e88ae1d51905e6835e	1	完整阅读标题、提问、中英正文及不同字幕；重复字段经一致性检查。names-international 引出解释句，补两侧空格；保护 50-70 数字范围。
public/nce/lessons/nce4/039.json	nce	nce4-039	What Every Writer Wants	1.2.0	0	2	applied	needs_source_check	json_valid	Codex	2026-10-01T12:45:09.256Z	dd350cdd20c06235951750a0308e5a7747bf84c633dde64d98298a74f3a65261	bd65bcdd55d699fc8a5a92278f01b1511f3930796a19eae799e5f343ea6c037b	2	完整阅读标题、提问、中英正文及不同字幕；重复字段经一致性检查。写作主题长文间距正常；漏标点和重复译文保留。
public/nce/lessons/nce4/040.json	nce	nce4-040	Waves	1.2.0	0	23	applied	needs_source_check	json_valid	Codex	2026-10-01T12:45:09.374Z	dbb01f5b9199a6a6867fe74bea4a560bf0673a0f570db615eed2168e22bff9af	f2cb9f101182171aa5025674770fae5022f1e5d360ca3e526dd4626ec4d72595	1	完整阅读标题、提问、中英正文及不同字幕；重复字段经一致性检查。语境确认 a wave 名词短语粘连，补空格；插入语同步分隔。
public/nce/lessons/nce4/041.json	nce	nce4-041	Training Elephants	1.2.0	0	10	applied	needs_source_check	json_valid	Codex	2026-10-01T12:45:09.414Z	45a159a3b49f8b48bc0b9995e59201e3bf5523e393b652474ae1b5948b4634ef	a974caf1bd2acb9339898ad2700b65c44cad20844c4ef00da2a450c815c85934	1	完整阅读标题、提问、中英正文及不同字幕；重复字段经一致性检查。驯象文章年龄和复合词边界正常。
public/nce/lessons/nce4/042.json	nce	nce4-042	Recording an Earthquake	1.2.0	0	6	applied	edited	json_valid	Codex	2026-10-01T12:45:09.455Z	e98974369b512ed8a2e736e9ac9cf16ef29c41f3703285cee17b21631c1046d8	9027ac8cfc7d3dd86f2175453af7cd5c83e39128c76183a1c94e6db13d906044	0	完整阅读标题、提问、中英正文及不同字幕；重复字段经一致性检查。地震仪长文的实验步骤、数字及句子对应完整，未发现新增空格需求。
public/nce/lessons/nce4/043.json	nce	nce4-043	Are There Strangers in Space	1.2.0	0	46	applied	needs_source_check	json_valid	Codex	2026-10-01T12:45:26.867Z	d4c00bc819de89dbcef51af2c20620bb9b99d8c1263fb59bfa624cc36b1517aa	0d4b8b9a7431b976b86e567afacb9c7d65120eb9817e841a5e9b3ac96909b255	5	完整阅读标题、提问、中英正文及不同字幕；重复字段经一致性检查。补充科学记数法数值与中文单位边界，保持指数内部完整。
public/nce/lessons/nce4/044.json	nce	nce4-044	Patterns of Culture	1.2.0	0	2	applied	needs_source_check	json_valid	Codex	2026-10-01T12:45:26.923Z	2ec4d4fe7391fe459704f166f26acabd5173582d05e897c3189265835a9680a8	2aaa6db59c36bb37050694ee4a107c85c025f70e7419a3b46a2aeffba3c439b2	6	完整阅读标题、提问、中英正文及不同字幕；重复字段经一致性检查。习俗主题正文未发现新增空格需求，译文多处词义和句法错误待核。
public/nce/lessons/nce4/045.json	nce	nce4-045	Of Men and Galaxies	1.2.0	0	14	applied	needs_source_check	json_valid	Codex	2026-10-01T12:45:26.964Z	d5d90403f8a34f99a3d5c31d9412b4989f114467f2885c647bb01514799d0052	43950e3cc748f82f934083cd309ef6e6f8877a904e988f0394632aee457d4af3	1	完整阅读标题、提问、中英正文及不同字幕；重复字段经一致性检查。年份与页数边界正确，长文与字幕完整；个别译文语义反转保留。
public/nce/lessons/nce4/046.json	nce	nce4-046	Hobbies	1.2.0	0	8	applied	needs_source_check	json_valid	Codex	2026-10-01T12:45:45.841Z	9f1a9098d507b75ecffd81944b4df022532021f865f06b1a5973eb06e6609837	6d280662556cb8ba550962cb10801eb2f351507be51ac0bcc3b4353145e60f17	4	完整阅读标题、提问、中英正文及不同字幕；重复字段经一致性检查。补充破折号间距；译文含错误媒体名和生成说明，保留来源问题。
public/nce/lessons/nce4/047.json	nce	nce4-047	The Great Escape	1.2.0	0	34	applied	needs_source_check	json_valid	Codex	2026-10-01T12:45:45.958Z	6c8041e57e279127632c4da380f49c766cbffad8034864d1be8a2ed1160c4c14	66776278c3211c875d1a36ff90921589949222ef1b72b92097bf782b3b3c8246	2	完整阅读标题、提问、中英正文及不同字幕；重复字段经一致性检查。补充插入语破折号间距，车型和复合词保持完整。
public/nce/lessons/nce4/048.json	nce	nce4-048	Planning a Share Portfolio	1.2.0	0	23	applied	needs_source_check	json_valid	Codex	2026-10-01T12:45:46.047Z	6b140a912423b9e8a3bd2fe722265de4a8cdaf415724e72ebb5d43a5180c5e48	1903f9d541f6beeeabb9b2c99dc3a2b0b20ac1a527d1be461701eb9dece58c0f	1	完整阅读标题、提问、中英正文及不同字幕；重复字段经一致性检查。补充四处破折号边界，保留原行首双空格及 get-rich-quick。
public/pep-english/lessons/pephr1/001.json	pep-english	pephr1-001	First Impressions	1.2.0	0	4	applied	edited	json_valid	Codex	2026-10-01T12:47:30.712Z	bd669128eb93d1fbc4e40d213a492e032f4c8b2d1c65cf83f7b0de160bca0ac1	298c2ac63b7f84aef988a287a86ec61fca337c994035bf0736e621f9ca8c810d	0	完整阅读标题、栏目及全文；分块重复表示经一致性检查。入学日记四个时间段完整读取；补充英文破折号两侧间距，时间缩写保留。
public/pep-english/lessons/pephr1/002.json	pep-english	pephr1-002	Tim Studies on a Ship	1.2.0	0	0	scanned	passed	json_valid	Codex	2026-10-01T12:47:30.758Z	9b6f7f561c96938bb67c11d6f1fe7a7fce6967bbd59df4eb0b65dc79194b7273	9b6f7f561c96938bb67c11d6f1fe7a7fce6967bbd59df4eb0b65dc79194b7273	0	完整阅读标题、栏目及全文；分块重复表示经一致性检查。海上学校全文与栏目完整，间距正常。
public/pep-english/lessons/pephr1/003.json	pep-english	pephr1-003	Student Profiles: Ann and Thando	1.2.0	0	0	scanned	passed	json_valid	Codex	2026-10-01T12:47:30.801Z	6cfebd574eb054c0ee62386a6ea356924262f13c9f0517b3d1b2dfd48c14a934	6cfebd574eb054c0ee62386a6ea356924262f13c9f0517b3d1b2dfd48c14a934	0	完整阅读标题、栏目及全文；分块重复表示经一致性检查。两份学生介绍完整，姓名、年龄、年级及 IT 公司英文间距正常。
public/pep-english/lessons/pephr1/004.json	pep-english	pephr1-004	Cheerleader Try-outs	1.2.0	0	0	scanned	passed	json_valid	Codex	2026-10-01T12:47:30.843Z	181b87f1c68923757312c44a3e21322d5d618d031059b567fff0ebc20754f41c	181b87f1c68923757312c44a3e21322d5d618d031059b567fff0ebc20754f41c	0	完整阅读标题、栏目及全文；分块重复表示经一致性检查。啦啦队选拔三阶段全文间距正常。
public/pep-english/lessons/pephr1/005.json	pep-english	pephr1-005	Advice for a Worried Friend	1.2.0	0	0	scanned	passed	json_valid	Codex	2026-10-01T12:47:30.888Z	d9d097a5835f4c18c7828a691c7d9acee80a41cbb2a20efd87247dac02c78616	d9d097a5835f4c18c7828a691c7d9acee80a41cbb2a20efd87247dac02c78616	0	完整阅读标题、栏目及全文；分块重复表示经一致性检查。信件日期、称呼、正文和落款完整，间距正常。
public/pep-english/lessons/pephr1/006.json	pep-english	pephr1-006	Make the Most of Your Education	1.2.0	0	4	applied	edited	json_valid	Codex	2026-10-01T12:47:30.986Z	f2050177281d3daada7b8a48c763948a5e275ba9375a21952e7d6aa65871e1ca	f1d642ab5a439da090a9e60387a1bc1c2b18f2359a5fafe032dbc5f465c0e659	0	完整阅读标题、栏目及全文；分块重复表示经一致性检查。教育机会文章补充解释性破折号间距，百分比和年份保持完整。
public/pep-english/lessons/pephr1/007.json	pep-english	pephr1-007	Peru: Geography and History	1.2.0	0	0	scanned	passed	json_valid	Codex	2026-10-01T12:47:31.028Z	1ebd30349e0d2b5feb063146bbfd2b279907284ad68fd8d65ceca01ea1bda98d	1ebd30349e0d2b5feb063146bbfd2b279907284ad68fd8d65ceca01ea1bda98d	0	完整阅读标题、栏目及全文；分块重复表示经一致性检查。秘鲁地理历史两段完整，年代、专名及 now-famous 间距正常。
public/pep-english/lessons/pephr1/008.json	pep-english	pephr1-008	Travel Peru: Four Package Tours	1.2.0	0	0	scanned	passed	json_valid	Codex	2026-10-01T12:47:31.071Z	898fa1e8c7f91f26eb8bd58c0a7ce97cdd79c8b5f738c6d71f770044638a66cb	898fa1e8c7f91f26eb8bd58c0a7ce97cdd79c8b5f738c6d71f770044638a66cb	0	完整阅读标题、栏目及全文；分块重复表示经一致性检查。四条游览路线和结尾联系方式完整，保留邮箱、复合词、标题段落。
public/pep-english/lessons/pephr1/009.json	pep-english	pephr1-009	Amy and Jeremy's Weekend Plan	1.2.0	0	0	scanned	passed	json_valid	Codex	2026-10-01T12:47:57.936Z	aaa9621a5ee33926341aca28911883905dfc775faa5815332f66cc522827fcad	aaa9621a5ee33926341aca28911883905dfc775faa5815332f66cc522827fcad	0	完整阅读标题、栏目及全文；分块重复表示经一致性检查。周末水上乐园六轮对话完整；10:00 a.m. 保留。
public/pep-english/lessons/pephr1/010.json	pep-english	pephr1-010	A Travel Plan to Xi'an	1.2.0	0	0	scanned	passed	json_valid	Codex	2026-10-01T12:47:57.977Z	5ceb572ca69d07801a33812014589912d4c58efd60e38a317372242b2b9a326d	5ceb572ca69d07801a33812014589912d4c58efd60e38a317372242b2b9a326d	0	完整阅读标题、栏目及全文；分块重复表示经一致性检查。邮件头、旅游计划和落款完整，保护邮箱、Xi'an 和千位数。
public/pep-english/lessons/pephr1/011.json	pep-english	pephr1-011	Terracotta Army	1.2.0	0	0	scanned	passed	json_valid	Codex	2026-10-01T12:47:58.018Z	2d5673bb783e48d5b8fd377f727372dec2971f7defbf92bd99aa317c6e58b25e	2d5673bb783e48d5b8fd377f727372dec2971f7defbf92bd99aa317c6e58b25e	0	完整阅读标题、栏目及全文；分块重复表示经一致性检查。兵马俑介绍数字、BCE 及年份间距正常。
public/pep-english/lessons/pephr1/012.json	pep-english	pephr1-012	Paul Calls Meilin from Lijiang	1.2.0	0	0	scanned	passed	json_valid	Codex	2026-10-01T12:47:58.057Z	4324addf062fee3660d27641584ffeaa99b7976fdfecbc2c16314ae1e6865e27	4324addf062fee3660d27641584ffeaa99b7976fdfecbc2c16314ae1e6865e27	0	完整阅读标题、栏目及全文；分块重复表示经一致性检查。丽江电话对话完整，?! 连用为语气标点，不插内部空格。
public/pep-english/lessons/pephr1/013.json	pep-english	pephr1-013	Dave Recommends the Spin Bike to Jack	1.2.0	0	0	scanned	passed	json_valid	Codex	2026-10-01T12:47:58.096Z	0020118b57b65d5e3f5dc7043404299c0dda139aa0a36b77c88e634bf5f4935b	0020118b57b65d5e3f5dc7043404299c0dda139aa0a36b77c88e634bf5f4935b	0	完整阅读标题、栏目及全文；分块重复表示经一致性检查。健身房反意疑问句对话完整，省略号和缩写间距正常。
public/pep-english/lessons/pephr1/014.json	pep-english	pephr1-014	Living Legends	1.2.0	0	0	scanned	passed	json_valid	Codex	2026-10-01T12:47:58.133Z	246be1f410107f26a88cb5656606f679dad94087a5bfcc5966c36fb7fd6b7fdb	246be1f410107f26a88cb5656606f679dad94087a5bfcc5966c36fb7fd6b7fdb	0	完整阅读标题、栏目及全文；分块重复表示经一致性检查。郎平与乔丹两部分及投稿邮箱完整，保护邮箱和年份。
public/pep-english/lessons/pephr1/015.json	pep-english	pephr1-015	Going Positive	1.2.0	0	4	applied	edited	json_valid	Codex	2026-10-01T12:47:58.219Z	b74a264ef980bd46f45bd9b3015c9280a01d6dda5a5ed2fb59a967ad29a93b4c	c0f260016511acca7a59280f6d7f53e01d54419960653cc929aa798beaf39e75	0	完整阅读标题、栏目及全文；分块重复表示经一致性检查。补充转折破折号间距，保护 5:2 和 push-ups。
public/pep-english/lessons/pephr1/016.json	pep-english	pephr1-016	The Night the Earth Didn't Sleep	1.2.0	0	4	applied	edited	json_valid	Codex	2026-10-01T12:47:58.303Z	5946e5173ae28559d8b998620c37aa850e89dc0cb42766aac18910be9a1592f0	5312587f67cb88ded1d4bd225a8f1d29d3a297bd82ae1a0098ff05ad92714622	0	完整阅读标题、栏目及全文；分块重复表示经一致性检查。地震与重建五段全文完整，补充破折号间距，时间与数字完整保留。
public/pep-english/lessons/pephr1/017.json	pep-english	pephr1-017	Tsunami Hits Asia: Over 6,500 Dead	1.2.0	0	0	scanned	passed	json_valid	Codex	2026-10-01T12:47:58.352Z	9964588a2a23fb9827814978f451431582794536409af73c9bcfb18fece6ed56	9964588a2a23fb9827814978f451431582794536409af73c9bcfb18fece6ed56	0	完整阅读标题、栏目及全文；分块重复表示经一致性检查。海啸报道日期、全部段落、引用及数字完整，间距正常。
public/pep-english/lessons/pephr1/018.json	pep-english	pephr1-018	Why Study French?	1.2.0	0	0	scanned	passed	json_valid	Codex	2026-10-01T12:47:58.387Z	03605a63ce36cd2bc618e393b940620548165ca5abb0c6605d03b3acb956f75f	03605a63ce36cd2bc618e393b940620548165ca5abb0c6605d03b3acb956f75f	0	完整阅读标题、栏目及全文；分块重复表示经一致性检查。法语学习对话完整，FIFA 所有格和引语边界正常。
public/pep-english/lessons/pephr1/019.json	pep-english	pephr1-019	Pants in American and British English	1.2.0	0	4	applied	edited	json_valid	Codex	2026-10-01T12:47:58.466Z	8113e288d3a3b107264740b2244fad8c750ec574a8ecf8fdef32b2b078f932ad	8f8fa137c7a48191e64671db3fea619d28cbedd88ec76d496e99a33294877335	0	完整阅读标题、栏目及全文；分块重复表示经一致性检查。英美词义对话补充解释性破折号间距，保留结尾省略号。
public/pep-english/lessons/pephr1/020.json	pep-english	pephr1-020	Learning English: Biggest Problems	1.2.0	0	12	applied	edited	json_valid	Codex	2026-10-01T12:47:58.545Z	7b210784e4a1c9482662303cc9dd61fb7fc4601590b6000c5ec221121fbd28f7	b74a8f8b26d8c2445e673ec594dc17ccc07986c4a9579a15b91520ba1f113ed0	0	完整阅读标题、栏目及全文；分块重复表示经一致性检查。四位发言者全部内容完整，补充三处破折号边界，e.g. 保留。
public/pep-english/lessons/pephr1/021.json	pep-english	pephr1-021	A Difficult Chemistry Quiz	1.2.0	0	0	scanned	passed	json_valid	Codex	2026-10-01T12:48:17.476Z	e10875f2fce1ac045eebe2c10e94147efeb35b00637349a267a95d61245021ad	e10875f2fce1ac045eebe2c10e94147efeb35b00637349a267a95d61245021ad	0	完整阅读标题、栏目及全文；分块重复表示经一致性检查。化学测验安慰对话完整，间距正常。
public/pep-english/lessons/pephr1/022.json	pep-english	pephr1-022	A Daughter Who No Longer Asks for Advice	1.2.0	0	0	scanned	passed	json_valid	Codex	2026-10-01T12:48:17.518Z	1acb2775a18d35b8ca769e19f7cb361330442372e0fd67e22fbced391d8a49b7	1acb2775a18d35b8ca769e19f7cb361330442372e0fd67e22fbced391d8a49b7	0	完整阅读标题、栏目及全文；分块重复表示经一致性检查。母亲咨询信完整，称呼和落款间距正常。
public/pep-english/lessons/pephr1/023.json	pep-english	pephr1-023	A Son Who Wants a Girlfriend	1.2.0	0	0	scanned	passed	json_valid	Codex	2026-10-01T12:48:17.560Z	ea0f6e5e0cc9b0798bc58d8b83235fd27504c76cb49a4daceff1920f60d5dec7	ea0f6e5e0cc9b0798bc58d8b83235fd27504c76cb49a4daceff1920f60d5dec7	0	完整阅读标题、栏目及全文；分块重复表示经一致性检查。父亲咨询信全文，年龄与复合词间距正常。
public/pep-english/lessons/pephr1/024.json	pep-english	pephr1-024	A Birthday Gift for a Fifteen-Year-Old Son	1.2.0	0	0	scanned	passed	json_valid	Codex	2026-10-01T12:48:17.598Z	774f3f3f61c9b4092fa388e584a70bf046e3963c60a022a2af3f2147eaa8a44b	774f3f3f61c9b4092fa388e584a70bf046e3963c60a022a2af3f2147eaa8a44b	0	完整阅读标题、栏目及全文；分块重复表示经一致性检查。生日礼物咨询信全文，标题复合年龄内部保留。
public/pep-english/lessons/pephr1/025.json	pep-english	pephr1-025	A Fourteen-Year-Old Who Wants to Study Abroad	1.2.0	0	0	scanned	passed	json_valid	Codex	2026-10-01T12:48:17.637Z	74eb764a92ab725908961b451688d03a673294ab20570649b6650558afe6a5f0	74eb764a92ab725908961b451688d03a673294ab20570649b6650558afe6a5f0	0	完整阅读标题、栏目及全文；分块重复表示经一致性检查。出国留学咨询信完整，数字与复合词保持完整。
public/pep-english/lessons/pephr1/026.json	pep-english	pephr1-026	Teenage Life Around the World	1.2.0	0	12	applied	edited	json_valid	Codex	2026-10-01T12:48:17.739Z	f6d92282d59624350d88a7aacc2de53349264db2d452f0b1d2aa2a2e25f9c50f	6cbd99611f5b95778b54e657daa528b9678ebaaa2f4ad0184c00463b2ecab37c	0	完整阅读标题、栏目及全文；分块重复表示经一致性检查。三国青少年全部介绍完整，补充插入语间距，FastFreddy 账号不拆。
public/pep-english/lessons/pephr1/027.json	pep-english	pephr1-027	Be a Good Tourist	1.2.0	0	0	scanned	passed	json_valid	Codex	2026-10-01T12:48:17.777Z	e41b4f3160df1a9347a6f828881d0fb6faa09f24ef819235e80d2cbd6f44d05a	e41b4f3160df1a9347a6f828881d0fb6faa09f24ef819235e80d2cbd6f44d05a	0	完整阅读标题、栏目及全文；分块重复表示经一致性检查。游客行为文章四段全文完整，地名、引用和标点间距正常。
public/pep-english/lessons/pephr1/028.json	pep-english	pephr1-028	A Letter About Pisa and the Improvisatori	1.2.0	0	0	scanned	passed	json_valid	Codex	2026-10-01T12:48:17.814Z	3c42eb5f14a41c4be7f22ab04f0381ae81643f868baf82adfdfcf52eda21b39d	3c42eb5f14a41c4be7f22ab04f0381ae81643f868baf82adfdfcf52eda21b39d	0	完整阅读标题、栏目及全文；分块重复表示经一致性检查。比萨城市、斜塔、即兴诗人三部分完整，保留复合词及落款。
public/pep-english/lessons/pephr1/029.json	pep-english	pephr1-029	What Great Athletes Have in Common	1.2.0	0	0	scanned	passed	json_valid	Codex	2026-10-01T12:48:17.851Z	23fe0fed7445fbb91bb49e48205116aa386081860b2af94f6198803c7467af32	23fe0fed7445fbb91bb49e48205116aa386081860b2af94f6198803c7467af32	0	完整阅读标题、栏目及全文；分块重复表示经一致性检查。运动员四项共同点全文间距正常，self-confidence 保留。
public/pep-english/lessons/pephr1/030.json	pep-english	pephr1-030	Jumping Jacks	1.2.0	0	0	scanned	passed	json_valid	Codex	2026-10-01T12:48:17.888Z	3c7f97dea3d163aa87ee0da5009f0d2b643b5e0e8512a44df96febc74d838144	3c7f97dea3d163aa87ee0da5009f0d2b643b5e0e8512a44df96febc74d838144	0	完整阅读标题、栏目及全文；分块重复表示经一致性检查。开合跳对话全部步骤完整，间距正常。
public/pep-english/lessons/pephr1/031.json	pep-english	pephr1-031	Cool Cold Sports	1.2.0	0	0	scanned	passed	json_valid	Codex	2026-10-01T12:48:17.929Z	f4cf0c51c59ec8705a832bf5bf0233f10e91ca8d226280a57f0c240208a39601	f4cf0c51c59ec8705a832bf5bf0233f10e91ca8d226280a57f0c240208a39601	0	完整阅读标题、栏目及全文；分块重复表示经一致性检查。冬奥项目四段完整，cross-country、figure-skating 及年代保持完整。
public/pep-english/lessons/pephr1/032.json	pep-english	pephr1-032	Hot Tickets	1.2.0	0	0	scanned	passed	json_valid	Codex	2026-10-01T12:48:17.972Z	2c6955861355e173edacb6f592b4b13ff7189d6d2a46a6be9bb3f494290e1eb5	2c6955861355e173edacb6f592b4b13ff7189d6d2a46a6be9bb3f494290e1eb5	0	完整阅读标题、栏目及全文；分块重复表示经一致性检查。棒球、板球、温网三个专题及开头全文完整，标题、引用和数字间距正常。
public/pep-english/lessons/pephr1/033.json	pep-english	pephr1-033	The Story of an Eyewitness (Adapted)	1.2.0	0	8	applied	edited	json_valid	Codex	2026-10-01T12:48:42.999Z	8c1af30cdd277fa61b8c99cef4d8f42c3a680d7eeede8ac77499756a1d83978e	7bf61b798c9698f19e738ccd9f486e75a5c9bc2c525188acac9393db542822b2	0	完整阅读标题、栏目及全文；分块重复表示经一致性检查。旧金山地震目击记全文完整；补充方向插入语间距。
public/pep-english/lessons/pephr1/034.json	pep-english	pephr1-034	China to the Rescue!	1.2.0	0	0	scanned	passed	json_valid	Codex	2026-10-01T12:48:43.042Z	d0c7fae65ebbe7ff859a34e1bc2fe9fd234206b1098cb80761dab56c8fc7de5b	d0c7fae65ebbe7ff859a34e1bc2fe9fd234206b1098cb80761dab56c8fc7de5b	0	完整阅读标题、栏目及全文；分块重复表示经一致性检查。救援队介绍五段完整，CISAR、年份和千位数保持完整。
public/pep-english/lessons/pephr1/035.json	pep-english	pephr1-035	A Chinese Calligraphy Class	1.2.0	0	0	scanned	passed	json_valid	Codex	2026-10-01T12:48:43.081Z	50d25f6ada3380c14b3d7fa1f7a1b92b418a000212d631e86d31d30e248f31be	50d25f6ada3380c14b3d7fa1f7a1b92b418a000212d631e86d31d30e248f31be	0	完整阅读标题、栏目及全文；分块重复表示经一致性检查。书法课程对话完整，间距正常。
public/pep-english/lessons/pephr1/036.json	pep-english	pephr1-036	Polyglots: What Are They and Who Can Be One?	1.2.0	0	0	scanned	passed	json_valid	Codex	2026-10-01T12:48:43.119Z	37b82bec8be6a81a34ff70d4913d8da1f43dd31aa8d8f05053e5f3fadf7b4727	37b82bec8be6a81a34ff70d4913d8da1f43dd31aa8d8f05053e5f3fadf7b4727	0	完整阅读标题、栏目及全文；分块重复表示经一致性检查。多语者介绍三段及引语完整，年龄、语言数量和姓名间距正常。
public/pep-english/lessons/pephr1/037.json	pep-english	pephr1-037	The Book That Keeps on Growing	1.2.0	0	4	applied	edited	json_valid	Codex	2026-10-01T12:48:43.204Z	64e53b0c642aaf2eea33390b2a18782c46dc1191bbb523374713d31dc0e1694b	a970d1eb72c6dd11dd8463e49b54924474fedd9fb23d15918eba5e49d5a878b8	0	完整阅读标题、栏目及全文；分块重复表示经一致性检查。OED 历史六段完整；补充破折号间距，保护 1837–1915 和 CD-ROM。
public/pep-english/lessons/pephr2/001.json	pep-english	pephr2-001	From Problems to Solutions	1.2.0	0	0	scanned	passed	json_valid	Codex	2026-10-01T12:48:43.243Z	ea38b46a06ccb296e75759cc04b323d6c30e13117eb3ffdcbf5c1c5b1ab8508d	ea38b46a06ccb296e75759cc04b323d6c30e13117eb3ffdcbf5c1c5b1ab8508d	0	完整阅读标题、栏目及全文；分块重复表示经一致性检查。阿斯旺文物保护项目六段完整，年份、金额及 UNESCO 缩写正确。
public/pep-english/lessons/pephr2/002.json	pep-english	pephr2-002	Protecting African Elephants	1.2.0	0	0	scanned	passed	json_valid	Codex	2026-10-01T12:48:43.280Z	f4be435d6636e684e0b658685e670a5e64aacd253ef8fb663ae8f5488c5eab25	f4be435d6636e684e0b658685e670a5e64aacd253ef8fb663ae8f5488c5eab25	0	完整阅读标题、栏目及全文；分块重复表示经一致性检查。非洲象保护四轮对话完整，间距正常。
public/pep-english/lessons/pephr2/003.json	pep-english	pephr2-003	Give Ugly a Chance!	1.2.0	0	12	applied	edited	json_valid	Codex	2026-10-01T12:48:43.361Z	10b708573ac5e3d1116f331c79e379bcc544335823fe00baed327e1711614e95	615700ec873a91a29ba4655ba0ca1ef58250ef7be3bd9e77da0ddd8d1930e138	0	完整阅读标题、栏目及全文；分块重复表示经一致性检查。动物平等保护段落完整，补充插入语及解释破折号间距。
public/pep-english/lessons/pephr2/004.json	pep-english	pephr2-004	Don't Make Paper with My Home!	1.2.0	0	0	scanned	passed	json_valid	Codex	2026-10-01T12:48:43.397Z	e1e42bb1a042c2798ce63d35a99c28f1e8e31564ef87a8fd800ca662f993915e	e1e42bb1a042c2798ce63d35a99c28f1e8e31564ef87a8fd800ca662f993915e	0	完整阅读标题、栏目及全文；分块重复表示经一致性检查。树木与考拉栖息地全文间距正常。
public/pep-english/lessons/pephr2/005.json	pep-english	pephr2-005	Cyber Sense	1.2.0	0	2	applied	edited	json_valid	Codex	2026-10-01T12:48:43.473Z	fb42cc408088df17287bce698b26c60d21a86cfc86ca25c53e2310d51a614234	8ae339a3151cefaf9e159cb248042e42c6c73fe06d863ce467a782c2a4432c43	0	完整阅读标题、栏目及全文；分块重复表示经一致性检查。网络安全诗歌六行完整，补充破折号左侧空格。
public/pep-english/lessons/pephr2/006.json	pep-english	pephr2-006	Stronger Together: How We Have Been Changed by the Internet	1.2.0	0	0	scanned	passed	json_valid	Codex	2026-10-01T12:48:43.509Z	0d373ba51528b9c96d254e6244a8899075080c111a437c8a27249a9eac95a00f	0d373ba51528b9c96d254e6244a8899075080c111a437c8a27249a9eac95a00f	0	完整阅读标题、栏目及全文；分块重复表示经一致性检查。互联网互助故事五段完整，IT 和复合年龄保持完整。
public/pep-english/lessons/pephr2/007.json	pep-english	pephr2-007	Choosing the Best App	1.2.0	0	0	scanned	passed	json_valid	Codex	2026-10-01T12:48:43.545Z	a0185c42cd162e0abb5e9618224e72592e53a757a0bcd7c8f3b0e1eb6e650703	a0185c42cd162e0abb5e9618224e72592e53a757a0bcd7c8f3b0e1eb6e650703	0	完整阅读标题、栏目及全文；分块重复表示经一致性检查。应用选择两段对话完整，应用名称与英文标点间距正常。
public/pep-english/lessons/pephr2/008.json	pep-english	pephr2-008	How to Stay Safe Online	1.2.0	0	4	applied	edited	json_valid	Codex	2026-10-01T12:49:05.660Z	53b92edbab935781ae0b7553f8c62a081f0e6acd10dac2da68448d44e741be82	3c1d156da5e0644025af9be1e23d6400ae15964dc8b9a46eae8abb9bdc2a241d	0	完整阅读标题、栏目及全文；分块重复表示经一致性检查。网络安全博文和两条评论完整，补充解释边界，Boy579 用户名保留。
public/pep-english/lessons/pephr2/009.json	pep-english	pephr2-009	What's in a Name?	1.2.0	0	4	applied	edited	json_valid	Codex	2026-10-01T12:49:05.757Z	23acef17ee9f7fa65a54c2cd42c9946c25e7295afc9b2453e3248c75d2772c8c	4e4ca60c9189f0ba91cb0261112f93f36431eed3229e16f07353df4c29fd7b6e	0	完整阅读标题、栏目及全文；分块重复表示经一致性检查。英国名称及历史五段完整，补充首句解释间距，保护 Anglo-Saxons。
public/pep-english/lessons/pephr2/010.json	pep-english	pephr2-010	Beautiful Ireland and Its Traditions	1.2.0	0	0	scanned	passed	json_valid	Codex	2026-10-01T12:49:05.798Z	81ec1c46ae6209892270e097022017798b302b0021aa09f35099485343401e3f	81ec1c46ae6209892270e097022017798b302b0021aa09f35099485343401e3f	0	完整阅读标题、栏目及全文；分块重复表示经一致性检查。爱尔兰景观和传统全文完整，first-hand 复合词保留。
public/pep-english/lessons/pephr2/011.json	pep-english	pephr2-011	Why I Like Techno Music	1.2.0	0	0	scanned	passed	json_valid	Codex	2026-10-01T12:49:05.835Z	21b821eaf22794075664eb5efe6e6f2a27689197e8483df00fa38a446fcd078e	21b821eaf22794075664eb5efe6e6f2a27689197e8483df00fa38a446fcd078e	0	完整阅读标题、栏目及全文；分块重复表示经一致性检查。电子音乐四轮对话全文间距正常。
public/pep-english/lessons/pephr2/012.json	pep-english	pephr2-012	The Virtual Choir	1.2.0	0	8	applied	edited	json_valid	Codex	2026-10-01T12:49:05.919Z	6c76776ca43ec247e418e8bc92ca10ae70ffd8db8c9cd12a605d574ffad0ee97	b985b0bcd3f56d70e1efbe0e17ca5251941804a96c7cea7fee8e0a3832a0546b	0	完整阅读标题、栏目及全文；分块重复表示经一致性检查。虚拟合唱团四段完整，补充两处解释性破折号间距，日期及 UNICEF 保留。
public/pep-english/lessons/pephr2/013.json	pep-english	pephr2-013	Planning a Music Festival	1.2.0	0	0	scanned	passed	json_valid	Codex	2026-10-01T12:49:05.959Z	d96f07943b1f57a909c191efe3d4da73c8dfeab390dbb613fbe788921fc3c468	d96f07943b1f57a909c191efe3d4da73c8dfeab390dbb613fbe788921fc3c468	0	完整阅读标题、栏目及全文；分块重复表示经一致性检查。音乐节策划全部对话完整，角色标签和曲名间距正常。
public/pep-english/lessons/pephr2/014.json	pep-english	pephr2-014	How Music Helped Me Recover	1.2.0	0	0	scanned	passed	json_valid	Codex	2026-10-01T12:49:05.996Z	cb98cbe7b22b2e1e2728f3cdb2aba51ed3ed7cbadc5cdc5eae91d26687dac886	cb98cbe7b22b2e1e2728f3cdb2aba51ed3ed7cbadc5cdc5eae91d26687dac886	0	完整阅读标题、栏目及全文；分块重复表示经一致性检查。音乐康复演讲完整，姓名缩写 John A. Logan 及引语间距正常。
public/pep-english/lessons/pephr2/015.json	pep-english	pephr2-015	Learning to Love the Piano	1.2.0	0	0	scanned	passed	json_valid	Codex	2026-10-01T12:49:06.031Z	366b9ccb07f257513877f67de2c6e6b72d228d35cd92c1f49274353095c5544e	366b9ccb07f257513877f67de2c6e6b72d228d35cd92c1f49274353095c5544e	0	完整阅读标题、栏目及全文；分块重复表示经一致性检查。钢琴学习经历全文完整，保留 year-end。
public/pep-english/lessons/pephr2/016.json	pep-english	pephr2-016	Ludwig van Beethoven	1.2.0	0	0	scanned	passed	json_valid	Codex	2026-10-01T12:49:06.067Z	2cec4791bf70714662d4a945ece96c164a333cc00d84589254692cecc593d3a4	2cec4791bf70714662d4a945ece96c164a333cc00d84589254692cecc593d3a4	0	完整阅读标题、栏目及全文；分块重复表示经一致性检查。贝多芬传记完整，保护 1770–1827 年代范围。
public/pep-english/lessons/pephr2/017.json	pep-english	pephr2-017	Relics from Ancient Greek Ship Rescued	1.2.0	0	0	scanned	passed	json_valid	Codex	2026-10-01T12:49:06.102Z	b0ff3d55a3fbb662badcbdd473a582daf3275c1466b9a6f65295e5c654e8ded7	b0ff3d55a3fbb662badcbdd473a582daf3275c1466b9a6f65295e5c654e8ded7	0	完整阅读标题、栏目及全文；分块重复表示经一致性检查。希腊沉船报道完整，日期、数量及引用间距正常。
public/pep-english/lessons/pephr2/018.json	pep-english	pephr2-018	Han Dynasty Treasures to Visit the Capital	1.2.0	0	0	scanned	passed	json_valid	Codex	2026-10-01T12:49:06.137Z	d314febff03317c7352ce23fc890dc508d8013692668f9da92d804aa51e55f12	d314febff03317c7352ce23fc890dc508d8013692668f9da92d804aa51e55f12	0	完整阅读标题、栏目及全文；分块重复表示经一致性检查。海昏侯文物展报道完整，数字、日期和直接引语正确。
public/pep-english/lessons/pephr2/019.json	pep-english	pephr2-019	World Cultural Heritage Sites	1.2.0	0	0	scanned	passed	json_valid	Codex	2026-10-01T12:49:06.173Z	b84b643e50cafd8f093723460d8f60b02e667ea2b2b6529d9d804dc978ad1e9a	b84b643e50cafd8f093723460d8f60b02e667ea2b2b6529d9d804dc978ad1e9a	0	完整阅读标题、栏目及全文；分块重复表示经一致性检查。泰姬陵和明清皇陵六段全文完整，年份、数字和专名间距正常。
public/pep-english/lessons/pephr2/020.json	pep-english	pephr2-020	The Strange Tale of the Milu Deer	1.2.0	0	0	scanned	passed	json_valid	Codex	2026-10-01T12:50:46.742Z	58a6e2e933dc3ae343de5bb73d7bedcc1d137c82913c2709118505d970177614	58a6e2e933dc3ae343de5bb73d7bedcc1d137c82913c2709118505d970177614	0	完整阅读麋鹿外形、历史与重新引入的五段内容；年份和数量间距无须修改。标题、栏目及分块重复表示均已核对。
public/pep-english/lessons/pephr2/021.json	pep-english	pephr2-021	Urban Wildlife	1.2.0	0	0	scanned	passed	json_valid	Codex	2026-10-01T12:50:46.784Z	6d32ff64f944d080d58d99cfe756f4218fed4f26b60a48e2a76b53a7b756fd10	6d32ff64f944d080d58d99cfe756f4218fed4f26b60a48e2a76b53a7b756fd10	0	完整阅读城市野生动物六段；物种数字、项目名称和年份间距正常。标题、栏目及分块重复表示均已核对。
public/pep-english/lessons/pephr2/022.json	pep-english	pephr2-022	E-Learning	1.2.0	0	4	applied	edited	json_valid	Codex	2026-10-01T12:50:46.872Z	f0025d47d98029d06348ed9c75c5c5d8accba83014997a1c88bb984719e17cfe	841fbb7c341841398911cc07e436612022970d60d18711e6a374f9f247b9abbe	0	完整阅读在线学习四段；补充结尾解释性破折号间距。标题、栏目及分块重复表示均已核对。
public/pep-english/lessons/pephr2/023.json	pep-english	pephr2-023	Cleo's Email from Cairo	1.2.0	0	12	applied	edited	json_valid	Codex	2026-10-01T12:50:46.960Z	784e131224d73b555d1d6b54890a3ce4ab99e3fea444322f635cf12a768faf21	b417fb099e76a44fe9c904c90c654822e222c5d3eb98e9da6c441810af683775	0	完整阅读开罗旅行邮件；补充三处破折号间距。标题、栏目及分块重复表示均已核对。
public/pep-english/lessons/pephr2/024.json	pep-english	pephr2-024	Sally's Message from Athens	1.2.0	0	12	applied	edited	json_valid	Codex	2026-10-01T12:50:47.041Z	bbfb21cf8034a3287e67d35faab69e6653e7725a123c0bf49cd2a3a426773096	376c29d410df906c84bd33b6bb41b0c94fef420f756f2824c46583948866eb2e	0	完整阅读雅典旅行邮件；补充三处解释性破折号间距。标题、栏目及分块重复表示均已核对。
public/pep-english/lessons/pephr2/025.json	pep-english	pephr2-025	Samovar — the Special Teapot	1.2.0	0	6	applied	edited	json_valid	Codex	2026-10-01T12:50:47.140Z	4d562b5e89d001589cb764c2647a5bb6f11d9c1f6ee881ca967d0d2a72f3e20f	4373dded4886660a039f4882af19b229c6055acd11edfd1371060e3030f4bf20	0	完整阅读俄式茶炊故事；标题及正文破折号补空格，保留复合词。标题、栏目及分块重复表示均已核对。
public/pep-english/lessons/pephr2/026.json	pep-english	pephr2-026	Jill's Review of Cat's in the Cradle	1.2.0	0	2	applied	edited	json_valid	Codex	2026-10-01T12:50:47.215Z	d49c7c310c4940b7497de11e3faa2e9450da1a774cc2848748e6385d0908afca	846904d972b8a5aac7bd255a5d85def6abffa783d626766f5e862b4678de5190	0	完整阅读 Jill 乐评；署名破折号后补空格。标题、栏目及分块重复表示均已核对。
public/pep-english/lessons/pephr2/027.json	pep-english	pephr2-027	Dennis's Review of Cat's in the Cradle	1.2.0	0	2	applied	edited	json_valid	Codex	2026-10-01T12:50:47.293Z	59143a516dca06becfbc70d98d440971350891dbbdb480bc1419e341dad6172a	d792ec28b5f2439f23b6d9b5c7859966f1d45ee0607c5fd37c9666ef0715bb72	0	完整阅读 Dennis 乐评；署名破折号后补空格。标题、栏目及分块重复表示均已核对。
public/pep-english/lessons/pephr2/028.json	pep-english	pephr2-028	Music Scores in Films	1.2.0	0	4	applied	edited	json_valid	Codex	2026-10-01T12:50:47.371Z	f32e81b4b5a782a5f1975c1a3b34f9145a4f41cdd67956407a78db82adc6f988	9111cc0250baafd6c1e0b2f9f28687774bae7a4ac1c558159d08c668632c328c	0	完整阅读电影配乐及三名音乐家介绍；补充解释性破折号间距。标题、栏目及分块重复表示均已核对。
public/pep-english/lessons/pephr3/001.json	pep-english	pephr3-001	Why Do We Celebrate Festivals?	1.2.0	0	4	applied	edited	json_valid	Codex	2026-10-01T12:50:47.449Z	b85b13ef6ac9be47a30cc3596c06630c4abcf55880b9120e06ee61e5f60624fd	f6d1c77491dbca95663ea3392f8645fe636d516f51afa556e463ec5b9c31c7fe	0	完整阅读庆祝节日原因五段；补充春季说明破折号间距。标题、栏目及分块重复表示均已核对。
public/pep-english/lessons/pephr3/002.json	pep-english	pephr3-002	Which Festival Is the Best?	1.2.0	0	0	scanned	passed	json_valid	Codex	2026-10-01T12:50:47.484Z	b1cc9abd0965013bcb9a98f55f6933d253506617d5c2f201c3d84bb3fc2f3098	b1cc9abd0965013bcb9a98f55f6933d253506617d5c2f201c3d84bb3fc2f3098	0	完整阅读四条节日讨论帖；保留用户名、时间和现有间距。标题、栏目及分块重复表示均已核对。
public/pep-english/lessons/pephr3/003.json	pep-english	pephr3-003	Joe and Song Lin Talk About Chinese New Year	1.2.0	0	4	applied	edited	json_valid	Codex	2026-10-01T12:50:47.561Z	09871f8ff107e37f43f4dc7e253606bf29b03b00de244d4fb2a729be3121b2f7	6f657f1874c1438ada8c378eeb3d80011a8928322ec2312528ce2fe954f7ec47	0	完整阅读春节五轮对话；补充烟花说明的破折号间距。标题、栏目及分块重复表示均已核对。
public/pep-english/lessons/pephr3/004.json	pep-english	pephr3-004	My Amazing Naadam Experience	1.2.0	0	0	scanned	passed	json_valid	Codex	2026-10-01T12:51:10.432Z	cc0ef88512030a29404e01cf96ba7d93621e78495f6073559b0fd587a51c0ce1	cc0ef88512030a29404e01cf96ba7d93621e78495f6073559b0fd587a51c0ce1	0	完整阅读标题、栏目、全文并核对分块重复表示：那达慕五段活动见闻，保留末尾省略号。
public/pep-english/lessons/pephr3/005.json	pep-english	pephr3-005	The Laba Festival and Laba Porridge	1.2.0	0	0	scanned	passed	json_valid	Codex	2026-10-01T12:51:10.475Z	bd3abf3033fcd03d8a37c8612976fe6b77c89a307654395303bd4d7616d2aae1	bd3abf3033fcd03d8a37c8612976fe6b77c89a307654395303bd4d7616d2aae1	0	完整阅读标题、栏目、全文并核对分块重复表示：腊八粥食材及四步做法，分数和数量完整。
public/pep-english/lessons/pephr3/006.json	pep-english	pephr3-006	Mother of Ten Thousand Babies	1.2.0	0	0	scanned	passed	json_valid	Codex	2026-10-01T12:51:10.520Z	7e1593baee2a2b91333fcd3c654ec8b64bf5e8eca6074633b0b45cf00320a4ca	7e1593baee2a2b91333fcd3c654ec8b64bf5e8eca6074633b0b45cf00320a4ca	0	完整阅读标题、栏目、全文并核对分块重复表示：林巧稚生平六段，保留 OB-GYN 和年龄复合词。
public/pep-english/lessons/pephr3/007.json	pep-english	pephr3-007	Henry Norman Bethune	1.2.0	0	0	scanned	passed	json_valid	Codex	2026-10-01T12:51:10.559Z	2646445a8b6b44c25e7b121fe99c01e47e966312fbff692a4da211a26483f2b2	2646445a8b6b44c25e7b121fe99c01e47e966312fbff692a4da211a26483f2b2	0	完整阅读标题、栏目、全文并核对分块重复表示：白求恩医学贡献完整段落，年份和数量正常。
public/pep-english/lessons/pephr3/008.json	pep-english	pephr3-008	The Stone in the Road	1.2.0	0	0	scanned	passed	json_valid	Codex	2026-10-01T12:51:10.598Z	b4cbbb228474e6d5e8f1fc199ff6e00ea911c1f1c6a77c72462347f0856a385a	b4cbbb228474e6d5e8f1fc199ff6e00ea911c1f1c6a77c72462347f0856a385a	0	完整阅读标题、栏目、全文并核对分块重复表示：路中石头寓言全部九段，对话边界正常。
public/pep-english/lessons/pephr3/009.json	pep-english	pephr3-009	Thankfulness	1.2.0	0	0	scanned	passed	json_valid	Codex	2026-10-01T12:51:10.635Z	faae4e9bbd39bb8451206a1af5c4453a794d8db3ac0b57e4038663d859a3a04f	faae4e9bbd39bb8451206a1af5c4453a794d8db3ac0b57e4038663d859a3a04f	0	完整阅读标题、栏目、全文并核对分块重复表示：感恩主题三组谚语及署名完整。
public/pep-english/lessons/pephr3/010.json	pep-english	pephr3-010	Native Americans in California	1.2.0	0	0	scanned	passed	json_valid	Codex	2026-10-01T12:51:10.675Z	07db52a02c2d64b7d72899c1115a6729d551dc45cb264ef6c1462e01031a32ed	07db52a02c2d64b7d72899c1115a6729d551dc45cb264ef6c1462e01031a32ed	0	完整阅读标题、栏目、全文并核对分块重复表示：加州原住民历史全文，世纪与数量正常。
public/pep-english/lessons/pephr3/011.json	pep-english	pephr3-011	Wednesday, 21 June: San Francisco	1.2.0	0	8	applied	edited	json_valid	Codex	2026-10-01T12:51:10.760Z	a83e20aa8ce17317d170675a262e4232274d3a240f9261fc51f074706fb8d4b9	7dd51efa7f0e8bcc0aecf350fc94d1e593a5b35b87659afccb57cc75548da2a3	0	完整阅读标题、栏目、全文并核对分块重复表示：旧金山五段日记，补充两处解释性破折号间距。
public/pep-english/lessons/pephr3/012.json	pep-english	pephr3-012	Recommendations for Visiting Guizhou	1.2.0	0	0	scanned	passed	json_valid	Codex	2026-10-01T12:51:10.796Z	e08647f65636e10c06f63ffced0809ed862164e7fa103ecfce14b0696c7b3289	e08647f65636e10c06f63ffced0809ed862164e7fa103ecfce14b0696c7b3289	0	完整阅读标题、栏目、全文并核对分块重复表示：贵州旅行推荐全部九轮对话，省略号边界正常。
public/pep-english/lessons/pephr3/013.json	pep-english	pephr3-013	Welcome to Chinatown!	1.2.0	0	0	scanned	passed	json_valid	Codex	2026-10-01T12:51:10.833Z	81b2838f68019708ab65f4f592f707e895eb3516583800975b16ba93f57e03c5	81b2838f68019708ab65f4f592f707e895eb3516583800975b16ba93f57e03c5	0	完整阅读标题、栏目、全文并核对分块重复表示：唐人街六段介绍，专名与年份间距正常。
public/pep-english/lessons/pephr3/014.json	pep-english	pephr3-014	Regional Music in the United States	1.2.0	0	0	scanned	passed	json_valid	Codex	2026-10-01T12:51:10.881Z	31536369cf009a5cc25f050ffe7f27070d55748ec43d8e2395796785ed11ebfa	31536369cf009a5cc25f050ffe7f27070d55748ec43d8e2395796785ed11ebfa	0	完整阅读标题、栏目、全文并核对分块重复表示：美国区域音乐九轮对话，保留 hip-hop。
public/pep-english/lessons/pephr3/015.json	pep-english	pephr3-015	Questions for Captain Brown	1.2.0	0	0	scanned	passed	json_valid	Codex	2026-10-01T12:51:10.917Z	4df0152cd7e19b8ab323d03f091aaca7e9eb6d9541ac303258545b36a41881cd	4df0152cd7e19b8ab323d03f091aaca7e9eb6d9541ac303258545b36a41881cd	0	完整阅读标题、栏目、全文并核对分块重复表示：宇航员问题五轮对话，现有间距正常。
public/pep-english/lessons/pephr3/016.json	pep-english	pephr3-016	Is Exploring Space a Waste of Time and Money?	1.2.0	0	0	scanned	passed	json_valid	Codex	2026-10-01T12:51:25.386Z	61ef721b949fc0d072252ac560e0a3736136a2e33a7b7de9ee0f2719554e2a0c	61ef721b949fc0d072252ac560e0a3736136a2e33a7b7de9ee0f2719554e2a0c	0	完整阅读标题、栏目、全文并核对分块重复表示：太空探索五段论证，保留各类复合词。
public/pep-english/lessons/pephr3/017.json	pep-english	pephr3-017	The Million Pound Bank Note — Act 1, Scene 3	1.2.0	0	0	scanned	passed	json_valid	Codex	2026-10-01T12:51:25.429Z	32a3220fcdcd8acf4572184618aa475f68428d3c5263f16067818ad44ea443ef	32a3220fcdcd8acf4572184618aa475f68428d3c5263f16067818ad44ea443ef	0	完整阅读标题、栏目、全文并核对分块重复表示：百万英镑第一幕第三场全部台词及舞台说明，时间与省略号正常。
public/pep-english/lessons/pephr3/018.json	pep-english	pephr3-018	Should Roderick and Oliver Give Henry the Money?	1.2.0	0	0	scanned	passed	json_valid	Codex	2026-10-01T12:51:25.468Z	e5ad97a4d941382de9255a5cb240dfe8bafdf0679313ccbb14729e93d4c2de43	e5ad97a4d941382de9255a5cb240dfe8bafdf0679313ccbb14729e93d4c2de43	0	完整阅读标题、栏目、全文并核对分块重复表示：赠钱争论五轮对话，无须修改。
public/pep-english/lessons/pephr3/019.json	pep-english	pephr3-019	The Million Pound Bank Note — Act 2, Scene 1	1.2.0	0	0	scanned	passed	json_valid	Codex	2026-10-01T12:51:25.506Z	69ed36b22c4566a55fc7c85d6918cba10d025b2f790616799d8617efeddcaca7	69ed36b22c4566a55fc7c85d6918cba10d025b2f790616799d8617efeddcaca7	0	完整阅读标题、栏目、全文并核对分块重复表示：百万英镑第二幕第一场全部店铺台词及说明，序数角色标签正常。
public/pep-english/lessons/pephr3/020.json	pep-english	pephr3-020	The Chinese Spring Festival	1.2.0	0	0	scanned	passed	json_valid	Codex	2026-10-01T12:51:25.544Z	932b8ceb3c501980af38d6216fb8370b3894572be705f9fb04a5ea7b5604b412	932b8ceb3c501980af38d6216fb8370b3894572be705f9fb04a5ea7b5604b412	0	完整阅读标题、栏目、全文并核对分块重复表示：春节四段习俗介绍，拼音与括号间距正常。
public/pep-english/lessons/pephr3/021.json	pep-english	pephr3-021	Winter Carnival in Quebec	1.2.0	0	8	applied	edited	json_valid	Codex	2026-10-01T12:51:25.632Z	dea5fa1f36f109a61025f72e8047e0906dde5f2a1ff71ad2853dc95ea89e29ab	3dc5a56a356bb5ec881213d5a3187ad2e3bf8595a057fbaca8ba7e89a08667ee	0	完整阅读标题、栏目、全文并核对分块重复表示：魁北克冬季嘉年华八段，补充两处破折号间距，保留温度及复合词。
public/pep-english/lessons/pephr3/022.json	pep-english	pephr3-022	The Taxi Ride I'll Never Forget	1.2.0	0	0	scanned	passed	json_valid	Codex	2026-10-01T12:51:25.670Z	9c7a5133fb19c68ec74de08097e6816323694fd0d79ae80d6c38c1ffc6460de2	9c7a5133fb19c68ec74de08097e6816323694fd0d79ae80d6c38c1ffc6460de2	0	完整阅读标题、栏目、全文并核对分块重复表示：出租车故事全部十八段及对话，年龄和引号边界正常。
public/pep-english/lessons/pephr3/023.json	pep-english	pephr3-023	Symbols of American Culture	1.2.0	0	0	scanned	passed	json_valid	Codex	2026-10-01T12:51:25.708Z	88ad7502ebb6a5aef82dfb7868c292803c3eae755913dc489155eae1b287343f	88ad7502ebb6a5aef82dfb7868c292803c3eae755913dc489155eae1b287343f	0	完整阅读标题、栏目、全文并核对分块重复表示：美国文化象征五段，百分数及生卒年范围保留。
public/pep-english/lessons/pephr3/024.json	pep-english	pephr3-024	New Zealand and Maori Culture — The Land of the Long White Cloud	1.2.0	0	8	applied	edited	json_valid	Codex	2026-10-01T12:51:25.803Z	59bcc8630b5188236d2da85d120485a6fdb7f0a1c0fad660695d81b534d4771b	6e4908ae2fe7e534e5bfb1e8ee8bdd09e586905583c9069b25748a5b719dfa9e	0	完整阅读标题、栏目、全文并核对分块重复表示：毛利文化五段，补充两处解释性破折号间距，保留毛利语连字符。
public/pep-english/lessons/pephr3/025.json	pep-english	pephr3-025	Homes on Mars?	1.2.0	0	4	applied	edited	json_valid	Codex	2026-10-01T12:51:25.881Z	b87f7d18de605c3066e628141db79fa7b20ec0c0024b7bf4c3e157b95bbbb08e	30188a34f064cc8fb0453afcce5d853bd7619ca3b96df0762c37b973204de674	0	完整阅读标题、栏目、全文并核对分块重复表示：火星定居四段，补充举例破折号间距，保留温度、美元和面积复合词。
public/pep-english/lessons/pephr3/026.json	pep-english	pephr3-026	What Is the Big Bang Theory?	1.2.0	0	0	scanned	passed	json_valid	Codex	2026-10-01T12:51:25.917Z	da4ac90aae75b271725e926125c86572bbaeb259c6d04669f1eb257f232f5786	da4ac90aae75b271725e926125c86572bbaeb259c6d04669f1eb257f232f5786	0	完整阅读标题、栏目、全文并核对分块重复表示：大爆炸介绍全文，无须修改。
public/pep-english/lessons/pephr3/027.json	pep-english	pephr3-027	What Is the Hubble Space Telescope?	1.2.0	0	0	scanned	passed	json_valid	Codex	2026-10-01T12:51:25.951Z	2bee2471d2332396175b50131904ba867757654bbc1331a05b6553d8860dc1b1	2bee2471d2332396175b50131904ba867757654bbc1331a05b6553d8860dc1b1	0	完整阅读标题、栏目、全文并核对分块重复表示：哈勃望远镜介绍全文，保留 2.4-metre。
public/pep-english/lessons/pephr3/028.json	pep-english	pephr3-028	What Is FAST?	1.2.0	0	0	scanned	passed	json_valid	Codex	2026-10-01T12:51:25.987Z	83c437025e0b0ecd6bea8a5bbe9188effc684f142ef09e25d7fa1c204000a283	83c437025e0b0ecd6bea8a5bbe9188effc684f142ef09e25d7fa1c204000a283	0	完整阅读标题、栏目、全文并核对分块重复表示：FAST 介绍全文，日期与复合词正常。
public/pep-english/lessons/pephr3/029.json	pep-english	pephr3-029	What Is a Quantum Satellite?	1.2.0	0	0	scanned	passed	json_valid	Codex	2026-10-01T12:51:26.021Z	ff00083bb87d831f7d6febb30d1e771efe83c910d2aa74cb7d7638965613c8ec	ff00083bb87d831f7d6febb30d1e771efe83c910d2aa74cb7d7638965613c8ec	0	完整阅读标题、栏目、全文并核对分块重复表示：量子卫星介绍全文，日期与术语间距正常。
public/pep-english/lessons/pephr3/030.json	pep-english	pephr3-030	The Million Pound Bank Note — Act 2, Scene 3	1.2.0	0	0	scanned	passed	json_valid	Codex	2026-10-01T12:51:43.519Z	5988b7691aed4ff3e531a6a6cff30765077a2047fbf2ea5c8bb221ed86aa1b91	5988b7691aed4ff3e531a6a6cff30765077a2047fbf2ea5c8bb221ed86aa1b91	0	完整阅读标题、栏目、全文并核对分块重复表示：百万英镑结局全部对白及舞台说明，保留中断、省略号和复合词。
public/pep-english/lessons/pephr3/031.json	pep-english	pephr3-031	My Uncle Jules (Adapted)	1.2.0	0	12	applied	edited	json_valid	Codex	2026-10-01T12:51:43.611Z	6f3af116ff1c1090b52aa380ee0071580b42688629cb62e8b71d4ef9bfd6e343	361fca6222afd34b9ac1d4d0321cd4ef3b9392fc27f6365899d96987fb4a2e95	0	完整阅读标题、栏目、全文并核对分块重复表示：于勒叔叔全文十六段，补充插入语及同位说明破折号间距，句末中断符保留。
public/pep-english/lessons/pephs1/001.json	pep-english	pephs1-001	Tu Youyou Awarded Nobel Prize	1.2.0	0	0	scanned	passed	json_valid	Codex	2026-10-01T12:51:43.649Z	3db9805f41f95d8bd47d20126071afd41403781cfb41843bf84df467020d2c2d	3db9805f41f95d8bd47d20126071afd41403781cfb41843bf84df467020d2c2d	0	完整阅读标题、栏目、全文并核对分块重复表示：屠呦呦五段生平和科研过程，年份数量正常。
public/pep-english/lessons/pephs1/002.json	pep-english	pephs1-002	The Man Who Changed Our Understanding of the Universe	1.2.0	0	0	scanned	passed	json_valid	Codex	2026-10-01T12:51:43.690Z	3d550892dafb7a9ce01f8363f7305e0477a6ea43629a23fc04cad0e181cc3cef	3d550892dafb7a9ce01f8363f7305e0477a6ea43629a23fc04cad0e181cc3cef	0	完整阅读标题、栏目、全文并核对分块重复表示：爱因斯坦六段传记，公式 E=mc² 保留内部完整。
public/pep-english/lessons/pephs1/003.json	pep-english	pephs1-003	Cao Xueqin Biography	1.2.0	0	0	scanned	passed	json_valid	Codex	2026-10-01T12:51:43.726Z	a761bd5729e032e1fdae744aedf95dc0e3fc043f3be129f63f546e8402fb232b	a761bd5729e032e1fdae744aedf95dc0e3fc043f3be129f63f546e8402fb232b	0	完整阅读标题、栏目、全文并核对分块重复表示：曹雪芹传记简介全文，无须修改。
public/pep-english/lessons/pephs1/004.json	pep-english	pephs1-004	The Story of My Life	1.2.0	0	0	scanned	passed	json_valid	Codex	2026-10-01T12:51:43.764Z	916bda41d17c64607a66e1844fc21a2510fe2695a00f06afae1b52cd7066d8f0	916bda41d17c64607a66e1844fc21a2510fe2695a00f06afae1b52cd7066d8f0	0	完整阅读标题、栏目、全文并核对分块重复表示：海伦凯勒自传简介全文，无须修改。
public/pep-english/lessons/pephs1/005.json	pep-english	pephs1-005	Steve Jobs	1.2.0	0	0	scanned	passed	json_valid	Codex	2026-10-01T12:51:43.800Z	f9690de39e484c2081b7ea501d4230c021f57cc3fe4624dec6923b48b6a67e6a	f9690de39e484c2081b7ea501d4230c021f57cc3fe4624dec6923b48b6a67e6a	0	完整阅读标题、栏目、全文并核对分块重复表示：乔布斯传记简介全文，无须修改。
public/pep-english/lessons/pephs1/006.json	pep-english	pephs1-006	Smart Homes to Make Life Easier	1.2.0	0	0	scanned	passed	json_valid	Codex	2026-10-01T12:51:43.837Z	0d18eb48195b7e1daae092c13c821b52983eac586ef22e614d2bb76c7d4a6b91	0d18eb48195b7e1daae092c13c821b52983eac586ef22e614d2bb76c7d4a6b91	0	完整阅读标题、栏目、全文并核对分块重复表示：智能家居五段，复合词完整无需修改。
public/pep-english/lessons/pephs1/007.json	pep-english	pephs1-007	Should We Fight New Technology?	1.2.0	0	0	scanned	passed	json_valid	Codex	2026-10-01T12:51:43.875Z	280276f3cab344ed6f5933327bea767c40e79c667f821f30f54912f514d0001b	280276f3cab344ed6f5933327bea767c40e79c667f821f30f54912f514d0001b	0	完整阅读标题、栏目、全文并核对分块重复表示：新技术争议四段，缩写和复合词正常。
public/pep-english/lessons/pephs1/008.json	pep-english	pephs1-008	A Letter from Future Bingbing	1.2.0	0	4	applied	edited	json_valid	Codex	2026-10-01T12:51:43.966Z	57656541cc670d4a4547a5ef5bc02efdcab380a026e5e03b85b5b77601ba80dd	d3dd780a8d54827b6096def744b45c74b66fd38acefad507639561b11c35a6e6	0	完整阅读标题、栏目、全文并核对分块重复表示：未来冰冰来信全文，补充交通方式说明的破折号间距。
public/pep-english/lessons/pephs1/009.json	pep-english	pephs1-009	Sarek National Park — Europe’s Hidden Natural Treasure	1.2.0	0	0	scanned	passed	json_valid	Codex	2026-10-01T12:51:44.002Z	e6c653ce3a5ac60c56c98c07968c9f72baf2a19fb3284230b26bee6794ff1394	e6c653ce3a5ac60c56c98c07968c9f72baf2a19fb3284230b26bee6794ff1394	0	完整阅读标题、栏目、全文并核对分块重复表示：萨勒克公园四段游记，时间和数量正常。
public/pep-english/lessons/pephs1/010.json	pep-english	pephs1-010	Theme Parks — Fun and More Than Fun	1.2.0	0	12	applied	needs_source_check	json_valid	Codex	2026-10-01T12:51:44.082Z	9dca265bbdb6b7eb060a0b8f089dbbee53e330f3285f26834e3cfd7f2e9bc4db	1cca09b47f40f2172e070f33977eca895519e0633396ab20b80083ede0ff092b	1	完整阅读标题、栏目、全文并核对分块重复表示：三座主题公园完整介绍，补充破折号间距；鲸鲨长度疑似来源问题另列。
public/pep-english/lessons/pephs1/011.json	pep-english	pephs1-011	Listening to How Bodies Talk	1.2.0	0	8	applied	edited	json_valid	Codex	2026-10-01T12:51:44.160Z	04b9ebc44f4ea688deefbea71dcb859824a45c62c6f0f7b38883544ece55ffb7	3539b1f11b35cfec6dcf7a32dcb136bbfe9d061d0eca03060f790eeb49b92daa	0	完整阅读标题、栏目、全文并核对分块重复表示：肢体语言六段，补充眼神接触插入语两侧间距。
public/pep-english/lessons/pephs1/012.json	pep-english	pephs1-012	Life Is a Stage	1.2.0	0	0	scanned	passed	json_valid	Codex	2026-10-01T12:51:44.195Z	a785f5846f6360ad2d68b9a83b01f8e644f0b7f023482348e67d6d516110b9a5	a785f5846f6360ad2d68b9a83b01f8e644f0b7f023482348e67d6d516110b9a5	0	完整阅读标题、栏目、全文并核对分块重复表示：生活舞台短文全文，引号与拟声词间距正常。
public/pep-english/lessons/pephs1/013.json	pep-english	pephs1-013	How Do I Know My Students?	1.2.0	0	0	scanned	passed	json_valid	Codex	2026-10-01T12:52:00.159Z	cee3c14dec2fe2f47bf423e45f81461d9449c3b19b8a68b41f9b58d455e828b7	cee3c14dec2fe2f47bf423e45f81461d9449c3b19b8a68b41f9b58d455e828b7	0	完整阅读标题、栏目、全文并核对分块重复表示：教师观察学生七段，保留 one-on-one。
public/pep-english/lessons/pephs1/014.json	pep-english	pephs1-014	A Pioneer for All People	1.2.0	0	0	scanned	passed	json_valid	Codex	2026-10-01T12:52:00.200Z	fc3cc92a5f31b526efebb4ad17dc0f65c3d8fe683025e7b0c821532e3ac0b69d	fc3cc92a5f31b526efebb4ad17dc0f65c3d8fe683025e7b0c821532e3ac0b69d	0	完整阅读标题、栏目、全文并核对分块重复表示：袁隆平六段传记，年份、产量与百分比正常。
public/pep-english/lessons/pephs1/015.json	pep-english	pephs1-015	A Green Life in the Countryside	1.2.0	0	0	scanned	passed	json_valid	Codex	2026-10-01T12:52:00.239Z	cb25abf6820eb986d5c992e87a5b2d7139f90523db894c6eb038942035585486	cb25abf6820eb986d5c992e87a5b2d7139f90523db894c6eb038942035585486	0	完整阅读标题、栏目、全文并核对分块重复表示：祖父母乡村生活全文，无须修改。
public/pep-english/lessons/pephs1/016.json	pep-english	pephs1-016	Chemical Versus Organic Farming	1.2.0	0	0	scanned	passed	json_valid	Codex	2026-10-01T12:52:00.279Z	610764288f818aa89fde57e0deaf52d0732ca658bd66bb0fd0dff14cf8722f07	610764288f818aa89fde57e0deaf52d0732ca658bd66bb0fd0dff14cf8722f07	0	完整阅读标题、栏目、全文并核对分块重复表示：化学与有机农业五段，缩写及复合词正常。
public/pep-english/lessons/pephs1/017.json	pep-english	pephs1-017	Huang Danian	1.2.0	0	0	scanned	passed	json_valid	Codex	2026-10-01T12:52:00.317Z	e74254a931fcb712a225bab6730d5ccac20a823bd8c3397b693011e72e837154	e74254a931fcb712a225bab6730d5ccac20a823bd8c3397b693011e72e837154	0	完整阅读标题、栏目、全文并核对分块重复表示：黄大年三段介绍，保留 deep-Earth。
public/pep-english/lessons/pephs1/018.json	pep-english	pephs1-018	The Teachers of Changyu Island	1.2.0	0	0	scanned	passed	json_valid	Codex	2026-10-01T12:52:00.354Z	29a37d3d0e835a12a9f1e7cebd0265ba22a90008baa04d21b47b62cc1d1004c1	29a37d3d0e835a12a9f1e7cebd0265ba22a90008baa04d21b47b62cc1d1004c1	0	完整阅读标题、栏目、全文并核对分块重复表示：长屿岛教师三段，数字间距正常。
public/pep-english/lessons/pephs1/019.json	pep-english	pephs1-019	My Mother, Liu Shurong	1.2.0	0	0	scanned	passed	json_valid	Codex	2026-10-01T12:52:00.393Z	14c37a5d0d49afac2a78f78647120d1ff5d8f0443d112f805c28d706f6e6135e	14c37a5d0d49afac2a78f78647120d1ff5d8f0443d112f805c28d706f6e6135e	0	完整阅读标题、栏目、全文并核对分块重复表示：母亲刘淑荣三段，年龄间距正常。
public/pep-english/lessons/pephs1/020.json	pep-english	pephs1-020	Three Days to See (Adapted)	1.2.0	0	0	scanned	passed	json_valid	Codex	2026-10-01T12:52:00.431Z	8f0fe22db40f7540e809bbc4fdd1129f8e2b849bad13770cd420b1a30c1aba0c	8f0fe22db40f7540e809bbc4fdd1129f8e2b849bad13770cd420b1a30c1aba0c	0	完整阅读标题、栏目、全文并核对分块重复表示：假如给我三天光明全部十二段，引用和分号边界正常。
public/pep-english/lessons/pephs1/021.json	pep-english	pephs1-021	Cloning: Where Is It Leading Us?	1.2.0	0	8	applied	edited	json_valid	Codex	2026-10-01T12:52:00.515Z	7e353fe0356f52c711c7d2bc36ca7220b8ec074c98e617430356634eb370daef	04da26432a2a81a8c85fefcf690d19570acd4859424b038576d0baeab5224f94	0	完整阅读标题、栏目、全文并核对分块重复表示：克隆六段含全部操作过程，补充两处解释性破折号间距。
public/pep-english/lessons/pephs1/022.json	pep-english	pephs1-022	Our Greatest Adventure	1.2.0	0	24	applied	edited	json_valid	Codex	2026-10-01T12:52:00.611Z	be4da2cf1121b94bd79af1078faac06df071a494ad27dab65658fc89c9916485	b9d6a766a3e07538495683b076983d95387b428702d8198b35e17f43b03141e0	0	完整阅读标题、栏目、全文并核对分块重复表示：未来技术八段，补充六处破折号间距。
public/pep-english/lessons/pephs1/023.json	pep-english	pephs1-023	A Holiday in Shangri-La	1.2.0	0	8	applied	edited	json_valid	Codex	2026-10-01T12:52:00.691Z	6d76836e49e41fde1099abedb90e033de7f33395b2bda77b7a224841c1f7254f	7d9792d07958a058e479e14554ea486fbfaf70537d5d0898583ce30de5b5d225	0	完整阅读标题、栏目、全文并核对分块重复表示：香格里拉来信全文含落款，补充地名插入语两侧空格。
public/pep-english/lessons/pephs1/024.json	pep-english	pephs1-024	National Parks — A Treasure House for Future Generations	1.2.0	0	14	applied	edited	json_valid	Codex	2026-10-01T12:52:00.777Z	1b69ed01cfecab4e123a9451bfee0964ca356194df99e14a0f70f42f4786ea98	c381f368a95962814e52655411d217de934f53266507b0d8e19286b2b10b9274	0	完整阅读标题、栏目、全文并核对分块重复表示：国家公园六段全部，标题与三处说明破折号补空格；温度和数量保留。
public/pep-english/lessons/pephs1/025.json	pep-english	pephs1-025	Animal Body Language	1.2.0	0	0	scanned	passed	json_valid	Codex	2026-10-01T12:52:13.342Z	b0c6ad80604a0c3597061b7b6115dc960a07ef2a26b9cce5d1a5a475751c5594	b0c6ad80604a0c3597061b7b6115dc960a07ef2a26b9cce5d1a5a475751c5594	0	完整阅读标题、栏目、全文并核对分块重复表示：狗、大象及海豚身体语言四段，列举和引号正常。
public/pep-english/lessons/pephs1/026.json	pep-english	pephs1-026	Being Funny Without Saying a Word	1.2.0	0	4	applied	edited	json_valid	Codex	2026-10-01T12:52:13.434Z	2fd96f9c1a91c3976d6ae6f4109c51e586edd696fac03146a2b6f13821bf898a	aab4f6877e18b4823aba400130951fd116267c0fca933732dfe3a59f248071c8	0	完整阅读标题、栏目、全文并核对分块重复表示：卓别林七段生平及电影说明，补充解释性破折号。
public/pep-english/lessons/pephs1/027.json	pep-english	pephs1-027	Better, Greener Lives Away from the City	1.2.0	0	0	scanned	passed	json_valid	Codex	2026-10-01T12:52:13.474Z	8dc11290ad5d98ea0f3dd687534d97d122a8ecdd327fd71aa1c19fad5adc3ae2	8dc11290ad5d98ea0f3dd687534d97d122a8ecdd327fd71aa1c19fad5adc3ae2	0	完整阅读标题、栏目、全文并核对分块重复表示：返乡创业四段，保留职业复合词。
public/pep-english/lessons/pephs1/028.json	pep-english	pephs1-028	Amazing Methods of Agriculture	1.2.0	0	4	applied	edited	json_valid	Codex	2026-10-01T12:52:13.563Z	290f87cf467294535fa5515221f8ead8f5d8e79fdcbb86438408a50b45852ff5	50e6ee9d9db8a8b68e12b1af6d29a59ac1053816df112a29c64e2f23d7876fa9	0	完整阅读标题、栏目、全文并核对分块重复表示：农业创新全部八段，补充低地说明破折号；连字符术语正常。
public/pep-english/lessons/pephs2/001.json	pep-english	pephs2-001	John Snow Defeats ‘King Cholera’	1.2.0	0	0	scanned	passed	json_valid	Codex	2026-10-01T12:52:13.601Z	d1cef71cfdb43a9638d3c8155ab9292ada628800784e86e12766e316a3de705c	d1cef71cfdb43a9638d3c8155ab9292ada628800784e86e12766e316a3de705c	0	完整阅读标题、栏目、全文并核对分块重复表示：约翰斯诺霍乱调查五段，全部门牌数字正常。
public/pep-english/lessons/pephs2/002.json	pep-english	pephs2-002	A Non-Newtonian Fluid	1.2.0	0	0	scanned	passed	json_valid	Codex	2026-10-01T12:52:13.638Z	c68034d7ecc5ec493b5fdb1cf66b9480470ce1376da1649eac98b4b2615d7ffa	c68034d7ecc5ec493b5fdb1cf66b9480470ce1376da1649eac98b4b2615d7ffa	0	完整阅读标题、栏目、全文并核对分块重复表示：非牛顿流体演示全文，保留 non-Newtonian。
public/pep-english/lessons/pephs2/003.json	pep-english	pephs2-003	The Father of China’s Aerospace	1.2.0	0	0	scanned	passed	json_valid	Codex	2026-10-01T12:52:13.687Z	1ced670cdc973d001be388451ffa2483ac98d4bdc95aee4588c3cb95d0a3e735	1ced670cdc973d001be388451ffa2483ac98d4bdc95aee4588c3cb95d0a3e735	0	完整阅读标题、栏目、全文并核对分块重复表示：钱学森七段生平，年份及专业复合词正常。
public/pep-english/lessons/pephs2/004.json	pep-english	pephs2-004	A World of Pure Thought	1.2.0	0	8	applied	edited	json_valid	Codex	2026-10-01T12:52:13.769Z	79b96f65d8dd6003f0dcb8e0484e9900de441edf954f7f89920da1615798fc74	2331e78b765580e707a92d2caf6165100eef5d1ac25c71904f58740a3e3a63ae	0	完整阅读标题、栏目、全文并核对分块重复表示：霍金三段介绍，补充两处插入语破折号间距。
public/pep-english/lessons/pephs2/005.json	pep-english	pephs2-005	Goldfish Shark-Fin	1.2.0	0	0	scanned	passed	json_valid	Codex	2026-10-01T12:52:13.804Z	fc502b2e1c0b4cb1cbd1e119551bd60b615e4c09d288707aa18964062ab6cdc5	fc502b2e1c0b4cb1cbd1e119551bd60b615e4c09d288707aa18964062ab6cdc5	0	完整阅读标题、栏目、全文并核对分块重复表示：金鱼鲨鱼鳍三轮广告对白，数字与产品名完整。
public/pep-english/lessons/pephs2/006.json	pep-english	pephs2-006	‘Welcome, Xie Lei!’ Business Student Building Bridges	1.2.0	0	0	scanned	passed	json_valid	Codex	2026-10-01T12:52:13.839Z	2e4471ee687158cd55b9573544cd6c77d4e504c502b77b80353f404b65ca533a	2e4471ee687158cd55b9573544cd6c77d4e504c502b77b80353f404b65ca533a	0	完整阅读标题、栏目、全文并核对分块重复表示：谢蕾留学八段，引号与年龄复合词正常。
public/pep-english/lessons/pephs2/007.json	pep-english	pephs2-007	Learning to Use Weak Forms	1.2.0	0	0	scanned	passed	json_valid	Codex	2026-10-01T12:52:13.874Z	84bb1392f71d91cd0229b7a890ef9fd8e93d26bb6389ade81bc8c86b78d17865	84bb1392f71d91cd0229b7a890ef9fd8e93d26bb6389ade81bc8c86b78d17865	0	完整阅读标题、栏目、全文并核对分块重复表示：弱读九轮对话，保留 /ə/ 与 /jə/ 音标内容。
public/pep-english/lessons/pephs2/008.json	pep-english	pephs2-008	Studying Abroad: The Disadvantages Are Greater	1.2.0	0	0	scanned	passed	json_valid	Codex	2026-10-01T12:52:13.909Z	df3f066957bbbeef7d29cac9099d526eb68358459aabf5038c64be58113ca4c1	df3f066957bbbeef7d29cac9099d526eb68358459aabf5038c64be58113ca4c1	0	完整阅读标题、栏目、全文并核对分块重复表示：留学弊端来信全文及落款，间距正常。
public/pep-english/lessons/pephs2/009.json	pep-english	pephs2-009	Studying Abroad: The Advantages Are Much Greater	1.2.0	0	0	scanned	passed	json_valid	Codex	2026-10-01T12:52:38.643Z	a68ac0e4a3222163ab0ddfd79902964664e3f83d371a35c0168449538e038e27	a68ac0e4a3222163ab0ddfd79902964664e3f83d371a35c0168449538e038e27	0	完整阅读标题、栏目、全文并核对分块重复表示：留学优势来信全文及落款，无须修改。
public/pep-english/lessons/pephs2/010.json	pep-english	pephs2-010	Culture and Cuisine	1.2.0	0	20	applied	edited	json_valid	Codex	2026-10-01T12:52:38.736Z	b225f9c46cec96b79d9a07bd7aba755b203d8c9e3874b8b95567b3ee6798b63c	b51d4a682813a2318ba339d2b232bc4579e9b212745fd37de4c1de03c2a9f7fe	0	完整阅读标题、栏目、全文并核对分块重复表示：饮食文化七段，补充五处插入语或说明破折号间距。
public/pep-english/lessons/pephs2/011.json	pep-english	pephs2-011	Healthy Eating	1.2.0	0	0	scanned	passed	json_valid	Codex	2026-10-01T12:52:38.781Z	341702e2e0ec4355c88d34454e41383f20848007b630c210472a4ad864ddfb1a	341702e2e0ec4355c88d34454e41383f20848007b630c210472a4ad864ddfb1a	0	完整阅读标题、栏目、全文并核对分块重复表示：健康饮食五段，保留百分数、1/3 和 100–150 范围。
public/pep-english/lessons/pephs2/012.json	pep-english	pephs2-012	Seeing the True North via Rail: Vancouver and the Heart of Canada	1.2.0	0	8	applied	edited	json_valid	Codex	2026-10-01T12:52:38.872Z	18814726b8fee89ebb2b7713bb77880dbd561c764c7583e8f891a99b30210cf2	3fe99fc730c8825bc520c8d76f0a24eef9383ee9021509a25a5d522d44fc37b3	0	完整阅读标题、栏目、全文并核对分块重复表示：温哥华至多伦多六段，补充两处地名说明破折号间距，保留温度和时间。
public/pep-english/lessons/pephs2/013.json	pep-english	pephs2-013	Seeing the True North via Rail: Toronto and Montreal	1.2.0	0	0	scanned	passed	json_valid	Codex	2026-10-01T12:52:38.910Z	468d3113c706207e7caaa5f418911d77ee926f6b9725fc0119814c464edd4705	468d3113c706207e7caaa5f418911d77ee926f6b9725fc0119814c464edd4705	0	完整阅读标题、栏目、全文并核对分块重复表示：多伦多与蒙特利尔全部十段，地名及法语人名完整。
public/pep-english/lessons/pephs2/014.json	pep-english	pephs2-014	First Aid for Burns	1.2.0	0	0	scanned	passed	json_valid	Codex	2026-10-01T12:52:38.952Z	210a448a9970255e2658a926b5fd83ee870eab7c575936654c6c9c55096990ca	210a448a9970255e2658a926b5fd83ee870eab7c575936654c6c9c55096990ca	0	完整阅读标题、栏目、全文并核对分块重复表示：烧伤分类、症状与六项步骤全文，编号及连字符正常。
public/pep-english/lessons/pephs2/015.json	pep-english	pephs2-015	AI and Human Beings	1.2.0	0	0	scanned	passed	json_valid	Codex	2026-10-01T12:52:39.005Z	9709a95a7cbab1872d2ef2de71a796fc90dd8ffb32cad72b5cc57e7d07c44751	9709a95a7cbab1872d2ef2de71a796fc90dd8ffb32cad72b5cc57e7d07c44751	0	完整阅读标题、栏目、全文并核对分块重复表示：人工智能五段全文，缩写及复合词正常。
public/pep-english/lessons/pephs2/016.json	pep-english	pephs2-016	Da Vinci’s World	1.2.0	0	4	applied	edited	json_valid	Codex	2026-10-01T12:52:39.088Z	0b5d1f51ede8a83e0d465f2a4acfc289446a8e604b222f6907721a566af075eb	18815641b0bfa48eadbe37c97939614ef89d2593b8d7cdcc5f2b120e9d62cf6c	0	完整阅读标题、栏目、全文并核对分块重复表示：达芬奇全部八段，补充艺术科学说明破折号间距。
public/pep-english/lessons/pephs2/017.json	pep-english	pephs2-017	Life in China	1.2.0	0	8	applied	edited	json_valid	Codex	2026-10-01T12:52:39.166Z	ca67eb84a8bde65ca0969da3cabd540b442eb94c61241846730b9ff068b855b2	c3d3486b50cff30ad99a72a05c6b82862a74f05721bec45e024a71258c192143	0	完整阅读标题、栏目、全文并核对分块重复表示：在中国生活来信全文及落款，补充两处说明破折号。
public/pep-english/lessons/pephs2/018.json	pep-english	pephs2-018	Zhan Tianyou: The Father of China’s Railroad	1.2.0	0	0	scanned	passed	json_valid	Codex	2026-10-01T12:52:39.202Z	a3f08248e90651d4007826231bc475c74d02662bfca1d191e7acce4cbfa8aaf0	a3f08248e90651d4007826231bc475c74d02662bfca1d191e7acce4cbfa8aaf0	0	完整阅读标题、栏目、全文并核对分块重复表示：詹天佑全部十段传记，保留学位缩写及年龄复合词。
public/pep-english/lessons/pephs2/019.json	pep-english	pephs2-019	Convenience Food or Fresh Food?	1.2.0	0	0	scanned	passed	json_valid	Codex	2026-10-01T12:52:39.241Z	86287d67ae82540bdc498948892edcec101cd7b497e247f022b94cc0dd91fdc4	86287d67ae82540bdc498948892edcec101cd7b497e247f022b94cc0dd91fdc4	0	完整阅读标题、栏目、全文并核对分块重复表示：方便食品或新鲜食物四段，年龄和引用间距正常。
public/pep-english/lessons/pephs2/020.json	pep-english	pephs2-020	Farm-to-Table	1.2.0	0	8	applied	edited	json_valid	Codex	2026-10-01T12:52:39.319Z	3ea87da15ef2b7b3181df4c454d35c7ab9f8a38b1e67c39eab18562cfb081882	e84c0ab4d84e1e6235e0fd3ab127b9beba5ed10b8997a3e7c7ae4ef8651f57c9	0	完整阅读标题、栏目、全文并核对分块重复表示：农场到餐桌全部九段，补充插入语两侧空格，保留复合词。
public/pep-english/lessons/pephs2/021.json	pep-english	pephs2-021	Xu Xiake’s Guilin	1.2.0	0	20	applied	edited	json_valid	Codex	2026-10-01T12:52:53.415Z	814d7313958d2be871662113dbea501ecb4d9de55fda2e53a4a93e240b90f229	576596be5df355235346c8a22893413f5f51deb7320d909c1337393a851f2cea	0	完整阅读标题、栏目、全文并核对分块重复表示：徐霞客桂林八段游记，补充五处破折号间距，保留生卒年范围。
public/pep-english/lessons/pephs2/022.json	pep-english	pephs2-022	Journeys by Dog Sled	1.2.0	0	32	applied	edited	json_valid	Codex	2026-10-01T12:52:53.509Z	508a58c18d2e72330349410d50eede4d375a3329104dd24966982bde41909723	21d9ce7218360d97b6c225d266ef3d53a173c74125106d732f858a73d3d68b6f	0	完整阅读标题、栏目、全文并核对分块重复表示：狗拉雪橇全部九段含两段小说引用，补充八处解释及插入语破折号空格。
public/pep-english/lessons/pephs2/023.json	pep-english	pephs2-023	Is Your Home Safe?	1.2.0	0	0	scanned	passed	json_valid	Codex	2026-10-01T12:52:53.553Z	2b88c6ccc7e05a92dd59131075c21159b7039a5e4d045a69060369a12783019d	2b88c6ccc7e05a92dd59131075c21159b7039a5e4d045a69060369a12783019d	0	完整阅读标题、栏目、全文并核对分块重复表示：居家安全六组全部条目，标题换行和复合词正常。
public/pep-english/lessons/pephs2/024.json	pep-english	pephs2-024	How One Man Made a Difference	1.2.0	0	4	applied	edited	json_valid	Codex	2026-10-01T12:52:53.642Z	a6328f5692c38f15565ea8f0a1db3b797a75365d772c930014755fa88d4e5185	d099a1fa4bb3d642712616f38cc807eb5ec39e7ec49c20b28e510eda00b1aba6	0	完整阅读标题、栏目、全文并核对分块重复表示：杜南与红十字会全部九段，补充引语中破折号间距。
public/pep-english/lessons/pephs3/001.json	pep-english	pephs3-001	A Short History of Western Painting	1.2.0	0	8	applied	edited	json_valid	Codex	2026-10-01T12:52:53.723Z	300a4e3ec964bcba4927c3255741d1224f7bb23bcc1283cf39efc4cc5eb62338	8d550d53d271e71944a55017f5f6903de060cf7ab0f99ee4389de9ca2f98c4ff	0	完整阅读标题、栏目、全文并核对分块重复表示：西方绘画史全部四时期及引言，补充印象派插入语间距，保留所有生卒年范围。
public/pep-english/lessons/pephs3/002.json	pep-english	pephs3-002	Ancient Chinese Art on Show	1.2.0	0	0	scanned	passed	json_valid	Codex	2026-10-01T12:52:53.759Z	154e50527e5d00323f8cc13ad00d304e634df4e32a4f2f10784a25838190de43	154e50527e5d00323f8cc13ad00d304e634df4e32a4f2f10784a25838190de43	0	完整阅读标题、栏目、全文并核对分块重复表示：中国艺术展全部介绍和参观说明，保留 BCE 年代范围、票价、时间。
public/pep-english/lessons/pephs3/003.json	pep-english	pephs3-003	Habits for a Healthy Lifestyle	1.2.0	0	0	scanned	passed	json_valid	Codex	2026-10-01T12:52:53.795Z	1f7124fe51210dd7c9a5d6538218138b5265b59cd1908744db3661ba4f9b333e	1f7124fe51210dd7c9a5d6538218138b5265b59cd1908744db3661ba4f9b333e	0	完整阅读标题、栏目、全文并核对分块重复表示：健康习惯全部段落与三步循环，括号和引号正常。
public/pep-english/lessons/pephs3/004.json	pep-english	pephs3-004	Changing My Lifestyle: Wang Lu’s Letter	1.2.0	0	0	scanned	passed	json_valid	Codex	2026-10-01T12:52:53.831Z	f2b08204d4b1f340c8e06c6765683cb824e40b75e10ef93d6ad177cbb98e10bf	f2b08204d4b1f340c8e06c6765683cb824e40b75e10ef93d6ad177cbb98e10bf	0	完整阅读标题、栏目、全文并核对分块重复表示：王璐改变生活来信全文及落款，数字及缩写正常。
public/pep-english/lessons/pephs3/005.json	pep-english	pephs3-005	Changing My Lifestyle: George Fielding’s Letter	1.2.0	0	0	scanned	passed	json_valid	Codex	2026-10-01T12:53:09.113Z	5cea7ecb915eae7ca250226b6c8def8a4b55fb550eff3c9aed84926d12998090	5cea7ecb915eae7ca250226b6c8def8a4b55fb550eff3c9aed84926d12998090	0	完整阅读标题、栏目、全文并核对分块重复表示：乔治改变生活来信全文及署名，无须修改。
public/pep-english/lessons/pephs3/006.json	pep-english	pephs3-006	Climate Change Requires the World’s Attention	1.2.0	0	0	scanned	passed	json_valid	Codex	2026-10-01T12:53:09.156Z	b729deb5dac68f2558d41ec9736c9477f2d28b5e9e14d3ad45afa42364b6ac63	b729deb5dac68f2558d41ec9736c9477f2d28b5e9e14d3ad45afa42364b6ac63	0	完整阅读标题、栏目、全文并核对分块重复表示：气候变化五段全文，复合词与引号正常。
public/pep-english/lessons/pephs3/007.json	pep-english	pephs3-007	Reducing Water Pollution in the Li River	1.2.0	0	0	scanned	passed	json_valid	Codex	2026-10-01T12:53:09.195Z	de9b28401159767508bc7ca6527cc72502a9e8a10c4c35ef41da13b90dc6d3a1	de9b28401159767508bc7ca6527cc72502a9e8a10c4c35ef41da13b90dc6d3a1	0	完整阅读标题、栏目、全文并核对分块重复表示：漓江水污染四段全文，方案名称及引用间距正常。
public/pep-english/lessons/pephs3/008.json	pep-english	pephs3-008	A Successful Failure	1.2.0	0	12	applied	edited	json_valid	Codex	2026-10-01T12:53:09.284Z	a8ca3297817f3f92bc13fc498ad9a774fefd62a755021f5c674d1365b0b49131	6ff3d88ca95f6939b2093553afcc7a6f8b61ed81224446270d571e63a83626ff	0	完整阅读标题、栏目、全文并核对分块重复表示：南极探险引言及三日日记全部，补充三处破折号间距。
public/pep-english/lessons/pephs3/009.json	pep-english	pephs3-009	The Reward for Perseverance	1.2.0	0	0	scanned	passed	json_valid	Codex	2026-10-01T12:53:09.321Z	d79b3b8a74a0d0325a834b75898a010842d42fe62cf2bf3fd280ff7005243d35	d79b3b8a74a0d0325a834b75898a010842d42fe62cf2bf3fd280ff7005243d35	0	完整阅读标题、栏目、全文并核对分块重复表示：坚忍回报六段全文，保留 twenty-two。
public/pep-english/lessons/pephs3/010.json	pep-english	pephs3-010	A Few Simple Forms of English Poems	1.2.0	0	0	scanned	needs_source_check	json_valid	Codex	2026-10-01T12:53:09.360Z	2a1ec6a99d5c2cf4222eb3d679aa3d203580477a3406ad4abb094cec664f9425	2a1ec6a99d5c2cf4222eb3d679aa3d203580477a3406ad4abb094cec664f9425	1	完整阅读标题、栏目、全文并核对分块重复表示：英文诗体介绍及全部六首示例完整阅读；词间已有空格，五行诗疑似行分隔缺失另列。
public/pep-english/lessons/pephs3/011.json	pep-english	pephs3-011	Robert and Elizabeth Barrett Browning	1.2.0	0	0	scanned	passed	json_valid	Codex	2026-10-01T12:53:09.398Z	401e8cdb2c71cec9d0e2bd50e042b98962173a576772b7bd7116327334904d99	401e8cdb2c71cec9d0e2bd50e042b98962173a576772b7bd7116327334904d99	0	完整阅读标题、栏目、全文并核对分块重复表示：勃朗宁夫妇介绍全文，年份及书名正常。
public/pep-english/lessons/pephs3/012.json	pep-english	pephs3-012	The Arrow and the Song (H. W. Longfellow)	1.2.0	0	0	scanned	passed	json_valid	Codex	2026-10-01T12:53:09.434Z	8d974946820e9030aa7847071a644905d4d40a3a8dee627800567a1137c9c28a	8d974946820e9030aa7847071a644905d4d40a3a8dee627800567a1137c9c28a	0	完整阅读标题、栏目、全文并核对分块重复表示：朗费罗诗六段全部，保留原诗换行。
public/pep-english/lessons/pephs3/013.json	pep-english	pephs3-013	Night (William Blake)	1.2.0	0	0	scanned	passed	json_valid	Codex	2026-10-01T12:53:09.471Z	ecf5f788648fb21d6e7baf819a8dc12cbbb3eb6442fbeea0cc9ed0a340ffd37e	ecf5f788648fb21d6e7baf819a8dc12cbbb3eb6442fbeea0cc9ed0a340ffd37e	0	完整阅读标题、栏目、全文并核对分块重复表示：布莱克诗六段全部，保留原诗换行。
public/pep-english/lessons/pephs3/014.json	pep-english	pephs3-014	Wind on the Hill (A. A. Milne)	1.2.0	0	0	scanned	passed	json_valid	Codex	2026-10-01T12:53:23.021Z	c8efeeaf717538f0646c4c860da42b0e3f8719cab792c03291a5a663f18e98dc	c8efeeaf717538f0646c4c860da42b0e3f8719cab792c03291a5a663f18e98dc	0	完整阅读标题、栏目、全文并核对分块重复表示：山上的风全诗，词间距正常，保留现有诗段换行。
public/pep-english/lessons/pephs3/015.json	pep-english	pephs3-015	Dream (Langston Hughes)	1.2.0	0	0	scanned	needs_source_check	json_valid	Codex	2026-10-01T12:53:23.062Z	b125390912bd589005c71269a80e9d0a1ae50bd927d082ca1fce88032473fc7e	b125390912bd589005c71269a80e9d0a1ae50bd927d082ca1fce88032473fc7e	1	完整阅读标题、栏目、全文并核对分块重复表示：梦全诗，词间距正常；与赏析所述八行版式不同另记来源核对。
public/pep-english/lessons/pephs3/016.json	pep-english	pephs3-016	A Match (A. C. Swinburne)	1.2.0	0	0	scanned	passed	json_valid	Codex	2026-10-01T12:53:23.100Z	4b93bf4cc7b7c92cbaf063a77c42252dc968d324091f5806a00aa391faef4046	4b93bf4cc7b7c92cbaf063a77c42252dc968d324091f5806a00aa391faef4046	0	完整阅读标题、栏目、全文并核对分块重复表示：配偶全诗，词间距正常，保留现有诗段换行。
public/pep-english/lessons/pephs3/017.json	pep-english	pephs3-017	Appreciating the Poem Dream	1.2.0	0	8	applied	edited	json_valid	Codex	2026-10-01T12:53:23.187Z	eedb8c07b2dbb8fdc15be480517ac0daa6ebdf844971d2ccc8e5110feb335f10	b8cb98ef9d706995a730959ef9ae41cf960bde0b5b03b6a29a1d6d0e5b8b33c3	0	完整阅读标题、栏目、全文并核对分块重复表示：梦的赏析四段，补充两处引语解释破折号间距。
public/pep-english/lessons/pephs3/018.json	pep-english	pephs3-018	What Is Free Verse?	1.2.0	0	0	scanned	passed	json_valid	Codex	2026-10-01T12:53:23.226Z	3c2d0348b9bed1bb23d8e2119358746c788c887b6d9a502cbde9e8e0aedcb5af	3c2d0348b9bed1bb23d8e2119358746c788c887b6d9a502cbde9e8e0aedcb5af	0	完整阅读标题、栏目、全文并核对分块重复表示：自由诗五轮对话，间距正常。
public/pep-english/lessons/pephs3/019.json	pep-english	pephs3-019	Who Was Langston Hughes?	1.2.0	0	0	scanned	passed	json_valid	Codex	2026-10-01T12:53:23.262Z	802902189a05b86a9ed42db87e18a7f72362274f25026474aa2fb4506a8b474d	802902189a05b86a9ed42db87e18a7f72362274f25026474aa2fb4506a8b474d	0	完整阅读标题、栏目、全文并核对分块重复表示：兰斯顿休斯六轮对话，复合词正常。
public/pep-english/lessons/pephs3/020.json	pep-english	pephs3-020	The Starry Night	1.2.0	0	0	scanned	passed	json_valid	Codex	2026-10-01T12:53:23.300Z	b222fd4c4793818eda56deb32524f60af9e1f21d16598244d318e7dfe680e5e6	b222fd4c4793818eda56deb32524f60af9e1f21d16598244d318e7dfe680e5e6	0	完整阅读标题、栏目、全文并核对分块重复表示：星夜三段赏析，生卒年及复合词正常。
public/pep-english/lessons/pephs3/021.json	pep-english	pephs3-021	Michelangelo’s David	1.2.0	0	8	applied	edited	json_valid	Codex	2026-10-01T12:53:23.390Z	e3f22c7100cd46190c231e8ef0dff00f9f1747bb5fe4943da0eea59bc77e0a1e	ba71e692f0a4ca2cc006a356306d63c683c66d5ced4abe46abea4f69a297d789	0	完整阅读标题、栏目、全文并核对分块重复表示：大卫雕像全部八段，补充两处解释性破折号间距，保留生卒年。
public/pep-english/lessons/pephs3/022.json	pep-english	pephs3-022	Planning a Balanced Diet	1.2.0	0	4	applied	edited	json_valid	Codex	2026-10-01T12:53:23.478Z	f051e2defd9016cae334f2fa157fd2627b8f46bb717e5e837088b64e5b271143	4a88bcee9d582715672d16bfa4e1108ca592f0cd428d5e57da7e1380e2dd38fe	0	完整阅读标题、栏目、全文并核对分块重复表示：均衡膳食全文，补充金字塔解释破折号间距。
public/pep-english/lessons/pephs3/023.json	pep-english	pephs3-023	My Experiences with Computer Games	1.2.0	0	0	scanned	passed	json_valid	Codex	2026-10-01T12:53:23.513Z	d0d47a1417507c5f13e7ccdad90e7e3156faf82061ff1c38482071c927b6df1c	d0d47a1417507c5f13e7ccdad90e7e3156faf82061ff1c38482071c927b6df1c	0	完整阅读标题、栏目、全文并核对分块重复表示：电脑游戏经历五段，引用及单词边界正常。
public/pep-english/lessons/pephs3/024.json	pep-english	pephs3-024	The Experiment (adapted from Little Women by Louisa May Alcott)	1.2.0	0	0	scanned	passed	json_valid	Codex	2026-10-01T12:53:38.506Z	c872d9d632e8c4af8d64f292e48f94512b1f1154f5acd349e8abb99b702fa4da	c872d9d632e8c4af8d64f292e48f94512b1f1154f5acd349e8abb99b702fa4da	0	完整阅读标题、栏目、全文并核对分块重复表示：小妇人实验节选全部对白和叙事，句界间距正常。
public/pep-english/lessons/pephs3/025.json	pep-english	pephs3-025	Small Waste, Big Problem	1.2.0	0	0	scanned	passed	json_valid	Codex	2026-10-01T12:53:38.556Z	59ab977bc65f093e8ea6e3214bf8a8733c95f2600e374a6a319d58a5ce46a422	59ab977bc65f093e8ea6e3214bf8a8733c95f2600e374a6a319d58a5ce46a422	0	完整阅读标题、栏目、全文并核对分块重复表示：小垃圾五段，保留小数与 bag-for-life。
public/pep-english/lessons/pephs3/026.json	pep-english	pephs3-026	A Clean, Green Energy Future	1.2.0	0	0	scanned	passed	json_valid	Codex	2026-10-01T12:53:38.601Z	948a8368a2b0e51f4be97a3274891184e014232ac68c6aa99e16d1604b1f83ef	948a8368a2b0e51f4be97a3274891184e014232ac68c6aa99e16d1604b1f83ef	0	完整阅读标题、栏目、全文并核对分块重复表示：绿色能源引言、五类能源及利弊全部内容，数量百分数正常。
public/pep-english/lessons/pephs3/027.json	pep-english	pephs3-027	Fan Zhongyan	1.2.0	0	0	scanned	passed	json_valid	Codex	2026-10-01T12:53:38.641Z	f08fc48be574a746b93fd196db0c6cce6db0e339ca6c8d3835ccc78501afee53	f08fc48be574a746b93fd196db0c6cce6db0e339ca6c8d3835ccc78501afee53	0	完整阅读标题、栏目、全文并核对分块重复表示：范仲淹七段传记，保留生卒年范围及引用。
public/pep-english/lessons/pephs3/028.json	pep-english	pephs3-028	An Excerpt from The Old Man and the Sea (adapted from Ernest Hemingway)	1.2.0	0	0	scanned	passed	json_valid	Codex	2026-10-01T12:53:38.681Z	e5fd7e8aecfc3b7cc99efcf5cdb7edbbf30940e2b2c7a34e08caf8d8c1269d8d	e5fd7e8aecfc3b7cc99efcf5cdb7edbbf30940e2b2c7a34e08caf8d8c1269d8d	0	完整阅读标题、栏目、全文并核对分块重复表示：老人与海节选全部十八段，保留 Three-quarters 及内心独白标点。
public/pep-english/lessons/pephs3/029.json	pep-english	pephs3-029	Auld Lang Syne (excerpt by Robert Burns)	1.2.0	0	0	scanned	passed	json_valid	Codex	2026-10-01T12:53:38.719Z	139188535648fbaab5aa623aff62a614ac05ec89950edda5c2385a2614579421	139188535648fbaab5aa623aff62a614ac05ec89950edda5c2385a2614579421	0	完整阅读标题、栏目、全文并核对分块重复表示：友谊地久天长七段节选，词间距和省略撇号正常。
public/pep-english/lessons/pephs3/030.json	pep-english	pephs3-030	Exploring Poetry in China	1.2.0	0	0	scanned	passed	json_valid	Codex	2026-10-01T12:53:38.762Z	572a7d4d13c04583b2e197b975b8bf6cbf5a41c9685db6195330c42341e44e74	572a7d4d13c04583b2e197b975b8bf6cbf5a41c9685db6195330c42341e44e74	0	完整阅读标题、栏目、全文并核对分块重复表示：中国诗歌七段含结尾诗句，保留生卒年范围和现有换行。
public/pep-english/lessons/pephs3/031.json	pep-english	pephs3-031	Spring Morning (Meng Haoran; translated by Xu Yuanchong)	1.2.0	0	0	scanned	passed	json_valid	Codex	2026-10-01T12:53:53.864Z	40c5ced05f56f6c6f9b698297565188bd3d34fa35ac0a9f6e5f4aaabe724399a	40c5ced05f56f6c6f9b698297565188bd3d34fa35ac0a9f6e5f4aaabe724399a	0	完整阅读标题、栏目、全文并核对分块重复表示：春晓英文译诗全文，保留现有换行。
public/pep-english/lessons/pephs3/032.json	pep-english	pephs3-032	On the Stork Tower (Wang Zhihuan; translated by Xu Yuanchong)	1.2.0	0	0	scanned	passed	json_valid	Codex	2026-10-01T12:53:53.906Z	55e9760d7328eb11e165be478c2a9956d50f10086fc26c77014511dae25c4c4b	55e9760d7328eb11e165be478c2a9956d50f10086fc26c77014511dae25c4c4b	0	完整阅读标题、栏目、全文并核对分块重复表示：登鹳雀楼英文译诗全文，保留现有换行。
public/pep-english/lessons/pephs3/033.json	pep-english	pephs3-033	The Road Not Taken (Robert Frost)	1.2.0	0	2	applied	edited	json_valid	Codex	2026-10-01T12:53:53.998Z	70ce822712107c3c824dcf23c2a451eab93a8e48fe2ef9d28f17aed316d892e4	59042f0f198ff1d95e61e175fbdfd21ad35d13dde7ccac9862cd754813d419f0	0	完整阅读标题、栏目、全文并核对分块重复表示：未选择的路全诗，补充末段破折号前空格，保留后侧现有空格。
public/pep-english/lessons/pephs3/034.json	pep-english	pephs3-034	The Gift (Tagore)	1.2.0	0	0	scanned	passed	json_valid	Codex	2026-10-01T12:53:54.036Z	a7e34403fc7bafb5eb6de0d055e635490ab150d7bd5e7895f7437e3e83f18e48	a7e34403fc7bafb5eb6de0d055e635490ab150d7bd5e7895f7437e3e83f18e48	0	完整阅读标题、栏目、全文并核对分块重复表示：泰戈尔赠礼全诗七段，词间距正常。
public/pep-english/lessons/pephs3/035.json	pep-english	pephs3-035	On Children (Kahlil Gibran)	1.2.0	0	0	scanned	passed	json_valid	Codex	2026-10-01T12:53:54.076Z	17783918c13181d83cebaea0cf7c9b5c991b578e88ad6fe843c6b62663c3e205	17783918c13181d83cebaea0cf7c9b5c991b578e88ad6fe843c6b62663c3e205	0	完整阅读标题、栏目、全文并核对分块重复表示：纪伯伦论孩子全诗十一段，词间距正常。
public/pep-english/lessons/pephs4/001.json	pep-english	pephs4-001	Satisfaction Guaranteed (Adapted from Isaac Asimov)	1.2.0	0	0	scanned	passed	json_valid	Codex	2026-10-01T12:53:54.123Z	ad5d64dba1514d8ffbb37769684a1e69161c10d5de93f47a32f360338212d214	ad5d64dba1514d8ffbb37769684a1e69161c10d5de93f47a32f360338212d214	0	完整阅读标题、栏目、全文并核对分块重复表示：包君满意九段全文，对话及人名间距正常。
public/pep-english/lessons/pephs4/002.json	pep-english	pephs4-002	The Time Machine (Adapted from H. G. Wells)	1.2.0	0	0	scanned	needs_source_check	json_valid	Codex	2026-10-01T12:53:54.168Z	ed843f32fb7791ac1fbf15290ca2adc9739dc1138e909277b6d9e40203575846	ed843f32fb7791ac1fbf15290ca2adc9739dc1138e909277b6d9e40203575846	1	完整阅读标题、栏目、全文并核对分块重复表示：时间机器五段全文，单词边界正常；昼夜描述疑似漏词另列。
public/pep-english/lessons/pephs4/003.json	pep-english	pephs4-003	Experience the Iconic Features of Australia	1.2.0	0	0	scanned	passed	json_valid	Codex	2026-10-01T12:53:54.205Z	202198514de55f8e4d09893aafa1b7a67091fd32d5b42eece6131adcb60d92ea	202198514de55f8e4d09893aafa1b7a67091fd32d5b42eece6131adcb60d92ea	0	完整阅读标题、栏目、全文并核对分块重复表示：澳大利亚旅行四日期全部九段，日期和复合词正常。
public/pep-english/lessons/pephs4/004.json	pep-english	pephs4-004	The Amazing Animals of Australia	1.2.0	0	8	applied	edited	json_valid	Codex	2026-10-01T12:53:54.303Z	d7b2fb6fb1404cf1d30ef2a1100c9407e453d69e1af56a6d684f13a5da8b5c36	1a7f1264d70bc6225f3ab5292b41d68a487f61671203062efde0bbb0799e2fcb	0	完整阅读标题、栏目、全文并核对分块重复表示：澳大利亚动物四组问答全文，补充育儿袋插入语两侧间距。
public/pep-english/lessons/pephs4/005.json	pep-english	pephs4-005	Dujiangyan	1.2.0	0	0	scanned	passed	json_valid	Codex	2026-10-01T12:54:09.296Z	1b1737145f7c2e679b332a7394e25e7459af629e74dba6b1a0d56150141efceb	1b1737145f7c2e679b332a7394e25e7459af629e74dba6b1a0d56150141efceb	0	完整阅读标题、栏目、全文并核对分块重复表示：都江堰全文，BCE 和数量间距正常。
public/pep-english/lessons/pephs4/006.json	pep-english	pephs4-006	Reaching Out Across the Sea	1.2.0	0	0	scanned	passed	json_valid	Codex	2026-10-01T12:54:09.339Z	69c70352cd3c032af166a0e8e8148e86750722d974e4e031448b5238857ddf4f	69c70352cd3c032af166a0e8e8148e86750722d974e4e031448b5238857ddf4f	0	完整阅读标题、栏目、全文并核对分块重复表示：海上探索七段，年份及专名完整。
public/pep-english/lessons/pephs4/007.json	pep-english	pephs4-007	The Case Against More Sea Exploration	1.2.0	0	0	scanned	passed	json_valid	Codex	2026-10-01T12:54:09.377Z	7503dd84082226c85590015ac1348cd2defe4e5668f9ade1c92bbcac8dab1e3d	7503dd84082226c85590015ac1348cd2defe4e5668f9ade1c92bbcac8dab1e3d	0	完整阅读标题、栏目、全文并核对分块重复表示：反对海洋开发五段，数量和复合词正常。
public/pep-english/lessons/pephs4/008.json	pep-english	pephs4-008	The Case for Sea Exploration	1.2.0	0	0	scanned	passed	json_valid	Codex	2026-10-01T12:54:09.416Z	9c70981f315da100587faab37cddfe151755dec01506aee944fab9eda6521d26	9c70981f315da100587faab37cddfe151755dec01506aee944fab9eda6521d26	0	完整阅读标题、栏目、全文并核对分块重复表示：支持海洋探索四段，无须修改。
public/pep-english/lessons/pephs4/009.json	pep-english	pephs4-009	World Oceans Day	1.2.0	0	0	scanned	passed	json_valid	Codex	2026-10-01T12:54:09.453Z	fd08e37374ae006fe589f7b99f2314ecbb8fd299ab3903b870bd9516d2df26e1	fd08e37374ae006fe589f7b99f2314ecbb8fd299ab3903b870bd9516d2df26e1	0	完整阅读标题、栏目、全文并核对分块重复表示：世界海洋日三段，日期及主题引用正常。
public/pep-english/lessons/pephs4/010.json	pep-english	pephs4-010	Volunteering in the Bush	1.2.0	0	16	applied	edited	json_valid	Codex	2026-10-01T12:54:09.548Z	414c5dfb483c32f2fa71c7deb41ed78296023b2e473b13d504bdda50cd652c99	f80812ee4c4a78a6b9ec5feab0ec4b7a2c7d800e618930fffb34a0d52c602fb8	0	完整阅读标题、栏目、全文并核对分块重复表示：丛林志愿者两篇日记八段，补充四处插入语与说明破折号空格。
public/pep-english/lessons/pephs4/011.json	pep-english	pephs4-011	Volunteering at an Animal Shelter	1.2.0	0	8	applied	edited	json_valid	Codex	2026-10-01T12:54:09.631Z	6dae9d6187864406ef2fe5c5df10b18a0e8d6deb0c624b1756e11818f8e77fe1	96d57c266e382352fd709517d8567e4171acfe6ceef1c407f1e529c9179bdbae	0	完整阅读标题、栏目、全文并核对分块重复表示：动物收容所全部对话，补充两处破折号空格；同段双角色已有空格，保留换行。
public/pep-english/lessons/pephs4/012.json	pep-english	pephs4-012	Is China’s Aid to Other Countries Worth It?	1.2.0	0	0	scanned	passed	json_valid	Codex	2026-10-01T12:54:09.682Z	58e0bfc574780a008b2bb25c3b43831946a9c0bf4a17a6a986e0a058346ae7be	58e0bfc574780a008b2bb25c3b43831946a9c0bf4a17a6a986e0a058346ae7be	0	完整阅读标题、栏目、全文并核对分块重复表示：中国援外演讲八段，引用及复合词正常。
public/pep-english/lessons/pephs4/013.json	pep-english	pephs4-013	People’s Shoes	1.2.0	0	0	scanned	passed	json_valid	Codex	2026-10-01T12:54:28.590Z	8579504cfdcdb018f762e1b83c22bafc4fd27881a421e7658263dbb9bbc4cb34	8579504cfdcdb018f762e1b83c22bafc4fd27881a421e7658263dbb9bbc4cb34	0	完整阅读标题、栏目、全文并核对分块重复表示：公益鞋公司四组问答，数字正常。
public/pep-english/lessons/pephs4/014.json	pep-english	pephs4-014	China Exchange	1.2.0	0	0	scanned	passed	json_valid	Codex	2026-10-01T12:54:28.637Z	957c63d7ad440eb74c955a37ff396d99a6819d0204fd1e51dd6686cd3d4a2507	957c63d7ad440eb74c955a37ff396d99a6819d0204fd1e51dd6686cd3d4a2507	0	完整阅读标题、栏目、全文并核对分块重复表示：中国交流组织四组问答，无须修改。
public/pep-english/lessons/pephs4/015.json	pep-english	pephs4-015	Working Out What You Want to Do	1.2.0	0	8	applied	edited	json_valid	Codex	2026-10-01T12:54:28.731Z	925fcc4c05b13f4b5063b08a3967a32213178f299d8eef7660bfff3c17bb6fde	c34987424d567a8dceda4cbeb656f5bc4f747faee29d4d2072c326b79ed6e54c	0	完整阅读标题、栏目、全文并核对分块重复表示：职业规划七段，补充插入语两侧破折号间距。
public/pep-english/lessons/pephs4/016.json	pep-english	pephs4-016	Build up your vocabulary	1.2.0	0	0	scanned	needs_source_check	json_valid	Codex	2026-10-01T12:54:28.772Z	1292a25a3adc2c42e0e2261b10adff3bb825d28ed3b15c26d31a655c9f3043e3	1292a25a3adc2c42e0e2261b10adff3bb825d28ed3b15c26d31a655c9f3043e3	9	完整阅读标题、栏目、全文并核对分块重复表示：职业词汇练习全文，发现断词和多处无占位符的缺词；保留并逐处标注。
public/pep-english/lessons/pephs4/017.json	pep-english	pephs4-017	Summer Camp Helpers Wanted!	1.2.0	0	0	scanned	passed	json_valid	Codex	2026-10-01T12:54:28.808Z	c28aa34884f0c310fdd80add6d380a2c80146be08640b20de3fe4efb725b1949	c28aa34884f0c310fdd80add6d380a2c80146be08640b20de3fe4efb725b1949	0	完整阅读标题、栏目、全文并核对分块重复表示：夏令营招聘全文及五项要求，保留邮箱和 and/or。
public/pep-english/lessons/pephs4/018.json	pep-english	pephs4-018	Kelly Xu’s Cover Letter	1.2.0	0	0	scanned	passed	json_valid	Codex	2026-10-01T12:54:28.848Z	99b7cb37f00f7d6ed31a113f5e257798dea8aa6fe91f3cb975ad523df01c1ee5	99b7cb37f00f7d6ed31a113f5e257798dea8aa6fe91f3cb975ad523df01c1ee5	0	完整阅读标题、栏目、全文并核对分块重复表示：Kelly 求职信全文及落款，复合词与称呼正常。
public/pep-english/lessons/pephs4/019.json	pep-english	pephs4-019	Kelly Xu’s CV	1.2.0	0	0	scanned	passed	json_valid	Codex	2026-10-01T12:54:28.885Z	4aeb67ee82c549766d9372ffa9b65d2650182be22d331abc70fa5b3ab2b0b7d9	4aeb67ee82c549766d9372ffa9b65d2650182be22d331abc70fa5b3ab2b0b7d9	0	完整阅读标题、栏目、全文并核对分块重复表示：Kelly 简历全部栏目，保留邮箱、电话、日期范围和已有列表换行。
public/pep-english/lessons/pephs4/020.json	pep-english	pephs4-020	Make High School Count!	1.2.0	0	0	scanned	passed	json_valid	Codex	2026-10-01T12:54:28.922Z	8f078034880f70200c02e85d5b86ef9c3a1fbe7628abebf7010d6d48bb314dc1	8f078034880f70200c02e85d5b86ef9c3a1fbe7628abebf7010d6d48bb314dc1	0	完整阅读标题、栏目、全文并核对分块重复表示：高中努力建议全文，单词与句界间距正常。
public/pep-english/lessons/pephs4/021.json	pep-english	pephs4-021	Using Words and Expressions	1.2.0	0	0	scanned	needs_source_check	json_valid	Codex	2026-10-01T12:54:45.243Z	d617c9b60e308fbffc92b08482c05fad515728afb54a6fb358da01a61fb8a44e	d617c9b60e308fbffc92b08482c05fad515728afb54a6fb358da01a61fb8a44e	1	完整阅读标题、栏目、全文并核对分块重复表示：词汇练习全文，双栏串行及大量词内断空格，保留并标注整段问题。
public/pep-english/lessons/pephs4/022.json	pep-english	pephs4-022	Previously on The Evos	1.2.0	0	0	scanned	passed	json_valid	Codex	2026-10-01T12:54:45.284Z	38405e05811c496950bbfe48c41a42a252b0c7bfb20fb43db8f09f26f5a701b2	38405e05811c496950bbfe48c41a42a252b0c7bfb20fb43db8f09f26f5a701b2	0	完整阅读标题、栏目、全文并核对分块重复表示：Evos 剧情回顾全文，专名及省略号正常。
public/pep-english/lessons/pephs4/023.json	pep-english	pephs4-023	Journey to the Centre of the Earth	1.2.0	0	0	scanned	passed	json_valid	Codex	2026-10-01T12:54:45.329Z	84a41432646aa4a125af85e4c02012ecfb044ddc576d287c78d8373f1a007750	84a41432646aa4a125af85e4c02012ecfb044ddc576d287c78d8373f1a007750	0	完整阅读标题、栏目、全文并核对分块重复表示：地心游记全部十四段，对白和省略号边界正常。
public/pep-english/lessons/pephs4/024.json	pep-english	pephs4-024	Science Fiction or Science Fact?	1.2.0	0	0	scanned	passed	json_valid	Codex	2026-10-01T12:54:45.373Z	c28effa2ebfdc3693e7b30563a2cbab57fd12affd33d64f69e7a35ddea992b39	c28effa2ebfdc3693e7b30563a2cbab57fd12affd33d64f69e7a35ddea992b39	0	完整阅读标题、栏目、全文并核对分块重复表示：科幻与科学六段，保留 sci-fi 与 space-time。
public/pep-english/lessons/pephs4/025.json	pep-english	pephs4-025	In the film, such a "wormhole" mysteriously appears near	1.2.0	0	0	scanned	needs_source_check	json_valid	Codex	2026-10-01T12:54:45.411Z	dc62510c206731092a3d5361d6215b2fca691c1f7650c3e3ef62ca4e88573c79	dc62510c206731092a3d5361d6215b2fca691c1f7650c3e3ef62ca4e88573c79	2	完整阅读标题、栏目、全文并核对分块重复表示：完整读取现有四段；标题及起始句截断，并与前篇内容重复，记来源核对。
public/pep-english/lessons/pephs4/026.json	pep-english	pephs4-026	Using Structures	1.2.0	0	0	scanned	needs_source_check	json_valid	Codex	2026-10-01T12:54:45.451Z	2553324ba8a75dda36f4d4303efbb1ccbb8f702c869d84edc0ff15a1591522ba	2553324ba8a75dda36f4d4303efbb1ccbb8f702c869d84edc0ff15a1591522ba	1	完整阅读标题、栏目、全文并核对分块重复表示：语法练习全文，练习词表与岩画正文交错且大量断词，保留并记来源核对。
public/pep-english/lessons/pephs4/027.json	pep-english	pephs4-027	What’s Cooking in Australia?	1.2.0	0	8	applied	edited	json_valid	Codex	2026-10-01T12:54:45.537Z	d577ff1a6be25e4fea86598b7ab27a3c661b7db4302f82da166044491e624816	8e1cfdc5f35f8fd89ae92bddd7994b94841f2ba3276d737eb39856ef3dac230a	0	完整阅读标题、栏目、全文并核对分块重复表示：澳大利亚烹饪五段，补充插入语两侧间距。
public/pep-english/lessons/pephs4/028.json	pep-english	pephs4-028	Pavlova	1.2.0	0	0	scanned	passed	json_valid	Codex	2026-10-01T12:54:45.576Z	64d9c067e4a588b9a134abdcfbc944b7af47ac4a86161903653e90779ca42a6f	64d9c067e4a588b9a134abdcfbc944b7af47ac4a86161903653e90779ca42a6f	0	完整阅读标题、栏目、全文并核对分块重复表示：帕夫洛娃甜点简介、全部食材和做法，保留分数温度和换行。
public/pep-english/lessons/pephs4/029.json	pep-english	pephs4-029	outside. Casual friendliness is the key to such meals. It is a	1.2.0	0	8	applied	needs_source_check	json_valid	Codex	2026-10-01T12:55:01.712Z	10fb76c6dcf35982aacdf8ee468f644806937ff6048f914e6485507bb606d006	5739b8803e6c9630a84ab438d9539536438701d025f6c0d96217d3cdf65cf470	1	完整阅读标题、栏目、全文并核对分块重复表示：现有烹饪两段全部读取，补充破折号间距；标题截断且拼接前两篇片段，另记来源问题。
public/pep-english/lessons/pephs4/030.json	pep-english	pephs4-030	The Kiwi	1.2.0	0	0	scanned	passed	json_valid	Codex	2026-10-01T12:55:01.754Z	d4239a08447ca46350f7ed852db224c2a85b406d8bb8cea671b5061ff456c45c	d4239a08447ca46350f7ed852db224c2a85b406d8bb8cea671b5061ff456c45c	0	完整阅读标题、栏目、全文并核对分块重复表示：Kiwi 五段介绍，标题小标题及复合词正常。
public/pep-english/lessons/pephs4/031.json	pep-english	pephs4-031	The Thorn Birds (Adapted)	1.2.0	0	0	scanned	passed	json_valid	Codex	2026-10-01T12:55:01.794Z	c5e888782b2ca13f5493428c2f04efd23a3868aa480e29e6c46cd7797433cdb9	c5e888782b2ca13f5493428c2f04efd23a3868aa480e29e6c46cd7797433cdb9	0	完整阅读标题、栏目、全文并核对分块重复表示：荆棘鸟六段节选，全部动物颜色复合词及分号正常。
public/pep-english/lessons/pephs4/032.json	pep-english	pephs4-032	Using Structures 3 Complete the news report below	1.2.0	0	0	scanned	needs_source_check	json_valid	Codex	2026-10-01T12:55:01.834Z	725efd210e591df44ed0bb28a8c046d8671858470052982901e8dd1a667f93b9	725efd210e591df44ed0bb28a8c046d8671858470052982901e8dd1a667f93b9	1	完整阅读标题、栏目、全文并核对分块重复表示：语法练习全文，计算机人物与深海任务两栏串行，原有词内断空格记待核对。
public/pep-english/lessons/pephs4/033.json	pep-english	pephs4-033	Man Lucky to Be Alive After Shallow-Water Shark Attack	1.2.0	0	0	scanned	passed	json_valid	Codex	2026-10-01T12:55:01.879Z	84c752bacc38bcb5cb94d9324954d1b48f05c28c857a0d19f62595715bfaaa51	84c752bacc38bcb5cb94d9324954d1b48f05c28c857a0d19f62595715bfaaa51	0	完整阅读标题、栏目、全文并核对分块重复表示：浅水鲨鱼袭击短讯全文，保留单位间距及标题复合词。
public/pep-english/lessons/pephs4/034.json	pep-english	pephs4-034	Sherry Wilson’s Shark Attack	1.2.0	0	0	scanned	passed	json_valid	Codex	2026-10-01T12:55:01.917Z	48f4841fecf6c11c3eca9efaa7a846544d696454e80e4de0d0b6054c9b7fe9fd	48f4841fecf6c11c3eca9efaa7a846544d696454e80e4de0d0b6054c9b7fe9fd	0	完整阅读标题、栏目、全文并核对分块重复表示：Sherry 遭鲨鱼袭击短讯全文，保留年龄复合词。
public/pep-english/lessons/pephs4/035.json	pep-english	pephs4-035	Two-Metre Shark Attack While Snorkelling	1.2.0	0	0	scanned	passed	json_valid	Codex	2026-10-01T12:55:01.954Z	19663e3ef95904010efb88506f2ea7d03aa6385b3a91bffb2c115f56e9ce1e67	19663e3ef95904010efb88506f2ea7d03aa6385b3a91bffb2c115f56e9ce1e67	0	完整阅读标题、栏目、全文并核对分块重复表示：浮潜鲨鱼袭击短讯全文，年龄和长度复合词正常。
public/pep-english/lessons/pephs4/036.json	pep-english	pephs4-036	A Sea of Plastic	1.2.0	0	4	applied	edited	json_valid	Codex	2026-10-01T12:55:17.095Z	b0b9ec804bd9ef45f073031e67cb029b20b8885ad27d9333cca3524eaed6dfda	8d27f34748395b28c28d0c2832a67cc5292186fc301da3696a1125af52395fe5	0	完整阅读标题、栏目、全文并核对分块重复表示：海洋塑料五段，补充引语破折号间距，保留百分数。
public/pep-english/lessons/pephs4/037.json	pep-english	pephs4-037	Sea Fever	1.2.0	0	0	scanned	passed	json_valid	Codex	2026-10-01T12:55:17.142Z	9b2d0b41e1ba090602dad8cfd7fab895bc5c798b743e6ff35c54cfc8c0797fd2	9b2d0b41e1ba090602dad8cfd7fab895bc5c798b743e6ff35c54cfc8c0797fd2	0	完整阅读标题、栏目、全文并核对分块重复表示：海热全诗六段，复合词和现有换行保留。
public/pep-english/lessons/pephs4/038.json	pep-english	pephs4-038	On the Seashore	1.2.0	0	0	scanned	passed	json_valid	Codex	2026-10-01T12:55:17.187Z	042c1898cfe7c26cb71b4664da0f6dc9e446fe497e44561410c279583e9250ad	042c1898cfe7c26cb71b4664da0f6dc9e446fe497e44561410c279583e9250ad	0	完整阅读标题、栏目、全文并核对分块重复表示：在海边全诗十五段，复合词和现有换行保留。
public/pep-english/lessons/pephs4/039.json	pep-english	pephs4-039	As I Grew Older	1.2.0	0	4	applied	edited	json_valid	Codex	2026-10-01T12:55:17.272Z	c01c126d0a6d21db6444d3307e41fa770cf88f50e767c17af5bea53acbdee998	fff4f36bbe7be5f23e2fca03230eb48ea296ff15c924cdc3b4d6645c18ba5326	0	完整阅读标题、栏目、全文并核对分块重复表示：随着年岁增长全诗，补充两处破折号前空格。
public/pep-english/lessons/pephs4/040.json	pep-english	pephs4-040	The World’s Most Useful Gifts	1.2.0	0	0	scanned	needs_source_check	json_valid	Codex	2026-10-01T12:55:17.311Z	5b9d982a67515637ba3648ba6c4864e8c5c480c72e338dcfbc8146e7f920e4bf	5b9d982a67515637ba3648ba6c4864e8c5c480c72e338dcfbc8146e7f920e4bf	1	完整阅读标题、栏目、全文并核对分块重复表示：公益礼物引言和完整价格列表，金额与间距正常；一项名称疑点另列。
public/pep-english/lessons/pephs4/041.json	pep-english	pephs4-041	For the Children (Adapted)	1.2.0	0	16	applied	edited	json_valid	Codex	2026-10-01T12:55:17.398Z	db066680034bb0c0f97c4d59d9adb80d29814f95b7b1c8c986d1722a8a6d658f	6802d7b7bd49ed3eaae0dc7389f282b3bba3d83efb4efe3c897b0c2e28413220	0	完整阅读标题、栏目、全文并核对分块重复表示：为了孩子全部九段演讲，补充四处解释性破折号间距。
public/pep-english/lessons/pephs4/042.json	pep-english	pephs4-042	in over 100 developing nations, UNICEF is brought up against the face of today's international	1.2.0	0	0	scanned	needs_source_check	json_valid	Codex	2026-10-01T12:55:17.435Z	455ebf9c55527f110adfb4ddead2751f9581de2f4b7a3411c24d8d02a43bb364	455ebf9c55527f110adfb4ddead2751f9581de2f4b7a3411c24d8d02a43bb364	1	完整阅读标题、栏目、全文并核对分块重复表示：现有两段全文读取，标题截断且重复前篇末尾内容，另记来源核对。
public/pep-english/lessons/pephs4/043.json	pep-english	pephs4-043	Being a Reporter	1.2.0	0	0	scanned	passed	json_valid	Codex	2026-10-01T12:55:17.471Z	6813a3405b9ba212b292e1ba2c4ebc72b0ea0d45532d8ffd83c7d228fc4d3605	6813a3405b9ba212b292e1ba2c4ebc72b0ea0d45532d8ffd83c7d228fc4d3605	0	完整阅读标题、栏目、全文并核对分块重复表示：记者职业全文，复合词与句界正常。
public/pep-english/lessons/pephs4/044.json	pep-english	pephs4-044	Does Practice Really Make Perfect?	1.2.0	0	8	applied	edited	json_valid	Codex	2026-10-01T12:55:31.700Z	9bbd7f0a2b901a3dbb4516c5e9a04a48c7a52d4752f7b324e370d4828620adc2	b9e7772559757b568201a959ad5ff20b6bcf50639181b4628a9941fb6427bdf6	0	完整阅读标题、栏目、全文并核对分块重复表示：练习与精通七段论述，补充两处破折号间距，保护数量百分数。
public/pep-english/lessons/pephs4/045.json	pep-english	pephs4-045	The Summer Break That Could Change Your Life	1.2.0	0	4	applied	edited	json_valid	Codex	2026-10-01T12:55:31.804Z	c940c803c5bf55059a36d7cc47dec744df15482e3c5384f4e47bdb14ed18a703	df793806f3f90b61bbf37234c0bb1dd2a967be0a6e0d018ade0ca2163e0ed7d4	0	完整阅读标题、栏目、全文并核对分块重复表示：暑假安排全部内容及六条建议，补充青年旅舍说明破折号间距。
public/pep-english/lessons/pepj7a/001.json	pep-english	pepj7a-001	Do You Have a Soccer Ball?	1.2.0	0	4	applied	edited	json_valid	Codex	2026-10-01T12:55:31.886Z	216a257c9ae8463e2dba3f4736af0220c88c0aefa2b389fc296bc57556178e6e	847be2db8007f117df01628187d594e3ec1bb997949391852e724899e9ad5154	0	完整阅读标题、栏目、全文并核对分块重复表示：三名学生运动情况全文，补充电视说明破折号间距。
public/pep-english/lessons/pepj7a/002.json	pep-english	pepj7a-002	Sports Star Eats Well!	1.2.0	0	0	scanned	passed	json_valid	Codex	2026-10-01T12:55:31.923Z	3493b3239b94eb2fd072277895583c761d1bf328087a6bff94dfea19f35e7198	3493b3239b94eb2fd072277895583c761d1bf328087a6bff94dfea19f35e7198	0	完整阅读标题、栏目、全文并核对分块重复表示：运动员饮食采访全部对话，已有破折号间距及省略号正常。
public/pep-english/lessons/pepj7a/003.json	pep-english	pepj7a-003	Mr. Cool's Clothes Store	1.2.0	0	0	scanned	passed	json_valid	Codex	2026-10-01T12:55:31.965Z	ac5efbcc735f3588699470731613c943e8dd493136887c6dc612ee1a43bf1806	ac5efbcc735f3588699470731613c943e8dd493136887c6dc612ee1a43bf1806	0	完整阅读标题、栏目、全文并核对分块重复表示：服装商店广告全文，保留美元及 Mr. 缩写。
public/pep-english/lessons/pepj7a/004.json	pep-english	pepj7a-004	Dear Jenny	1.2.0	0	0	scanned	passed	json_valid	Codex	2026-10-01T12:55:32.001Z	49dde01fab197d3e1f4bf5d2a630a1d2632423371d1e19fcd90e463185ceba89	49dde01fab197d3e1f4bf5d2a630a1d2632423371d1e19fcd90e463185ceba89	0	完整阅读标题、栏目、全文并核对分块重复表示：于梅来信全文，保留时间及 P.E. 缩写。
public/pep-english/lessons/pepj7b/002.json	pep-english	pepj7b-002	Tony and Mary's Habits	1.2.0	0	0	scanned	passed	json_valid	Codex	2026-10-01T12:55:32.037Z	15919cd3af4747887410d0d0f9d05c3e9342da0783676d8f517493bcf05ef923	15919cd3af4747887410d0d0f9d05c3e9342da0783676d8f517493bcf05ef923	0	完整阅读标题、栏目、全文并核对分块重复表示：Tony 与 Mary 两段日常习惯全文，复合词正常。
public/pep-english/lessons/pepj7b/003.json	pep-english	pepj7b-003	Lisa and Jane's Commute	1.2.0	0	0	scanned	passed	json_valid	Codex	2026-10-01T12:55:32.073Z	00333c5889026513147feaa8a32b4b28a30532efcc396aeb6706dfce58721807	00333c5889026513147feaa8a32b4b28a30532efcc396aeb6706dfce58721807	0	完整阅读标题、栏目、全文并核对分块重复表示：Lisa 与 Jane 通勤八轮对话，数字正常。
public/pep-english/lessons/pepj7b/004.json	pep-english	pepj7b-004	Crossing the River to School	1.2.0	0	0	scanned	passed	json_valid	Codex	2026-10-01T12:55:32.110Z	ef4546a4ab37cb0b6a0da8f1fd6ee5a4fbb33374f21f6f94475c206fda16426b	ef4546a4ab37cb0b6a0da8f1fd6ee5a4fbb33374f21f6f94475c206fda16426b	0	完整阅读标题、栏目、全文并核对分块重复表示：过河上学三段，保留年龄复合词及引号。
public/pep-english/lessons/pepj7b/005.json	pep-english	pepj7b-005	John's First Day at School	1.2.0	0	0	scanned	passed	json_valid	Codex	2026-10-01T12:55:32.146Z	67a66986fbf87d7bb7a6b2e8ab31ce7391636502cb8ddb7f9475b8e30a7ac035	67a66986fbf87d7bb7a6b2e8ab31ce7391636502cb8ddb7f9475b8e30a7ac035	0	完整阅读标题、栏目、全文并核对分块重复表示：John 入学八轮对话，间距正常。
public/pep-english/lessons/pepj7b/006.json	pep-english	pepj7b-006	Molly and Dr. Know's Letters	1.2.0	0	0	scanned	passed	json_valid	Codex	2026-10-01T12:55:49.595Z	eb451308baff5227caac84faae3063627dd3f97e503f79d3835e01cfeab8b6c9	eb451308baff5227caac84faae3063627dd3f97e503f79d3835e01cfeab8b6c9	0	完整阅读标题、栏目、全文并核对分块重复表示：Molly 与 Dr. Know 两封完整书信，时间缩写及省略号正常。
public/pep-english/lessons/pepj7b/007.json	pep-english	pepj7b-007	Let's Save the Elephants	1.2.0	0	0	scanned	passed	json_valid	Codex	2026-10-01T12:55:49.638Z	691212d1f6958fb853eddd1bcd4d1eadca6f04b920a99e5d43864f92dcb52aae	691212d1f6958fb853eddd1bcd4d1eadca6f04b920a99e5d43864f92dcb52aae	0	完整阅读标题、栏目、全文并核对分块重复表示：拯救大象三段，数量和日期间距正常。
public/pep-english/lessons/pepj7b/009.json	pep-english	pepj7b-009	Zhu Hui's Dragon Boat Festival	1.2.0	0	0	scanned	passed	json_valid	Codex	2026-10-01T12:55:49.678Z	cccffb74a6926c0e137dbbf759398133ffa71a4c858a7b59c4b483021ee93583	cccffb74a6926c0e137dbbf759398133ffa71a4c858a7b59c4b483021ee93583	0	完整阅读标题、栏目、全文并核对分块重复表示：朱辉端午节两段，a.m./p.m. 与时间完整。
public/pep-english/lessons/pepj7b/011.json	pep-english	pepj7b-011	An Interesting Job	1.2.0	0	0	scanned	passed	json_valid	Codex	2026-10-01T12:55:49.724Z	ac2edbe41f0b77e21eae171400f52289f578230b16cbb4faef51dcd96ceaa503	ac2edbe41f0b77e21eae171400f52289f578230b16cbb4faef51dcd96ceaa503	0	完整阅读标题、栏目、全文并核对分块重复表示：警察画像师两段全文及引语，间距正常。
public/pep-english/lessons/pepj7b/012.json	pep-english	pepj7b-012	Birthday Food Around the World	1.2.0	0	0	scanned	passed	json_valid	Codex	2026-10-01T12:55:49.763Z	b1db639ecf3d6a7612aea85806967c4e67af9777456c1615173bd15836a5c9f0	b1db639ecf3d6a7612aea85806967c4e67af9777456c1615173bd15836a5c9f0	0	完整阅读标题、栏目、全文并核对分块重复表示：生日食品四段，引用及句界正常。
public/pep-english/lessons/pepj7b/013.json	pep-english	pepj7b-013	Helen and Jim's School Trip Diaries	1.2.0	0	0	scanned	passed	json_valid	Codex	2026-10-01T12:55:49.800Z	a300d40ee9c0442c97bc0593fdd82a33391f175a7d6f21607a57d2e857603ae1	a300d40ee9c0442c97bc0593fdd82a33391f175a7d6f21607a57d2e857603ae1	0	完整阅读标题、栏目、全文并核对分块重复表示：Helen 与 Jim 两篇完整旅行日记，日期正常。
public/pep-english/lessons/pepj7b/014.json	pep-english	pepj7b-014	A Weekend to Remember	1.2.0	0	0	scanned	passed	json_valid	Codex	2026-10-01T12:55:49.842Z	481bf1bceae89890540f4270f21fcc648fb0bee2a6c5562fa5392ab650e5439a	481bf1bceae89890540f4270f21fcc648fb0bee2a6c5562fa5392ab650e5439a	0	完整阅读标题、栏目、全文并核对分块重复表示：印度周末露营三段全文，句界正常。
public/pep-english/lessons/pepj8a/001.json	pep-english	pepj8a-001	Jane's Vacation Diaries	1.2.0	0	0	scanned	passed	json_valid	Codex	2026-10-01T12:55:49.878Z	00781b04dedd327f62bb13d81e2b130d3cd609333998f33d756a6924adc252ce	00781b04dedd327f62bb13d81e2b130d3cd609333998f33d756a6924adc252ce	0	完整阅读标题、栏目、全文并核对分块重复表示：Jane 两篇完整度假日记，日期和现有破折号正常。
public/pep-english/lessons/pepj8a/004.json	pep-english	pepj8a-004	Jack and Claire's Weekly Plans	1.2.0	0	0	scanned	passed	json_valid	Codex	2026-10-01T12:55:49.916Z	1e93ef8a1c14e16faa6262d396e42eba4c819767285cbce270eee3db272aa0a6	1e93ef8a1c14e16faa6262d396e42eba4c819767285cbce270eee3db272aa0a6	0	完整阅读标题、栏目、全文并核对分块重复表示：Jack 与 Claire 周计划全部十一轮对话，无须修改。
public/pep-english/lessons/pepj8a/007.json	pep-english	pepj8a-007	Should Friends Be the Same or Different?	1.2.0	0	0	scanned	passed	json_valid	Codex	2026-10-01T12:55:49.953Z	e8d4b85ce53dc3119075b4813f0604cd6495144522d6df414eed24029e1f17e0	e8d4b85ce53dc3119075b4813f0604cd6495144522d6df414eed24029e1f17e0	0	完整阅读标题、栏目、全文并核对分块重复表示：朋友异同三名学生观点全文，复合词及引用正常。
public/pep-english/lessons/pepj8a/008.json	pep-english	pepj8a-008	Greg's New Neighborhood	1.2.0	0	0	scanned	passed	json_valid	Codex	2026-10-01T12:55:49.988Z	95250270c9c3530020857971c7dd9ba187c341f7c42248efc190b9b4c522f396	95250270c9c3530020857971c7dd9ba187c341f7c42248efc190b9b4c522f396	0	完整阅读标题、栏目、全文并核对分块重复表示：Greg 新社区八轮对话，间距正常。
public/pep-english/lessons/pepj8a/009.json	pep-english	pepj8a-009	Who's Got Talent?	1.2.0	0	0	scanned	passed	json_valid	Codex	2026-10-01T12:55:50.024Z	5747fdb42cb45ac1246a458f792147dd5cb0fb213456ea26fac071e0b5922d2d	5747fdb42cb45ac1246a458f792147dd5cb0fb213456ea26fac071e0b5922d2d	0	完整阅读标题、栏目、全文并核对分块重复表示：达人秀三段全文，节目专名及标点边界正常。
public/pep-english/lessons/pepj8a/011.json	pep-english	pepj8a-011	Mickey Mouse: A Symbol of American Culture	1.2.0	0	0	scanned	passed	json_valid	Codex	2026-10-01T12:55:50.065Z	582c9e9077af00f1d9130db4728dd1ee4770e1978c036e89d5c5de558b62b7b5	582c9e9077af00f1d9130db4728dd1ee4770e1978c036e89d5c5de558b62b7b5	0	完整阅读标题、栏目、全文并核对分块重复表示：米老鼠三段全文，日期和年代正常。
public/pep-english/lessons/pepj8a/015.json	pep-english	pepj8a-015	Do You Think You Will Have Your Own Robot?	1.2.0	0	0	scanned	passed	json_valid	Codex	2026-10-01T12:55:50.109Z	28e189b002a5fff84573ddaaa07e339e70a158d5e861fee13c9c8b1775be1d09	28e189b002a5fff84573ddaaa07e339e70a158d5e861fee13c9c8b1775be1d09	0	完整阅读标题、栏目、全文并核对分块重复表示：未来机器人四段全文，数字与 Mr. 缩写正常。
public/pep-english/lessons/pepj8a/019.json	pep-english	pepj8a-019	How to Make Russian Soup	1.2.0	0	0	scanned	passed	json_valid	Codex	2026-10-01T12:55:50.145Z	7977d4cc5713f8923f84ed1f28ea11e5787ca64d4ecb3928835f82e4e7cc8c7e	7977d4cc5713f8923f84ed1f28ea11e5787ca64d4ecb3928835f82e4e7cc8c7e	0	完整阅读标题、栏目、全文并核对分块重复表示：俄式汤六轮对话及完整做法，数字间距正常。
public/pep-english/lessons/pepj8a/020.json	pep-english	pepj8a-020	Thanksgiving in North America	1.2.0	0	0	scanned	passed	json_valid	Codex	2026-10-01T12:56:02.434Z	7473495fc020cf8539f4031424d37d82b3e0616551b2c121c64c5f6b2f2dfaa6	7473495fc020cf8539f4031424d37d82b3e0616551b2c121c64c5f6b2f2dfaa6	0	完整阅读标题、栏目、全文并核对分块重复表示：北美感恩节介绍与五步火鸡做法全文，间距正常。
public/pep-english/lessons/pepj8a/022.json	pep-english	pepj8a-022	Jeff Invites Nick to Meet Sam	1.2.0	0	0	scanned	passed	json_valid	Codex	2026-10-01T12:56:02.477Z	073b02242de3ffc50d8a341c11ec31d5312d62a87ab17f50ec949064824662d6	073b02242de3ffc50d8a341c11ec31d5312d62a87ab17f50ec949064824662d6	0	完整阅读标题、栏目、全文并核对分块重复表示：Jeff 邀请 Nick 六轮对话，保留 Xi’an 原有撇号。
public/pep-english/lessons/pepj8a/023.json	pep-english	pepj8a-023	Invitation to the New Library Opening	1.2.0	0	0	scanned	passed	json_valid	Codex	2026-10-01T12:56:02.519Z	b0e52bc487788e8c67c6759ee7d8c648b18bbccb9d06d03b7d18d84ea873251a	b0e52bc487788e8c67c6759ee7d8c648b18bbccb9d06d03b7d18d84ea873251a	0	完整阅读标题、栏目、全文并核对分块重复表示：图书馆开馆邀请函全文，No. 缩写、日期时间正常。
public/pep-english/lessons/pepj8a/025.json	pep-english	pepj8a-025	Planning Food and Games for the Party	1.2.0	0	0	scanned	passed	json_valid	Codex	2026-10-01T12:56:02.564Z	8a6762c35cac02375a31d7a06631ad1b4adbf8c4afbf9c13c0dde6145c6220bd	8a6762c35cac02375a31d7a06631ad1b4adbf8c4afbf9c13c0dde6145c6220bd	0	完整阅读标题、栏目、全文并核对分块重复表示：派对筹备五轮对话，间距正常。
public/pep-english/lessons/pepj8a/027.json	pep-english	pepj8a-027	Talking Helps Solve Problems	1.2.0	0	0	scanned	passed	json_valid	Codex	2026-10-01T12:56:02.602Z	fb59d063070e95a9352689b3bb55154b8ba0dcdd9006b66f0d2104dcb402ab06	fb59d063070e95a9352689b3bb55154b8ba0dcdd9006b66f0d2104dcb402ab06	0	完整阅读标题、栏目、全文并核对分块重复表示：倾诉解决问题三段及引语全文，句界正常。
public/pep-english/lessons/pepj8b/001.json	pep-english	pepj8b-001	Bus Driver and Passengers Save an Old Man	1.2.0	0	0	scanned	passed	json_valid	Codex	2026-10-01T12:56:02.639Z	0728acb9c79abdee39bb428e320bb9539b10dd5463cc596e2114d2f2c5d5beb8	0728acb9c79abdee39bb428e320bb9539b10dd5463cc596e2114d2f2c5d5beb8	0	完整阅读标题、栏目、全文并核对分块重复表示：公交司机救人三段，时间、车号及年龄复合词正常。
public/pep-english/lessons/pepj8b/002.json	pep-english	pepj8b-002	Students Who Volunteer	1.2.0	0	0	scanned	passed	json_valid	Codex	2026-10-01T12:56:02.689Z	2751023386e284930c7c941d369b9545c8e6817eef65458aa28034e27092bcb5	2751023386e284930c7c941d369b9545c8e6817eef65458aa28034e27092bcb5	0	完整阅读标题、栏目、全文并核对分块重复表示：Mario 与 Mary 志愿者三段，引用及复合词正常。
public/pep-english/lessons/pepj8b/003.json	pep-english	pepj8b-003	Ben Smith's Thank-You Letter to Miss Li	1.2.0	0	0	scanned	passed	json_valid	Codex	2026-10-01T12:56:02.726Z	90e1d61bad204dcda927fc90392388931116ea4bb1393d6a2111df2b55873286	90e1d61bad204dcda927fc90392388931116ea4bb1393d6a2111df2b55873286	0	完整阅读标题、栏目、全文并核对分块重复表示：Ben 感谢信全文及署名，破折号已有间距。
public/pep-english/lessons/pepj8b/004.json	pep-english	pepj8b-004	Nancy Learns to Share the Housework	1.2.0	0	0	scanned	passed	json_valid	Codex	2026-10-01T12:56:02.764Z	63c33edc8c23d91db1afbf5959207efa23883e56e3b6e3bd3501e596d03bea3f	63c33edc8c23d91db1afbf5959207efa23883e56e3b6e3bd3501e596d03bea3f	0	完整阅读标题、栏目、全文并核对分块重复表示：Nancy 家务争论全部九段，台词标点正常。
public/pep-english/lessons/pepj8b/005.json	pep-english	pepj8b-005	Should Young People Do Chores at Home?	1.2.0	0	0	scanned	passed	json_valid	Codex	2026-10-01T12:56:02.802Z	991d32de0d31b925356b388ea93034f10764e81b3a0fe649cf212edc0b8bbf99	991d32de0d31b925356b388ea93034f10764e81b3a0fe649cf212edc0b8bbf99	0	完整阅读标题、栏目、全文并核对分块重复表示：两封家务观点书信完整阅读，Ms. 与 Mr. 缩写正常。
public/pep-english/lessons/pepj8b/006.json	pep-english	pepj8b-006	Kim's Problem with Her Sister	1.2.0	0	0	scanned	passed	json_valid	Codex	2026-10-01T12:56:02.839Z	6d0d5992a9c4c0a862afdbb264065932176c53a945b9299fbbbbb3cd6dc07c27	6d0d5992a9c4c0a862afdbb264065932176c53a945b9299fbbbbb3cd6dc07c27	0	完整阅读标题、栏目、全文并核对分块重复表示：Kim 姐妹矛盾七轮对话，省略号和缩写正常。
public/pep-english/lessons/pepj8b/007.json	pep-english	pepj8b-007	Maybe You Should Learn to Relax!	1.2.0	0	0	scanned	passed	json_valid	Codex	2026-10-01T12:56:02.876Z	5f161411ebb0ce2c1ec2f454e5c9d2f6721767eddbb8954da1e9ddabcfd40292	5f161411ebb0ce2c1ec2f454e5c9d2f6721767eddbb8954da1e9ddabcfd40292	0	完整阅读标题、栏目、全文并核对分块重复表示：学会放松四段全文，时间及 Dr. 缩写正常。
public/pep-english/lessons/pepj8b/008.json	pep-english	pepj8b-008	The Storm Brought People Closer Together	1.2.0	0	0	scanned	passed	json_valid	Codex	2026-10-01T12:56:02.916Z	8eb485e0f32aa8a7210b3542763edc047572ad2a81a423ad26ca11528613652a	8eb485e0f32aa8a7210b3542763edc047572ad2a81a423ad26ca11528613652a	0	完整阅读标题、栏目、全文并核对分块重复表示：暴风雨四段全文，时间格式正常。
public/pep-english/lessons/pepj8b/009.json	pep-english	pepj8b-009	Do You Remember What You Were Doing?	1.2.0	0	0	scanned	passed	json_valid	Codex	2026-10-01T12:56:02.960Z	317b849b95c6e9b3e99c6a9a4485abb5409a883596ecb7421e89a595fc226981	317b849b95c6e9b3e99c6a9a4485abb5409a883596ecb7421e89a595fc226981	0	完整阅读标题、栏目、全文并核对分块重复表示：历史事件记忆四段全文，日期、嵌套引号及破折号正常。
public/pep-english/lessons/pepj8b/010.json	pep-english	pepj8b-010	The Monkey King	1.2.0	0	0	scanned	passed	json_valid	Codex	2026-10-01T12:56:02.996Z	a6beec50c41c6f472d56c01b9f98b8a4cc27c93d2d1f9b31d4b492b35b23bb35	a6beec50c41c6f472d56c01b9f98b8a4cc27c93d2d1f9b31d4b492b35b23bb35	0	完整阅读标题、栏目、全文并核对分块重复表示：美猴王三段全文，年份及变化数字正常。
public/pep-english/lessons/pepj8b/012.json	pep-english	pepj8b-012	Qomolangma — the Most Dangerous Mountain in the World?	1.2.0	0	0	scanned	passed	json_valid	Codex	2026-10-01T12:56:16.183Z	a83b5bdad0550dda8c3c5a141ce04cadf321846ba41b5032ce9c15a4b2774139	a83b5bdad0550dda8c3c5a141ce04cadf321846ba41b5032ce9c15a4b2774139	0	完整阅读标题、栏目、全文并核对分块重复表示：珠峰三段，保留 8,844.43 小数和登顶日期。
public/pep-english/lessons/pepj8b/013.json	pep-english	pepj8b-013	Pandas at the Chengdu Research Base	1.2.0	0	0	scanned	passed	json_valid	Codex	2026-10-01T12:56:16.225Z	31ca682865957765ae8067e27524374802ff59065dc5eba5b9b8f2ab04c115de	31ca682865957765ae8067e27524374802ff59065dc5eba5b9b8f2ab04c115de	0	完整阅读标题、栏目、全文并核对分块重复表示：成都熊猫基地四段，时间及数量正常。
public/pep-english/lessons/pepj8b/014.json	pep-english	pepj8b-014	Robinson Crusoe on the Island	1.2.0	0	0	scanned	passed	json_valid	Codex	2026-10-01T12:56:16.264Z	0bde3f6c0364eb26fe82f48aeaeb580753f72f485db51a8b6ea8e46d7c016bee	0bde3f6c0364eb26fe82f48aeaeb580753f72f485db51a8b6ea8e46d7c016bee	0	完整阅读标题、栏目、全文并核对分块重复表示：鲁滨孙两段节选，现有破折号及词间距正常。
public/pep-english/lessons/pepj8b/015.json	pep-english	pepj8b-015	A Country Music Song Changed Her Life Forever	1.2.0	0	0	scanned	passed	json_valid	Codex	2026-10-01T12:56:16.302Z	5aa7991b37bd3a51da0aea7ee8cf24c722c03c02867c20857ff3ec216998c68f	5aa7991b37bd3a51da0aea7ee8cf24c722c03c02867c20857ff3ec216998c68f	0	完整阅读标题、栏目、全文并核对分块重复表示：乡村音乐三段，乐人专名及数字正常。
public/pep-english/lessons/pepj8b/016.json	pep-english	pepj8b-016	Three Interesting Museums	1.2.0	0	0	scanned	passed	json_valid	Codex	2026-10-01T12:56:16.340Z	41e505fcd0d8c02f807f0c8752c8fe34f49ece0213c59af4fbcb34eb87404f57	41e505fcd0d8c02f807f0c8752c8fe34f49ece0213c59af4fbcb34eb87404f57	0	完整阅读标题、栏目、全文并核对分块重复表示：三家博物馆全部三人介绍，词间距正常。
public/pep-english/lessons/pepj8b/018.json	pep-english	pepj8b-018	Singapore — A Place You Will Never Forget!	1.2.0	0	0	scanned	passed	json_valid	Codex	2026-10-01T12:56:16.376Z	a50bfa246ba69eac10938afa0fc5542a57f8b11169a74b1d2f480f8328d122f8	a50bfa246ba69eac10938afa0fc5542a57f8b11169a74b1d2f480f8328d122f8	0	完整阅读标题、栏目、全文并核对分块重复表示：新加坡四段旅游介绍，标题及正文破折号已有间距。
public/pep-english/lessons/pepj8b/019.json	pep-english	pepj8b-019	A Family's Yard Sale	1.2.0	0	0	scanned	passed	json_valid	Codex	2026-10-01T12:56:16.417Z	3481d97b0b35e600a3da4c72fe553258b2de0f036b3882da7e7d4ff0345239a4	3481d97b0b35e600a3da4c72fe553258b2de0f036b3882da7e7d4ff0345239a4	0	完整阅读标题、栏目、全文并核对分块重复表示：庭院义卖三段，年龄数字正常。
public/pep-english/lessons/pepj8b/020.json	pep-english	pepj8b-020	Hometown Feelings	1.2.0	0	0	scanned	passed	json_valid	Codex	2026-10-01T12:56:16.455Z	1de6bb17d8139b57da65b55437e6f616aa93816d91a0696e2fe6dc10881ae024	1de6bb17d8139b57da65b55437e6f616aa93816d91a0696e2fe6dc10881ae024	0	完整阅读标题、栏目、全文并核对分块重复表示：乡情四段，年龄和 mid-20th 复合词正常。
public/pep-english/lessons/pepj8b/021.json	pep-english	pepj8b-021	Why Kate Missed the Basketball Competition	1.2.0	0	0	scanned	passed	json_valid	Codex	2026-10-01T12:56:16.492Z	7826ce554874791e12078422e6b3d437227a506405ac08b319403d141761d8c6	7826ce554874791e12078422e6b3d437227a506405ac08b319403d141761d8c6	0	完整阅读标题、栏目、全文并核对分块重复表示：Kate 错过比赛十二轮对话，句界正常。
public/pep-english/lessons/pepj9/001.json	pep-english	pepj9-001	Jack Asks Annie for Reading Advice	1.2.0	0	0	scanned	passed	json_valid	Codex	2026-10-01T12:56:16.530Z	6bc8000793de888e3db882aa02573cb04acca304466180669e7994bb3ba31a8b	6bc8000793de888e3db882aa02573cb04acca304466180669e7994bb3ba31a8b	0	完整阅读标题、栏目、全文并核对分块重复表示：Jack 与 Annie 阅读建议八轮对话，词界正常。
public/pep-english/lessons/pepj9/002.json	pep-english	pepj9-002	How I Learned to Learn English	1.2.0	0	0	scanned	passed	json_valid	Codex	2026-10-01T12:56:16.567Z	6602dd191d00e5b2a389aec030f38f3b842f018805da915e13be0e7d660c20e0	6602dd191d00e5b2a389aec030f38f3b842f018805da915e13be0e7d660c20e0	0	完整阅读标题、栏目、全文并核对分块重复表示：英语学习经历三段，书名及引用正常。
public/pep-english/lessons/pepj9/003.json	pep-english	pepj9-003	How Can You Become a Successful Learner?	1.2.0	0	0	scanned	passed	json_valid	Codex	2026-10-01T12:56:16.605Z	01a980017fe99bce4978f4cf0a706c1e1fc0327e3db3814df17060eeb8e93517	01a980017fe99bce4978f4cf0a706c1e1fc0327e3db3814df17060eeb8e93517	0	完整阅读标题、栏目、全文并核对分块重复表示：成功学习者引言、四项习惯及结尾全部，标题与正文已有空格。
public/pep-english/lessons/pepj9/004.json	pep-english	pepj9-004	The Water Festival in Chiang Mai	1.2.0	0	0	scanned	passed	json_valid	Codex	2026-10-01T12:56:16.654Z	6ad372c4bae88ed52cad874a1e02a80471b49f5cbced26531c554c43e554464f	6ad372c4bae88ed52cad874a1e02a80471b49f5cbced26531c554c43e554464f	0	完整阅读标题、栏目、全文并核对分块重复表示：清迈泼水节七轮对话，日期正常。
public/pep-english/lessons/pepj9/005.json	pep-english	pepj9-005	Full Moon, Full Feelings	1.2.0	0	0	scanned	passed	json_valid	Codex	2026-10-01T12:56:16.690Z	bac0c545752c7419ebd1447e46f5a008fcf33a669dba11b42763e07ea1a2dc6a	bac0c545752c7419ebd1447e46f5a008fcf33a669dba11b42763e07ea1a2dc6a	0	完整阅读标题、栏目、全文并核对分块重复表示：中秋三段传说全文，保留 Mid-Autumn 及 Chang’e 原有撇号。
public/pep-english/lessons/pepj9/006.json	pep-english	pepj9-006	Mother's Day and Father's Day in America	1.2.0	0	0	scanned	passed	json_valid	Codex	2026-10-01T12:56:16.726Z	cd13457c8730093e51b928c5671cf3790dcf9ebf6fb963a4cdd967561d6358ad	cd13457c8730093e51b928c5671cf3790dcf9ebf6fb963a4cdd967561d6358ad	0	完整阅读标题、栏目、全文并核对分块重复表示：母亲节父亲节书信全文及落款，间距正常。
public/pep-english/lessons/pepj9/007.json	pep-english	pepj9-007	A Christmas Carol	1.2.0	0	0	scanned	passed	json_valid	Codex	2026-10-01T12:56:31.590Z	c97caa57c8ad1e4692489cec307286a202f3b49765701ed4fcdfdf5abef13065	c97caa57c8ad1e4692489cec307286a202f3b49765701ed4fcdfdf5abef13065	0	完整阅读标题、栏目、全文并核对分块重复表示：圣诞颂歌四段全文，专名和破折号正常。
public/pep-english/lessons/pepj9/009.json	pep-english	pepj9-009	Asking for the Restrooms at Fun Times Park	1.2.0	0	0	scanned	passed	json_valid	Codex	2026-10-01T12:56:31.644Z	2463085f17c138c373fdceed43a4cf8ff237ddaff4dd0cb63a7538de0b426351	2463085f17c138c373fdceed43a4cf8ff237ddaff4dd0cb63a7538de0b426351	0	完整阅读标题、栏目、全文并核对分块重复表示：游乐园问路十一轮对话，省略号正常。
public/pep-english/lessons/pepj9/010.json	pep-english	pepj9-010	Fun Times Park — Always a Fun Time!	1.2.0	0	0	scanned	passed	json_valid	Codex	2026-10-01T12:56:31.691Z	bbfa2e8edba50334fd984e83e9e6d68d02ab592fba4cc4bbeaa6efcfd6d76630	bbfa2e8edba50334fd984e83e9e6d68d02ab592fba4cc4bbeaa6efcfd6d76630	0	完整阅读标题、栏目、全文并核对分块重复表示：游乐园完整十六段对话及括号舞台说明，边界正常。
public/pep-english/lessons/pepj9/011.json	pep-english	pepj9-011	Could You Please...?	1.2.0	0	0	scanned	passed	json_valid	Codex	2026-10-01T12:56:31.730Z	919d542184bab07af901854cd6872794b07bbcc33163053541b21483378e82cc	919d542184bab07af901854cd6872794b07bbcc33163053541b21483378e82cc	0	完整阅读标题、栏目、全文并核对分块重复表示：礼貌问询四段，保留问句省略号与基线分块差异。
public/pep-english/lessons/pepj9/013.json	pep-english	pepj9-013	Billy Has Changed So Much	1.2.0	0	0	scanned	passed	json_valid	Codex	2026-10-01T12:56:31.769Z	79509756d5f29343f4aea9ca6c18b91aee7cc7f4b06f86e638bb4ec7e03ebf2b	79509756d5f29343f4aea9ca6c18b91aee7cc7f4b06f86e638bb4ec7e03ebf2b	0	完整阅读标题、栏目、全文并核对分块重复表示：Billy 变化十轮对话，词界正常。
public/pep-english/lessons/pepj9/014.json	pep-english	pepj9-014	From Shy Girl to Pop Star	1.2.0	0	0	scanned	passed	json_valid	Codex	2026-10-01T12:56:31.808Z	e745c53e869e0676cdd4f45e0d42c9cde273694c87d832712be1b1910eff026d	e745c53e869e0676cdd4f45e0d42c9cde273694c87d832712be1b1910eff026d	0	完整阅读标题、栏目、全文并核对分块重复表示：Candy 三段采访，年龄复合词及引用正常。
public/pep-english/lessons/pepj9/015.json	pep-english	pepj9-015	He Studies Harder Than He Used to	1.2.0	0	0	scanned	passed	json_valid	Codex	2026-10-01T12:56:31.848Z	a30f4dda7ea44c13f5faf74cfbcb509e14edd16f9ad548e8d9c7bee7641373c6	a30f4dda7ea44c13f5faf74cfbcb509e14edd16f9ad548e8d9c7bee7641373c6	0	完整阅读标题、栏目、全文并核对分块重复表示：李文四段经历，年龄与车程复合词正常。
public/pep-english/lessons/pepj9/016.json	pep-english	pepj9-016	The Difficult Search for American Products in the US	1.2.0	0	0	scanned	passed	json_valid	Codex	2026-10-01T12:56:31.887Z	496d471cc9c5c6554589b544a3248314d503a37eb40cf39e5220d2e80ff71ec0	496d471cc9c5c6554589b544a3248314d503a37eb40cf39e5220d2e80ff71ec0	0	完整阅读标题、栏目、全文并核对分块重复表示：美国制造商品两段，复合词与引用正常。
public/pep-english/lessons/pepj9/017.json	pep-english	pepj9-017	Beauty in Common Things	1.2.0	0	0	scanned	passed	json_valid	Codex	2026-10-01T12:56:31.930Z	3eed23cba23fadda8ed84e08fef6992751cfa1dcf3de0229814c8f2803defdcd	3eed23cba23fadda8ed84e08fef6992751cfa1dcf3de0229814c8f2803defdcd	0	完整阅读标题、栏目、全文并核对分块重复表示：传统工艺四段，数量及 hot-air、air-dry 正常。
public/pep-english/lessons/pepj9/018.json	pep-english	pepj9-018	The Invention of the Zipper	1.2.0	0	0	scanned	passed	json_valid	Codex	2026-10-01T12:56:31.968Z	5cc21d4754852aeb9a7ae75737542bae747ef1d433c7410d00c9543800c0099c	5cc21d4754852aeb9a7ae75737542bae747ef1d433c7410d00c9543800c0099c	0	完整阅读标题、栏目、全文并核对分块重复表示：拉链发明八轮对话，年份省略号正常。
public/pep-english/lessons/pepj9/020.json	pep-english	pepj9-020	Do You Know When Basketball Was Invented?	1.2.0	0	0	scanned	passed	json_valid	Codex	2026-10-01T12:56:32.005Z	34cae65cb3668bc0658a29c8cc5f7539f9494d12e6b93fb8c7e4fd8c2d43a3d5	34cae65cb3668bc0658a29c8cc5f7539f9494d12e6b93fb8c7e4fd8c2d43a3d5	0	完整阅读标题、栏目、全文并核对分块重复表示：篮球三段历史，日期及 NBA/CBA 缩写正常。
public/pep-english/lessons/pepj9/022.json	pep-english	pepj9-022	Mom Knows Best	1.2.0	0	0	scanned	passed	json_valid	Codex	2026-10-01T12:56:32.050Z	b7bf37a4fd0074832dc75836eb7edc349453101ed3d3ca1522c259031311f068	b7bf37a4fd0074832dc75836eb7edc349453101ed3d3ca1522c259031311f068	0	完整阅读标题、栏目、全文并核对分块重复表示：妈妈最懂我全诗十三段，引用及已有破折号正常。
public/pep-english/lessons/pepj9/024.json	pep-english	pepj9-024	Should I Be Allowed to Make My Own Decisions?	1.2.0	0	0	scanned	passed	json_valid	Codex	2026-10-01T12:56:32.101Z	7d0329b18b7b58811b34923d564f900baae85bec63b422c9ef14996ba3bda5ee	7d0329b18b7b58811b34923d564f900baae85bec63b422c9ef14996ba3bda5ee	0	完整阅读标题、栏目、全文并核对分块重复表示：自主选择五段争论，复合词及 Mr./Mrs. 正常。
public/pep-english/lessons/pepj9/025.json	pep-english	pepj9-025	Where Is Linda's Schoolbag?	1.2.0	0	0	scanned	passed	json_valid	Codex	2026-10-01T12:56:32.137Z	45084dec34c73b534348efc5768e52037175333532063729d1ced2af008a4e59	45084dec34c73b534348efc5768e52037175333532063729d1ced2af008a4e59	0	完整阅读标题、栏目、全文并核对分块重复表示：Linda 书包十一轮对话，词界正常。
public/pep-english/lessons/pepj9/026.json	pep-english	pepj9-026	Strange Happenings in My Town	1.2.0	0	0	scanned	passed	json_valid	Codex	2026-10-01T12:56:32.172Z	aa0b467f802e1e519ea4f9806e14fbd1c3d8b64701b15c7edc3cd41c46bcc7b4	aa0b467f802e1e519ea4f9806e14fbd1c3d8b64701b15c7edc3cd41c46bcc7b4	0	完整阅读标题、栏目、全文并核对分块重复表示：小镇怪事三段及全部引语，复合词正常。
public/pep-english/lessons/pepj9/027.json	pep-english	pepj9-027	Jill and Scott Talk About Music and Movies	1.2.0	0	0	scanned	passed	json_valid	Codex	2026-10-01T12:56:47.943Z	15a59510f597ba606bf8058648fba17613c2a974964d600cc8918e7876aec75b	15a59510f597ba606bf8058648fba17613c2a974964d600cc8918e7876aec75b	0	完整阅读标题、栏目、全文并核对分块重复表示：Jill 与 Scott 音乐电影九轮对话，CD 和 World War II 正常。
public/pep-english/lessons/pepj9/028.json	pep-english	pepj9-028	What Do You Feel Like Watching Today?	1.2.0	0	0	scanned	passed	json_valid	Codex	2026-10-01T12:56:47.986Z	37af2e2c1964946eeec9fbcdffc94a971b66c8986313395e37d19a5b1433fe68	37af2e2c1964946eeec9fbcdffc94a971b66c8986313395e37d19a5b1433fe68	0	完整阅读标题、栏目、全文并核对分块重复表示：观影选择四段，片名及 Spider-Man 完整。
public/pep-english/lessons/pepj9/029.json	pep-english	pepj9-029	Sad but Beautiful	1.2.0	0	0	scanned	passed	json_valid	Codex	2026-10-01T12:56:48.028Z	da6a3541761e49876b00f53adb5d7dd1dc507fac07ac3646be5179cee646b356	da6a3541761e49876b00f53adb5d7dd1dc507fac07ac3646be5179cee646b356	0	完整阅读标题、栏目、全文并核对分块重复表示：阿炳及二泉映月三段全文，拼音、括号、年份数量正常。
public/pep-english/lessons/pepj9/030.json	pep-english	pepj9-030	Greeting Customs in Japan and France	1.2.0	0	0	scanned	passed	json_valid	Codex	2026-10-01T12:56:48.067Z	e9f5bef0b13f8d997c144b52cd8016d8cfc2061ba050b50cd8c716ff9a88fa85	e9f5bef0b13f8d997c144b52cd8016d8cfc2061ba050b50cd8c716ff9a88fa85	0	完整阅读标题、栏目、全文并核对分块重复表示：日本法国问候九轮对话，引用及人名正常。
public/pep-english/lessons/pepj9/031.json	pep-english	pepj9-031	Time and Social Customs in Colombia and Switzerland	1.2.0	0	0	scanned	passed	json_valid	Codex	2026-10-01T12:56:48.106Z	17a912a170f798e27f4d1e6683e7e67cbd1d03502fdfae39d8007968f0f96090	17a912a170f798e27f4d1e6683e7e67cbd1d03502fdfae39d8007968f0f96090	0	完整阅读标题、栏目、全文并核对分块重复表示：哥伦比亚和瑞士两段习俗，已有破折号间距正常。
public/pep-english/lessons/pepj9/032.json	pep-english	pepj9-032	Lin Yue's Student Exchange in France	1.2.0	0	0	scanned	passed	json_valid	Codex	2026-10-01T12:56:48.144Z	04034853565a5c342c9c1acc8c8bd85839925f5fb200a456270d22677b5d0c9f	04034853565a5c342c9c1acc8c8bd85839925f5fb200a456270d22677b5d0c9f	0	完整阅读标题、栏目、全文并核对分块重复表示：林悦法国交换来信全文及落款，台词边界正常。
public/pep-english/lessons/pepj9/034.json	pep-english	pepj9-034	Nancy Asks Bert for Friendship Advice	1.2.0	0	0	scanned	passed	json_valid	Codex	2026-10-01T12:56:48.184Z	95e28a82f131006ac906a7a630782ac3db2db70c1fae743e8da48adca9773a89	95e28a82f131006ac906a7a630782ac3db2db70c1fae743e8da48adca9773a89	0	完整阅读标题、栏目、全文并核对分块重复表示：Nancy 友情建议九轮对话，省略号与 Uh-huh 正常。
public/pep-english/lessons/pepj9/036.json	pep-english	pepj9-036	The Winning Team	1.2.0	0	0	scanned	passed	json_valid	Codex	2026-10-01T12:56:48.221Z	774c9ce03e1b934c5cf064b19bb35ccf194d2681792ee6d33a16a34039a06e9e	774c9ce03e1b934c5cf064b19bb35ccf194d2681792ee6d33a16a34039a06e9e	0	完整阅读标题、栏目、全文并核对分块重复表示：胜利团队十一段全文，嵌套对话句界正常。
public/pep-english/lessons/pepj9/037.json	pep-english	pepj9-037	Why Kevin Was Late for Class	1.2.0	0	0	scanned	passed	json_valid	Codex	2026-10-01T12:56:48.258Z	2c530c739e9a6892300ea016050976ba44463ac385aa04c10df0a08c1a19cf86	2c530c739e9a6892300ea016050976ba44463ac385aa04c10df0a08c1a19cf86	0	完整阅读标题、栏目、全文并核对分块重复表示：Kevin 迟到九轮对话，时间及缩写正常。
public/pep-english/lessons/pepj9/038.json	pep-english	pepj9-038	Life Is Full of the Unexpected	1.2.0	0	0	scanned	passed	json_valid	Codex	2026-10-01T12:56:48.296Z	469260363d038a615793b218c2a1c85798459ff0d0baa3e344ab6de345b0e7af	469260363d038a615793b218c2a1c85798459ff0d0baa3e344ab6de345b0e7af	0	完整阅读标题、栏目、全文并核对分块重复表示：意外人生两段全文，日期、时间及引用正常。
public/pep-english/lessons/pepj9/039.json	pep-english	pepj9-039	April Fool's Day Tricks	1.2.0	0	0	scanned	passed	json_valid	Codex	2026-10-01T12:56:48.333Z	8f31d1a5837f7d479ac99f93b1a113608158f3dd4a1c1e33aad0f2db1afa3f45	8f31d1a5837f7d479ac99f93b1a113608158f3dd4a1c1e33aad0f2db1afa3f45	0	完整阅读标题、栏目、全文并核对分块重复表示：愚人节四段全文，数量日期和句界正常。
public/pep-english/lessons/pepj9/041.json	pep-english	pepj9-041	Ideas for Solving Pollution Problems	1.2.0	0	0	scanned	passed	json_valid	Codex	2026-10-01T12:56:48.369Z	72c49cb18f662aa79ab425dafb3a38ad3fc3a9f5d9dc3616aa6b5b861f0373e5	72c49cb18f662aa79ab425dafb3a38ad3fc3a9f5d9dc3616aa6b5b861f0373e5	0	完整阅读标题、栏目、全文并核对分块重复表示：污染解决八轮对话，间距正常。
public/pep-english/lessons/pepj9/042.json	pep-english	pepj9-042	Save the Sharks!	1.2.0	0	0	scanned	passed	json_valid	Codex	2026-10-01T12:56:48.418Z	7cca4075145781f69e23d9e38cc5b70896f53c6282ea464fee82144662e91e5c	7cca4075145781f69e23d9e38cc5b70896f53c6282ea464fee82144662e91e5c	0	完整阅读标题、栏目、全文并核对分块重复表示：保护鲨鱼三段，数量和 WWF 正常。
public/pep-english/lessons/pepj9/043.json	pep-english	pepj9-043	Rethink, Reuse, Recycle!	1.2.0	0	0	scanned	passed	json_valid	Codex	2026-10-01T12:56:48.454Z	96300d1664746014cdff11fbcf1dde0f77726c2eb0649027c092a6e174eb6133	96300d1664746014cdff11fbcf1dde0f77726c2eb0649027c092a6e174eb6133	0	完整阅读标题、栏目、全文并核对分块重复表示：回收利用四段，姓名及引号正常。
public/pep-english/lessons/pepj9/044.json	pep-english	pepj9-044	The Teachers Judy and Clara Will Miss	1.2.0	0	0	scanned	passed	json_valid	Codex	2026-10-01T12:56:48.490Z	b64ada4368d787d1891ba4efd9fa3f7712777f0f563070b35d07432f403c17d9	b64ada4368d787d1891ba4efd9fa3f7712777f0f563070b35d07432f403c17d9	0	完整阅读标题、栏目、全文并核对分块重复表示：Judy 与 Clara 七轮教师回忆对话，Mr./Ms. 及引语间距正常。
public/pep-english/lessons/pepj9/045.json	pep-english	pepj9-045	My Time in Junior High School	1.2.0	0	0	scanned	passed	json_valid	Codex	2026-10-01T12:57:01.951Z	b8acd754c521a66cc8ac69e31fd78e9e9e5ec233daccea54628b488964f08f3e	b8acd754c521a66cc8ac69e31fd78e9e9e5ec233daccea54628b488964f08f3e	0	完整阅读全部展示字段及正文，核对分块重复表示：初中生活回顾全文，Grade 8 和 Mr. 缩写正常。
public/pep-english/lessons/pepj9/047.json	pep-english	pepj9-047	A Graduation Speech at No. 3 Junior High School	1.2.0	0	0	scanned	passed	json_valid	Codex	2026-10-01T12:57:01.993Z	5745ee37ae6137bdb36596052c8e5bcbfe7e974a8d7df08a5c3acfc6cbd233c0	5745ee37ae6137bdb36596052c8e5bcbfe7e974a8d7df08a5c3acfc6cbd233c0	0	完整阅读全部展示字段及正文，核对分块重复表示：毕业演讲全文，学校编号、年级及破折号正常。
public/college-english/lessons/rw1/rw1-u01-a.json	college-english	rw1-u01-a	Toward a brighter future for all	1.2.0	0	0	scanned	passed	json_valid	Codex	2026-10-01T12:57:02.034Z	f2634b9a4877a1865d83be7bd3796d9ede49a1fb98bde4e72614fb442f994c48	f2634b9a4877a1865d83be7bd3796d9ede49a1fb98bde4e72614fb442f994c48	0	完整阅读全部展示字段及正文，核对分块重复表示：大学欢迎辞全部八段，现有 en dash、复合词及引用间距正常。
public/college-english/lessons/rw1/rw1-u01-b.json	college-english	rw1-u01-b	What we wish	1.2.0	0	0	scanned	passed	json_valid	Codex	2026-10-01T12:57:02.079Z	403903b1eae10b63448d3230bd333abca956f53a2f4eab58e8525fd2e005aaca	403903b1eae10b63448d3230bd333abca956f53a2f4eab58e8525fd2e005aaca	0	完整阅读全部展示字段及正文，核对分块重复表示：父亲来信全部正文、四项大学机会及落款，复合词及引语正常。
public/college-english/lessons/rw1/rw1-u01-c.json	college-english	rw1-u01-c	The post-00s looking forward to a colorful life	1.2.0	0	0	scanned	passed	json_valid	Codex	2026-10-01T12:57:02.120Z	8cef1db664e648b137eed9799c294aab70ddc71f67f8beb5118ce95b0b860d7c	8cef1db664e648b137eed9799c294aab70ddc71f67f8beb5118ce95b0b860d7c	0	完整阅读全部展示字段及正文，核对分块重复表示：00 后大学生活七段，括号中文释义两侧已有间距，年代复合词及小数保持完整。
public/college-english/lessons/rw1/rw1-u02-a.json	college-english	rw1-u02-a	A child’s clutter awaits an adult’s return	1.2.0	0	0	scanned	passed	json_valid	Codex	2026-10-01T12:57:31.566Z	7ff11756eee1575f9c4448b0c3020ad354c6a40cdd9e40626d7c92d65461ff54	7ff11756eee1575f9c4448b0c3020ad354c6a40cdd9e40626d7c92d65461ff54	0	完整阅读标题、单元标题、全文并核对分块重复表示：女儿离家后整理房间全文全部二十二段，年龄与复合词、已有破折号间距正常。
public/college-english/lessons/rw1/rw1-u02-b.json	college-english	rw1-u02-b	Time slows down	1.2.0	0	0	scanned	passed	json_valid	Codex	2026-10-01T12:57:31.610Z	8c92532e6926bf348931ea703e8d61c2b8e5b4bb54f8c0c2cd0c7ecd1bd0e8cb	8c92532e6926bf348931ea703e8d61c2b8e5b4bb54f8c0c2cd0c7ecd1bd0e8cb	0	完整阅读标题、单元标题、全文并核对分块重复表示：父女鳗鱼回忆及养老院探访全部三十四段，保留时间转换和对话换行。
public/college-english/lessons/rw1/rw1-u02-c.json	college-english	rw1-u02-c	Bonds of love	1.2.0	0	0	scanned	passed	json_valid	Codex	2026-10-01T12:57:31.660Z	2dd417185691e42e6e3ae985a4a3cbc8c2adebd16270905e5dc066db536642ea	2dd417185691e42e6e3ae985a4a3cbc8c2adebd16270905e5dc066db536642ea	0	完整阅读标题、单元标题、全文并核对分块重复表示：爱的纽带七段，中文括号释义、U.K. 缩写及破折号间距正常。
public/college-english/lessons/rw1/rw1-u03-a.json	college-english	rw1-u03-a	To feed the world	1.2.0	0	0	scanned	passed	json_valid	Codex	2026-10-01T12:57:31.706Z	2f77f75ffa3160bc025fbb65c6b096217995fb4d1b880189409dbde039a970d5	2f77f75ffa3160bc025fbb65c6b096217995fb4d1b880189409dbde039a970d5	0	完整阅读标题、单元标题、全文并核对分块重复表示：袁隆平九段传记，保护百分数、年份、400-500 范围及复合词。
public/college-english/lessons/rw1/rw1-u03-b.json	college-english	rw1-u03-b	Heroes among us	1.2.0	0	0	scanned	passed	json_valid	Codex	2026-10-01T12:57:45.909Z	deb93e4b59a9e4afe9d7632b9c674050aefbf9ba4f34a49d8491626a2777cf73	deb93e4b59a9e4afe9d7632b9c674050aefbf9ba4f34a49d8491626a2777cf73	0	完整阅读标题、单元标题、全文并核对分块重复表示：身边英雄十一段全文，Sgt./Ms. 缩写和年龄复合词正常。
public/college-english/lessons/rw1/rw1-u03-c.json	college-english	rw1-u03-c	Cering Dandar, a grassroots hero	1.2.0	0	0	scanned	passed	json_valid	Codex	2026-10-01T12:57:45.960Z	2c53f1940d5703c1a93aea94a715a49dbffcb30b18358bc6fc2fac41d5755a4e	2c53f1940d5703c1a93aea94a715a49dbffcb30b18358bc6fc2fac41d5755a4e	0	完整阅读标题、单元标题、全文并核对分块重复表示：次仁旦达六段全文，中文释义、海拔及 kg 单位间距正常。
public/college-english/lessons/rw1/rw1-u04-a.json	college-english	rw1-u04-a	Social media: How much is too much	1.2.0	0	0	scanned	passed	json_valid	Codex	2026-10-01T12:57:46.010Z	aa003a0f231dbee7fe54d6ac6cda740ea6d9ac443218cb5de7bbd0fa35378a82	aa003a0f231dbee7fe54d6ac6cda740ea6d9ac443218cb5de7bbd0fa35378a82	0	完整阅读标题、单元标题、全文并核对分块重复表示：社交媒体九段全文，3.5 小数、1980s 及复合词正常。
public/college-english/lessons/rw1/rw1-u04-b.json	college-english	rw1-u04-b	Staying connected	1.2.0	0	0	scanned	passed	json_valid	Codex	2026-10-01T12:57:46.050Z	728727c36df11d99ff84fca2220f110da50377f495b0ee2358cf40a58327fad6	728727c36df11d99ff84fca2220f110da50377f495b0ee2358cf40a58327fad6	0	完整阅读标题、单元标题、全文并核对分块重复表示：保持联络七段全文，所有插入语已有 en dash 间距。
public/college-english/lessons/rw1/rw1-u04-c.json	college-english	rw1-u04-c	Chinese people love their social media apps	1.2.0	0	0	scanned	passed	json_valid	Codex	2026-10-01T12:57:46.089Z	d7a778853f99cadc8429ff49049970ff397dc05ed82a0dc74801f2754bc133d7	d7a778853f99cadc8429ff49049970ff397dc05ed82a0dc74801f2754bc133d7	0	完整阅读标题、单元标题、全文并核对分块重复表示：中国社交应用六段全文，中文释义、小数、年份和年龄复合词正常。
public/college-english/lessons/rw1/rw1-u05-a.json	college-english	rw1-u05-a	Firm belief, eternal friendship	1.2.0	0	0	scanned	passed	json_valid	Codex	2026-10-01T12:58:02.799Z	f2e87c9cf3f192f7804537d4238c14370a1947e1268ee284e631f2530de7568c	f2e87c9cf3f192f7804537d4238c14370a1947e1268ee284e631f2530de7568c	0	完整阅读标题、单元标题、全文并核对分块重复表示：柯鲁克夫妇九段传记，年龄复合词及年份、引用、破折号正常。
public/college-english/lessons/rw1/rw1-u05-b.json	college-english	rw1-u05-b	Gender variables in friendship: Contradiction or not?	1.2.0	0	0	scanned	passed	json_valid	Codex	2026-10-01T12:58:02.852Z	616d90f448d32ab200a8b8961c364d15f1dc60b9cdd8371f9cee6541b1c68666	616d90f448d32ab200a8b8961c364d15f1dc60b9cdd8371f9cee6541b1c68666	0	完整阅读标题、单元标题、全文并核对分块重复表示：友谊性别差异六段全文，保留 A-a-a-a-a-! 模拟引擎音及复合词。
public/college-english/lessons/rw1/rw1-u05-c.json	college-english	rw1-u05-c	Picture this: Friends forever	1.2.0	0	0	scanned	passed	json_valid	Codex	2026-10-01T12:58:02.900Z	1a2634fadd4bf5e51e8015c54f85b39448aad7ff838df126e8705a7d20b3c652	1a2634fadd4bf5e51e8015c54f85b39448aad7ff838df126e8705a7d20b3c652	0	完整阅读标题、单元标题、全文并核对分块重复表示：八位朋友合影八段，中文释义、日期及黑白复合词正常。
public/college-english/lessons/rw1/rw1-u06-a.json	college-english	rw1-u06-a	Cliff Young, an extraordinary runner	1.2.0	0	0	scanned	passed	json_valid	Codex	2026-10-01T12:58:02.942Z	2184eeb42176509f4668bf59cabe6b4bb822f1048b8c2dc93d93570dca014bd0	2184eeb42176509f4668bf59cabe6b4bb822f1048b8c2dc93d93570dca014bd0	0	完整阅读标题、单元标题、全文并核对分块重复表示：Cliff Young 全部十四段，保留距离年龄复合词、金额和比赛时间。
public/college-english/lessons/rw1/rw1-u06-b.json	college-english	rw1-u06-b	Shaping young lives with sports	1.2.0	0	0	scanned	passed	json_valid	Codex	2026-10-01T12:58:02.982Z	4b207914004417b47cfaec35552ab0fe99b979c1e0e50c54ddf58a8a130d2354	4b207914004417b47cfaec35552ab0fe99b979c1e0e50c54ddf58a8a130d2354	0	完整阅读标题、单元标题、全文并核对分块重复表示：体育塑造年轻人七段，所有引语、分号和复合词间距正常。
public/college-english/lessons/rw1/rw1-u06-c.json	college-english	rw1-u06-c	Lessons China can teach us about fitness	1.2.0	0	0	scanned	passed	json_valid	Codex	2026-10-01T12:58:14.712Z	0716179fe55c5dfeb0c3dff8c3fe02d5394d7793eaf9e25e2b731c614221b86b	0716179fe55c5dfeb0c3dff8c3fe02d5394d7793eaf9e25e2b731c614221b86b	0	完整阅读标题、单元标题、全文并核对分块重复表示：中国健身四项经验及引言全部，中文括号、U.S. 与复合词正常。
public/college-english/lessons/rw2/rw2-u01-a.json	college-english	rw2-u01-a	An impressive English lesson	1.2.0	0	0	scanned	passed	json_valid	Codex	2026-10-01T12:58:14.755Z	d8a85c5be90b4edec33ec64bc5881806508ab303621c97e1195f09eb07f6e004	d8a85c5be90b4edec33ec64bc5881806508ab303621c97e1195f09eb07f6e004	0	完整阅读标题、单元标题、全文并核对分块重复表示：英语语法课堂全部十七段，引用的语法错误是教学例子，保持原文；词间距正常。
public/college-english/lessons/rw2/rw2-u01-b.json	college-english	rw2-u01-b	The great journey of learning	1.2.0	0	0	scanned	passed	json_valid	Codex	2026-10-01T12:58:14.798Z	19976eef3a809ee020862a4875d7a31698803131a689374b7aaaf36f48c204d5	19976eef3a809ee020862a4875d7a31698803131a689374b7aaaf36f48c204d5	0	完整阅读标题、单元标题、全文并核对分块重复表示：Malcolm X 学习十段全文，姓名、引号及 en dash 间距正常。
public/college-english/lessons/rw2/rw2-u01-c.json	college-english	rw2-u01-c	What challenges learners of Chinese?	1.2.0	0	0	scanned	passed	json_valid	Codex	2026-10-01T12:58:14.842Z	a4ab230f2bda97515c76e4952ced1076ee13e10b0f24142694947af2a1fee9ef	a4ab230f2bda97515c76e4952ced1076ee13e10b0f24142694947af2a1fee9ef	0	完整阅读标题、单元标题、全文并核对分块重复表示：汉语学习六段全文，声调拼音、中文词语与英文括号解释间距正常。
public/college-english/lessons/rw2/rw2-u02-a.json	college-english	rw2-u02-a	The road to my major	1.2.0	0	0	scanned	passed	json_valid	Codex	2026-10-01T12:58:14.885Z	cccb8b3a61e0d2de846c1eac035e7b19d30fe21ae5efc16715d42ae7a9f9c7af	cccb8b3a61e0d2de846c1eac035e7b19d30fe21ae5efc16715d42ae7a9f9c7af	0	完整阅读标题、单元标题、全文并核对分块重复表示：专业选择十段全文，AP、A’s 及复合词正常。
public/college-english/lessons/rw2/rw2-u02-b.json	college-english	rw2-u02-b	The humanities: out of date?	1.2.0	0	0	scanned	passed	json_valid	Codex	2026-10-01T12:58:26.074Z	9e6bffba67d2919c26a1edb9d5ba3efaa06b502e1a02b6f1640c83152f8964dc	9e6bffba67d2919c26a1edb9d5ba3efaa06b502e1a02b6f1640c83152f8964dc	0	完整阅读标题、单元标题、全文并核对分块重复表示：人文学科十段论述，U.S. 和复合词、列举标点正常。
public/college-english/lessons/rw2/rw2-u02-c.json	college-english	rw2-u02-c	From a security guard to a university teacher	1.2.0	0	0	scanned	passed	json_valid	Codex	2026-10-01T12:58:26.126Z	e6ebf356ebe1bc749fb159ce0c50258c95d8beebb6ed16cde5ab3cc2a8b6f6e6	e6ebf356ebe1bc749fb159ce0c50258c95d8beebb6ed16cde5ab3cc2a8b6f6e6	0	完整阅读标题、单元标题、全文并核对分块重复表示：保安到大学教师八段传记，Ph.D./B.A.、时间、词数复合词和中文释义正常。
public/college-english/lessons/rw2/rw2-u03-a.json	college-english	rw2-u03-a	The young generation – the future of China	1.2.0	0	0	scanned	passed	json_valid	Codex	2026-10-01T12:58:26.178Z	7c79b5f44f1e370d508c27d9eec0043fb26ef5da903dcc8436f3140973867c09	7c79b5f44f1e370d508c27d9eec0043fb26ef5da903dcc8436f3140973867c09	0	完整阅读标题、单元标题、全文并核对分块重复表示：青年开发者七段全文，年代、工作时制复合词及引语正常。
public/college-english/lessons/rw2/rw2-u03-b.json	college-english	rw2-u03-b	Understanding the young generation	1.2.0	0	0	scanned	passed	json_valid	Codex	2026-10-01T12:58:26.219Z	ec2cbbb32faf1a29fbff89c603e9d8153966f9d29290ab4f1aac5c14a81a9acb	ec2cbbb32faf1a29fbff89c603e9d8153966f9d29290ab4f1aac5c14a81a9acb	0	完整阅读标题、单元标题、全文并核对分块重复表示：理解青年十二段全部，IQ/EQ、HR、年龄复合词及插入语正常。
public/college-english/lessons/rw2/rw2-u03-c.json	college-english	rw2-u03-c	Aiming to bring agriculture online	1.2.0	0	0	scanned	passed	json_valid	Codex	2026-10-01T12:58:26.259Z	884fbd95ce66317ff583453c02c9ea4856e9c3cac23339d93d0dc28370705b73	884fbd95ce66317ff583453c02c9ea4856e9c3cac23339d93d0dc28370705b73	0	完整阅读标题、单元标题、全文并核对分块重复表示：农业网络创业六段，post-95、CEO 和中文括号释义正常。
public/college-english/lessons/rw2/rw2-u04-a.json	college-english	rw2-u04-a	Huang Danian, a strategic scientist	1.2.0	0	0	scanned	passed	json_valid	Codex	2026-10-01T12:58:40.829Z	ff612297c7c53c6c87ce575ec3baef4fa918968718cf7ad7181d6c4031135396	ff612297c7c53c6c87ce575ec3baef4fa918968718cf7ad7181d6c4031135396	0	完整阅读标题、单元标题、全文并核对分块重复表示：黄大年十二段传记，Dr.、No. 1s、年份和复合词正常。
public/college-english/lessons/rw2/rw2-u04-b.json	college-english	rw2-u04-b	Journey through the odyssey years	1.2.0	0	0	scanned	passed	json_valid	Codex	2026-10-01T12:58:40.873Z	53e9c3d4d4d42d1bc39aacbb3e7b49949cce7f927d20d754f1d662ad7a9dc100	53e9c3d4d4d42d1bc39aacbb3e7b49949cce7f927d20d754f1d662ad7a9dc100	0	完整阅读标题、单元标题、全文并核对分块重复表示：奥德赛人生阶段十一段，年代及 up-to-date 正常。
public/college-english/lessons/rw2/rw2-u04-c.json	college-english	rw2-u04-c	The May Fourth spirit alive in China	1.2.0	0	0	scanned	passed	json_valid	Codex	2026-10-01T12:58:40.914Z	b5d45c24214c35637bfa10259ff811487d20a5d05051ab31ebd964f484138235	b5d45c24214c35637bfa10259ff811487d20a5d05051ab31ebd964f484138235	0	完整阅读标题、单元标题、全文并核对分块重复表示：五四精神六段，COVID-19、中文括号释义及年份正常。
public/college-english/lessons/rw2/rw2-u05-a.json	college-english	rw2-u05-a	Spend or save – the student’s dilemma	1.2.0	0	0	scanned	passed	json_valid	Codex	2026-10-01T12:58:40.956Z	a82e737556ffc09882b8ef913d27f7cd667e652cf77e67635cb5fa76a05414fb	a82e737556ffc09882b8ef913d27f7cd667e652cf77e67635cb5fa76a05414fb	0	完整阅读标题、单元标题、全文并核对分块重复表示：消费储蓄九段论述，U.S.、破折号和引用正常。
public/college-english/lessons/rw2/rw2-u05-b.json	college-english	rw2-u05-b	A $3,000 dictionary	1.2.0	0	0	scanned	passed	json_valid	Codex	2026-10-01T12:58:40.998Z	246294c8034f0b0d308cbb9eed4e9fe1ca56298a323f0c408ec1d66d7a985b04	246294c8034f0b0d308cbb9eed4e9fe1ca56298a323f0c408ec1d66d7a985b04	0	完整阅读标题、单元标题、全文并核对分块重复表示：三千美元词典十段经历，保护金额、T-shirt、CD 与复合词。
public/college-english/lessons/rw2/rw2-u05-c.json	college-english	rw2-u05-c	Project Hope	1.2.0	0	0	scanned	passed	json_valid	Codex	2026-10-01T12:58:58.117Z	c8ddd84dad14f7bae7007c1d75ee9ba02c9376c3ff81a864c24bf2ca1df7f237	c8ddd84dad14f7bae7007c1d75ee9ba02c9376c3ff81a864c24bf2ca1df7f237	0	完整阅读标题、单元标题、全文并核对分块重复表示：希望工程七段，0.4 小数、金额、年份及中文释义正常。
public/college-english/lessons/rw2/rw2-u06-a.json	college-english	rw2-u06-a	Door closer, are you?	1.2.0	0	0	scanned	passed	json_valid	Codex	2026-10-01T12:58:58.161Z	71c3250d39e3b17abe136ee80bb0f6f05011876316007b358a2e7212d8a26742	71c3250d39e3b17abe136ee80bb0f6f05011876316007b358a2e7212d8a26742	0	完整阅读标题、单元标题、全文并核对分块重复表示：关闭选项十三段论述，B.C.E./MIT 缩写及数量、括号正常。
public/college-english/lessons/rw2/rw2-u06-b.json	college-english	rw2-u06-b	When enough is enough	1.2.0	0	0	scanned	passed	json_valid	Codex	2026-10-01T12:58:58.201Z	21459a61a19d4eff6497cf8821b61cc949ebde9d647db0f2d8c0f77cdf4f6303	21459a61a19d4eff6497cf8821b61cc949ebde9d647db0f2d8c0f77cdf4f6303	0	完整阅读标题、单元标题、全文并核对分块重复表示：知足十六段，保护尺码 32-28、40+、数量和复合词。
public/college-english/lessons/rw2/rw2-u06-c.json	college-english	rw2-u06-c	A boom in shopping malls	1.2.0	0	0	scanned	passed	json_valid	Codex	2026-10-01T12:58:58.240Z	8c8fc1e6c8bfd93fabeb7205b22d765313d2eec4d7a84d3a1b39e52ea00bf5fb	8c8fc1e6c8bfd93fabeb7205b22d765313d2eec4d7a84d3a1b39e52ea00bf5fb	0	完整阅读标题、单元标题、全文并核对分块重复表示：购物中心六段，中文释义和 second- and third-tier 等复合表达正常。
public/college-english/lessons/rw3/rw3-u01-a.json	college-english	rw3-u01-a	Connection or conversation	1.2.0	0	0	scanned	passed	json_valid	Codex	2026-10-01T12:58:58.282Z	d8cb12b904f4bc7df309eba555c3dd8f34e1521bd69209f487a4ed91bf3a420b	d8cb12b904f4bc7df309eba555c3dd8f34e1521bd69209f487a4ed91bf3a420b	0	完整阅读标题、单元标题、全文并核对分块重复表示：连接或交谈十二段，年龄复合词、引用及插入语已有间距。
public/college-english/lessons/rw3/rw3-u01-b.json	college-english	rw3-u01-b	Living in the digital world	1.2.0	0	0	scanned	passed	json_valid	Codex	2026-10-01T12:59:13.610Z	284c5eb9195b3adee07401d5ebb03427ef2dad91a1db349548a27a9054e16981	284c5eb9195b3adee07401d5ebb03427ef2dad91a1db349548a27a9054e16981	0	完整阅读标题、单元标题、全文并核对分块重复表示：数字生活九段全文，Wi-Fi、年代和复合词正常。
public/college-english/lessons/rw3/rw3-u01-c.json	college-english	rw3-u01-c	A smartphone is all you need	1.2.0	0	0	scanned	passed	json_valid	Codex	2026-10-01T12:59:13.653Z	fb53474991a8c5e122deccba6c88435bb9f6cfa4e7851147cbec3b2ee25b09ac	fb53474991a8c5e122deccba6c88435bb9f6cfa4e7851147cbec3b2ee25b09ac	0	完整阅读标题、单元标题、全文并核对分块重复表示：智能手机支付八段，QR、中文括号和破折号正常。
public/college-english/lessons/rw3/rw3-u02-a.json	college-english	rw3-u02-a	Zheng He, the great ancient Chinese explorer	1.2.0	0	0	scanned	needs_source_check	json_valid	Codex	2026-10-01T12:59:13.695Z	1b9f3618cfaf3214c0adf060455441cf049616654cad610601525ec9d8203099	1b9f3618cfaf3214c0adf060455441cf049616654cad610601525ec9d8203099	1	完整阅读标题、单元标题、全文并核对分块重复表示：郑和十一段传记，年份数量及复合词正常；India Ocean 疑似漏字另列。
public/college-english/lessons/rw3/rw3-u02-b.json	college-english	rw3-u02-b	Audrey Hepburn – a true angel in this world	1.2.0	0	0	scanned	passed	json_valid	Codex	2026-10-01T12:59:13.737Z	0143a9a789adb31bb7835c0b7fb9e268a243ff74303fc04f4cd4f726b6dcb7b3	0143a9a789adb31bb7835c0b7fb9e268a243ff74303fc04f4cd4f726b6dcb7b3	0	完整阅读标题、单元标题、全文并核对分块重复表示：赫本十五段传记及引语，UNICEF、U.K. 及年份正常。
public/college-english/lessons/rw3/rw3-u02-c.json	college-english	rw3-u02-c	Mei Lanfang – a Peking Opera legend	1.2.0	0	0	scanned	passed	json_valid	Codex	2026-10-01T12:59:13.779Z	02c6cc475bbbe4d6c68f9e9a9da4912ad1bbb4e4d62538b565afcef659d1d1d1	02c6cc475bbbe4d6c68f9e9a9da4912ad1bbb4e4d62538b565afcef659d1d1d1	0	完整阅读标题、单元标题、全文并核对分块重复表示：梅兰芳六段传记，中文剧名、释义、年龄和年代正常。
public/college-english/lessons/rw3/rw3-u03-a.json	college-english	rw3-u03-a	The surprising purpose of travel	1.2.0	0	0	scanned	passed	json_valid	Codex	2026-10-01T12:59:26.058Z	33f9b5553d292627137daabe179a982f869cbf61e4873d5eac41639a871fc69a	33f9b5553d292627137daabe179a982f869cbf61e4873d5eac41639a871fc69a	0	完整阅读标题、单元标题、全文并核对分块重复表示：旅行意义九段，时间、数字、x-ray 和括号问句正常。
public/college-english/lessons/rw3/rw3-u03-b.json	college-english	rw3-u03-b	Traveling solo – a blessing overall!	1.2.0	0	0	scanned	passed	json_valid	Codex	2026-10-01T12:59:26.103Z	638dbe8bc611a76516d904406914d184a164c1e21acb31228c71259943e80911	638dbe8bc611a76516d904406914d184a164c1e21acb31228c71259943e80911	0	完整阅读标题、单元标题、全文并核对分块重复表示：独自旅行十四段全部，U.S.、复合词与说明破折号正常。
public/college-english/lessons/rw3/rw3-u03-c.json	college-english	rw3-u03-c	Touring the world after 60	1.2.0	0	0	scanned	passed	json_valid	Codex	2026-10-01T12:59:26.143Z	7bef377520384c3e536217f7576fb420df33f1450dfd1edc7999d7d43efb4ca8	7bef377520384c3e536217f7576fb420df33f1450dfd1edc7999d7d43efb4ca8	0	完整阅读标题、单元标题、全文并核对分块重复表示：六十岁环游六段，中文释义、88-day、60s 及海拔数字正常。
public/college-english/lessons/rw3/rw3-u04-a.json	college-english	rw3-u04-a	Will you be a worker or a laborer?	1.2.0	0	0	scanned	passed	json_valid	Codex	2026-10-01T12:59:26.183Z	3d6df16f89257f37dd0e70652f3556e81eb982f549f816f74e6b753689988339	3d6df16f89257f37dd0e70652f3556e81eb982f549f816f74e6b753689988339	0	完整阅读标题、单元标题、全文并核对分块重复表示：工作与劳作九段论述，数字、引用与破折号正常。
public/college-english/lessons/rw3/rw3-u04-b.json	college-english	rw3-u04-b	The joy of a prideful tradition	1.2.0	0	0	scanned	passed	json_valid	Codex	2026-10-01T12:59:26.225Z	6c4cc29b851000d64ce1a7a42d7c628dd95f89ed27070d8a8563ddcadc599616	6c4cc29b851000d64ce1a7a42d7c628dd95f89ed27070d8a8563ddcadc599616	0	完整阅读标题、单元标题、全文并核对分块重复表示：鞋匠传统十九段全文，嵌套引语与复合词正常。
public/college-english/lessons/rw3/rw3-u04-c.json	college-english	rw3-u04-c	Glassware on fire	1.2.0	0	0	scanned	passed	json_valid	Codex	2026-10-01T12:59:40.738Z	51d144185255ccb333f6b63dc5d0e065c1df91d4697a125272ffd01ad7dc12f6	51d144185255ccb333f6b63dc5d0e065c1df91d4697a125272ffd01ad7dc12f6	0	完整阅读标题、单元标题、全文并核对分块重复表示：玻璃工艺五段，中文释义、年份和年代正常。
public/college-english/lessons/rw3/rw3-u05-a.json	college-english	rw3-u05-a	No limit for China’s astronauts in their space exploration endeavors	1.2.0	0	0	scanned	passed	json_valid	Codex	2026-10-01T12:59:40.783Z	1bda8584376ada5a6c8c0fa1b85e87d40160cae5ce2137cf848d46698c251947	1bda8584376ada5a6c8c0fa1b85e87d40160cae5ce2137cf848d46698c251947	0	完整阅读标题、单元标题、全文并核对分块重复表示：中国航天员十二段全文，保护 Shenzhou 型号、PLA/UN、kg/km 单位与数字。
public/college-english/lessons/rw3/rw3-u05-b.json	college-english	rw3-u05-b	Chang’e-4 kicked off a new space odyssey	1.2.0	0	0	scanned	passed	json_valid	Codex	2026-10-01T12:59:40.825Z	0e108ca578b3157331cda4157b79841be3050febcec18abce82c8c73fcdcbef0	0e108ca578b3157331cda4157b79841be3050febcec18abce82c8c73fcdcbef0	0	完整阅读标题、单元标题、全文并核对分块重复表示：嫦娥四号十二段全文，型号、年代及 short- to long-term 完整。
public/college-english/lessons/rw3/rw3-u05-c.json	college-english	rw3-u05-c	China aims for peaceful use of space exploration	1.2.0	0	0	scanned	passed	json_valid	Codex	2026-10-01T12:59:40.868Z	cecec46ddedc6c4e0c1653c26dcbb64af145cf46a0f7ea937f6ac9320c69aa8a	cecec46ddedc6c4e0c1653c26dcbb64af145cf46a0f7ea937f6ac9320c69aa8a	0	完整阅读标题、单元标题、全文并核对分块重复表示：和平航天六段，中文释义、型号和年份正常。
public/college-english/lessons/rw3/rw3-u06-a.json	college-english	rw3-u06-a	Surviving an economic crisis	1.2.0	0	0	scanned	passed	json_valid	Codex	2026-10-01T12:59:40.912Z	93ebf3100cba72863df1b46c298e2214844fefbd6eb08e89b2604d34869ef8c2	93ebf3100cba72863df1b46c298e2214844fefbd6eb08e89b2604d34869ef8c2	0	完整阅读标题、单元标题、全文并核对分块重复表示：经济危机引言及 Sue 全部十六段经历，保护 99ers、美元金额和复合词。
public/college-english/lessons/rw3/rw3-u06-b.json	college-english	rw3-u06-b	Economic bubbles: causes and conditions	1.2.0	0	0	scanned	passed	json_valid	Codex	2026-10-01T12:59:52.033Z	0622f2b5d9ed0542a62d76fb29245ef27b3fac6e10f90e6cf81cea9f8580a6e5	0622f2b5d9ed0542a62d76fb29245ef27b3fac6e10f90e6cf81cea9f8580a6e5	0	完整阅读标题、单元标题、全文并核对分块重复表示：经济泡沫八段全文，保护美元计算、小数、年代及 dot-com。
public/college-english/lessons/rw3/rw3-u06-c.json	college-english	rw3-u06-c	The sharing economy turns a new page with books	1.2.0	0	0	scanned	passed	json_valid	Codex	2026-10-01T12:59:52.077Z	7241518a31ad2e3c63beef39cac48554c2eeda16a788884c974d1b3224fbc611	7241518a31ad2e3c63beef39cac48554c2eeda16a788884c974d1b3224fbc611	0	完整阅读标题、单元标题、全文并核对分块重复表示：共享图书九段，QR、中文释义及 book-sharing 正常。
public/college-english/lessons/rw4/rw4-u01-a.json	college-english	rw4-u01-a	From urbanization to smart cities	1.2.0	0	0	scanned	passed	json_valid	Codex	2026-10-01T12:59:52.119Z	1a6b43a0e265b21df4b67ad559131fef03c1c696c14a89e6cb20fc955b9e7516	1a6b43a0e265b21df4b67ad559131fef03c1c696c14a89e6cb20fc955b9e7516	0	完整阅读标题、单元标题、全文并核对分块重复表示：智慧城市十二段全文，保护 5G、IoT、AI 及 Beijing–Tianjin–Hebei 地域组合。
public/college-english/lessons/rw4/rw4-u01-b.json	college-english	rw4-u01-b	Embrace the trend of deurbanization	1.2.0	0	0	scanned	passed	json_valid	Codex	2026-10-01T12:59:52.164Z	9ef308206700401f0592cd2dd4576c1acc9957615a0d5344f57a571af1ac5391	9ef308206700401f0592cd2dd4576c1acc9957615a0d5344f57a571af1ac5391	0	完整阅读标题、单元标题、全文并核对分块重复表示：逆城市化十二段全文，保护 4G/5G、年代及复合词，插入语间距正常。
public/college-english/lessons/rw4/rw4-u01-c.json	college-english	rw4-u01-c	Limited space, unlimited growth	1.2.0	0	0	scanned	passed	json_valid	Codex	2026-10-01T12:59:52.206Z	efbfe380d242afc67650cff15c508ea511dc83fca8974e9a2f0ae8e7b6571adb	efbfe380d242afc67650cff15c508ea511dc83fca8974e9a2f0ae8e7b6571adb	0	完整阅读标题、单元标题、全文并核对分块重复表示：杭州数字发展八段，中文释义、QR、4,000-plus 及复合词正常。
public/college-english/lessons/rw4/rw4-u02-a.json	college-english	rw4-u02-a	Making the choice to be truly beautiful	1.2.0	0	0	scanned	needs_source_check	json_valid	Codex	2026-10-01T13:00:06.795Z	e4f4d07610bc9c96f6f70acdfa64a63371841ebd9f80f906499c7bdc76ad7d0c	e4f4d07610bc9c96f6f70acdfa64a63371841ebd9f80f906499c7bdc76ad7d0c	1	完整阅读标题、单元标题、全文并核对分块重复表示：真正美丽十二段论述，数字和复合词间距正常；regiments 词义疑点另列。
public/college-english/lessons/rw4/rw4-u02-b.json	college-english	rw4-u02-b	The exploration of beauty	1.2.0	0	0	scanned	passed	json_valid	Codex	2026-10-01T13:00:06.840Z	6e03751c416f9b63ee5630cfff256f531caa68f5d3fe98526103a8a30de809e6	6e03751c416f9b63ee5630cfff256f531caa68f5d3fe98526103a8a30de809e6	0	完整阅读标题、单元标题、全文并核对分块重复表示：探索美十段全文，引语和解释性破折号间距正常。
public/college-english/lessons/rw4/rw4-u02-c.json	college-english	rw4-u02-c	A beautiful heart that has made a difference	1.2.0	0	0	scanned	passed	json_valid	Codex	2026-10-01T13:00:06.887Z	b39d39a5c161cb664d5b5f03cc3a2f22ed6e43a1ffabab970e067dd09bb9519d	b39d39a5c161cb664d5b5f03cc3a2f22ed6e43a1ffabab970e067dd09bb9519d	0	完整阅读标题、单元标题、全文并核对分块重复表示：马军乡村教师八段全文，中文释义、年份及地名正常。
public/college-english/lessons/rw4/rw4-u03-a.json	college-english	rw4-u03-a	China’s new wave of young innovators	1.2.0	0	0	scanned	passed	json_valid	Codex	2026-10-01T13:00:06.933Z	8f6016ae6b01eac3e9f0ca10792b96f72b7080fc45e8218955babe5444751964	8f6016ae6b01eac3e9f0ca10792b96f72b7080fc45e8218955babe5444751964	0	完整阅读标题、单元标题、全文并核对分块重复表示：年轻创客十四段全文，保护 3D、DIY、年龄年代与 24- to 48-hour 表达。
public/college-english/lessons/rw4/rw4-u03-b.json	college-english	rw4-u03-b	Culture makes the business world go round	1.2.0	0	0	scanned	passed	json_valid	Codex	2026-10-01T13:00:06.977Z	dfc565371ba2c8f1e3d5a6e5a4f534ab06b9057626b7ecc6104d20dd0dd197ec	dfc565371ba2c8f1e3d5a6e5a4f534ab06b9057626b7ecc6104d20dd0dd197ec	0	完整阅读标题、单元标题、全文并核对分块重复表示：跨文化商务十四段全文，U.S./UAE、引号与复合词正常。
public/college-english/lessons/rw4/rw4-u03-c.json	college-english	rw4-u03-c	The rise of modern entrepreneurship in China	1.2.0	0	0	scanned	passed	json_valid	Codex	2026-10-01T13:01:19.306Z	3e7ca00a5c07d97dafe9aef0fc8daa54da8a29c35e61d4b4c3ebbaff01b52e71	3e7ca00a5c07d97dafe9aef0fc8daa54da8a29c35e61d4b4c3ebbaff01b52e71	0	完整阅读标题、单元标题、全文并核对分块重复表示：中国创业发展五段，年代、复合词与 metropolises 中文释义边界合理。
public/college-english/lessons/rw4/rw4-u04-a.json	college-english	rw4-u04-a	Save the earth, save life	1.2.0	0	0	scanned	passed	json_valid	Codex	2026-10-01T13:01:19.351Z	2a3662fd76eb97a4bccbe6363e5ce72b8d2188dfb1d5764cdfe1103d7b276119	2a3662fd76eb97a4bccbe6363e5ce72b8d2188dfb1d5764cdfe1103d7b276119	0	完整阅读标题、单元标题、全文并核对分块重复表示：地球保护十二段，UN/UNEP、百分数、2°C、年份及三项环保原则间距合理。
public/college-english/lessons/rw4/rw4-u04-b.json	college-english	rw4-u04-b	What nature is telling you	1.2.0	0	0	scanned	passed	json_valid	Codex	2026-10-01T13:01:19.392Z	f992c1e9830339cc28e32b449685dfd5ec5181b37f7ee64b6bd99f770a2f265f	f992c1e9830339cc28e32b449685dfd5ec5181b37f7ee64b6bd99f770a2f265f	0	完整阅读标题、单元标题、全文并核对分块重复表示：自然感官十一段，长引文、缩写、hi-fi 与 make-believe 等复合词保持完整。
public/college-english/lessons/rw4/rw4-u04-c.json	college-english	rw4-u04-c	A green finish line	1.2.0	0	0	scanned	passed	json_valid	Codex	2026-10-01T13:01:19.432Z	87b4c6c061fe6a1851481b44c24972a345f41ed8751e00759d774edbf68cf35e	87b4c6c061fe6a1851481b44c24972a345f41ed8751e00759d774edbf68cf35e	0	完整阅读标题、单元标题、全文并核对分块重复表示：绿色终点八段，沙漠、甘草等中英释义，年份与公里数均有合理间距。
public/college-english/lessons/rw4/rw4-u05-a.json	college-english	rw4-u05-a	A meaningful life	1.2.0	0	0	scanned	passed	json_valid	Codex	2026-10-01T13:01:19.475Z	35400265c23633ea357b078933f3e056e0e1fad5bbdb7ac446e7fa225ace1be1	35400265c23633ea357b078933f3e056e0e1fad5bbdb7ac446e7fa225ace1be1	0	完整阅读标题、单元标题、全文并核对分块重复表示：有意义的人生十三段，动物权益叙事、日期、金额、人数和引语间距合理。
public/college-english/lessons/rw4/rw4-u05-b.json	college-english	rw4-u05-b	A turning point in my life	1.2.0	0	0	scanned	passed	json_valid	Codex	2026-10-01T13:01:35.505Z	e424240a4b18480479952ce499db02064dd414ef7e9c15d0bfcf9c7ce268af89	e424240a4b18480479952ce499db02064dd414ef7e9c15d0bfcf9c7ce268af89	0	完整阅读标题、单元标题、全文并核对分块重复表示：消防员成为作家的十四段叙事，年龄、书籍数量、引语及解释破折号已有间距。
public/college-english/lessons/rw4/rw4-u05-c.json	college-english	rw4-u05-c	Passion and dedication have propelled China’s space science to new heights	1.2.0	0	0	scanned	passed	json_valid	Codex	2026-10-01T13:01:35.553Z	484834f99cd5eb036984045624dad5e3fbe7063226c0096db6f16599cb59e7bc	484834f99cd5eb036984045624dad5e3fbe7063226c0096db6f16599cb59e7bc	0	完整阅读标题、单元标题、全文并核对分块重复表示：九段探月叙事，Chang’e 型号、年月日和括号中文释义完整且间距合理。
public/college-english/lessons/rw4/rw4-u06-a.json	college-english	rw4-u06-a	The coming energy crisis	1.2.0	0	0	scanned	passed	json_valid	Codex	2026-10-01T13:01:35.601Z	65283e7d280906b61871af5517f27476c78d7f21fbb808c3e3e6b874c815cfd5	65283e7d280906b61871af5517f27476c78d7f21fbb808c3e3e6b874c815cfd5	0	完整阅读标题、单元标题、全文并核对分块重复表示：能源危机九段长文，20th-century、百分数、UCS 缩写及结尾双连字符解释句保持既有合理间距。
public/college-english/lessons/rw4/rw4-u06-b.json	college-english	rw4-u06-b	A worldwide food crisis?	1.2.0	0	0	scanned	passed	json_valid	Codex	2026-10-01T13:01:35.644Z	6001693ccee2f1a626e3fa89f5ebb4461a3a4926b7689231d55f3049310abdf8	6001693ccee2f1a626e3fa89f5ebb4461a3a4926b7689231d55f3049310abdf8	0	完整阅读标题、单元标题、全文并核对分块重复表示：粮食危机十二段长文，OECD、年份、百分数、数量和插入解释句均无需增加空格。
public/college-english/lessons/rw4/rw4-u06-c.json	college-english	rw4-u06-c	An important milestone in China’s solar energy development	1.2.0	0	0	scanned	passed	json_valid	Codex	2026-10-01T13:01:35.687Z	3579c47e90e8a767537aee5b7772c2dbc191a96056bd2f0ec6a832c391314b91	3579c47e90e8a767537aee5b7772c2dbc191a96056bd2f0ec6a832c391314b91	0	完整阅读标题、单元标题、全文并核对分块重复表示：八段光热发电介绍，100-megawatt、1.4、350,000、kilowatt-hours 及中文术语边界均合理。
