sequence	path	course	id	title	status	reviewer	reviewed_at	source_evidence	before_display_sha256	after_display_sha256	spacing_edits	paragraph_edits	content_corrections	validation	notes
1	public/shuimu/lessons/phonetics/001.json	shuimu	phonetics-001	入门课：认识 26 个英文字母	passed_unchanged	Codex	2026-10-07T06:58:20+00:00	"[{""path"":""content/article-review/history/0edecb8ce830489eb3d0d2b8bf3f9a7a65c5ab15b3d690f5d640c097574d31d5.json"",""locator"":""display: complete published JSON baseline; contextual segmentation review only"",""checked"":true,""sha256"":""3a5a8c40432c3da18c2022c777fb0db927231eb301f77a4de3315e1d9684bbaa""}]"	374597616cf924242336c5dd3d903cd24ea8b285b6d9800c04d93d8af25c2377	374597616cf924242336c5dd3d903cd24ea8b285b6d9800c04d93d8af25c2377	0	0	0	json;immutable_fields;text_consistency;content_evidence;revision_replay;idempotence	字母表、分组音标和书写要点分别完整；11–15 是字母音标的分组，不合成散文段落。
2	public/shuimu/lessons/phonetics/002.json	shuimu	phonetics-002	第一课：语音基础知识	passed_unchanged	Codex	2026-10-07T06:58:20+00:00	"[{""path"":""content/article-review/history/3e8be6cab1a9a65ef13183c6fd8574c22f68479110b48cd762a2ed71abcfa606.json"",""locator"":""display: complete published JSON baseline; contextual segmentation review only"",""checked"":true,""sha256"":""89e0031739e6acc81f12e0674b7ee1fba29520371e6a9fdd5d17cbc92a22736d""}]"	96391a42797dd9ac96666a770ee6c16693fc0f02b2553105377a37834b4e0470	96391a42797dd9ac96666a770ee6c16693fc0f02b2553105377a37834b4e0470	0	0	0	json;immutable_fields;text_consistency;content_evidence;revision_replay;idempotence	自然拼读的两条说明、五类知识条目和方法清单均为独立要点，缺句号不是断段。
3	public/shuimu/lessons/phonetics/003.json	shuimu	phonetics-003	第二课：4 个前元音	passed_unchanged	Codex	2026-10-07T06:58:20+00:00	"[{""path"":""content/article-review/history/1cab7f431a173bc25c3b4a75a726e68ffae1a6f8516e00c60e26926bfd84a169.json"",""locator"":""display: complete published JSON baseline; contextual segmentation review only"",""checked"":true,""sha256"":""5600b5fe8308e8ff37772a874c978ce6a25dc8707fa93227e48251b87ed39f0a""}]"	f3d3a1b8ead8bd1b888d5a710a909bd8a22bf096eda0e98d8a30f7eb0322e172	f3d3a1b8ead8bd1b888d5a710a909bd8a22bf096eda0e98d8a30f7eb0322e172	0	0	0	json;immutable_fields;text_consistency;content_evidence;revision_replay;idempotence	四种前元音的发音解析均完整；发音组合词表和五个编号绕口令边界正确。
4	public/shuimu/lessons/phonetics/004.json	shuimu	phonetics-004	第三课：3 个中元音	passed_unchanged	Codex	2026-10-07T06:58:41+00:00	"[{""path"":""content/article-review/history/9abe5319d47ba8f35ccf7c1512f65428fd15a869a4ae3bddd2a896ea7dd63bdd.json"",""locator"":""display: complete published JSON baseline; contextual segmentation review only"",""checked"":true,""sha256"":""433fa577e002288c37f599c7ca2460259cdb17beec40d6bb6fd4161bae08b6fe""}]"	1630fe7c480153e09ccc04a9ab164bfc2fe05b6a5d69a261c178015a65c81b35	1630fe7c480153e09ccc04a9ab164bfc2fe05b6a5d69a261c178015a65c81b35	0	0	0	json;immutable_fields;text_consistency;content_evidence;revision_replay;idempotence	中元音解析各自完整；两条 /ə/、/3:/ 绕口令及 /Λ/ 多句绕口令分别保留，词表不合并。
5	public/shuimu/lessons/phonetics/005.json	shuimu	phonetics-005	第四课：5 个后元音	passed_unchanged	Codex	2026-10-07T06:58:41+00:00	"[{""path"":""content/article-review/history/6d2eb69579d290d1d507f3890d28ef8580d402f7e489bac1ee4921c4c654e173.json"",""locator"":""display: complete published JSON baseline; contextual segmentation review only"",""checked"":true,""sha256"":""228a0f6ca33eae583f294e68a797f042e5c44d87a93e68bb844f37b3311a6a04""}]"	d8203695599e861d2ed21638a2cbd516d02cd813033795860b86b95778fa5b02	d8203695599e861d2ed21638a2cbd516d02cd813033795860b86b95778fa5b02	0	0	0	json;immutable_fields;text_consistency;content_evidence;revision_replay;idempotence	五种后元音解释、发音组合词表及分组绕口令均完整，没有句中断段。
6	public/shuimu/lessons/phonetics/006.json	shuimu	phonetics-006	第五课：3 个合口双元音	passed_unchanged	Codex	2026-10-07T06:58:41+00:00	"[{""path"":""content/article-review/history/8f1e7f43bf5a2660e952a47946927e750a730493e4e4658ac68eb69408e62947.json"",""locator"":""display: complete published JSON baseline; contextual segmentation review only"",""checked"":true,""sha256"":""46ec20634df042af8ca021064f594d6a48fe9d8dea38dac5eea0fd88dc247f8e""}]"	dd2177bbc4ad1e08c2cacbe48a0c96fb75c1d59954713ad83157f4be99df51c3	dd2177bbc4ad1e08c2cacbe48a0c96fb75c1d59954713ad83157f4be99df51c3	0	0	0	json;immutable_fields;text_consistency;content_evidence;revision_replay;idempotence	三组合口双元音解析与词表边界正确；/aɪ/ 多句绕口令为同一单元，不逐句拆段。
7	public/shuimu/lessons/phonetics/007.json	shuimu	phonetics-007	第六课：2 个合口双元音	passed_unchanged	Codex	2026-10-07T06:59:08+00:00	"[{""path"":""content/article-review/history/276272a1a6f2f39cc65c137c5bdcb2ef479ff749e7a2b47ad188bbb4253ffd7f.json"",""locator"":""display: complete published JSON baseline; contextual segmentation review only"",""checked"":true,""sha256"":""44a80a9e56ee57d2df283652918c9daf2024a263e1b932b4c2947a2ac17cec9d""}]"	9da41d17b4a8b96e190f2e1e716c9ab29b89d527a43bea0f7f4bc91c2ff9301c	9da41d17b4a8b96e190f2e1e716c9ab29b89d527a43bea0f7f4bc91c2ff9301c	0	0	0	json;immutable_fields;text_consistency;content_evidence;revision_replay;idempotence	两组合口双元音解析和练习完整，Today is cold 开头的三句保持一个练习单元。
8	public/shuimu/lessons/phonetics/008.json	shuimu	phonetics-008	第七课：3 个集中双元音	passed_edited	Codex	2026-10-07T06:59:08+00:00	"[{""path"":""content/article-review/history/d2b680a7a20272d3aac7d418cb57638183ce85c4c19ade93669bb8936983e05e.json"",""locator"":""display: complete published JSON baseline; contextual segmentation review only"",""checked"":true,""sha256"":""9aab159709620aabcdad2b52504c87cc9201ab545943b22e8681e5c83dfab989""}]"	644408dec418080fd6cb1a3bc061ca2d0abd947f11d1cbf31c1b74964e9d999f	5cdb33627b2f8c54fc85bbb7c66f0e502ebb03b96265350b834d4a36aabc98fe	1	4	0	json;immutable_fields;text_consistency;content_evidence;revision_replay;idempotence	三处发音解析续行和一处绕口令续行合并；/ə/ 被拆开的斜杠直接接回，/Ⅰə/ 原字形不改；词表和其余完整练习保留。
9	public/shuimu/lessons/phonetics/009.json	shuimu	phonetics-009	第八课：3 对爆破辅音	passed_unchanged	Codex	2026-10-07T06:59:08+00:00	"[{""path"":""content/article-review/history/59a66464e9730379a9b415f607dbbe573c882715daa70a6fc815528a51251c91.json"",""locator"":""display: complete published JSON baseline; contextual segmentation review only"",""checked"":true,""sha256"":""5bd5170503cb6bb36340418c741888e4fb16400498a122942c0dff812439d9a7""}]"	ba924ae8aee23920afb057df9c1abfcc949f7352459bd8ea7ad2305db5e664c4	ba924ae8aee23920afb057df9c1abfcc949f7352459bd8ea7ad2305db5e664c4	0	0	0	json;immutable_fields;text_consistency;content_evidence;revision_replay;idempotence	三对爆破音解析、发音词表与编号绕口令边界正确，含多句的第2条绕口令保留同段。
10	public/shuimu/lessons/phonetics/010.json	shuimu	phonetics-010	第九课：5 对摩擦辅音	passed_edited	Codex	2026-10-07T06:59:08+00:00	"[{""path"":""content/article-review/history/b3208129b9f950aadb85ddda648447cc20726f0130e53994110fadfad18f0d55.json"",""locator"":""display: complete published JSON baseline; contextual segmentation review only"",""checked"":true,""sha256"":""f76b8d41d0178aa0fbfb7b0d25ca0e6e5d87572c64d32fc6ea3f9b664b1b87e9""}]"	737b5027628eb6a783f27045f204bc8b2390d79705a28800aa85cd12f76dc320	3d277eb37b5cb4572b4078e605021dd7359cca64aa6825337d55aa6ceb7f40bf	1	11	0	json;immutable_fields;text_consistency;content_evidence;revision_replay;idempotence	十条发音解析的断行合并，thought 绕口令最后 I thought 接回同条；词表、编号练习和组别边界保留。
11	public/shuimu/lessons/phonetics/011.json	shuimu	phonetics-011	第十课：3 对破擦音	passed_edited	Codex	2026-10-07T06:59:08+00:00	"[{""path"":""content/article-review/history/b3af3fb4078cd6c582d23298ee47c67c827b37a5b7cd7c86473022109e282e70.json"",""locator"":""display: complete published JSON baseline; contextual segmentation review only"",""checked"":true,""sha256"":""3f1f382ed5e4f2948cb4492240de3a75c3a1d9e088754d2840eab6d8a4da4b72""}]"	dbe55e41ddca3c37e09d3e9ac185ef0ee1c453270c29b74f6e9ac3b52bed91ed	a705a807e3ad7e0b9b2c6d83de3230dc81f484727a7f8a3f638dbf6eb7832336	0	4	0	json;immutable_fields;text_consistency;content_evidence;revision_replay;idempotence	四条破擦音发音解析跨行合并；原文词语不纠错，六类词表和分组练习保持独立。
12	public/shuimu/lessons/phonetics/012.json	shuimu	phonetics-012	第十一课：6 个单辅音	passed_unchanged	Codex	2026-10-07T06:59:08+00:00	"[{""path"":""content/article-review/history/a6a417b473f5e1731e48b619a30f4535eff7e0eb91bac6560811ee532567b6ad.json"",""locator"":""display: complete published JSON baseline; contextual segmentation review only"",""checked"":true,""sha256"":""111ae286ab63782a2bf0f7544cb9f94f59773261eb4b2a3eecf6db4a34bc7e30""}]"	4ddb2abc45263c1fb64ecc6a99e8f407db5c945cf4244b33c4137ce6b9e19f8d	4ddb2abc45263c1fb64ecc6a99e8f407db5c945cf4244b33c4137ce6b9e19f8d	0	0	0	json;immutable_fields;text_consistency;content_evidence;revision_replay;idempotence	六个单辅音解析、词表及练习各自完整；清晰和模糊舌边音两条解释保留独立，多个短绕口令不合并。
13	public/shuimu/lessons/beginner/001.json	shuimu	beginner-001	【对话场景】询问与感谢	passed_edited	Codex	2026-10-07T07:00:26+00:00	"[{""path"":""content/article-review/history/70d8339c944ab5bfc513b1f9098436a97085d468821af618d79c59fffbab2739.json"",""locator"":""display: complete published JSON baseline; contextual segmentation review only"",""checked"":true,""sha256"":""fea9b55093b0bc4480400b65336d8fe8188f8d6786171c012fdca5dd4370b3e9""}]"	aaa7ec042deb780879e61145a988a982d5ed8dd6f05349fc2726c899e230eea5	eb6bd235bc3d0ed9fe1ccfe27102379dc19ebe20326ee15532a056becb16efab	0	7	0	json;immutable_fields;text_consistency;content_evidence;revision_replay;idempotence	七个对话单元按现有换行拆成英文、中文各一块；保留对话轮次和 Thank you 单元。40/41/45/46 为主谓宾及主系表对齐教学块，不拆散。
14	public/shuimu/lessons/beginner/002.json	shuimu	beginner-002	【对话场景】道歉与回答	passed_edited	Codex	2026-10-07T07:00:26+00:00	"[{""path"":""content/article-review/history/75fbcbc205476ac68cfe48952b0c8cd1e6500dda2518bcf45d7c903f2e4e319c.json"",""locator"":""display: complete published JSON baseline; contextual segmentation review only"",""checked"":true,""sha256"":""68e7ca4ff14bc6a30425e371a2d79f114f90e9b30fc96b763c9cb65009e59155""}]"	7fd4d1dceac8eb7f9e43bdb8d6731a452ab55e8cd95588173b2ea3b3c8081ec5	b11bdaaa074eabafc88ab51b0952ff86f21fe28cbc46ea8c7663f5f1f871b0f1	0	12	0	json;immutable_fields;text_consistency;content_evidence;revision_replay;idempotence	十二个对话单元的中英文按原换行独立成块；人称代词表 46 与两个双语列表例句保持教学结构，术语说明各段完整。
15	public/shuimu/lessons/beginner/003.json	shuimu	beginner-003	【对话场景】介绍别人与打招呼	passed_edited	Codex	2026-10-07T07:00:26+00:00	"[{""path"":""content/article-review/history/44973259b9e3690746511f2d8eb708a46feba870870dc53cc5ff59cced1cdd12.json"",""locator"":""display: complete published JSON baseline; contextual segmentation review only"",""checked"":true,""sha256"":""630b58b191b72b9a393c22d3b9247db1adbacbc21f17af799316d1bc701395bc""}]"	e8cc73878f27269cdb77a7ad504d76e6515d50a9fcb2b8e4d24e052f7c2dc8a9	7eb27adb261ba62b7bbec57319c0e3ec80090f3c77064010f9ece9abc06df7c0	1	3	0	json;immutable_fields;text_consistency;content_evidence;revision_replay;idempotence	中英对话本已分块；合并指示代词定义、比较例句 garden 续行、近远指代说明三处断行。国家/国籍表格行与独立同义例句保留。
16	public/shuimu/lessons/beginner/004.json	shuimu	beginner-004	【对话场景】询问职业	passed_edited	Codex	2026-10-07T07:00:52+00:00	"[{""path"":""content/article-review/history/6647bd4a1399ca0f29332496770456264778fdb29d15bd1a0f8722acd0393054.json"",""locator"":""display: complete published JSON baseline; contextual segmentation review only"",""checked"":true,""sha256"":""401d5d4283fe150f8cf66fd3ed65abb746e35a8f2cc37af8736516eb67004bb7""}]"	a7798820454a3ee0600cf34bd7692a1871c3c133d9a9eaae31c6662b6a16021f	f13d2db5eafc3c2828396245d8567890209853495715f874673bd681accb401f	0	2	0	json;immutable_fields;text_consistency;content_evidence;revision_replay;idempotence	合并 job/work 解释与特殊疑问句定义的续行；中英对话、疑问词表和独立例句保持原边界。
17	public/shuimu/lessons/beginner/005.json	shuimu	beginner-005	【对话场景】朋友间的问候	passed_edited	Codex	2026-10-07T07:00:53+00:00	"[{""path"":""content/article-review/history/7e1d950f0c1eb4e8eb224fb967dd90260b67ff89dabb3ea88260ca462bf7d510.json"",""locator"":""display: complete published JSON baseline; contextual segmentation review only"",""checked"":true,""sha256"":""bf46b6356d98c338491fef799cbffad17d28ed6571460955d8dd808debbefccb""}]"	8b5f624acde1b277bad7f691f307b18ebdf553a02900efd02b6632fef34dc388	dd24ea9e3bece1e790380965cb4a1a6c8ff2bac3d5c8c1e930f521f90e21a38c	0	14	0	json;immutable_fields;text_consistency;content_evidence;revision_replay;idempotence	十四组问候对话按原换行拆开英文及对应中文；句子成分三行表格保留，主谓宾等七类说明和例句完整。
18	public/shuimu/lessons/beginner/006.json	shuimu	beginner-006	【对话场景】物品的归属	needs_source_check	Codex	2026-10-07T07:00:53+00:00	"[{""path"":""content/article-review/history/58ceececafca638ed950add30c913e3917b44b80b8cba0c6f44d8cc5a2623f35.json"",""locator"":""display: complete published JSON baseline; contextual segmentation review only"",""checked"":true,""sha256"":""4851726260ed28b218818dc700589412ccd67ab95335d8914f357b702b3b0c15""}]"	64e54f01828077663b6b3ede3e5b5c0aabcaf7e9df246ff33216472f83666a8b	519b656fdae4d24c8aae77db02c1c274beaae5acca6088eb9135a6817d6b15ce	1	4	0	json;immutable_fields;text_consistency;content_evidence;revision_replay;idempotence	合并两条例句、名词定义及普通名词说明续行；所有格词组和对话轮次保持。分类图的文本行保留待确认。; blocks[64..68] 名词分类图含“名 普”“词 通”等拆散列文字；仅凭 JSON 无法可靠恢复树形分组，保留原行，待确认。
19	public/shuimu/lessons/beginner/007.json	shuimu	beginner-007	【对话场景】讨论颜色	passed_unchanged	Codex	2026-10-07T07:01:26+00:00	"[{""path"":""content/article-review/history/270ad0bad6c92f59771485baad7e2644e52f4fd3a0ecf0223d480fd9fd8b9a4e.json"",""locator"":""display: complete published JSON baseline; contextual segmentation review only"",""checked"":true,""sha256"":""56eafff4a860b96236e66309b2785a6c970446a7cd72386311972a48df3c5535""}]"	7643ac43420fc6324a3136e31ca05a9e723e0913f08e7deddb272b874213b335	7643ac43420fc6324a3136e31ca05a9e723e0913f08e7deddb272b874213b335	0	0	0	json;immutable_fields;text_consistency;content_evidence;revision_replay;idempotence	颜色对话中英对应完整；颜色词表、祈使句定义及 let 句型分组均完整，保留独立短语、例句与列表，不需修复。
20	public/shuimu/lessons/beginner/008.json	shuimu	beginner-008	【对话场景】表达关心	passed_edited	Codex	2026-10-07T07:01:26+00:00	"[{""path"":""content/article-review/history/24430e467bd5c21b5520e7c89942ecfea064dace0eb5b4d76b356422763b85c4.json"",""locator"":""display: complete published JSON baseline; contextual segmentation review only"",""checked"":true,""sha256"":""f3d4ec03cb86e4a3ba60238297017a20a32dda9bda63311c4f1153f682a49c12""}]"	49d68d0276a37016bd13c69ee6a489194c00046847054d8d75ee3b5219538310	9385d438eb2a1baaf6b7c86c120b72b18b376039b27e1d5f4630d3beaf2fe345	0	12	0	json;immutable_fields;text_consistency;content_evidence;revision_replay;idempotence	十二个关心对话单元按现有中英换行拆块；There be 公式两行和问答例句列表保持原教学结构，没有同语言句中断行。
21	public/shuimu/lessons/beginner/009.json	shuimu	beginner-009	【对话场景】描述物体的特征	passed_edited	Codex	2026-10-07T07:01:26+00:00	"[{""path"":""content/article-review/history/3cb1b0c250d8ed984d59e5534dd6edcad427c1fd8a760ca096d63a7abd231166.json"",""locator"":""display: complete published JSON baseline; contextual segmentation review only"",""checked"":true,""sha256"":""77a7585ca59d7462e420f10cbabf2dbcbff757fbc8d9a93a852bdc02f7729374""}]"	a2a2d5052179d54fb8bf55de30f61aa1f00697a3eae399325e9c103ff112ab8a	626b18d6074aa92296b42c770e82e5acbec0c54c4e88d55cc42cc5e341091a36	0	3	0	json;immutable_fields;text_consistency;content_evidence;revision_replay;idempotence	合并 one 例句的译文、定冠词定义和 watch 例句译文三处续行；两组对话轮次、定冠词分类与词表保持。
22	public/shuimu/lessons/beginner/010.json	shuimu	beginner-010	【对话场景】描述物体的位置	passed_unchanged	Codex	2026-10-07T07:01:26+00:00	"[{""path"":""content/article-review/history/da791919d2144233f0debeb61cf69c7edd2584519d16eff1e6b99a709f1bbb0c.json"",""locator"":""display: complete published JSON baseline; contextual segmentation review only"",""checked"":true,""sha256"":""86d4911f809700c01a461ffd96245d85b5ab763904e5f7766e1b8200fd5f9f1c""}]"	c667b9b331e0c9c00612b00612f6721625dd4be4d09eb5320866b4307143e1e9	c667b9b331e0c9c00612b00612f6721625dd4be4d09eb5320866b4307143e1e9	0	0	0	json;immutable_fields;text_consistency;content_evidence;revision_replay;idempotence	厨房与客厅双语描述逐项对应完整；介词对照分类、例句译文与词表均完整；37/38 为英语和中文两块，保留。
23	public/shuimu/lessons/beginner/011.json	shuimu	beginner-011	【对话场景】表达请求和命令	passed_edited	Codex	2026-10-07T07:01:46+00:00	"[{""path"":""content/article-review/history/398a514ae9da12005329d3d371cbf09defdef26881525945610c8a257a0a0a4a.json"",""locator"":""display: complete published JSON baseline; contextual segmentation review only"",""checked"":true,""sha256"":""d3a724830378ee1e45ecbfcc6f20dd20b0eb90b69742198172301c1c41e9a1e4""}]"	385917652f0c0463afa73870c08cf38529a4c69ed0e908c889610433fd682434	545e0d07187a45ea6a30175bc3e564fc8fbc1aa7e7216400c3c86ead2860a94c	1	2	0	json;immutable_fields;text_consistency;content_evidence;revision_replay;idempotence	情态动词定义的“不完全”断开及常用情态动词清单续行接回；祈使对话各英中单元、分组列表与词表完整。
24	public/shuimu/lessons/beginner/012.json	shuimu	beginner-012	【对话场景】描述进行中的动作	passed_edited	Codex	2026-10-07T07:01:46+00:00	"[{""path"":""content/article-review/history/9ef3c3f2cac62f5656c263d598c200e55cb510d0ebc1a4dd8afc28576a997905.json"",""locator"":""display: complete published JSON baseline; contextual segmentation review only"",""checked"":true,""sha256"":""68d882561fab55a201e3da45cd8ce60b59d68e6d6962bc73bef1e6d3f121262a""}]"	f2377f9ebd357001adfb23e43caa3954b655a506bc4cf7a5ca123e730bda3fc4	ecdd4daeeb823f21413897d542ef32cad7907a20b87ca023433b8340bb52e57d	0	14	0	json;immutable_fields;text_consistency;content_evidence;revision_replay;idempotence	十四组进行时对话英中各自分块；be 动词对应表和语法条目完整，51 为一个双语列表例句保留内部换行。
25	public/shuimu/lessons/beginner/013.json	shuimu	beginner-013	【对话场景】叙述客观事实	passed_edited	Codex	2026-10-07T07:01:47+00:00	"[{""path"":""content/article-review/history/a85d6247b2413fcf48840228552dac4b496c6498c07f2228b3a4fe883c0b0914.json"",""locator"":""display: complete published JSON baseline; contextual segmentation review only"",""checked"":true,""sha256"":""3c08a9094906e11ea62694ca6a2007daa1b915cbb1239ad007adb03ade9e0914""}]"	8a6280c5c35a1d33f094be29acd9bbb370d4eddaaa05cd70605efc9f304f29e2	18468f3d9e992ef57044933b2a83351639fc4c9358fef4e71f368cb8db88662c	0	15	0	json;immutable_fields;text_consistency;content_evidence;revision_replay;idempotence	十五个村庄描述单元中英各自分块；保留 be 与实义动词人称表的对应行，说明和例句均完整，没有同语言断句。
26	public/shuimu/lessons/beginner/014.json	shuimu	beginner-014	【对话场景】询问此刻的意图	passed_edited	Codex	2026-10-07T07:03:10+00:00	"[{""path"":""content/article-review/history/193e11b6405c465a513eb99566a57f8bde14431545336f14926b1f6da2fa7baa.json"",""locator"":""display: complete published JSON baseline; contextual segmentation review only"",""checked"":true,""sha256"":""69d047384aeb02273ce0676593f83d2b999fdc052ec38c056acff712d5817b97""}]"	e02902a0602cea9172f3ed393852366641e2fd22437038066fcdb8c4e9a3e852	3560ea1eb08225bcb9f263b7e97605fb38c8e98f618f464e9935a8ecf838af04	1	0	0	json;immutable_fields;text_consistency;content_evidence;revision_replay;idempotence	补正本轮合并接缝的英文与中文间空格；其余句段和上一轮已逐项核对的边界保持。
27	public/shuimu/lessons/beginner/015.json	shuimu	beginner-015	【对话场景】询问下一步的打算	passed_edited	Codex	2026-10-07T07:02:16+00:00	"[{""path"":""content/article-review/history/42ce8b98f0baff0c8a3fa0414e610f9d252bf8242934436c9d51850181669fd7.json"",""locator"":""display: complete published JSON baseline; contextual segmentation review only"",""checked"":true,""sha256"":""ac989a200fa1a0afc70f63928a7ef29818b97940addc1535ab98959a4a6ba6b2""}]"	34315cfac52674f1f493341088548bed739e04da9a6f57f589f2b9e87a0a4757	af7a164d01c5518d27338cb8e8d1c3f1f0bd7e6ab0b405809b61aa4f99242278	0	10	0	json;immutable_fields;text_consistency;content_evidence;revision_replay;idempotence	十个花瓶对话单元中英拆块，多句同一对应单元保留；一般将来时说明完整，时间状语词表两行保留。
28	public/shuimu/lessons/beginner/016.json	shuimu	beginner-016	【对话场景】描述不可数名词的数量	passed_edited	Codex	2026-10-07T07:03:10+00:00	"[{""path"":""content/article-review/history/a31b2f4a1d5b30ca529fca8292ef2405d3d10ce949619989d5a078665eff7858.json"",""locator"":""display: complete published JSON baseline; contextual segmentation review only"",""checked"":true,""sha256"":""b70c683022d495a08bd1f979d45290efa4be329302d4c2ab89fa6c1638654776""}]"	f95d187ce46018ded06922ea3bcad62d29b3f812dd1eaa9f2e13acce99563017	445513380e9a4819e6e84f2594f78520601e94ebeb7fca5d59f0ef0140d8a60b	1	0	0	json;immutable_fields;text_consistency;content_evidence;revision_replay;idempotence	补正本轮合并接缝的英文与中文间空格；其余句段和上一轮已逐项核对的边界保持。
29	public/shuimu/lessons/beginner/017.json	shuimu	beginner-017	【对话场景】询问物体摆放的位置	passed_edited	Codex	2026-10-07T07:02:16+00:00	"[{""path"":""content/article-review/history/63480e5b47b567e2d77549606c8456ff209a4711b4c1178e04ea8599b68d7837.json"",""locator"":""display: complete published JSON baseline; contextual segmentation review only"",""checked"":true,""sha256"":""f532bd32a24cd1f5cf0979838899c74634649c09dc44d4b093446fd3bcc426d5""}]"	a1fd0531e829717974f2781c7355bbe73e9d5e0b2fc7e269d4a5a5f047de1555	aeea619831696ecbae403f2dd03b16291435869602251c469603528bf230910c	0	17	0	json;immutable_fields;text_consistency;content_evidence;revision_replay;idempotence	沏茶对话十七个中英单元各自拆块；can/there be/where 问答和不定代词分类例句完整，不机械合并短答。
30	public/shuimu/lessons/beginner/018.json	shuimu	beginner-018	【对话场景】询问他人的喜好（上）	passed_edited	Codex	2026-10-07T07:02:18+00:00	"[{""path"":""content/article-review/history/c40a96241f1d11065593f8fb9b751c727e71306d60ed80f53aa873cb8c5eb079.json"",""locator"":""display: complete published JSON baseline; contextual segmentation review only"",""checked"":true,""sha256"":""0049995872056a317692fc358c5398f6c5ffffbe98f9535326c51977ad958115""}]"	23ec376306ab157e595e25a3688ce4f3cb6c6fafbe2c3f20de824c52297c4587	6f980b6ff8520240a85794f285e500f84997b7c8aa37c9e96656f81e60fae912	0	13	0	json;immutable_fields;text_consistency;content_evidence;revision_replay;idempotence	咖啡与饼干十三组中英单元拆块；五种动词形式、不规则变化词表及用法列表逐项完整，保留分组。
31	public/shuimu/lessons/beginner/019.json	shuimu	beginner-019	【对话场景】询问他人的喜好（下）	passed_edited	Codex	2026-10-07T07:03:53+00:00	"[{""path"":""content/article-review/history/85af260a554d8ccf5c49479bcf56d5e4bd58ff7c3bf139ca35768e0180fe6df4.json"",""locator"":""display: complete published JSON baseline; contextual segmentation review only"",""checked"":true,""sha256"":""815c6a6c35b530fb8a5e82e281864c5ed6966b52c7d8f8ff7474ffdd22016e6c""}]"	939bfea79cd6532eb7d77d498c009524d09ba77a32ed1f9cb92f5f9902fb66e5	daf78babfe9ac67bd27a10767aadc4ede8a85ec4002a0c5efb9b1493b7e0be92	0	8	0	json;immutable_fields;text_consistency;content_evidence;revision_replay;idempotence	八组肉类喜好对话中英拆块，段内多句保留；形容词构词、位置、顺序的分类列表与例句完整。
32	public/shuimu/lessons/beginner/020.json	shuimu	beginner-020	【对话场景】询问他人的籍贯	passed_edited	Codex	2026-10-07T07:03:53+00:00	"[{""path"":""content/article-review/history/6a1ba9aa347bbc91527c8a4f5400235015ebb9210d43f8b665b926fc96b2e1cb.json"",""locator"":""display: complete published JSON baseline; contextual segmentation review only"",""checked"":true,""sha256"":""96dd4b9a3144651522ea77b78fd8412e4bf5b71e2fc4620c0fb6b37c7f64e426""}]"	28850837141760f10fb04e642914a1ef096691c73d1eb24dd80bd5ab45079ec0	e10b65e727fbc301751abe3c9e41bff0b0144744eb59227c5a575d51a013d95d	2	5	0	json;immutable_fields;text_consistency;content_evidence;revision_replay;idempotence	合并 come from 说明、国籍括号注释、疑问句说明、favourite colour 例句和时间介词定义的续行；国家词表和 at/on/in 对照行保留。
33	public/shuimu/lessons/beginner/021.json	shuimu	beginner-021	【对话场景】讨论天气变化	needs_source_check	Codex	2026-10-07T07:03:53+00:00	"[{""path"":""content/article-review/history/a59df9a7ffc2320f4a3e4767a6aa8a8e5558d22ae23b328dea368e6f74401d65.json"",""locator"":""display: complete published JSON baseline; contextual segmentation review only"",""checked"":true,""sha256"":""cf8bd949a3880a0ef8bcbf4eb01428b5d4a304146fa654fdbb09915ab94f6e51""}]"	cc7896237e108fb09552c50bd8d862bbca442cebb2230e1bf1729013ba352666	1f93700f8608aa6143d63a9f5188975563a08fc94d432d3d7dafc9b432e0034f	2	2	0	json;immutable_fields;text_consistency;content_evidence;revision_replay;idempotence	接回 heavy snow 词组和月份缩写连续条目，保留天气对话及独立词表行；序数词口诀表的两处错列无法在不重排字符的前提下恢复，列待确认。; blocks[78..79] third 被放在简称 1st, 2nd, 3rd 后，JSON 无法只用空白修复列顺序，保留。; blocks[83..84] 口诀末字“序”位于 twenty first 21st 之后，不重排字符，保留待确认。
34	public/shuimu/lessons/beginner/022.json	shuimu	beginner-022	【对话场景】描述日常生活细节	passed_edited	Codex	2026-10-07T07:03:53+00:00	"[{""path"":""content/article-review/history/4ee0e884b96d96e1d29c6c1fa00922d149430258f3f869e3316b8a6dd4649c52.json"",""locator"":""display: complete published JSON baseline; contextual segmentation review only"",""checked"":true,""sha256"":""f11254cb6bda8e687b5e8a4c2e695879bd4ef11f92fa5b0b6eb398007ee831b0""}]"	9798503722a32a0c17d0f7318996280d2094d0112d66fe29dfdb13aaba8d2144	f32bdc3222d79c6685f864d4f6d3895ff7651495b509e065047165a9bede2e2f	1	9	0	json;immutable_fields;text_consistency;content_evidence;revision_replay;idempotence	九处语法说明和例句译文断行接回：事情、医院、回家、连词定义及 and/or/for 说明；生活描述的中英对应和所有列表层次保留。
35	public/shuimu/lessons/beginner/023.json	shuimu	beginner-023	【对话场景】询问具体的时间	passed_edited	Codex	2026-10-07T07:03:54+00:00	"[{""path"":""content/article-review/history/bc8a25d5d61f6a2bc5036ff2a4ead8f0cec4180977a88b88c56c2b5207596649.json"",""locator"":""display: complete published JSON baseline; contextual segmentation review only"",""checked"":true,""sha256"":""d998f6f0f5a3c0d65af27e20b4af42017378116f91ddad1ca94b61bd4ddd860d""}]"	522a050cf417cba25a54d91cd173bd41aaf25e78eeb9455c0dbf2284f97fe3fe	51d04f1404a4cb02e846749d801f197ea2f350f0bca22d18c5c8453db83c8be4	0	17	0	json;immutable_fields;text_consistency;content_evidence;revision_replay;idempotence	时间场景十六组英中单元及 B 的独立答语拆块；词表、时间表达公式、A/B 问答轮次与原有列表内双语说明保持。
36	public/shuimu/lessons/beginner/024.json	shuimu	beginner-024	【对话场景】询问健康状况	passed_edited	Codex	2026-10-07T07:04:39+00:00	"[{""path"":""content/article-review/history/148e4727053b979762e340d2df4754bae3be8ba4752d86aadef8b78ac0794076.json"",""locator"":""display: complete published JSON baseline; contextual segmentation review only"",""checked"":true,""sha256"":""23ab52b0d7ae30c2634b395816b6b06f73f58ebd58de154bfce050bb2514f8af""}]"	a9d4cacbd17863ad3650fc1f8c9b663728291f9173549e2bf4ee62afec44bf72	4618f34dc566dffc08e46cafe46cca51d0b23338d5d9be010c8c8ae8caa24166	1	9	0	json;immutable_fields;text_consistency;content_evidence;revision_replay;idempotence	九处感官动词、remember/ill 例句译文和基数词说明续行接回；13–19 及整十位数的词表行保持独立，医生对话按中英对应保留。
37	public/shuimu/lessons/beginner/025.json	shuimu	beginner-025	【对话场景】描述身体不舒服	passed_edited	Codex	2026-10-07T07:04:39+00:00	"[{""path"":""content/article-review/history/a7da231566fa3c4e5f63e88115bd14d356a0ec4fcbf3044f3e3c51fbd4add1b9.json"",""locator"":""display: complete published JSON baseline; contextual segmentation review only"",""checked"":true,""sha256"":""74c02630859d420c02e9728eb1ccc3140f0a28359e5a0ea4837ea2cc25d473cc""}]"	3126eba94aa47f8fdf4b8d646678862cbd0f7503302f658238cae387d78745aa	f45e091b84fabf990e25ed9c43e84bde7080cd9fb41fa070d0a531f94cb40dcd	0	19	0	json;immutable_fields;text_consistency;content_evidence;revision_replay;idempotence	十七组身体状态对话及两条独立答语中英拆块；四则运算公式与读法的多行教学单元、数词列表保留，没有句中断行。
38	public/shuimu/lessons/beginner/026.json	shuimu	beginner-026	【对话场景】描述发生在过去的事情	needs_source_check	Codex	2026-10-07T07:04:40+00:00	"[{""path"":""content/article-review/history/348ebd6ce1b8737a446590020621f5b8e0e058baa96801cae6336ba01e87f924.json"",""locator"":""display: complete published JSON baseline; contextual segmentation review only"",""checked"":true,""sha256"":""fabb083269c90144882afa59ea1bf535bc231f0e61ee3bb0dc3072fe4a3d1659""}]"	48d481231ab0950b2860a2575d52c05446ddfecf5159e73a89abad0e662957cb	eae8589902939b5bbd4bf065b778460393b12a16a72c16622d19af2a090546a9	1	2	0	json;immutable_fields;text_consistency;content_evidence;revision_replay;idempotence	合并过去时定义及常用副词说明；词表、问候和例句边界保留。缺课日期对话的英中半句交替问题另记待确认。; blocks[15..18] 英文在 Tuesday, 后插入中文半句，再续 Wednesday；中文也被英文续句隔开。需要跨语言重排才可各自成句，本轮保留字符顺序，不修复。
39	public/shuimu/lessons/beginner/027.json	shuimu	beginner-027	【对话场景】引述他人说过的话	needs_source_check	Codex	2026-10-07T07:04:40+00:00	"[{""path"":""content/article-review/history/15db3bcd012f363a0e07898b167b27bb28a18de598bbe9b16ffe071783bf5918.json"",""locator"":""display: complete published JSON baseline; contextual segmentation review only"",""checked"":true,""sha256"":""4e14acc224fb5430a6e30110365f9bfd5e3369917de5fbfcc88019835f3ad252""}]"	ed52983fcb494a1930617d3b6f987b4072730caa935b03c3fd2069d082d7728d	d438486d64ac4ba250c872ee8824809072d3046c812a9feff1c6055115c47617	1	3	0	json;immutable_fields;text_consistency;content_evidence;revision_replay;idempotence	合并电话引语、名词性物主代词说明及引语定义；对话和表格中需要重排字符的问题记录待确认，不改变措辞或内容次序。; blocks[7..10] 电话次数的英中半句交替，合为完整英中段落需重排字符，本轮保留。; blocks[79..84] 物主代词表列头被词形列隔开（形容词性物/主代词，名词性物主/代词），仅凭空白改动无法恢复列序，保留待确认。
40	public/shuimu/lessons/beginner/028.json	shuimu	beginner-028	【对话场景】问路和指路	passed_edited	Codex	2026-10-07T07:04:40+00:00	"[{""path"":""content/article-review/history/7d2e1ff15d59997a32e5ca45028c42e94b90a4fe208cc05dd5a776d80499a2ea.json"",""locator"":""display: complete published JSON baseline; contextual segmentation review only"",""checked"":true,""sha256"":""bf7798d60869ab5830365131b271334cb75e6f735b34f542342f7c405e9fd615""}]"	1e55c448d175185507413388d382d33652398f8af2fa98c8ab7fe45916868ad3	0d2881b28587a9693d937138fbebcb0f30a8ce8ea1e94cbdc2d79724331ba646	0	3	0	json;immutable_fields;text_consistency;content_evidence;revision_replay;idempotence	合并反身代词强调说明、副词定义三行与 Honestly 例句译文；问路故事中英对应、引用话语和副词分组词表完整。
41	public/shuimu/lessons/beginner/029.json	shuimu	beginner-029	【对话场景】在商场购物	passed_edited	Codex	2026-10-07T07:05:21+00:00	"[{""path"":""content/article-review/history/e98f75e140b4e3fbdbedb79201d9491a6eab2553dbff1cbaee0baf79a37966ea.json"",""locator"":""display: complete published JSON baseline; contextual segmentation review only"",""checked"":true,""sha256"":""15e0548fb140e261e597e7cd2215be665e388c2583a9291751ef60ff9b4667a9""}]"	117bb81c1e1ba7e66069c63b4730c55eb25110be202b1dba3cd6683a7e96c00a	a3cd15721477103156da2acc217d591335301bdeefc0faa6c827d0a666414bc4	1	5	0	json;immutable_fields;text_consistency;content_evidence;revision_replay;idempotence	五处例句译文和词义断行接回；独立的形容词词表换行保留，购物对话和英文缩写 U.S. 不拆分。
42	public/shuimu/lessons/beginner/030.json	shuimu	beginner-030	【对话场景】采购生活必需品	needs_source_check	Codex	2026-10-07T07:05:21+00:00	"[{""path"":""content/article-review/history/05fe630650347a6bd4e39eae0ed2ad82833f5a9ec079f01db4b3aecf789f26fa.json"",""locator"":""display: complete published JSON baseline; contextual segmentation review only"",""checked"":true,""sha256"":""ff502befeaaad8b76441841e4ebe3cb945d5a3ba6c0bbfe6e08a3c717eeac915""}]"	35a32001f2693cd1998a3425879c1efae44b826305ea311a0112be288abf29d6	0831fdb34d17d6b52b71abf20dfb7d658106cb2df1dbaa942c49a0430a1dc9a9	3	7	0	json;immutable_fields;text_consistency;content_evidence;revision_replay;idempotence	七处词表词组、中文定义和时态说明续行修复；购物对话中的两处英中半句交替保留待确认，其他列表和时间短语保持。; blocks[13..16] tea or coffee 与 and we haven't 之间插入译文；blocks[21..24] tomatoes 与 but we've got 之间插入译文。完整英中段落需跨语言重排，本轮不改变字符顺序。
43	public/shuimu/lessons/beginner/031.json	shuimu	beginner-031	【对话场景】邀请别人共进午餐	passed_edited	Codex	2026-10-07T07:05:21+00:00	"[{""path"":""content/article-review/history/4406aa1e38da35c34932bd37edbecf42991efd8821ea85c6febbffe0c441b463.json"",""locator"":""display: complete published JSON baseline; contextual segmentation review only"",""checked"":true,""sha256"":""058203a7d73056aee1d1b185c2fcb3b1748ac3a88939921c4dca512c96f83b67""}]"	18260401160beb6d61b8534bb94c2a04d8fdfafea9c1ecf5d7ac1d17b5bcbabd	85b2aebd7776349de43b73bb633adbcebb17c0bfcded36eca142120ba44e3dfe	0	21	0	json;immutable_fields;text_consistency;content_evidence;revision_replay;idempotence	午餐邀请与度假对话二十一组英中拆块，段内多句保留；holiday 定义中的两条完整说明保留列表内换行，现在完成时例句和词表完整。
44	public/shuimu/lessons/beginner/032.json	shuimu	beginner-032	【对话场景】去修车行取车	needs_source_check	Codex	2026-10-07T07:05:21+00:00	"[{""path"":""content/article-review/history/b487c37b816623b231a429c6dd9f68baf0a455aba2964f136e0b23ca7a18382e.json"",""locator"":""display: complete published JSON baseline; contextual segmentation review only"",""checked"":true,""sha256"":""d01f7e12d311a89182ea83206d07b174a6cf11cc4499d279a2624adcc4b77acc""}]"	30603e90a4cc9f36dee4977f3cc58831b96db90413fce4bdcfba895c269e7735	715a3ad2e05e67aa805ef6a7a0eb1095c7a05c44dc11177e5bbfd7876a52071a	2	7	0	json;immutable_fields;text_consistency;content_evidence;revision_replay;idempotence	七处 work on 例句、诚实表达译文、过去分词定义与说明续行合并；动词变化表的词条和中文释义行保持，forecast 两列变体错列保留待确认。; blocks[119..120] forecast 的过去式/分词两列被拆为 forecast forecast/ forecast/ 与 forecasted forecasted；合并无法恢复列内词序，不重排，待确认。
45	public/shuimu/lessons/beginner/033.json	shuimu	beginner-033	【对话场景】购置一套住房	passed_edited	Codex	2026-10-07T07:06:01+00:00	"[{""path"":""content/article-review/history/c375dcf09e05094a18b2212d155917e74ce5a62505b7cdd2cb79c7f4b2f329df.json"",""locator"":""display: complete published JSON baseline; contextual segmentation review only"",""checked"":true,""sha256"":""287949091f35668a263e46662db098c8f21f38eea29397251c5e91b171834e69""}]"	cf4b2e12a94d32e07685db4d46bc68161eb619fac7f71d34df3f1809ff758255	28dfc192d1dce699642d86101c682a83188b1ac8491182005f685dbe48589d31	1	5	0	json;immutable_fields;text_consistency;content_evidence;revision_replay;idempotence	接回 sale、worth 三条译文、货币复数说明和泳池尺寸英文例句；住房对话与编号、温度的独立例子保留。
46	public/shuimu/lessons/beginner/034.json	shuimu	beginner-034	【对话场景】在火车站买票	passed_edited	Codex	2026-10-07T07:06:02+00:00	"[{""path"":""content/article-review/history/11b8ae9b97a0d7ff7ec5f7051e90e29c0aec6eacd6997bdfebe3783d80c01a32.json"",""locator"":""display: complete published JSON baseline; contextual segmentation review only"",""checked"":true,""sha256"":""d07acec192b71c9c5e972e92ed4a97190ef6149a4fbd7e25d6c496f89aba0123""}]"	95762b21cf4c75ffcabb8b0087314aad88400378304fbc404f5a424d7a4dd081	2d883f2f187d2e3441c100673068ae522cbef7337014a045349779d558356c44	2	3	0	json;immutable_fields;text_consistency;content_evidence;revision_replay;idempotence	接回两条车票例句译文及 catch 过去分词 caught；39 英文时间短答完整，感叹句同义例句和共同译文保持独立顺序。
47	public/shuimu/lessons/beginner/035.json	shuimu	beginner-035	【对话场景】询问考试成绩	passed_edited	Codex	2026-10-07T07:06:02+00:00	"[{""path"":""content/article-review/history/911f8d0ee5117c9ccf650ce4e2ab3bdde7a71c8e4ca48ffc1bf70821572c6153.json"",""locator"":""display: complete published JSON baseline; contextual segmentation review only"",""checked"":true,""sha256"":""96e0ef81410ec62f7ec9a8604f9fd46a3625f3dacfa6d2fb5fcfb1be0eb628f6""}]"	6f9a27dff83f66309d550715039b41081dbeb5e9d755340008bce55b3c988cb1	65d2de1b757d84498c22a5e16335adf0c6b28555440ae967eab6597b50e75de6	0	21	0	json;immutable_fields;text_consistency;content_evidence;revision_replay;idempotence	十八个考试对话单元及三处独立短答中英拆块；反义疑问句作为整体保留，不把附加问句拆开，列表内多句例句完整。
48	public/shuimu/lessons/beginner/036.json	shuimu	beginner-036	【对话场景】询问商品的价格	needs_source_check	Codex	2026-10-07T07:06:30+00:00	"[{""path"":""content/article-review/history/a12c0a2cc3179b7ef9e6c91f521611f40755c1c630590d13d461948da2b06628.json"",""locator"":""display: complete published JSON baseline; contextual segmentation review only"",""checked"":true,""sha256"":""2da3842b845b6d612ba7e0f253dbe14cc8116867d56f5a75bbb958a730401622""}]"	b99267c0afffaf5bd4bc2efc5bafaf8f54fe892db2c0e6532f3983a0fa6cf9f4	c2f87ee02c08a4a39745b296c6ec6208822ca4c2990940b8a4ff4fd6b9ca9fcd	0	12	0	json;immutable_fields;text_consistency;content_evidence;revision_replay;idempotence	十二处 cost、afford、as good as 及形容词比较等级说明的断行合并；完整比较形式词表独立保留，分期付款对话的交替半句记待确认。; blocks[27..30] 预付定金句英文和中文均在逗号后被对方语言打断；完整英中段落需字符重排，保留待确认。
49	public/shuimu/lessons/beginner/037.json	shuimu	beginner-037	【对话场景】乘坐公交车	passed_edited	Codex	2026-10-07T07:06:30+00:00	"[{""path"":""content/article-review/history/0886fcd70913d783a4c084e125f9adc45152f5e264f055489e9c08b59db4921b.json"",""locator"":""display: complete published JSON baseline; contextual segmentation review only"",""checked"":true,""sha256"":""1e702401f449906cd5b79ddb9a342f0ad8eb9fa1cf531ed2725e51d1ba751845""}]"	476401646bf83a0505461f4e9927e230e0b400fcfa40efaf165881e4cd471c1e	47d91ebe59a2f329aff91806874d407deaeec8cf8e7475206c6d0bdf0eb0a670	0	13	0	json;immutable_fields;text_consistency;content_evidence;revision_replay;idempotence	十三处连词说明、例句译文、倒装定义及 neither 公式续行接回；公交对话短答、语法问答和表格其他行保留。
50	public/shuimu/lessons/beginner/038.json	shuimu	beginner-038	【对话场景】寻回丢失的物品	needs_source_check	Codex	2026-10-07T07:06:31+00:00	"[{""path"":""content/article-review/history/0f6639d6553f703354b0b616704c7b22719eb715881262c0734c93e01e364f90.json"",""locator"":""display: complete published JSON baseline; contextual segmentation review only"",""checked"":true,""sha256"":""93fd87b41b61abb0e2f96f683c1f69aaf41ef03f61a03ad9ab8a470878b99b11""}]"	0ca0fd3efa9c62492ca636a818d0a43703802f23ab42125918e27c9f52f5dfcc	b82c9213a9811c859602941b673b41c83e05399cc883c4adac13c6b899d330a7	2	7	0	json;immutable_fields;text_consistency;content_evidence;revision_replay;idempotence	七处英文例句和定语从句说明跨行接回；各限定性与非限定性例句及对应译文完整，开头买字典对话半句交替保留待确认。; blocks[3..6] 英文 ago, 到 but I forgot 的中间插入中文，中文也被英语隔开；需要跨语言重排，本轮保留原顺序。
51	public/shuimu/lessons/beginner/039.json	shuimu	beginner-039	【对话场景】超速行驶险被罚！	passed_edited	Codex	2026-10-07T07:07:36+00:00	"[{""path"":""content/article-review/history/9aa814ca967272b3cb56682728f0107a2808c5d170f71c0880eb3acc49e33b4c.json"",""locator"":""display: complete published JSON baseline; contextual segmentation review only"",""checked"":true,""sha256"":""11036b9f51f4166bdf477e48a5771096f2e1f952bd3cd629ff0180050916813e""}]"	11b536be86763d0eece79ba62d8328683a4c6a8b7229fcecefdf9228691eeb1f	36d196add599c8458e37dce9eeab9e9da2209a24837db7c64be063de0b73dd2b	0	16	0	json;immutable_fields;text_consistency;content_evidence;revision_replay;idempotence	超速对话十六组中英拆块；完成进行时解释、动词分类四行表和正误对照的共同译文保持完整，不机械合并。
52	public/shuimu/lessons/beginner/040.json	shuimu	beginner-040	【对话场景】和闺蜜喝下午茶	passed_edited	Codex	2026-10-07T07:07:36+00:00	"[{""path"":""content/article-review/history/bdc5c2ee0bb53df07450fd95b7a3a6ac40cfa597eb8d623b86e1489025edc403.json"",""locator"":""display: complete published JSON baseline; contextual segmentation review only"",""checked"":true,""sha256"":""32290331aa137868509dc9308973b3e84a5bc6fda47368be2ce23decb41833fa""}]"	ed63a6971192f85831e769426b8e0ab8828429513cf45d54d0f1fd499c7e8b23	44c08b263f7f7dfcd2954ea41b6fc4006b18439dc019fcf2a1e26eeae6459b85	2	20	0	json;immutable_fields;text_consistency;content_evidence;revision_replay;idempotence	二十处 shall/may/matter 说明、例句译文和句子成分/五种句型定义续行接回；各句型标签、英中对照和单词条目独立保留。
53	public/shuimu/lessons/beginner/041.json	shuimu	beginner-041	【对话场景】发生了一个小意外	needs_source_check	Codex	2026-10-07T07:07:36+00:00	"[{""path"":""content/article-review/history/3ba7aee5ea1b2c32033702a5bdd5eaa3db983b0c285e26f2b39fe097e6e62415.json"",""locator"":""display: complete published JSON baseline; contextual segmentation review only"",""checked"":true,""sha256"":""01c82af2d7980a8c5a65c3a268d7452f586b8ebb0fba90f91c4af8664bf7f785""}]"	9357c095b4a9be84c9dc409aa4a580f197d3c924f566520d2b44aa8041d98c9f	52645f46ca5c1eae7ae1ee4899c86396dcc9823186fb66eac29ba49639358342	5	16	0	json;immutable_fields;text_consistency;content_evidence;revision_replay;idempotence	十六处故事英文、动词说明、时间状语从句定义及译文续行接回；原缺引号不补字，两个被中英交替打断的时间从句保留待确认。; blocks[3..6] When 时间从句与主句之间插入中文；blocks[17..22] 时间从句、主句及引语的英中交替切断中文句子，需要重排字符，本轮保留。
54	public/shuimu/lessons/beginner/042.json	shuimu	beginner-042	【对话场景】一张很赞的旅行照片	passed_edited	Codex	2026-10-07T07:10:34+00:00	"[{""path"":""content/article-review/history/2be528f47afc4a4f9756500fde45700ec07110d4f58a37bf61030fe217c63394.json"",""locator"":""display: complete published JSON baseline; contextual segmentation review only"",""checked"":true,""sha256"":""895f64e5a641da23a9f47c26b65e30180459f554a65e674c9b5f4c9b44b0c3ce""}]"	ecb7e30dc7d706181099d9e3655e9738c60613e7c94a0b423dfbf73cb5b3db41	178f443f48a1c9a327b832adf6e595fa00b1f0ccae6b6aa6618aabe47f7f1050	1	7	0	json;immutable_fields;text_consistency;content_evidence;revision_replay;idempotence	全文复核对话、travel/offer/I see 解释、过去进行时及词表。合并人称、连接、茶杯等截词和同一解释的机械断行；保留108—110时间状语条目、对话轮次及英汉例句独立段。
55	public/shuimu/lessons/beginner/043.json	shuimu	beginner-043	【对话场景】一场意外又惊喜的雨	passed_edited	Codex	2026-10-07T07:10:34+00:00	"[{""path"":""content/article-review/history/308079e60a7d2bab5ffcd8005a7d1a95662c84ed3f2e0e390bcb1598b750e286.json"",""locator"":""display: complete published JSON baseline; contextual segmentation review only"",""checked"":true,""sha256"":""206ed4f87389614c1c5ba723d25d316a677e21c57a15e664e38a62a93ab87b6f""}]"	605ab52864c6909aff4d47eb93be2e492f36fd2f8c72b82b945309aae1979648	293f2057684a30eeb21f0b91e7e681582a2789662a871e308e82c2ff5053502f	10	16	0	json;immutable_fields;text_consistency;content_evidence;revision_replay;idempotence	全文复核浇花对话、词义辨析、反身代词、instead 和插入语说明及词表。合并中文截词、英文词组与同段解释；保留对话、词表与例译边界。原文‘语法上的练习’、fortuneately 等文字疑义仅记录，未校改。
56	public/shuimu/lessons/beginner/044.json	shuimu	beginner-044	【对话场景】旅行前的 100 个担忧	passed_edited	Codex	2026-10-07T07:10:34+00:00	"[{""path"":""content/article-review/history/507c2874bbcb26127061cb3d7ef7e352938147e3672791499b8d5c024846f85e.json"",""locator"":""display: complete published JSON baseline; contextual segmentation review only"",""checked"":true,""sha256"":""eebf4f10901086c293240c60a6169a826af5d9170057a69b1d6f264118141f8d""}]"	b475b5b5204e391204cfc10ceb662068350a1488b31bede3c598ccd4d7a7c778	8add3504cecb79f408e44a6c87cf9509c2073cb068f2e3cd263ab566e4c9a161	5	9	0	json;immutable_fields;text_consistency;content_evidence;revision_replay;idempotence	全文复核旅行对话、worry/look after/stay、插入语及词表。仅衔接中文截词和跨行英文词组；谁照料狗、房子、花园的双语问句各自保留。原文动词不定时等疑义不修改。
57	public/shuimu/lessons/beginner/045.json	shuimu	beginner-045	【对话场景】轰动一时的新闻	passed_edited	Codex	2026-10-07T07:11:05+00:00	"[{""path"":""content/article-review/history/d75a81b804dfb79c5119dc310ca1e196b0511df50303c11d56ac89cac42cf4c4.json"",""locator"":""display: complete published JSON baseline; contextual segmentation review only"",""checked"":true,""sha256"":""7e94a76a67c92731a669b521757450e75c6d02573d92a72642e764548652b869""}]"	cbcfd6be9e5d76492b68de2a911cff39291dc83881c703d7360c018500903c4d	837cd1225a10889820c9b5dbc5d97d740c46f600107b9884e55dab027b000f8d	9	26	0	json;immutable_fields;text_consistency;content_evidence;revision_replay;idempotence	全文复核退休对话、新闻引语、another/marry/introduce、引语转换及词表。新闻报道英文五块和对应中文三块各恢复为完整多句自然段；衔接解释及译文截词。保留112—130时态/助动词对应表各行、直接间接引语对比例句、缩写Mr.和时间9:00。
58	public/shuimu/lessons/beginner/046.json	shuimu	beginner-046	【对话场景】一个美好的梦	passed_edited	Codex	2026-10-07T07:11:06+00:00	"[{""path"":""content/article-review/history/cbab31ffa4194cdceb31b2ffe04450805399654d82e62f503db6f516f209312d.json"",""locator"":""display: complete published JSON baseline; contextual segmentation review only"",""checked"":true,""sha256"":""75e1d376838c7f6df74d90e6ea9bb40a4b286eec419b5800d70cbdb465a1c242""}]"	d410fef1aa0b4de41727ea615f6306f15c936b3fa626fb8e29572338dbffd384	dd5598917f00053c9695af02832832460c78e0eedb4bdb44a0ab0bb5f16543c0	8	18	0	json;immutable_fields;text_consistency;content_evidence;revision_replay;idempotence	全文复核足球彩票对话、win/return/depend、条件从句及词表。恢复对话中的同一英语句子、解释的截词及同段多句；保留对话轮次、独立例句译文。原译‘花光的所有的钱’及英文句末中文句号等保持原样。
59	public/shuimu/lessons/beginner/047.json	shuimu	beginner-047	【对话场景】一通打错了的电话	needs_source_check	Codex	2026-10-07T07:11:06+00:00	"[{""path"":""content/article-review/history/49428638c23974285632bda710a18174884c6ab0b57614581eddfbb3270d77c6.json"",""locator"":""display: complete published JSON baseline; contextual segmentation review only"",""checked"":true,""sha256"":""aa5d8cbb8de731ae84be5ce12b9f2081cbf5bbfe7088fccc3ab4e2c04c4e9624""}]"	9ed1c6b71e1646dd316ccb4f6459909408c4b3d562d28360e4e5de46724be785	9746f63a90022aef5e910df4227fb24c100c63f734e477e7a05bfccaece3e39b	3	18	0	json;immutable_fields;text_consistency;content_evidence;revision_replay;idempotence	全文复核打错电话对话、invite/need/repair、宾语从句及词表。衔接解释、例句和译文机械断行；保留连词分类独立行及改写示例。正文有两处中英分句交错，须变更字符顺序才能合成完整双语句段，原样保留待确认。; 原始 blocks[12:16] I said...six o'clock,/中文/ but the boss.../中文，以及 blocks[32:36] telephone engineer/中文/and I'm repairing.../中文，跨语言重排超出仅空白修复范围。
60	public/shuimu/lessons/beginner/048.json	shuimu	beginner-048	【对话场景】第一次火车之旅	needs_source_check	Codex	2026-10-07T07:11:40+00:00	"[{""path"":""content/article-review/history/41a03e97e4a438492d5a1486ab4d83679a3339ad133ba51464bacbb625334cd7.json"",""locator"":""display: complete published JSON baseline; contextual segmentation review only"",""checked"":true,""sha256"":""475540b3465c0c058ce28e850160bbc928fd3c0ca2463959e5697abf795eef9e""}]"	15462f09c6a76f4ef5f7fd529e327bed762ae4816e57d6c321a6e0ac505da55c	c10f185963233c9c4e78594a539da69286f609b16eeb6cfc9dac13bdb9f4a57f	3	16	0	json;immutable_fields;text_consistency;content_evidence;revision_replay;idempotence	全文复核火车故事、get on/curious/amuse、被动语态及词表。合并英文截句、中文截词和同段解释，保留语态对照表各行。原文wroking等拼写疑义保持原样。正文一处中英半句交错保留待确认。; 原始blocks[16:20] After the train...and/火车开出站后…/took out her powder compact./拿出了粉盒，完成双语句段需重排非空白字符。
61	public/shuimu/lessons/beginner/049.json	shuimu	beginner-049	【对话场景】请勿在景区乱扔垃圾	needs_source_check	Codex	2026-10-07T07:11:40+00:00	"[{""path"":""content/article-review/history/7fe7fa6e2771e1b93d1ccd5a0f01aa3254aff9786ed538179acbd28e44ccdc92.json"",""locator"":""display: complete published JSON baseline; contextual segmentation review only"",""checked"":true,""sha256"":""48c45bc51c3f978095ad396b79aff5f7d8da8c7efe23b621d780184529e10c8f""}]"	9f84d16612b76c1b07e3de3405c98e36f2409ead77e0bfaaad76fbbf1fb36214	36f9048707cf133e50d6e9cc248b1d07a101e954766690e65e257c07f5307b1e	7	24	0	json;immutable_fields;text_consistency;content_evidence;revision_replay;idempotence	全文复核景区垃圾故事、keep/cover/prosecute、被动语态例句及词表。恢复告示引语、英文句子、中文释义和多句解释；保留疑问句A/B轮次。原始一般现在时说明末尾逗号及其他文误不校改。正文一处交错分句待确认。; 原始blocks[6:10] On Sundays...our town/中文/and to walk through the woods./中文，需重排方可合成完整英汉段落，超出本轮范围。
62	public/shuimu/lessons/beginner/050.json	shuimu	beginner-050	【对话场景】一只机智的鹦鹉	passed_edited	Codex	2026-10-07T07:11:41+00:00	"[{""path"":""content/article-review/history/cf4bb941f78e92935cbd1b395b3b19d3d896463cf98a4242cc1fda83e88fd26f.json"",""locator"":""display: complete published JSON baseline; contextual segmentation review only"",""checked"":true,""sha256"":""51d7ebf35f79fa23d798e8cec9cf9ff508799fba5876314ba50a834e2dbcc62a""}]"	419f4e6566bd8c6c912fc3a8ed7474d9bdffcece03752bd7ed68ec0c933516ef	4a129cafde2241340c408f7c3cbad9600bb5313e71c07fc5b8b75c9b8f675814	8	19	0	json;immutable_fields;text_consistency;content_evidence;revision_replay;idempotence	全文复核鹦鹉故事、happen/turn/hear、主谓一致及词表。衔接正文英文句子和中文语法说明；保留对话引语、133—135成对物品词表各行及多句段落。roit等原有文字疑义不修改。
63	public/shuimu/lessons/intermediate/001.json	shuimu	intermediate-001	不要在看电影的时候大声喧哗！	passed_edited	Codex	2026-10-07T07:19:21+00:00	"[{""path"":""content/article-review/history/da19adf0f908f5904b5d867b16b0ce241a9063487d44297461ff36a00465769a.json"",""locator"":""display: complete published JSON baseline; contextual segmentation review only"",""checked"":true,""sha256"":""e59657a7993c05460cf452c2218a79c686dfbb7ce97ca0ccabb769fbf1435da8""}]"	5943a636f5047f820cd67649194698177cf353a33a47d320a23e02edfb294717	47f71360a82fcce581d035de197fe80e077cc9b16cd559c30ff46eaee6cef20e	12	10	0	json;immutable_fields;text_consistency;content_evidence;revision_replay;idempotence	通读电影故事、全部听力题及选择题、并列主语语法、当幸福来敲门文化全文。第8题引语截断及语法中文截词接回；文化部分三组英汉多句自然段各合并，未把标题或选项并入正文。angirly、th、时钟等文字疑义原样保留。
64	public/shuimu/lessons/intermediate/002.json	shuimu	intermediate-002	起得太晚，早饭变午饭了！	passed_edited	Codex	2026-10-07T07:19:22+00:00	"[{""path"":""content/article-review/history/724e0adebd330731869a74b9e230afd710e6e8787bc21717b508af39da23a41e.json"",""locator"":""display: complete published JSON baseline; contextual segmentation review only"",""checked"":true,""sha256"":""61c4cbf850d5d4730a017ce41b076db72071076fd61313e153e7b24e595edd62""}]"	ba4636aa48e67b828e38c8800d1932ff6634f9c2995ffade2930b0029a747a5d	dccff56ce314392bfd55c185b801e60a1cdee3700560f5af51ea5edbdd5b6fb4	17	12	0	json;immutable_fields;text_consistency;content_evidence;revision_replay;idempotence	通读晚起故事、题目与摘要答案、主谓一致全部条目、罗马假日文化全文。恢复摘要多句段、语法规则续行及文化介绍/剧情/评价对应英汉段；保留选项、例译和标题。原题缺空格占位及sweeptakers等文字疑义不改。
65	public/shuimu/lessons/intermediate/003.json	shuimu	intermediate-003	令人头痛的明信片！	passed_edited	Codex	2026-10-07T07:19:22+00:00	"[{""path"":""content/article-review/history/5fc10c0a5ce9a25aaf98f119a95b85ec8b711c6d05ed0820e0fca9d1a8cc6cbf.json"",""locator"":""display: complete published JSON baseline; contextual segmentation review only"",""checked"":true,""sha256"":""10f07d189477e2f6d3be866a0ef3e3fa50d76612a0d4b3a411b8da69139cb078""}]"	2181af39f7b8781199224617e4154dd3da009c3365221c55faa37d224dae0a96	d7175cb3cc8f8f2256e2fa919d2bee615ff2626e328817a35d244ffe83f8a751	16	13	0	json;immutable_fields;text_consistency;content_evidence;revision_replay;idempotence	通读明信片故事、问答摘要、选择题、被动与系表区别、阿甘正传文化全文。合并摘要与文化多句段、中文解释截词；词表81—88和题目9/10跨行选项保持独立，John F.后续姓名与同段剧情衔接。5点办、fortuneate等原文字疑义未校改。
66	public/shuimu/lessons/intermediate/004.json	shuimu	intermediate-004	一次激动人心的旅行	needs_source_check	Codex	2026-10-07T07:19:59+00:00	"[{""path"":""content/article-review/history/b3bb2ab64d584d069a2ea93410e6f1e3871fb52e26c03d87833a217efdd72f7e.json"",""locator"":""display: complete published JSON baseline; contextual segmentation review only"",""checked"":true,""sha256"":""1040179a1d64a5a04eb17ea1c611e9eaeea69eb311fbaacd529afcc9f4cfae7f""}]"	06238e1319cd97dff7529a544db91d9ff4b5504a3659853b939d6fac795ac555	416ca0af639d5cbabb0303c7586ab69b3d8bd1755a56cfcf43329b735a725af3	15	9	0	json;immutable_fields;text_consistency;content_evidence;revision_replay;idempotence	全文复核澳大利亚旅行故事、题目与摘要、被动语态规则及乱世佳人三组文化段落。恢复摘要、语法续行及文化多句段；19th-与century直接拼接保留连字符。保留选项、动词表及末尾单元文字。正文两处跨语言截句保持原序待确认。; 原始blocks[20..23] visited与a great number之间、[24..27] gone to与Alice Springs之间插入中文半句；完整英汉段落需字符重排。
67	public/shuimu/lessons/intermediate/005.json	shuimu	intermediate-005	钻石不见了！	needs_source_check	Codex	2026-10-07T07:19:59+00:00	"[{""path"":""content/article-review/history/c9cbcb0c6b57d1a0ed2eff9be3f786ebd4034c4c25c371733f111c440250d585.json"",""locator"":""display: complete published JSON baseline; contextual segmentation review only"",""checked"":true,""sha256"":""ed7620b33a76c92e9d5bfde5a957939f27e49008c111da1bfb852a26898aebd0""}]"	cfce7088f78b14c05fee9bc5fe2654a9d41413e0ed27464ecb137597523741fd	b9b5d6537dc084aa88c48a13accdf22becf82367ae3697cdad040a2324f52395	23	12	0	json;immutable_fields;text_consistency;content_evidence;revision_replay;idempotence	全文复核钻石故事、全部题目及摘要、时间状语语法、阿凡达三组文化段落。修复main building、题干和by the time等跨行；文化介绍/背景/剧情按英汉对应保留多句自然段。保持列表、例句改写及末尾单元标记，未补原文缺引号。; 原始blocks[25..28] police与that thieves从句之间、[29..33] main building与while others之间有中文半句，合完整英汉段需字符重排，保留待确认。
68	public/shuimu/lessons/intermediate/006.json	shuimu	intermediate-006	用汗水浇灌出的花园最美	passed_edited	Codex	2026-10-07T07:20:00+00:00	"[{""path"":""content/article-review/history/61eea496009c2139d650cc79f00931b28ee90ef169e2e90ebfe31faf232d793f.json"",""locator"":""display: complete published JSON baseline; contextual segmentation review only"",""checked"":true,""sha256"":""7ce7dcb4e68dfb9ef35af9a4c0cd257a9d13daadd3c0db6a99ea43c99ab78911""}]"	29e4cc9b3d7e9d32347eb9bb0a2aa6287f26a9a36bd39fb17803887fc4f91a03	ddaf582d067243ffdbbba14b90b59ccb7700396b3e6507f294fc952280399736	23	12	0	json;immutable_fields;text_consistency;content_evidence;revision_replay;idempotence	全文复核花园故事、问答/选择题、时间状语从句、恺撒沙拉文化全文。合并正文英语续句、摘要、多句语法说明和文化三组英汉段落；各个等义句改写及A/B/C/D独立选项不合并。保留原文gave缺主语、girlled等文字疑义及末尾单元文字。
69	public/shuimu/lessons/intermediate/007.json	shuimu	intermediate-007	A cold welcome 跨年夜的“冷遇”	passed_edited	Codex	2026-10-07T07:20:50+00:00	"[{""path"":""content/article-review/history/1c6d30f71e9468246f28ffcb9cad0dc1e43b04207f5ba6dbf20f64bc7bd3268a.json"",""locator"":""display: complete published JSON baseline; contextual segmentation review only"",""checked"":true,""sha256"":""804539d1519ce4535243a3cd3453bac93228142b80701ebe36e14fab480a5e02""}]"	ae6477472dd3d42a20a6c42d068ff7c1e592c0b7d8b2622b2e1d8ee94069d5b3	b1158d7dd0af587d95e095217fe4f797ea16c6bf173d56c8e09f3ce56848d312	24	15	0	json;immutable_fields;text_consistency;content_evidence;revision_replay;idempotence	全文复核跨年故事、练习与答案、原因状语从句、芝加哥热狗文化全文。恢复Town Hall和摘要、Considering释义、说明截词及三组文化段落；保留问答轮次、正确/错误示例和词表。缺引号、热狗译文等文误不改。
70	public/shuimu/lessons/intermediate/008.json	shuimu	intermediate-008	借了马上就得还的钱	needs_source_check	Codex	2026-10-07T07:20:50+00:00	"[{""path"":""content/article-review/history/e98512d7d12f8f7450f4b1d83360c3444b71a41c6ca495400040d95d904015dd.json"",""locator"":""display: complete published JSON baseline; contextual segmentation review only"",""checked"":true,""sha256"":""707fd81493f892ec0cc3dddfd695eddc51b8d19980bfa7c99d78930126a1da7c""}]"	1d153ebe54111e9fc79d560a4ba7c8539ba24c51c59e93d47a139cbb9ce06991	f522e99c561f662019969efb61e1b75c13189281d118627eeaeb17a02858e80c	26	19	0	json;immutable_fields;text_consistency;content_evidence;revision_replay;idempotence	全文复核借钱故事、题目摘要、条件从句引导词和例句、炸鱼薯条文化全文。合并解释/例句续行、英汉文化多句段；保留改写对照、选项、末尾单元标记。原文括号和数字内部空格不调整。; 原始blocks[26..29] Tony said,后中文插入，so now续话及其中文又成两块；恢复完整发言的双语单元需要字符重排，原序保留。
71	public/shuimu/lessons/intermediate/009.json	shuimu	intermediate-009	一次愉快的送行	passed_edited	Codex	2026-10-07T07:20:51+00:00	"[{""path"":""content/article-review/history/307c9a6e7577d0e274e4f9d60d89b42349f28660e44c4196389add8bce930ee4.json"",""locator"":""display: complete published JSON baseline; contextual segmentation review only"",""checked"":true,""sha256"":""876456fef7bbbec16cadfeaae22e00d36d5e16121cdcc00dfe72b2b16a0bdeca""}]"	51f4422d0b81151e8542133c8c5fc9868b8fe830370a1e64f13270269aaaba5a	c4266e0a00e4d09b38eed0fcb7ce83069335941b91c4cd11c5b5a8282dff6c38	20	16	0	json;immutable_fields;text_consistency;content_evidence;revision_replay;idempotence	全文复核船长送行、40个独立选项及题干、摘要、条件从句规则和法式面包文化全文。恢复正文双语段、题7横线及语法续行，文化三组多句自然段。an ‘people’和防腐剂译文等文字疑义保留，不以本轮分段审核校改。
72	public/shuimu/lessons/intermediate/010.json	shuimu	intermediate-010	即将到来的演唱会	passed_edited	Codex	2026-10-07T07:21:22+00:00	"[{""path"":""content/article-review/history/a0aa1f03721d8cd9be19139b55ff1df04acf33f551af6803a7026b0ce6b7fdf3.json"",""locator"":""display: complete published JSON baseline; contextual segmentation review only"",""checked"":true,""sha256"":""b608659a62b5b5d2bded9b4b839261fff8e2695436c8dd15c8288206b43325bf""}]"	e2d3f5196dfdea033884248db921822c74a4a39aff1d5bc2b2628b010ac8c7dc	35118a1f55d17412082955c355ad9aa8c3851743b91e10894c5ca3dee35d936b	27	20	0	json;immutable_fields;text_consistency;content_evidence;revision_replay;idempotence	全文复核演唱会故事、摘要、40个选项和跨行题干、目的结果从句、咖啡饮品介绍。合并句中断段及文化介绍英汉对应多句单元；保留目的/结果、简单句改写的独立示例。小男孩把、between and、1 5比例等缺字疑义保持原文，不补写。
73	public/shuimu/lessons/intermediate/011.json	shuimu	intermediate-011	原来是同胞	passed_edited	Codex	2026-10-07T07:21:43+00:00	"[{""path"":""content/article-review/history/a8e1927705a7569672d7caed387de25221791c85192cb766cebb7b1e065158c4.json"",""locator"":""display: complete published JSON baseline; contextual segmentation review only"",""checked"":true,""sha256"":""06859a70c2a0d3fadc33c163ecb1c332d972cde604fe20980e7c1f217a6f6657""}]"	4bf8c1a5c6cb27ccc61183937339649d4cd9e7a0b852f57f931d9d293ef025b8	ed2f2c453bb486808ebaf1752a42c3ec34cf5861cad1736c830f43a6d5cd2de7	1	0	0	json;immutable_fields;text_consistency;content_evidence;revision_replay;idempotence	全文复核后修正倒装说明合并点的空白：中文“句首而采用”应直接衔接，不保留机械换行转换出的空格；其余正文、题目与过去完成时例句边界维持。
74	public/shuimu/lessons/intermediate/012.json	shuimu	intermediate-012	意外的好消息	passed_edited	Codex	2026-10-07T07:21:23+00:00	"[{""path"":""content/article-review/history/761e32372ea6a7437d242be38fe6054dee3e10b575a026ffa4804572c4605b8d.json"",""locator"":""display: complete published JSON baseline; contextual segmentation review only"",""checked"":true,""sha256"":""ffc4d5b8f8274dc79f11cfdbbd6448865c195a165b3c0bc6b370c9e2ca893a7b""}]"	773864e204dd00ceedc41976e2f7e31f1adb369edf785b02a975e1c1a24cf27a	a149c57db80b7562f1a4ed26a7cfef8d176de4d4839c3ea83a80c9f9206b0c98	10	14	0	json;immutable_fields;text_consistency;content_evidence;revision_replay;idempotence	全文复核加薪故事、问答摘要、全部选择题及直接间接引语转换。恢复故事英语续句及1000英镑译句、题10与解释/例句截断；引语转换前后例句、译文、独立说明各自保留。缺引号、want to I及E1,000等原文字疑义未改写。
75	public/shuimu/lessons/intermediate/013.json	shuimu	intermediate-013	一个无法拒绝的请求	needs_source_check	Codex	2026-10-07T07:22:19+00:00	"[{""path"":""content/article-review/history/c9a60e061a41f8208c9c5f1670469e087ca979097a02d4a1f340e068ff2ff933.json"",""locator"":""display: complete published JSON baseline; contextual segmentation review only"",""checked"":true,""sha256"":""884e07cc009d43ec7fdb5f23489b8611be19b16e26bd07bfc7c60dfdbfddaa75""}]"	c47d2a6da8b7dbc81a02d223667599ba461ef443c28a9a2a9ffecb1dddffca44	68ae4055363aace344be15fdaca4fd7810b14596d82293c22b754c8d1882e86f	10	18	0	json;immutable_fields;text_consistency;content_evidence;revision_replay;idempotence	全文复核停车请求上下课、摘要、12题选项、虚拟条件句及例译。上下标签接回各自标题；合并正文和题干截句、语法解释及译文断行。第7题选项b/c/d/a顺序疑义原样保留，未重排。虚拟条件表有跨列文本交错，登记待确认。; 原始blocks[128..134] 虚拟条件表‘与现在事实相反的/假设’等标签被谓语形式隔开，‘动词原/形’跨列错位，空白和段落操作不能复原各列，保留待确认。
76	public/shuimu/lessons/intermediate/014.json	shuimu	intermediate-014	青春永驻	passed_edited	Codex	2026-10-07T07:22:20+00:00	"[{""path"":""content/article-review/history/a6c1db04c881c2fd7b5a519737aecb76b6dc0f3cfdff40a5aba9f9b78ee3a239.json"",""locator"":""display: complete published JSON baseline; contextual segmentation review only"",""checked"":true,""sha256"":""b00700416388baeb9aa15a97a6b9307ac03f0021f5750d7fb7961162ec17a5ac""}]"	5053c7222cc6e42d8d4e42b202a9589573c80d5ad1e7436fc569853b8a7b18fa	bdb8f22800ea5f3a0e1c6574e27a0b730ba68ee44369765a3b9ede8fd234a24c	8	8	0	json;immutable_fields;text_consistency;content_evidence;revision_replay;idempotence	全文复核青春永驻故事、摘要、12题与答案、must/ought to/have to语法全文。衔接英文正文及摘要、mustn't/ought not to词组和中文解释截词。保持a/b/c用法比较、A/B问答与多个否定回答各行，未因缺句号而合并。
77	public/shuimu/lessons/intermediate/015.json	shuimu	intermediate-015	醉翁之意不在酒	passed_edited	Codex	2026-10-07T07:22:20+00:00	"[{""path"":""content/article-review/history/4423f4287a735d47c2a8d0f3cf28ca8c89a1d750f325aaff070bbc211eb99d6a.json"",""locator"":""display: complete published JSON baseline; contextual segmentation review only"",""checked"":true,""sha256"":""31e246204fcbbdafad3ba8eaa1ffff70ddbbb75c32e36fe456881fc2a4db74bd""}]"	1cfe2385171098c3f6afec492a938403638aa6f8abe7b4794930d9e33cd9e973	65562e35ba860e3be693e1b829f5c64c39da79a893dc6d72415a6a0314cf2ae3	15	19	0	json;immutable_fields;text_consistency;content_evidence;revision_replay;idempotence	全文复核钓鱼故事、摘要和12题选项、动名词全部形式及功能说明。恢复正文英汉多句单元、摘要、跨行词组及解释；动名词动词清单中的中英截词按本条续文衔接，保留编号条目、改写箭头、例句及译文各自独立。原有can 't等非边界空格不调整。
78	public/shuimu/lessons/intermediate/016.json	shuimu	intermediate-016	难以舍弃的房子	needs_source_check	Codex	2026-10-07T07:23:04+00:00	"[{""path"":""content/article-review/history/74518faab54762adfcd50daa3c4612594fc6f97183b8f97515c4401b002b17cd.json"",""locator"":""display: complete published JSON baseline; contextual segmentation review only"",""checked"":true,""sha256"":""28c423db227611aaeee00a850c7a13b34018ddf30121c39bc2b00d2e8f4a79a6""}]"	44876ebcd6c98a69e0f1b0b0d69acb578cf6db30086d6e80de88b5562ae7855b	1b0d70d223738a14f36cbba013f96e50a65f69b0c20a779c627c4d470aea898f	12	14	0	json;immutable_fields;text_consistency;content_evidence;revision_replay;idempotence	全文复核机场房子故事、摘要、12题选项、主动被动时态转换。恢复正文截句、摘要、转换说明及长例句；保留五步操作和逐组主动/被动比较。原文尾句缺失及英汉对应错位无法仅靠分段完全修复，已保留。; 原始blocks[15..19] Last year机场启用的中文放在后一英文‘Over a hundred people’之后，英汉对应需字符重排。; 原始blocks[179..180] 最后注释止于‘等的主动语态’，JSON没有后续谓语；只能合并现有两行，不能补写结尾，待确认。
79	public/shuimu/lessons/intermediate/017.json	shuimu	intermediate-017	远方来的漂流瓶	passed_edited	Codex	2026-10-07T07:23:04+00:00	"[{""path"":""content/article-review/history/7384a03266f0423aa1f3ecab5d3a9eb0d0f1d22544cd229f0405c84304a16f70.json"",""locator"":""display: complete published JSON baseline; contextual segmentation review only"",""checked"":true,""sha256"":""6370288cf92474d2a5caeefe2e69f4c8d369c6b709239d5fcd452107a115327b""}]"	978270a371835607931c31d51afe35c961eb4e335f879f20eb9d4d7496ac878f	81a81794dd781d8aae53ff6358303f0056be503e16386cc1b2871047f5ba5a6e	20	21	0	json;immutable_fields;text_consistency;content_evidence;revision_replay;idempotence	全文复核漂流瓶故事、问答/选择题、双宾语与复合宾语转换。合并正文和摘要，Retained Object及英文例句跨行、中文作弊/计算机等截词；动词清单按同一解释衔接，箭头转换示例独立保留。原文warm等疑义不校改。
80	public/shuimu/lessons/intermediate/018.json	shuimu	intermediate-018	一栋特别的大房子	passed_edited	Codex	2026-10-07T07:23:04+00:00	"[{""path"":""content/article-review/history/579d46139f71a236e31df8d37abf9bc104ccb103277bfd4a105d9b1d2e20c074.json"",""locator"":""display: complete published JSON baseline; contextual segmentation review only"",""checked"":true,""sha256"":""bf91271815fbf7abf26e41731d3a90fd7b1e831b347745afaba453a5fd76b636""}]"	3b1791f76dba7f9f753c6545828d58a49229987f84a8476bad7adeba0532d1f8	34fe3620c8805a6734ff968dab0b2fba60cefcbf7ae57a41fe271f98eead2a4a	13	17	0	json;immutable_fields;text_consistency;content_evidence;revision_replay;idempotence	全文复核新房故事、摘要、12题及答案、被动语态转换下全部说明。恢复双语正文自然单元、长题文与语法例句，动词词组续行保留必要空格；保留主动/被动各例、箭头、译文和get说明。thin等原文疑义不改。
81	public/shuimu/lessons/intermediate/019.json	shuimu	intermediate-019	失而复得的 50 英镑	passed_edited	Codex	2026-10-07T07:23:55+00:00	"[{""path"":""content/article-review/history/4383c1de21aafc6603a4c607d93a98384feb4eb3bf5074d47da0a3393f24ace4.json"",""locator"":""display: complete published JSON baseline; contextual segmentation review only"",""checked"":true,""sha256"":""f3dc65e310a43fec506442e81a7f972fd2c2d4c8b1cd8c278afeff0d664d7ce8""}]"	4535c75c73fb8dfe50fa168fe92e2688f17ee7a63df689c4b2934dab4074896f	5b442f2b7edb10b5ff24bb3cc8e4c791fa256256ea8f557c8a283422dbc69f45	12	24	0	json;immutable_fields;text_consistency;content_evidence;revision_replay;idempotence	全文复核50英镑故事、问题/答案/摘要/12题选项和11类时间介词说明。恢复正文多句双语单元、摘要、中文词语断行、介词搭配和英文词组续行；保留编号子项、例句与括号解释独立层次，a.m./p.m.及数字内容不变。
82	public/shuimu/lessons/intermediate/020.json	shuimu	intermediate-020	一只调皮的小狗	passed_edited	Codex	2026-10-07T07:23:56+00:00	"[{""path"":""content/article-review/history/fd5c7b358b4fe4c10288d50d5ae91a6fcc2ed3f67c1e871dfa440e14f4fe24ba.json"",""locator"":""display: complete published JSON baseline; contextual segmentation review only"",""checked"":true,""sha256"":""f03a94e1eaad64458e53b403add1f279895ed8e077a8587c9dc29fc38691d71d""}]"	d3da53ab86e79863e58e52e92973522c8cff965895b9b1eb77abbf6ff6994d9e	c56ccef3ec969e332d3b207fc5b9f66dc081ee5b4e3e88f9a39254163b2eac8a	7	16	0	json;immutable_fields;text_consistency;content_evidence;revision_replay;idempotence	全文复核小狗藏包故事、问答摘要、12题及全部地点介词比较。正文和摘要各自恢复多句段，San Francisco、Haidian District及中文山镇/海/坑等截断接回；保留对话、介词编号、对比例句及单元标记。bil等文字疑义原样保留。
83	public/shuimu/lessons/intermediate/021.json	shuimu	intermediate-021	一架古老而珍贵的钢琴	passed_edited	Codex	2026-10-07T07:23:56+00:00	"[{""path"":""content/article-review/history/0cd38c20a1221e41764747d1cefc3113716e7b2e598852792b3705e36fe308a0.json"",""locator"":""display: complete published JSON baseline; contextual segmentation review only"",""checked"":true,""sha256"":""f9df5e12748b9649ea9612e3c1d7039ec94c12b719c776f69c94c32052c3afa3""}]"	6a502c94442657c560c0eab49ef426ac619edee431a5d9edbd20ca89270e2d1b	07891e999a67486f307a5d37a539bb2617fd52ee46c1018fcb4ca68001f42038	9	12	0	json;immutable_fields;text_consistency;content_evidence;revision_replay;idempotence	全文复核古钢琴故事、问答摘要、12题选项及相关/原因介词全部说明。恢复故事双语多句单元、摘要、thanks to/due to等词组及中文说明断行；保持不同原因介词编号、例译边界。前两题选项a/c/b/d顺序疑义仅记录不重排。
84	public/shuimu/lessons/intermediate/022.json	shuimu	intermediate-022	难懂的方言	passed_edited	Codex	2026-10-07T07:26:39+00:00	"[{""path"":""content/article-review/history/e110ba1eda58c739f91f47140cbbc264df63a7dc02e4e72b76dcc04c81970cbb.json"",""locator"":""display: complete published JSON baseline; contextual segmentation review only"",""checked"":true,""sha256"":""290eecd1125cdf2c9838691e55714c5a6674aa96f24f18752a442bf88001d510""}]"	c00b0731cb07fef6a37960c9012d35fd206a49bcd831ddb2851756b30520c474	0f337b8f22f254299ed345082b43e73e8bb669e783191044dd451b32ae0153ee	16	15	0	json;immutable_fields;text_consistency;content_evidence;revision_replay;idempotence	全文复核方言故事、首题答案、复述题/摘要/选择题和介词用法下全部内容。衔接正文多句段、复述第1题、摘要及介词词组/释义断行；保留用途分类标题、短例句、数字单位和独立选项。原文teach截词疑义不擅自补字。
85	public/shuimu/lessons/intermediate/023.json	shuimu	intermediate-023	最好的艺术评论家	passed_edited	Codex	2026-10-07T07:26:40+00:00	"[{""path"":""content/article-review/history/96707388cad5fd61622ee7111ab07b2296464d05a582c6955d2669c487a8f182.json"",""locator"":""display: complete published JSON baseline; contextual segmentation review only"",""checked"":true,""sha256"":""5b98e1af33ad760312f6847207e0fad9d7a59cbdc605a880fa8d1a0019cae5a0""}]"	2c233e755c5408e97f69001170345b3c4b722355beb54a3daef4dc0484c50962	39911e83c5bf88ce10ed373cf8449648eaa3b28aa8865249213786492767255a	18	25	0	json;immutable_fields;text_consistency;content_evidence;revision_replay;idempotence	全文复核艺术评论故事、全部复述题/摘要/选择题、形容词功能及顺序说明。恢复正文和题干断行、英文词组及中文截词；保留前后置比较词组、误/正例句和主动被动形容词词表。引号方向及原文空用的等疑义未校改。
86	public/shuimu/lessons/intermediate/024.json	shuimu	intermediate-024	露营遇上大暴雨	passed_edited	Codex	2026-10-07T07:26:40+00:00	"[{""path"":""content/article-review/history/3585f789ea03fec13fab2feb08d64ffbf6590ee487424b560fe32aaeec99e19c.json"",""locator"":""display: complete published JSON baseline; contextual segmentation review only"",""checked"":true,""sha256"":""d460300753edf514ab89cbc1847d2206ad10bd9427395b2520f4396d4204a7fb""}]"	f06741e4e81a8201a92a7c9b3e1a3d93028ba3de88287d1b938d8353c615ff41	3a0e4bba68c715b21e3a38da6933e146eda8cbbcf2d7b31266b87d10a9917a28	27	27	0	json;immutable_fields;text_consistency;content_evidence;revision_replay;idempotence	全文复核露营故事、首问答案、复述题/摘要/选择题、副词分类拼写和ago/before/since说明。恢复完整句及双语多句段，各类别说明连为本条；保留gay-gaily等13个拼写对照独立行、词表和选项。正文和资源链接未改字符或元数据。
87	public/shuimu/lessons/intermediate/025.json	shuimu	intermediate-025	令人感到奇怪的信仰	passed_edited	Codex	2026-10-07T07:31:00+00:00	"[{""path"":""content/article-review/history/f452c7575ef98656b44960d44721022586ed2ec41dc2f2291d4473be174f25aa.json"",""locator"":""display: complete published JSON baseline; contextual segmentation review only"",""checked"":true,""sha256"":""2ab197df7057c68dcd5204ae2331c5e95a3ca62f3fa6b331bbc09c50e7301f27""}]"	4a1ecfa151122e2c00ddc5a32e7bc40e9d74539a1e0e80a7bb2367cd90ca5543	0aedcf1a74edd15cef6b6d9b01be0f2830d0eda812b7a9bbaa56b15d10748d34	12	15	0	json;immutable_fields;text_consistency;content_evidence;revision_replay;idempotence	通读美杜莎故事、摘要与12题及副词用法：合并同一中英对应段内机械续行；频率百分比表和三个almost/hardly对应条目独立保留，选项与例句不误并。原有语法例句文字疑误不校改。
88	public/shuimu/lessons/intermediate/026.json	shuimu	intermediate-026	一次被拒绝的旅行	passed_edited	Codex	2026-10-07T07:31:01+00:00	"[{""path"":""content/article-review/history/9ebc442a27e91c859ee313e3c39620803ae2a4380e88d40c15f6f0b1deda70d4.json"",""locator"":""display: complete published JSON baseline; contextual segmentation review only"",""checked"":true,""sha256"":""1be449bab4eda1c1faa48294166849f519e9647cedecd18972b31187a8449b79""}]"	160468e33c0876edbeaba7ac8610f9d1cacd03a43432c8791ea4d69a1fbe8dd0	a510aa56b3841150a605879fa6e83b0616a66e5a0caa8ef4afe2e4c4b76d6a68	14	17	0	json;immutable_fields;text_consistency;content_evidence;revision_replay;idempotence	通读飞机出租车、摘要、全部选择题及助动词分类解析；恢复正文中英对应段、半助动词连续列举及完整例句。保留三种助动词与分项、问答轮次；选项b/c原顺序和原字误均不改。
89	public/shuimu/lessons/intermediate/027.json	shuimu	intermediate-027	差点闯祸的足球	passed_edited	Codex	2026-10-07T07:31:01+00:00	"[{""path"":""content/article-review/history/0fefb9f75b33d9ecb7aac71df92ede8af71cf3bb2261ac37b887da66669b319e.json"",""locator"":""display: complete published JSON baseline; contextual segmentation review only"",""checked"":true,""sha256"":""ec0f3c4b81aa1e5941a0a5af5fc88c1b3203ee874edf1ac96685b865a543c4af""}]"	e8b977a583bf9786330083a40829d94ec18850a3e9bb96290e7c262f681c59a0	233931da71419f880ab2b00b497bdf805991c82fbdbf93ba1523a48eea87726f	13	15	0	json;immutable_fields;text_consistency;content_evidence;revision_replay;idempotence	通读威尔河足球故事、摘要、12题及半助动词转换。合并故事双语续行、摘要和三类助动词介绍；箭头转换句独立，there存在句例句各自保留，未按无句末标点批量合并。
90	public/shuimu/lessons/intermediate/028.json	shuimu	intermediate-028	退休的老板和修理工	passed_edited	Codex	2026-10-07T07:31:49+00:00	"[{""path"":""content/article-review/history/d669928617f5840231adb0e67b6cd06cbd5ffd5bcaf932ea80a0f6feb8bcd3f8.json"",""locator"":""display: complete published JSON baseline; contextual segmentation review only"",""checked"":true,""sha256"":""6c8863ace2727f3dd30acb5c2f4a887dc044155bf657ac99a9148fcbf71a6ffa""}]"	6c08ed6bb867c1d6b69a6a596fc0fd832393cef0bb81d2a7472e93e80d1434e5	5c27fd8b97163504de0d9c110ce1a3765b044972935aa49dffdcb7f0375c7df8	11	18	0	json;immutable_fields;text_consistency;content_evidence;revision_replay;idempotence	完整阅读退休老板故事、摘要、12题及非谓语动词/不定式作主语。恢复多句自然段，非谓语定义和三条it形式主语说明连续；等号转换句、题号及词汇条目不合并。尾部下一单元文字按现有内容保留。
91	public/shuimu/lessons/intermediate/029.json	shuimu	intermediate-029	见义勇为的公交车司机	passed_edited	Codex	2026-10-07T07:32:08+00:00	"[{""path"":""content/article-review/history/e46148002e80771b639ebd5b9e1c1a4673cd744a5fcb7f3df85ca9feae2ea797.json"",""locator"":""display: complete published JSON baseline; contextual segmentation review only"",""checked"":true,""sha256"":""3143b452d39120e971662190cd61379f379a4c41a87ccf243d046430a1545758""}]"	370b6804d3e4441f405f3018ef263e10a78f984436a3ff7ac2bd808c893a1fec	d61d79b1c0db3101124fb1e4c380a4d641c97c802a6095dd00955753bda1f712	1	1	0	json;immutable_fields;text_consistency;content_evidence;revision_replay;idempotence	复核报警句：英文到police.完整结束，后面当那辆开头为完整对应译文，分别成段。前轮合并证据保存在修订链。
92	public/shuimu/lessons/intermediate/030.json	shuimu	intermediate-030	母女共创世界纪录	passed_edited	Codex	2026-10-07T07:31:50+00:00	"[{""path"":""content/article-review/history/fce2c419cedf0d330d5efce4d2b1d81b0180e055aba8442932dcc1776b4bf67b.json"",""locator"":""display: complete published JSON baseline; contextual segmentation review only"",""checked"":true,""sha256"":""3669edecea8f580483ca3b5eb128b12f02c095e473b0290daffaca906f1e9ce9""}]"	865089d6ca7b2ac8624d70d73a92520bbfdbe4d2d20b885d3a51e1e18f7dc1d1	5ec6a321633de0966146e83f64d32eb6aab9070b8d26b67525033d5f17e29276	34	33	0	json;immutable_fields;text_consistency;content_evidence;revision_replay;idempotence	通读横渡海峡、摘要、12道选择题及不定式作状语/各类补语/独立成分。按中英对应合并含多句的正文段，选项a与d各自续行恢复；语法六类列表保留独立身份，缩写和例句内标点不作拆分。
93	public/shuimu/lessons/intermediate/031.json	shuimu	intermediate-031	现实很骨感	passed_edited	Codex	2026-10-07T07:33:06+00:00	"[{""path"":""content/article-review/history/e9b08dcf405560b7a28b689cbf2586e888c8ef3e8ea905318b2847345d6a6c57.json"",""locator"":""display: complete published JSON baseline; contextual segmentation review only"",""checked"":true,""sha256"":""6f9396bd0eb2efd26d48b524326ad35410c483f08139f839b83fbf0b890e7221""}]"	6b98cc5029f96f40a6e205311a3ecc853b3995b7a5ec17dc1cd894ccaa995313	9573e913f54aebae86ed518d00d1f6495be3df82edd2011ee8f2f616500c3611	25	27	0	json;immutable_fields;text_consistency;content_evidence;revision_replay;idempotence	通读哈里森退休故事、全部摘要题和练习、动名词形式及六种语法功能。恢复多句对应单元和动名词列表说明；No smoking等警示语与例句/等号转换均分别保留。语法小标题动词不定式等文字疑误仅备注，不改字。
94	public/shuimu/lessons/intermediate/032.json	shuimu	intermediate-032	一次吃得并不开心的晚餐	passed_edited	Codex	2026-10-07T07:33:07+00:00	"[{""path"":""content/article-review/history/6a2e7c698acdde4c8475ba057adddc78aeaf8db70ade5dd7cd57a268441604c5.json"",""locator"":""display: complete published JSON baseline; contextual segmentation review only"",""checked"":true,""sha256"":""5e1c0955d260a23582ba291d68472e0331d3a78a880bcd6f433c392b44f76d2c""}]"	2ac693ea504b8859522b466fb86a2b55acdafcb67bc42401eb854c04b267e189	e1555f6ab220df97ff2f12f327be247af0949681d111f07da31281e720edca54	14	22	0	json;immutable_fields;text_consistency;content_evidence;revision_replay;idempotence	通读史密斯夫人晚餐故事与题解、陈述/祈使/感叹/虚拟语气；Mrs.缩写后的断行恢复，问答每轮与译文各自保留。祈使句11条、感叹句5条各自连续，例句不按标点机械拆分。
95	public/shuimu/lessons/intermediate/033.json	shuimu	intermediate-033	它好像不是很听话	needs_source_check	Codex	2026-10-07T07:33:07+00:00	"[{""path"":""content/article-review/history/eb15342f4f3c72ad68532f6f387d3ae6cda02a5e251ca6ab5a44867851bf677d.json"",""locator"":""display: complete published JSON baseline; contextual segmentation review only"",""checked"":true,""sha256"":""e9504c6bcadcbb2275cc2bd117379585ada8c6c2a6eee6bac45a3f9fe8100a2b""}]"	395c08893ae366dba495b98097c73961dc3643ccb792d475cb0e333d986b5eca	66dc79b79c7b069a776d84f1cfa0d8e4f6fa41e077e9bb3810411af9e4f8007a	13	20	0	json;immutable_fields;text_consistency;content_evidence;revision_replay;idempotence	通读耍蛇人故事、摘要、12题及虚拟条件句各时间形式与用法。合并中英续行及完整例句，保留各条事实说明。虚拟条件句比较表跨列文字仍按原序，不能借分段重排字词。; 原blocks[135..147]虚拟条件句表格主句/从句列交错，should/would/could/might与各形式关系无法只改段界恢复，保留待确认；其余全文已修复复核。
96	public/shuimu/lessons/intermediate/034.json	shuimu	intermediate-034	充满智慧的高空探险家	passed_edited	Codex	2026-10-07T07:33:39+00:00	"[{""path"":""content/article-review/history/7917205c45325dfb6bc748dcbffb952de874bab1e92d44f5d6c7e82e3d072b80.json"",""locator"":""display: complete published JSON baseline; contextual segmentation review only"",""checked"":true,""sha256"":""f08233c69620cdc201e5f368b9ea3be127d035b90bb9b00848d6b7b50726ffdd""}]"	d97bbfef36d4fab71c5f8e40377420c442e1f07a66ab18c95c70f85749eae8d7	836a256d59d81cad069dab7aab4f07d5bf13b62acdacd096fdf4765bbc9828f8	24	26	0	json;immutable_fields;text_consistency;content_evidence;revision_replay;idempotence	通读伯德南极飞行、摘要、12题与错综时间/含蓄虚拟条件句。R.E.人名缩写完整连入句，题4下划线直接续接；中英对应单元恢复，括号改写例句及从句/主句时态说明保留独立层次。原数字和选项字误不改。
97	public/shuimu/lessons/intermediate/035.json	shuimu	intermediate-035	不是百分百的小偷	passed_edited	Codex	2026-10-07T07:33:39+00:00	"[{""path"":""content/article-review/history/94191adfa8905a8065c391e25c3d70c4d842e912031b7578b69580c23f0add8b.json"",""locator"":""display: complete published JSON baseline; contextual segmentation review only"",""checked"":true,""sha256"":""02244e244dcf85b0dffbb0abfc5f3447fb6e43a9056abb54d6a919703e510f52""}]"	9fb0eb2b49cf1e30b7a106c47c55cfc71c56c2955966042bd74ef80513927d1a	29170bfb25c787e11ef98b677161627c90963a36978bed43df2b4621bdde85b0	19	23	0	json;immutable_fields;text_consistency;content_evidence;revision_replay;idempotence	通读返还钱包故事、摘要、12题及名词性从句虚拟语气上篇。百分比引语保留为完整句；修复主语/宾语从句说明和单项动词列举的断行，insist与suggest的陈述/虚拟对比例句各自保留。原拼写和不完整斜线列举不补字。
98	public/shuimu/lessons/intermediate/036.json	shuimu	intermediate-036	既遭罪又昂贵的旅行	passed_edited	Codex	2026-10-07T07:34:01+00:00	"[{""path"":""content/article-review/history/933610ff28660c77d6a8fa9a43c869811bbf993a60f8936f9caae932c668c7df.json"",""locator"":""display: complete published JSON baseline; contextual segmentation review only"",""checked"":true,""sha256"":""1899f3c103c8ffcf93ed72722fefeaac43a4e94f13eb82b7551a2b3c76c65f0e""}]"	a4c06a27180b78783fbd431c25fda709e7fd9c58a17c45a81372643d59380c5c	6fa2ad7d2424e05e81a809ff9092db4ca3dbbb4ea9924fa5a052d2b8980ae339	15	22	0	json;immutable_fields;text_consistency;content_evidence;revision_replay;idempotence	全文复核木箱偷渡故事、摘要、12题及wish和名词性/状语从句虚拟语气。正文金额和译文字面保持，合并完整中英段及语法说明；wish三种时间含义、If only两种用法、对比例句分别保留。
99	public/shuimu/lessons/intermediate/037.json	shuimu	intermediate-037	一个嗜酒的酒鬼	passed_edited	Codex	2026-10-07T07:34:01+00:00	"[{""path"":""content/article-review/history/9a94880d2d69d0b5acc499d7d1d183687badd07fce8e04f6810aa9fcee405c20.json"",""locator"":""display: complete published JSON baseline; contextual segmentation review only"",""checked"":true,""sha256"":""150c5c337e95c2479ef90da8f56fc58e922b5b74cb93e3a2b26b41289dbdd195""}]"	45b989ae2cb6e05eddf4302bc65bdaecbfad1c6c2c9fbb7655410093730951d3	c15e8714c359892fb368cc628af003b66685a34d99dae15757ddda8c71af38d8	14	19	0	json;immutable_fields;text_consistency;content_evidence;revision_replay;idempotence	完整阅读闹鬼酒吧及全部摘要题/选择题、其他虚拟语气与if省略解析。恢复Mr. Thompson跨块人名、长题干和说明续行；倒装例句与等号改写、原语法例句的字词均保持。
100	public/shuimu/lessons/intermediate/038.json	shuimu	intermediate-038	一颗被拔错的牙齿	passed_edited	Codex	2026-10-07T07:36:36+00:00	"[{""path"":""content/article-review/history/9defd3511012fa040816bfa8165b90eb1c4b974e8834c12bb02ae1ff0adb3cdb.json"",""locator"":""display: complete published JSON baseline; contextual segmentation review only"",""checked"":true,""sha256"":""e3921ba7c51618fc70540d3442ff766871722f5ffa6077de008a9a8c8e0b7c7c""}]"	ab594e9d965ea827eaf20d4ddaf93e93f496831ad44e05ac9512a08eee00a8e7	2c733092fee292950e8b7a8194f0c9d858fea235f00d7638cd84df1ad55a0faa	12	15	0	json;immutable_fields;text_consistency;content_evidence;revision_replay;idempotence	通读拔错牙正文、摘要、12道练习及名词性从句连接词。合并完整双语单元和关系词定义续行；what/whatever等三个类别的等号词条各行保留，语法说明括号独立不机械合并。米柴盒等原文字误仅备注。
101	public/shuimu/lessons/intermediate/039.json	shuimu	intermediate-039	生平第一次睡在床上	passed_edited	Codex	2026-10-07T07:36:36+00:00	"[{""path"":""content/article-review/history/6f9b389645af727d76753980924329c3cf872af7cc303ebf19eeaff54e86d19d.json"",""locator"":""display: complete published JSON baseline; contextual segmentation review only"",""checked"":true,""sha256"":""f9f68733e7858417d6c33336e6168d693ae85e807a9ceddac35180716776e527""}]"	0fddf77be99a219e5b694a0d25b559f88864c25ca263900b7562e9d4f958f5b8	b942b29853726468eb91c126e984b37f1aed707c261d0f9b61cdaf9aa46dccbe	12	17	0	json;immutable_fields;text_consistency;content_evidence;revision_replay;idempotence	完整阅读床被风吹落故事、摘要、12题与主语从句上篇。恢复多句双语段、复合长题干和四类it形式主语说明；ten-storied保留原连字符且直接衔接，箭头转换句独立保留。
102	public/shuimu/lessons/intermediate/040.json	shuimu	intermediate-040	吃饱了才能减肥	passed_edited	Codex	2026-10-07T07:36:37+00:00	"[{""path"":""content/article-review/history/8a8d34c5d4bc2143f6dc98148d75220877dca315d1c7efdeaecf7b71c4290002.json"",""locator"":""display: complete published JSON baseline; contextual segmentation review only"",""checked"":true,""sha256"":""d604f589842a30176074aa94cd2c52ce1b4755439da3e1b6babc8f669f277993""}]"	3da5ad68ba0d53b7a1fb4cc51027e6b2c6ef778d9fcfd4ec8d1f0f41ab85ecd1	57b4c6ab64c496159f04477ab369363c207fea065e6479bac49b1541cd0c5f6f	14	16	0	json;immutable_fields;text_consistency;content_evidence;revision_replay;idempotence	通读休节食故事、摘要、12题与主语从句下篇；多句对应自然段和完整题干续行恢复。if/whether七种区别、正误句和箭头转换各自保留，不纠正现有答案字词。
103	public/shuimu/lessons/intermediate/041.json	shuimu	intermediate-041	一块特殊的地毯	passed_edited	Codex	2026-10-07T07:36:37+00:00	"[{""path"":""content/article-review/history/5eacec6f3608029511c129486a6722c3bc2f0a643f3cde569058631ba03fd802.json"",""locator"":""display: complete published JSON baseline; contextual segmentation review only"",""checked"":true,""sha256"":""3260fd95ea857d19360a74ebefd5016d072b339b1938ac7461569849ed048a38""}]"	190bb0e06f45b2c4438d67a49a4192d878a11d2d8697d58dd68e417ebc0a86ff	7fd10be5ccdd563e490190c5a7268a044908c23cf45a9cbda317a66274bc481c	17	17	0	json;immutable_fields;text_consistency;content_evidence;revision_replay;idempotence	通读书籍地毯故事、摘要、全部选择题与直接/间接/介词宾语从句。恢复完整中英对应段、妹妹引语和题干；引导词列举属于同一说明，例句问答及条目不误合并。
104	public/shuimu/lessons/intermediate/042.json	shuimu	intermediate-042	一场不明原因的大火	passed_edited	Codex	2026-10-07T07:37:32+00:00	"[{""path"":""content/article-review/history/343105403a775ba94e4a0509d3ccaad0f5229179bb7ab63eb1390bddee525068.json"",""locator"":""display: complete published JSON baseline; contextual segmentation review only"",""checked"":true,""sha256"":""3eff6b17fb1811d7d777228450b6e96433130b1ffa455107d83bce8e453b4bc7""}]"	a340ee295d71b6cfe8adbe4a2eb600c2b1cff6a7c6cc9eb3e6bbdc748a4201f3	dfc34327ee0aab21dcfbb76be208c72c0eb4e372b3ab3882eacc07aa7710d388	21	24	0	json;immutable_fields;text_consistency;content_evidence;revision_replay;idempotence	全文通读森林火灾、摘要题、12选择题及表语/同位语从句。鸟和蛇的两个连续英文句对应同一中文段，保留多句单元；合并题干和解析机械换行，that/wh/as if等条目与例句独立保留。
105	public/shuimu/lessons/intermediate/043.json	shuimu	intermediate-043	一个糟心的上午	passed_edited	Codex	2026-10-07T07:37:32+00:00	"[{""path"":""content/article-review/history/238b5ab55d13da08b3939614fb0449d8e3103f196458a0b47a7d4388ee785dc3.json"",""locator"":""display: complete published JSON baseline; contextual segmentation review only"",""checked"":true,""sha256"":""d70842673e68c91f3064c261e039f064542677bb3cf1a7237dec6c17ccbea287""}]"	0895c132decf6646f8497efcea6a340081da4be9bdd9f27093069fc5210bdf30	96fc84fed63be82865940950a5a47444870677021586cfe6dd9c179ce8c08b00	19	22	0	json;immutable_fields;text_consistency;content_evidence;revision_replay;idempotence	通读做馅饼被两次打断的故事、摘要、练习及关系代词定语从句。保留每一完整双语段及题目提示括号；关系代词表各行已为可辨项目而独立保留，限制/非限制性说明与截断例句按语义续接。
106	public/shuimu/lessons/intermediate/044.json	shuimu	intermediate-044	探测器寻宝记	passed_edited	Codex	2026-10-07T07:37:59+00:00	"[{""path"":""content/article-review/history/53b1e047e0afd7f6404a5d3ba9c2b08e8bd9669f2893c32cb7c983080c7d1b8e.json"",""locator"":""display: complete published JSON baseline; contextual segmentation review only"",""checked"":true,""sha256"":""03569808609a87c3089db7e048e9bde3e9c9b6782693aef76f42eb8bbf1b2f9b""}]"	98db5066175190ad9735170496fc4b422352f31736bfa84ca75ef3b44c23b6ff	bc34691ab51a06c1ddf69c22269baae8d70244cce36d77252f40cf87fb584b66	23	28	0	json;immutable_fields;text_consistency;content_evidence;revision_replay;idempotence	通读探宝器故事、摘要题/答案、12选择题及关系副词定语从句。正文双语、多句自然段、破折号插入语和各题括号提示完整恢复；when/where/why和that三类说明例句保持各自身份，不改年月事实或字词。
107	public/shuimu/lessons/intermediate/045.json	shuimu	intermediate-045	惊险的老式汽车比赛	passed_edited	Codex	2026-10-07T07:37:59+00:00	"[{""path"":""content/article-review/history/ca55fa3ad529995d7b999d4f74537352c627c607d7940046ab162b2da6f3895c.json"",""locator"":""display: complete published JSON baseline; contextual segmentation review only"",""checked"":true,""sha256"":""dfe359f8cf1c6566e6771facaefd73ba2e02b1f9c38754af785ab27c5f9d675a""}]"	067ca6d0a5a3ef97bbb63a64d98c3eeba691dadc480e4819a3343372b9274cff	c480cd7ab2e4a5c8cd8c29692ca09a1cbf1946059250a8093e2df64c882e3d38	12	22	0	json;immutable_fields;text_consistency;content_evidence;revision_replay;idempotence	通读老式汽车赛正文、摘要及练习和限制/非限制定语从句解析。合并中英各自连续段、问题和语法说明；两女儿对比例句、专有名词例句及结果/让步解释独立保留，词表不合并。
108	public/shuimu/lessons/intermediate/046.json	shuimu	intermediate-046	惩罚势利的售货员	passed_edited	Codex	2026-10-07T07:38:33+00:00	"[{""path"":""content/article-review/history/7415c51a3ec6e77c2eb33902010bdcddf0406ddfcdae29d9a4f6ac646537b9b7.json"",""locator"":""display: complete published JSON baseline; contextual segmentation review only"",""checked"":true,""sha256"":""cc712531738b1805d426b5ced3f558d29dbe2581d55c60ed89ab8b5ad03387bf""}]"	151a12f9b286bda967fc42cd3ca65cc45372e575e04e40a01299439c56379606	19ccff6093fa5a0409497dfc50f3c7f74cb616843691fb674dfa48233d23a793	19	29	0	json;immutable_fields;text_consistency;content_evidence;revision_replay;idempotence	全文复核商店售货员故事、摘要、12题及关系代词选择上篇。修复英文词间/中文句中断段，保留正文多句对应单位；that/who十项与that/which八项各为独立说明，un-/im-等选项词缀不合并。
109	public/shuimu/lessons/intermediate/047.json	shuimu	intermediate-047	自娱自乐的游戏	passed_edited	Codex	2026-10-07T07:38:33+00:00	"[{""path"":""content/article-review/history/7ef06fa43fa7d85e36285e85994f757df7d9dcab5bbb31358c8591143fa8c3a3.json"",""locator"":""display: complete published JSON baseline; contextual segmentation review only"",""checked"":true,""sha256"":""563ad0abfbb09de74a9f4794f96f9ff2bf23ab274f2ae47005f28ddce758088f""}]"	8be154bdcaef8034a84b6408a33ad660617f6d872c3a72374128e6b989837eac	fe8e5365c247f4214e03f5de8dd3d45ba3b4bc9033ff18551db3ba13de21431e	20	28	0	json;immutable_fields;text_consistency;content_evidence;revision_replay;idempotence	通读雷克斯开门故事、摘要、12题和关系代词选择下篇/同位语区别。恢复正文及解析的续行，whose/who/whoever与as/which对比保留；嵌套选择题A至D、正误例句各自成块，括号语法解释与所属译文连续。
110	public/shuimu/lessons/intermediate/048.json	shuimu	intermediate-048	考了三次还没通过的考试	passed_edited	Codex	2026-10-07T07:39:05+00:00	"[{""path"":""content/article-review/history/fa6ffe39b6d0105f895799fe6306fd8155fc0f896e8aa23f6ae67ed27c97084e.json"",""locator"":""display: complete published JSON baseline; contextual segmentation review only"",""checked"":true,""sha256"":""5e4b85a58d0f18375d8c8581f2aae4f80bc8430680b56063293c7fb348bc9327""}]"	790632c4f639f4f7736561f34762dfbc9a499d2b2e439b398e55412d4a0bc8c5	36128121922b376723f21e652c0e86ca46ae1f56cc4b3ffd5e233abe4a2abd77	24	28	0	json;immutable_fields;text_consistency;content_evidence;revision_replay;idempotence	通读第三次驾考、摘要和全部题目、时间状语从句解析。恢复Mr. James和引号内连续句，按现有中英对应单元保留考官说话片段；连词分类表只接续同一类别，不跨时间/地点/原因行。when/while/as对比及till/before说明逐项复核。
111	public/shuimu/lessons/intermediate/049.json	shuimu	intermediate-049	爱护环境，用火须谨慎	passed_edited	Codex	2026-10-07T07:39:06+00:00	"[{""path"":""content/article-review/history/0c19aee6172387a3d787b5863d31dfe820aa89d89277d50f049f6851407dbdf4.json"",""locator"":""display: complete published JSON baseline; contextual segmentation review only"",""checked"":true,""sha256"":""48f1a79379c58721dc7258ffe25c21c9f95a652e35f2e8a392d434f2fe86b490""}]"	406abced23abe6343ae013d637c8b215b3f9122f912aeef63822e750746ffb19	e86e51129d517b382992c3bf30967e34b5c276fbcafb8321e028cb4f2ef9dbc4	22	29	0	json;immutable_fields;text_consistency;content_evidence;revision_replay;idempotence	通读火灾后播种防洪正文、摘要、12题及原因/条件/方式状语从句。完整恢复句中断行、分类解析；保留because/for和unless/if对比条目、条件例句及字面原错，不改非空白内容。
112	public/shuimu/lessons/intermediate/050.json	shuimu	intermediate-050	是幽默而不是嘲笑	passed_edited	Codex	2026-10-07T07:40:15+00:00	"[{""path"":""content/article-review/history/1d0c3a285fac2d89e8cac32586f3b22871f8b9eef133985a377567958f67e87b.json"",""locator"":""display: complete published JSON baseline; contextual segmentation review only"",""checked"":true,""sha256"":""0cd2e33e10f874202d4bb3b76fb14134461d55ecef9511d21ee3c414c7a93f38""}]"	7dafb64be7eb62d1a077322af5f3b9bfa05b679a32c2a874400962af4e73a2cb	b336eba7ad6402c0df799b2357f121b39892582d3558783c15860c007a0fef09	18	21	0	json;immutable_fields;text_consistency;content_evidence;revision_replay;idempotence	完整阅读杰里米婚宴演讲和女儿误解、摘要、12题及让步状语从句。修复正文及答案多句单位、句中中文断段；no matter词组、as倒装和whether句型分别保留，原选项乱码仅作为文字疑点不改写。
113	public/shuimu/lessons/intermediate/051.json	shuimu	intermediate-051	一波三折才建成的隧道	passed_edited	Codex	2026-10-07T07:40:15+00:00	"[{""path"":""content/article-review/history/491eea560fc94cda8d1b31f900153bf50b255d672b756997079cd598da51e266.json"",""locator"":""display: complete published JSON baseline; contextual segmentation review only"",""checked"":true,""sha256"":""50f80fe7513f86bbda6fe613b29d4360742ba1b253b88d1ef946896030e3c7cf""}]"	fdfb649dac1079c4396cd95cabbb02bdf387c0b3e349c41d19a23ff8f74b6ca3	c4f9f060a9062fa2012af38eb916cd10d75ba62e743bad795c3791adf98b5e0b	19	31	0	json;immutable_fields;text_consistency;content_evidence;revision_replay;idempotence	全文通读海峡隧道、多句摘要与练习、主谓一致原则及名词词组主语。twenty-one-mile的跨行连字符直接衔接；所有编号/项目、银元问答两轮保留，数词/百分数例句完整，原人名日期和译文内容不校改。
114	public/shuimu/lessons/intermediate/052.json	shuimu	intermediate-052	一头小象引发的交通堵塞	passed_edited	Codex	2026-10-07T07:40:55+00:00	"[{""path"":""content/article-review/history/73f62ad7b98d96cf9a3c917e555852ffbdc1c6ddf617fde675ba1349570b4c46.json"",""locator"":""display: complete published JSON baseline; contextual segmentation review only"",""checked"":true,""sha256"":""4bbf05cdecf637a4a84eea5fccdf4843b56df04c56d9fe1a3714228ab99530a6""}]"	51b3de84210d73312bfbc5b00ea5c73f83d96fa3452899a138a5b6452433200a	48f560e648b71c507ea26292cf6ce1d006d58fc1b588282e5ed5b73c649813e7	23	33	0	json;immutable_fields;text_consistency;content_evidence;revision_replay;idempotence	通读江伯堵车故事、摘要问答、12题及主谓一致下篇。恢复正文/译文对应单元和完整复合题干；集合名词、成对名词、并列主语各项例句保留，按同一说明续接断行，不纠正fortuneate等拼写。
115	public/shuimu/lessons/intermediate/053.json	shuimu	intermediate-053	孜孜不倦的科学家	passed_edited	Codex	2026-10-07T07:40:56+00:00	"[{""path"":""content/article-review/history/f176aebe2f0cc7613b09cd6469681256dcf5c8da19b82d44e1d8db2defa1e637.json"",""locator"":""display: complete published JSON baseline; contextual segmentation review only"",""checked"":true,""sha256"":""27ccb2767a5455fd703dc5d6e19680981d641691c480c6f3257711500f063762""}]"	cfda2c626cbb4863c05aa5b61bff01b7480305b58e1f60d5152344fbc3b2dc8d	9bcd122b538d68d4413f0cb0ee95b9ca20460847e99ac756d21647c10b063a19	24	34	0	json;immutable_fields;text_consistency;content_evidence;revision_replay;idempotence	全文复核波兰火山科学家故事、摘要/题干/选项及定语从句、what和there be、代词一致。合并中英句中断行及语法条目说明，例句内分号多句保留，缩写/斜线形式不做改写。
116	public/shuimu/lessons/intermediate/054.json	shuimu	intermediate-054	九死一生的醉汉	passed_edited	Codex	2026-10-07T07:41:22+00:00	"[{""path"":""content/article-review/history/96531b090d74b3b0f3773fb1726bbad071477530d531ec6f7a314e1c96b285b6.json"",""locator"":""display: complete published JSON baseline; contextual segmentation review only"",""checked"":true,""sha256"":""8976164126fdc84cd0987667b34f0d3fe38bbafffca582b31a76765a854ba724""}]"	cd6eace8b138a31573f3e921231cb99d95ad5b658baa7239ed5c688f50dda113	00dc09169ea0db0739e95c3ecc36d9da6ba477663a0ec05778f62980827a88a2	21	24	0	json;immutable_fields;text_consistency;content_evidence;revision_replay;idempotence	全文复核醉汉斗牛、摘要、12题与全部/部分倒装。保留段内连续叙述句及中英对应，合并题干和解释续行；here/there、only、否定词等例句各自成段，不更正住旁边等原字误。
117	public/shuimu/lessons/intermediate/055.json	shuimu	intermediate-055	一个著名的大钟	passed_edited	Codex	2026-10-07T07:41:23+00:00	"[{""path"":""content/article-review/history/660f886f50a70754ab5fc33ead9da757091275eb4d1ab98907e85ed132978718.json"",""locator"":""display: complete published JSON baseline; contextual segmentation review only"",""checked"":true,""sha256"":""db472306e72a99e8f6ec6d0091ed8e5048d45b05db30fcdc5b048ac5087d68f7""}]"	53687c474231934bf99934d612877392ddc45180fb093c12fafed59bce302afd	018724b9a9aa3b0060d3b82ab81e64f0e71787a427614f2183d4263659d4ca2f	15	17	0	json;immutable_fields;text_consistency;content_evidence;revision_replay;idempotence	通读大本钟故事、摘要与练习及there be上篇。B.B.C.缩写和时间值保留，恢复正文与解析完整语义段；疑问转换箭头、问答轮次、no/not对比例句独立，末尾反意疑问句不拆为碎句。
118	public/shuimu/lessons/intermediate/056.json	shuimu	intermediate-056	愚人节的玩笑	passed_edited	Codex	2026-10-07T07:45:16+00:00	"[{""path"":""content/article-review/history/ca50e5e985a35d87eaae65a17765265b62c4c3c125533aa53695326c461158ca.json"",""locator"":""display: complete published JSON baseline; contextual segmentation review only"",""checked"":true,""sha256"":""5a5f45012827290c32efd8209e83dbaf02abf8e74da235ae1e90af7b75100ab2""}]"	f0f629af6041b641f91e130b5d2a78594812604b814172d66fc267e8d132c212	ec5ba88e96d896962101949f7d07b9e1eb88d0bb65060c393622360cf74f5a05	18	15	0	json;immutable_fields;text_consistency;content_evidence;revision_replay;idempotence	全文复核愚人节通心粉收获报道、逐条摘要连接点与答案、十二道题及there be语法。恢复句内机械换行，保留列举、题号、时态例句和中英对应；播音员引号等原始文字不校改。
119	public/shuimu/lessons/intermediate/057.json	shuimu	intermediate-057	逃学记录保持者	passed_edited	Codex	2026-10-07T07:45:16+00:00	"[{""path"":""content/article-review/history/d984154d13dca2475caba0d6365134e215c26159ff8934bef54245547fedd2c6.json"",""locator"":""display: complete published JSON baseline; contextual segmentation review only"",""checked"":true,""sha256"":""35da0d2711dd7dc5aee9be81f2f0d2c0a6e89b24dfe0bba22f779991c9af7310""}]"	96f27022034780d6fc9b4b310c004497b92f12105528d86045e6561f188cef41	1b0e679d91595c54255e88e43a3f102d93d6eebab9ace726256daa2d9eaac636	20	24	0	json;immutable_fields;text_consistency;content_evidence;revision_replay;idempotence	全文复核逃学儿童从Dover到Perpignan的故事、摘要连接点与答案、全部选择题及强调句解析。摘要各编号保持独立，合并答案自然段和语法解释中的句中断行。
120	public/shuimu/lessons/intermediate/058.json	shuimu	intermediate-058	太过完美的伪装	passed_edited	Codex	2026-10-07T07:45:17+00:00	"[{""path"":""content/article-review/history/3de5e8f1f8b2a02d020575a6b49a0758f58887e6d660ef60d663e14f2dabb225.json"",""locator"":""display: complete published JSON baseline; contextual segmentation review only"",""checked"":true,""sha256"":""ee31145f7a354bfeef049be48f9d8b0df44b90f323f1ae892bc12a200f2e68c4""}]"	358c6bb5e15de70ad92c295bf89659696f834638aa22b0e36e104522b2351775	0e30173e8b30188c2d48c3185daf296a53c923391a7c8cf644513f08ae4e9233	18	26	0	json;immutable_fields;text_consistency;content_evidence;revision_replay;idempotence	全文复核演员Gloria与Rockwall伪装、警长对话、摘要、选择题和省略句语法。分别保留说话轮次及中文对应；恢复复合句和状语省略说明的续行，不合并独立例句。
121	public/shuimu/lessons/intermediate/059.json	shuimu	intermediate-059	在雪地里呼救	passed_edited	Codex	2026-10-07T07:45:17+00:00	"[{""path"":""content/article-review/history/89c85c3b3329df79f1d6abb052e8d78666906d45f9241a824315c74ec4300bbe.json"",""locator"":""display: complete published JSON baseline; contextual segmentation review only"",""checked"":true,""sha256"":""0d747e8f82eb64ad38442cf4783fbc182c1e6fd87ba7e3c90baaad9b0b1b051f""}]"	478039842c14526f4ce4b30bce3bcf5de118dad01dbf1181c599fa5ad217b5ae	4962f0b63a72df3272a23fb8134fa399c92903b0cc9ba020d1d4049f163fa27e	16	19	0	json;immutable_fields;text_consistency;content_evidence;revision_replay;idempotence	全文复核雪地SOS救援母亲与婴儿故事、摘要各点和完整答案、全部题干选项及完全否定、部分否定、双重否定与否定转移。保留最后问答为独立轮次，仅衔接明确的句内换行。
122	public/shuimu/lessons/intermediate/060.json	shuimu	intermediate-060	一次成功的手术	needs_source_check	Codex	2026-10-07T07:46:49+00:00	"[{""path"":""content/article-review/history/d7fbbcb7621945d86db824862dcadffb8013474368a1efc09984c3b9e7229a98.json"",""locator"":""display: complete published JSON baseline; contextual segmentation review only"",""checked"":true,""sha256"":""eb5531306dd26995a06c512d474c934ee7b739df2c52b982c5f4000e0fcec5ee""}]"	dea2eaffe3779b5681cf4d46429aed7e07194ece370519b2577e2ec504b9c827	b2f5d3580dcd8515eb8dd5cefef21e0a546bcce5531b444ec49da53c44f13087	20	23	0	json;immutable_fields;text_consistency;content_evidence;revision_replay;idempotence	全文复核木乃伊手术故事、摘要、12题及语法综合测试20题和解析；保留B.C.缩写、题号选项顺序和原始文字，恢复明确续行。; blocks[49..50]：摘要连接词who/whether与第1点Doctors operated--mummy: Egyptian woman交错，whether插在名词修饰续行之前。仅合段无法恢复连接词列且不能重排字符，保留待确认。
123	public/shuimu/lessons/intermediate/061.json	shuimu	intermediate-061	戒了无数次的烟	passed_edited	Codex	2026-10-07T06:56:59+00:00	"[{""path"":""content/article-review/history/19928e1ac80626ad7cc99b7648c832d1bdedd33104cec28a57a5f2ffa1aeb760.json"",""locator"":""display: complete published JSON baseline; contextual segmentation review only"",""checked"":true,""sha256"":""1fa25c198a45242521f888114d021d1cdce9f317d2e660cfbd81dcdf9670079c""}]"	e9b98eb7cde1c00bceff41ecf2815855a0ba791c2d0b659995ee557df65677bf	0a5ee2819240cd6341cd11cc42d100551b8baf85061ea825f6ec3872c74de14c	25	33	0	json;immutable_fields;text_consistency;content_evidence;revision_replay;idempotence	JSON 上下文审核：33 处续行合并；中英对应单元、提纲条目、32 道题的选项、247/248 对话轮次保持独立。正文末段两组中英对应保留原顺序。原文缺引号、拼写和语法疑义不在本轮改写。未读取教材或图片作为本次审核证据。
124	public/shuimu/lessons/intermediate/062.json	shuimu	intermediate-062	有惊无险的飞机之旅	passed_edited	Codex	2026-10-07T07:46:49+00:00	"[{""path"":""content/article-review/history/09dd2ab2de7ca20b549ee4be0e27a84e304da9beb1e17ddeb65fd51cc00e1da3.json"",""locator"":""display: complete published JSON baseline; contextual segmentation review only"",""checked"":true,""sha256"":""b6a10ab7c7610cfcf2076852457817fafd7e0f73bcd49602054fd31deee4cd63""}]"	8082144d26c00ba144b60fba18f59c975a42403adbf0cc0b3651101f2e1da19c	80e6cee88f55845630b6be1695fc30e9ae02a0a4a2b18026d33650d33cf55914	23	32	0	json;immutable_fields;text_consistency;content_evidence;revision_replay;idempotence	全文复核飞机炸弹虚惊、摘要答案、12道词汇题及语法综合测试20题全部解析。仅恢复正文、题干和解析中句中断行；保留各摘要连接点与选项，包括原有重复选项及文字缺漏。
125	public/shuimu/lessons/intermediate/063.json	shuimu	intermediate-063	靠机智逃脱的战俘	needs_source_check	Codex	2026-10-07T07:47:11+00:00	"[{""path"":""content/article-review/history/b2d6ce6dce8df525ed9007347bcd7be66ee169ad1a9b24b2a0d3332cc1c1c3ca.json"",""locator"":""display: complete published JSON baseline; contextual segmentation review only"",""checked"":true,""sha256"":""f58e256c4217028c13f6362bf0cb808a1f92fe80dc5a9ce7cf6602574262feff""}]"	69839c761075685aaa58cde4df600b68e088d112e9b6aa84d139516fc474e3d9	d927bb04b3f40d655b41bf1841b6ff9409d1e5cf73aff0d733b5d482e71f5c8e	20	20	0	json;immutable_fields;text_consistency;content_evidence;revision_replay;idempotence	全文复核战俘逃脱故事、摘要、词汇12题及语法测试20题和解析。第1题问答保持不同轮次，词表、选项与连接点保留；恢复英文短语及中文解析中断行。; blocks[54..55]：连接词and插在第1点killed a / guard之间，属于摘要列交错；仅凭当前字符顺序不能恢复，保留待确认。
126	public/shuimu/lessons/intermediate/064.json	shuimu	intermediate-064	一条长得像怪物的鱼	passed_edited	Codex	2026-10-07T07:47:11+00:00	"[{""path"":""content/article-review/history/fe90320257ebd3cd526135193cabd3badf072cf5c81c2ceec44bab95a9eb3ede.json"",""locator"":""display: complete published JSON baseline; contextual segmentation review only"",""checked"":true,""sha256"":""53e424f5d4725607aabe14c65ead7f8a5a0fff69f7787a2d096e44efc61364fc""}]"	95a17c1f211b4c24f9bee3ab3b2ce4b556248cb36c8e3132c826048cc9dbc302	38433364e9b989a705cf5d310fe66191f5f8fb9a90b4364eadd745ab8a6fd2b1	17	20	0	json;immutable_fields;text_consistency;content_evidence;revision_replay;idempotence	全文复核马达加斯加桨鱼故事、摘要、全部12道选择题及20道语法测试和解释。保留摘要不同编号、连字符及非校勘范围文字，仅合并明确续行，英文词间留空格，中文续句直接连接。
127	public/shuimu/lessons/intermediate/065.json	shuimu	intermediate-065	活到老学到老	passed_edited	Codex	2026-10-07T07:47:32+00:00	"[{""path"":""content/article-review/history/f9e15732740587d6bf1e0cac4cb9f275b3fdc15fd992ccfcdf3f544e538e98c9.json"",""locator"":""display: complete published JSON baseline; contextual segmentation review only"",""checked"":true,""sha256"":""15b81c523837563dc644bbd3796a13a87ab5ce6235fc48a3ff9604cea9f0a1a5""}]"	16aba9000471d2c6f50f783383d28a75822940146b5891a58800e760dbdd5f2f	a9a58220f32ed542ce70b91e13aa0bc59a5246f291786d399add489ef59b0058	21	26	0	json;immutable_fields;text_consistency;content_evidence;revision_replay;idempotence	全文复核佩奇校长退休、四十年教龄与园艺故事、摘要、12题和语法综合测试20题全部选项解析。Mr. Page缩写不造成句界；摘要连接点独立，多句答案为一自然段，只修复句中换行。
128	public/shuimu/lessons/intermediate/066.json	shuimu	intermediate-066	日本的特殊节日	passed_edited	Codex	2026-10-07T07:47:32+00:00	"[{""path"":""content/article-review/history/d5fa1ed071f432e48d9aa1f5756778f7a3f8685d72c93a5bffbe97699e653a3d.json"",""locator"":""display: complete published JSON baseline; contextual segmentation review only"",""checked"":true,""sha256"":""3e8b8bf5c615acba99aa6398546a6feec66b148e0b77a43201622fe19b18c62d""}]"	0f6ef9188386fc9c75ba21457560a439490d1dc41eb30ab8c063a104b120cbe2	73adfc7369f277e8dc7c5c205873e2c3d0301809ab86eea6b14f32f21a594976	23	24	0	json;immutable_fields;text_consistency;content_evidence;revision_replay;idempotence	全文复核日本亡灵节、灯笼返航故事、摘要、12道词汇题及20道语法测试解析。完整句保留多句自然段，编号和选项各自独立；原有道路词内空格等非本轮句段候选不自动更改。
129	public/shuimu/lessons/intermediate/067.json	shuimu	intermediate-067	未来的游泳冠军	passed_edited	Codex	2026-10-07T07:47:55+00:00	"[{""path"":""content/article-review/history/b2376bef9a64928441f06e53d6ddbaa0f100ce9115965297b424906560fdd68a.json"",""locator"":""display: complete published JSON baseline; contextual segmentation review only"",""checked"":true,""sha256"":""e74337409e673347a4215c6c5f622225ac103659c592eae1211b29e19a01c87f""}]"	22bfd2edd5c40e60145c147055c40ad926d46b7c106f894ba4451895fc710757	cd82efa4d712d972107f96424889bb89f509895854cdebf174d833865dcf91a0	19	24	0	json;immutable_fields;text_consistency;content_evidence;revision_replay;idempotence	全文复核婴幼儿游泳和水下三轮车故事、摘要、全部词汇选择题与语法综合测试八。英文完整短语恢复同段，中文解析续词连接；各编号摘要要点与选择答案保留，不校改原始语法观点。
130	public/shuimu/lessons/intermediate/068.json	shuimu	intermediate-068	法国送给美国的自由女神像	passed_edited	Codex	2026-10-07T07:47:55+00:00	"[{""path"":""content/article-review/history/dae14000c2e10e1488cbe751b0e8a70df1d05bd86f0b9a6b4ba60c43ee605684.json"",""locator"":""display: complete published JSON baseline; contextual segmentation review only"",""checked"":true,""sha256"":""8a7c7e1d97d5fb65e4c17e225889b23cb84a0c2df214179b2a792130c8709790""}]"	7eb9534b83a3b0d6dc350ee65eb29c57ea15ac9c291dc52fe882febd58e0e96c	095a2d3cc3484cfee84c01afc30f5f00e43de0e357f98e8099f0418719449e4a	21	25	0	json;immutable_fields;text_consistency;content_evidence;revision_replay;idempotence	全文复核自由女神像建造运输故事、摘要、12题和语法综合测试九20题。保留U.S.A.、年份、原文拼写与缺字，修复正文中英对应、题干及解析的明确断行；摘要多句同段，题号选项独立。
131	public/shuimu/lessons/intermediate/069.json	shuimu	intermediate-069	被大鱼吓到的潜水员	passed_edited	Codex	2026-10-07T07:48:26+00:00	"[{""path"":""content/article-review/history/f640d2a021df6e7ccd5d31df91ea81264e1ffa395a8ef02fd578512f50e8e514.json"",""locator"":""display: complete published JSON baseline; contextual segmentation review only"",""checked"":true,""sha256"":""b4778a1e020eadfdaea83e8108206b77fdb7e8115044f5ce27ca6ca575a73441""}]"	c9280126b3c14613563515984c2f659d7b9380b59f55fc0547689bd7fb34bb5f	a98f268e408e17d5e86d7881530f2782c5c5c9192c4c8f4d4773eff9a2d92b2e	26	30	0	json;immutable_fields;text_consistency;content_evidence;revision_replay;idempotence	全文复核北海钻井平台巨鱼故事及三个成因、摘要、全部词汇与语法题解析。英文末句Who eats who与前句对应同一中文段，合并为该双语单元；保留独立要点、选项和原有答案文字。
132	public/shuimu/lessons/intermediate/070.json	shuimu	intermediate-070	艰难的矿井救援	needs_source_check	Codex	2026-10-07T07:48:26+00:00	"[{""path"":""content/article-review/history/a9fd945480d28c81bde74d915bdf92f417c1e46b0dfa24ecc0bcf4c9353265fe.json"",""locator"":""display: complete published JSON baseline; contextual segmentation review only"",""checked"":true,""sha256"":""3263ed489ddee901036c30f9b8631379cc3f28d02a68de6c1ee9413c20e1afcc""}]"	3e909074e686fb482cd873aa288f900f1773345030786b60153d812683e9ab39	76e7e6958ecb24eebeaf21f4719e36a25434352862e60953a5efb80932c04f96	19	25	0	json;immutable_fields;text_consistency;content_evidence;revision_replay;idempotence	全文复核矿井救援、摘要、12道词汇题及综合测试十一20题和解析。合并完整中英单元和解释中的续行，保留说法、答案和原有缺失标点；第15题解析缺尾只记文字疑义。; blocks[53..54]：摘要连接词because插入seventeen / hours短语，连接词列与内容列交错。边界无法仅靠不重排字符的合并恢复，保留待确认。
133	public/shuimu/lessons/upper/001.json	shuimu	upper-001	A puma at large	needs_source_check	Codex	2026-10-07T07:52:25+00:00	"[{""path"":""content/article-review/history/b97fc82154b6ace8dee4ee2a379d49cda96e28b5d52b74762c3f34b5395cd53d.json"",""locator"":""display: complete published JSON baseline; contextual segmentation review only"",""checked"":true,""sha256"":""6e0f88a09bd210ad49e730eee3b06c5ff9306801d738ee8b0bb34bb747bdc5a1""}]"	90c07dda7cdced9b8cc2d4d764858c52adf27f2254ad2506db7e3a7052f2879f	585dfe70a83c8860aff752962ea89c570d4dc36cd9621ce0b9f6460643e84402	39	16	0	json;immutable_fields;text_consistency;content_evidence;revision_replay;idempotence	美洲狮课全文0..176块通读：合并引入尾词、三个英中对应正文段、Notes第2/4/5条、问答5/11、写作题干与提纲和范文、选择题2题干的机械断行；词表和选项保持独立。末尾孤立1.归属无法判断。; blocks[176]在完整选择题答案后只有孤立的1.，JSON无后续内容，无法确认它是新解析条目还是残留标记；未猜测合并或删除。
134	public/shuimu/lessons/upper/002.json	shuimu	upper-002	Thirteen equals one	needs_source_check	Codex	2026-10-07T07:52:26+00:00	"[{""path"":""content/article-review/history/75f243598589d8bb021179f41a0f6cafc86a7ec34af5996cc6caf673453e149f.json"",""locator"":""display: complete published JSON baseline; contextual segmentation review only"",""checked"":true,""sha256"":""f7853956272aeb4dfe0bd9b779e21714780e87f6bff840b7558198debac8c17a""}]"	d9980ab3a5815bf22f06fe8b3972b4aaa3ea4231524ec982dc19debd3b23b70b	8d3cb6f7db182cba8699da615cd0f68ce613e2ca04156bf5ca42b4e7b1cde800	31	25	0	json;immutable_fields;text_consistency;content_evidence;revision_replay;idempotence	教堂钟课0..172块全文复核；合并两组英中叙事段、各段内牧师/Bill五轮英文和中文续行、Notes1/3/4、问答2/3/16/17、三个写作提纲及范文三自然段。词表、选择项和双语独立译句保持。末尾下一课标题归属待确认。; blocks[172]为孤立heading：2.1【故事精讲】An unknown goddess，出现在本课答案之后且无后续正文；仅凭本JSON无法判定跨课标题归属，不删除或移动。
135	public/shuimu/lessons/upper/003.json	shuimu	upper-003	An unknown goddess	needs_source_check	Codex	2026-10-07T07:52:27+00:00	"[{""path"":""content/article-review/history/891ca6719bdaf9efa47f2a24f3d64465085cd47c0f49dcfe4002ff21c7b53feb.json"",""locator"":""display: complete published JSON baseline; contextual segmentation review only"",""checked"":true,""sha256"":""e2b2534e20f4e001001aef5d8e8958a713e0cab59cce957c0f4c2d0af31a1f3f""}]"	7b7cc583414f976527626c8cfa7f5c7e5bdb3f29dead58aec5e8064c9018edae	524379915f090c76fdde9359d0263d27e11419bc408429fefebb571ea099bc93	39	21	0	json;immutable_fields;text_consistency;content_evidence;revision_replay;idempotence	未知女神课0..186块通读：恢复古城文明、庙宇雕像、拼装女神、外观身份四组英中自然段；合并Notes1/3/4、长问答、写作题干提纲范文、选择题2/3空白线续行；词汇选项独立，末尾下一课标题归属待确认。; blocks[186]为下一故事The double life of Alfred Bloggs的孤立标题，位于本课答案后且无该故事正文；跨课标题归属不能仅靠当前JSON空白调整确定。
136	public/shuimu/lessons/upper/004.json	shuimu	upper-004	The double life of Alfred Bloggs	needs_source_check	Codex	2026-10-07T07:52:29+00:00	"[{""path"":""content/article-review/history/74a6cd18b610bb511527a192a4ebc25174c453f1646eab85946d6adb552ce797.json"",""locator"":""display: complete published JSON baseline; contextual segmentation review only"",""checked"":true,""sha256"":""3b968270a7ea8f2e3d2e0c9783b2a27ee2cce4a47ed13d6417a89c030c52884d""}]"	3e117fa725e38d5b6b2bef8beede8a6e7061dddf6a723fcb3074a33a10276719	ff9b1f9f7f58a1842858b785dd1ce7f79dae028cd2ed362e24b9f7e84ca9ec9b	41	21	0	json;immutable_fields;text_consistency;content_evidence;revision_replay;idempotence	全文通读Alfred隐瞒清洁工职业的两段英汉叙事、词汇与注释、21道理解问答、Nearly caught写作提纲及范文、12道选择题与答案。正文各多句自然段和对应中文段完整保留；范文末尾Alf的回应保留独立轮次；选项不合并。; 末尾block181孤立出现下一课标题4.1【故事精讲】The facts，缺乏对应正文；跨课边界无法仅凭当前JSON确认，保留待核。
137	public/shuimu/lessons/upper/005.json	shuimu	upper-005	The facts	passed_edited	Codex	2026-10-07T07:52:30+00:00	"[{""path"":""content/article-review/history/339f4e0b62569af00ebf7be6ad68972980c60b8a15fb87d6a4a564e87d637947.json"",""locator"":""display: complete published JSON baseline; contextual segmentation review only"",""checked"":true,""sha256"":""a8d8351140f0201e4512bfef73e8ed4acb468ace2b3dd85c7abb039dee3ded4e""}]"	41e0e8181c7d841841e431c6f99b898daa2fe19fbcac61e566f1ef3206857348	c2db7633155f7e6a35c8101e00da1fa1dbb4c5b682ed49a987741c0cbbeed137	37	18	0	json;immutable_fields;text_consistency;content_evidence;revision_replay;idempotence	通读标题The facts、编辑要求核实总统府台阶的三组英汉正文、词汇注释、17道理解问答、写作提示及单段范文和12道选择题答案。范文按题干明确要求保持一个完整多句段，选项及词条分别保留。缺词题干和原有拼写仅保留，不作文字校改。
138	public/shuimu/lessons/upper/006.json	shuimu	upper-006	Smash-and-grab	passed_edited	Codex	2026-10-07T07:52:32+00:00	"[{""path"":""content/article-review/history/a583dae76d0c21c93bc6c5f1f5d3afb92242f940f578be5df3f87cc242da884e.json"",""locator"":""display: complete published JSON baseline; contextual segmentation review only"",""checked"":true,""sha256"":""97bd689813efc5609d839ff74bd577b201766e3c9bdb5547303a93caaafa5193""}]"	25e90765f3d37ecce63184b4d1a6608db4b4474cdba91cbdbe7737f6cbfb9500	8a6a1598b076940f586326d8395eaafc8704017c64f3031c9a2ab6b27f055416	37	20	0	json;immutable_fields;text_consistency;content_evidence;revision_replay;idempotence	完整通读Smash-and-grab三组英汉叙事、词表与三个注释、20个理解问答、追车续写的三段提纲及三段范文、12道选择题答案。范文按追赶开始、街上追逐、弃车逃走保留三个多句自然段，未把句子再拆碎。
139	public/shuimu/lessons/upper/007.json	shuimu	upper-007	Mutilated ladies	passed_edited	Codex	2026-10-07T07:52:33+00:00	"[{""path"":""content/article-review/history/85e36dc892ba94b6bd23ef4a8dfa706f5585183f830f64172021dff0cab2b7a0.json"",""locator"":""display: complete published JSON baseline; contextual segmentation review only"",""checked"":true,""sha256"":""bd879d67a2c07882206b6b069be2b47cb8c783058b28dd6d9e0c8901685e61ef""}]"	153861799d387b42b3a6cdee73bb07fecf5b5cfc643e9b4742f4c3fd0e1c1eeb	91c86d4413ab8d286a0f2b67e077f88527d8a43159559497d92f430127ca635f	35	18	0	json;immutable_fields;text_consistency;content_evidence;revision_replay;idempotence	通读Mutilated ladies的三组双语正文、词汇和残钞/过去分词注释、21道问答、Jane发现烤坏钱包的写作要求及150词单段范文、全部选择题答案。保留同段叙事和引语，不把完整多句段拆成单句；原文缺失引号、币种符号和选项字样不校改。
140	public/shuimu/lessons/upper/008.json	shuimu	upper-008	A famous monastery	passed_edited	Codex	2026-10-07T07:52:34+00:00	"[{""path"":""content/article-review/history/14cd64dd3eb6dfaf4e526aaac3e5c37a8207e3b1e419b24de48de4c4129e6063.json"",""locator"":""display: complete published JSON baseline; contextual segmentation review only"",""checked"":true,""sha256"":""ad04f08603a30617544e74609accda29755a84dad67bc672cdf7dbd6734d1f92""}]"	35897689366cff528f202a350c7077bf3778de5936bcaa97bfccdcbe112d0599	5dcd3d580b1738ccc39aa1a74c344497ff62532e9d07811f28d394b294239259	41	20	0	json;immutable_fields;text_consistency;content_evidence;revision_replay;idempotence	完整通读A famous monastery的山口与救援犬、冬夏修道院生活两组英汉段、全部词表和注释、18道问答及Rescue三段写作与12题答案。恢复搜救范文的组织队伍、发现旅人、恢复意识三段；选择题选项保持独立。
141	public/shuimu/lessons/upper/009.json	shuimu	upper-009	Flying cats	passed_edited	Codex	2026-10-07T07:52:35+00:00	"[{""path"":""content/article-review/history/8770ac4027cae5e5fa255fac73bd5e7b3f70a19041ba0826bfa2e4885b4c1bb5.json"",""locator"":""display: complete published JSON baseline; contextual segmentation review only"",""checked"":true,""sha256"":""ccd131964e59f788396467670359a96ac7e43d8f8aacc8700cac541021326213""}]"	20726f3cc84c8c9676abfa00a1ee69e5270be6851b4bd5e8b1c5443fd76e753b	225097707b36cd3867f242de95d212fec9b4aca1fba8cbdda77fa2133c41a9b3	36	13	0	json;immutable_fields;text_consistency;content_evidence;revision_replay;idempotence	通读Flying cats全文、开头问答、词汇、双重否定及比较级注释、20道理解题、宠物猫写作模板与150词单段范文、12道选择题答案。英文研究段和中文对应段均保留多句结构；They like regular / meals明确句内接续，纳入范文完整单段。
142	public/shuimu/lessons/upper/010.json	shuimu	upper-010	The loss of the Titanic	passed_edited	Codex	2026-10-07T07:52:37+00:00	"[{""path"":""content/article-review/history/0ac5e29abaed0f00e904c4e3745b3658631695f59e984b866418f50ea3476252.json"",""locator"":""display: complete published JSON baseline; contextual segmentation review only"",""checked"":true,""sha256"":""91bf25abe43d21aec6db23ff181dc241d1a5eef58a4b7363ebe8fa47a8a6337f""}]"	da941d05da4e90e0d778c0fab07d956adcd1e9a3b5eef0920a40d31c269d117a	f249717b07a637b912e53b6196c373fa232f141725562c269831d834881aeffd	39	18	0	json;immutable_fields;text_consistency;content_evidence;revision_replay;idempotence	全文通读The loss of the Titanic的开头问题、词表、两组英汉叙事及六条注释、20道问答、Abandon ship三段提纲和范文、12道选择题与答案。保留介绍轮船和触礁沉没两个多句段，范文按命令突发、逃生混乱及船沉结局分三自然段。
143	public/shuimu/lessons/upper/011.json	shuimu	upper-011	Life on a desert island	passed_edited	Codex	2026-10-07T07:52:38+00:00	"[{""path"":""content/article-review/history/38e7bc8332bff2dbece09d6fd6fd7253d77de0f9202f2b0f686bf25ea698bf25.json"",""locator"":""display: complete published JSON baseline; contextual segmentation review only"",""checked"":true,""sha256"":""992059b5e306aecf48abb4cb6495e0679f5dbc4c64bd4484ab9c46f6a8e63e71""}]"	4cac93e39557795fb1006733a65fbd4f5ac27c214fff5c659d4f5e55f69063c1	c4bd50a7be60f9315aa933733f81b6b30c4e04d80d55bb6aa95b1d88866f8e20	41	21	0	json;immutable_fields;text_consistency;content_evidence;revision_replay;idempotence	通读Life on a desert island词表、两组英汉正文、五条注释、19道理解问答、Shipwrecked三段写作和全部选择题答案。正文不按句拆碎；虚拟语气注释的英文引例及中文解释保留对应两块；写作按海难、岛上生存、获救三段复核。
144	public/shuimu/lessons/upper/012.json	shuimu	upper-012	Not guilty	passed_edited	Codex	2026-10-07T07:52:39+00:00	"[{""path"":""content/article-review/history/7a1b1098859f091cbed3842432021f29df0ba6c905832c0e508ca44058c1d89e.json"",""locator"":""display: complete published JSON baseline; contextual segmentation review only"",""checked"":true,""sha256"":""c62ca1d570629eea37a58a898a710c7d471daa92954435c4095a7620f3d20001""}]"	7ff93ed67afd563298349acd3cae0a0c8a4ea55494bdbd93a5e6f1869229051e	15437288f40c4405791a7e1b97d2ed2957b94f9c59fd04ba2eb1e7417b4d6f72	33	21	0	json;immutable_fields;text_consistency;content_evidence;revision_replay;idempotence	完整通读Not guilty的词汇、英汉正文全部海关问答轮次、语法注释、21道问答、走私宝石写作模板与单段范文、12道选择题答案。开箱及香水/发胶对话保持轮次；中文回答后紧随的叙述未跨越下一发言。作文按明确单段要求完整保留，文字符号异常不改。
145	public/shuimu/lessons/upper/013.json	shuimu	upper-013	It's only me	passed_edited	Codex	2026-10-07T07:52:41+00:00	"[{""path"":""content/article-review/history/f2da26f2c6a37a7ec4bb768e4f504bab42d9b3d2825fa4f958784af9044d9247.json"",""locator"":""display: complete published JSON baseline; contextual segmentation review only"",""checked"":true,""sha256"":""65f72d10848d8dad3030398b1c12ddfe7f3c9ee71399328fda0db24cc7594951""}]"	8e6ccf56c5c71a52f679b10d28f9d9cba02e3057358d0b53040319e989bcf1e0	c0495ca87b20127496cd5e539138ef17cfea1fce7c954e186a15f195cf67d237	40	15	0	json;immutable_fields;text_consistency;content_evidence;revision_replay;idempotence	完整通读It's only me导入、问题答案、词表、试穿鬼服与误吓抄表员的两组英汉正文、七条注释、19道理解题、单段续写模板和范文及12题答案。范文中there was a ghost / in the storeroom为同一句，接续后保留150词完整段。
146	public/shuimu/lessons/upper/014.json	shuimu	upper-014	A noble gangster	passed_edited	Codex	2026-10-07T07:52:42+00:00	"[{""path"":""content/article-review/history/aa80524fba1aa215eacdc7f1468a9a79ce419385eca2d57e3ff5956b8425a492.json"",""locator"":""display: complete published JSON baseline; contextual segmentation review only"",""checked"":true,""sha256"":""41c1ab0e5e4091bf40c1ce84fa9a8b0598156f3410e41d91152c2e4135053a58""}]"	3ac33adc9b4423b41f524c9afe3e06dd350096a13a11934d983e1b621371b9b4	f8b9ff628cc7a8aeb0cf965043db6d773b6186a384ae9d0a403c4b6ac601b3cc	41	19	0	json;immutable_fields;text_consistency;content_evidence;revision_replay;idempotence	通读A noble gangster导入和问答、词汇、芝加哥保护费及Hawkwood两组英汉段落、八条注释、18题理解问答、Hawkwood defeated三段提纲范文及12题答案。范文按村民准备、战争破坏、驱退与和解保留三段；原文缺字和不完整括号作为字词问题保留。
147	public/shuimu/lessons/upper/015.json	shuimu	upper-015	Fifty pence worth of trouble	passed_edited	Codex	2026-10-07T07:52:44+00:00	"[{""path"":""content/article-review/history/04b7201fee95bb1e6afcd660e98f2ee422399595edbe4e69d3ea417877cb11af.json"",""locator"":""display: complete published JSON baseline; contextual segmentation review only"",""checked"":true,""sha256"":""f28510adc0dfbeb48dfd6a26ae48c333d0139db1df20ec62562aabcb7f0a0702""}]"	106ad481b3029f9320738c11c77cc30f849f864c87fa383e32c6a15397234bd9	2e2922cf72ecaa44729a2a3e36a4af95cd720e81f507ce3275e4f8afee1825f1	34	11	0	json;immutable_fields;text_consistency;content_evidence;revision_replay;idempotence	通读Fifty pence worth of trouble导入与答案、全部词汇、两组英汉正文、五条注释、20个理解问答、围观救援的单段写作模板和范文及选择题答案。George捡硬币到获巧克力的因果过程维持完整段，选项与词条边界均保留；原文标点缺失未修改。
148	public/shuimu/lessons/upper/016.json	shuimu	upper-016	Mary had a little lamb	passed_edited	Codex	2026-10-07T07:52:45+00:00	"[{""path"":""content/article-review/history/2236a63e4e4bcef1d68b50c58b7ad966836f3e10ed9df46475dbe23f2ba1fdea.json"",""locator"":""display: complete published JSON baseline; contextual segmentation review only"",""checked"":true,""sha256"":""b31d62acdbd50a7478272a59e4e1cc1f71482044c7a4f46a061cd56ae37ad266""}]"	2617b0367e4f968153052abace0dc309da529fa6217e2d46e36cd096d5644e90	faf42c5b560aeb06bf8fa578b7c870d9fef3e2d39ac4a9b2f4d3ba086b40cbda	39	22	0	json;immutable_fields;text_consistency;content_evidence;revision_replay;idempotence	通读Mary had a little lamb全文、词汇、五条语法说明、20道理解问答、Not so black三段提纲与范文、全部选择题及答案。保留现有空Notes标题；正文按失窃、追查、真相三组双语单元，续写按认羊、争执报警、村民讨论三个自然段恢复；不是诗歌，不凭标题添加诗行。
149	public/shuimu/lessons/upper/017.json	shuimu	upper-017	The longest suspension bridge in the world	passed_edited	Codex	2026-10-07T07:52:46+00:00	"[{""path"":""content/article-review/history/942d57ff0cfa79c9eb91e0b91f077225413112fbaba069e309a1dfc8751de5fe.json"",""locator"":""display: complete published JSON baseline; contextual segmentation review only"",""checked"":true,""sha256"":""ad9fdac69f48c80858ad838ea841947f1e8549c3b3d58d7f1dae7fa57bf27f83""}]"	64ff0982c4e42f5f15be677c04f2986d0aa4d052b55ce29d7330c0af7b23d8cb	8341b25fc556a47ae6127674a9efd2f23ad3e222da015947eda9d5d54fb8d7aa	35	15	0	json;immutable_fields;text_consistency;content_evidence;revision_replay;idempotence	全文通读The longest suspension bridge in the world标题、词汇、三组桥梁英汉正文、七条注释、15道问答、悉尼海港桥单段写作模板范文、12道选择题与答案。保留各多句桥梁说明段及英文中文对应，作文按150词单段要求接续；残缺选项bridge's b属字词问题，不猜补。
150	public/shuimu/lessons/upper/018.json	shuimu	upper-018	Electric currents in modern art	passed_edited	Codex	2026-10-07T07:52:47+00:00	"[{""path"":""content/article-review/history/3206a43f09e1dfdf2cc03b6991874f38846e6a0aa66183d8e2e0a522d4a6b895.json"",""locator"":""display: complete published JSON baseline; contextual segmentation review only"",""checked"":true,""sha256"":""73795b1a75d94ff82600fd1f23669bae7f873969c1787ad5256951b2f093c044""}]"	ff009f3b3695f520e3e23376efca6bf8d413c3fb6b548f9d7d7541d79c96e450	a3ec15fd23d2527d6073c35e604c829f21f840654a52832e4f1931dc27dfd58e	38	20	0	json;immutable_fields;text_consistency;content_evidence;revision_replay;idempotence	完整通读Electric currents in modern art词表、两组英汉正文及九条注释、20道理解问答、An interesting exhibition三段写作提纲范文和12题答案。展览经历多句保持一个对应叙事单元；范文按参观开场、画作描述、观众评论保留三段，选择题第三题d选项末词untouched接回同项。
151	public/shuimu/lessons/upper/019.json	shuimu	upper-019	A very dear cat	passed_edited	Codex	2026-10-07T07:52:49+00:00	"[{""path"":""content/article-review/history/81a4fdada38e34e8951eeb8f13ac83e364c8e320ab3362f24dc42594930a2319.json"",""locator"":""display: complete published JSON baseline; contextual segmentation review only"",""checked"":true,""sha256"":""4c0496b6bf5773f9684f3c361ea245fb870be4197ac079182644a1b000385e4e""}]"	6c3abd78b02d652ce12449e622300648aada9f51e1cb701a995f91795c02a8c5	b6a3fdfd18e1f2385a05c0a22d653c09d351b35c928324696a6f814411464c09	38	16	0	json;immutable_fields;text_consistency;content_evidence;revision_replay;idempotence	通读A very dear cat词表、猫失踪及赎回的两组英汉叙事、六条注释、20道理解问答、绑匪背景的单段写作模板范文、12题答案。保持英汉对应自然段和所有选项独立；货币符号和选项disciplined bow we等字词异常保留，不影响确定段落边界。
152	public/shuimu/lessons/upper/020.json	shuimu	upper-020	Pioneer pilots	passed_edited	Codex	2026-10-07T07:52:50+00:00	"[{""path"":""content/article-review/history/5ad4ec9764ccad38bd0f21b53c7075adb6250f2102c1621fb4921cf2e6d9ebc7.json"",""locator"":""display: complete published JSON baseline; contextual segmentation review only"",""checked"":true,""sha256"":""5bfc28a59fb71f105806f355988d4cf264103691d38ef17ee31334c2366c4f8c""}]"	5a6eac5038a757101cfbf319eff37c7cb17dbe76396d435a712f1c75aa1ff25a	a5231ebf61e9a81c397bf2139b7930d581a1ba695a9ac7c3cb890162c277ccd9	36	18	0	json;immutable_fields;text_consistency;content_evidence;revision_replay;idempotence	完整通读Pioneer pilots词表、Latham失败和Bleriot成功两组英汉正文、七条注释、20道理解问答、My flight across the Channel三段提纲范文、理解题小标题及12道选择题答案。作文按试飞、海峡飞行、着陆三个多句段保留；注释第二条英文与中文对应两块保持。
153	public/shuimu/lessons/upper/021.json	shuimu	upper-021	Daniel Mendoza	passed_edited	Codex	2026-10-07T07:52:51+00:00	"[{""path"":""content/article-review/history/5048d31379eaca5771583b9902608d7bcca700243355abdf5d655bcdeaa58285.json"",""locator"":""display: complete published JSON baseline; contextual segmentation review only"",""checked"":true,""sha256"":""c083aa2e2a79166261fc69cec486b942bd7d0b49c1aa2b7b71e7bac84a350fac""}]"	04f4f99de94a06e08a259f24330061dfb949c58eac7cd3f123d8cb202d4fbf36	e14b02e015a2f3ee873cd524fea89ee577c10c13e62f5f389c44f2db0a48a7b4	46	22	0	json;immutable_fields;text_consistency;content_evidence;revision_replay;idempotence	完整通读Daniel Mendoza词汇、三组英汉拳击史与生平正文、11条注释、21道理解问答、The first fight四段作文和12题答案。作文按赛前背景、气氛、比赛过程、失败反应保留四段；字数标注独立；选择题第10题原有c,d,a,b顺序保留，不重排。
154	public/shuimu/lessons/upper/022.json	shuimu	upper-022	By heart	passed_edited	Codex	2026-10-07T07:52:53+00:00	"[{""path"":""content/article-review/history/998f090a698096ea9cb27b802f57de7c1d08c5d8f727fe055ca2facdc3964263.json"",""locator"":""display: complete published JSON baseline; contextual segmentation review only"",""checked"":true,""sha256"":""d964111266568a2033f56a32516bc288998fbb77fb54a74d326c37cee7b39f6c""}]"	bf347ff15c1f675fd637a200a28a5ace30b5cf4089400aa144faaf7eb128caba	2c3b63b588d7eda4c4febd80be481c64fa2f31bb60f26c6e885402ea0ba022a0	45	20	0	json;immutable_fields;text_consistency;content_evidence;revision_replay;idempotence	通读By heart词汇、三组双语正文、十条注释、20道理解题、Six short weeks写作提纲与三段范文、全部选择题答案。正文内贵族和狱卒引语处于连续叙述中，保持故事段；block111孤立汉字吗为文字残留旁注，未删除或猜接。范文三段符合不超过四段要求。
155	public/shuimu/lessons/upper/023.json	shuimu	upper-023	One man's meat is another man's poison	passed_edited	Codex	2026-10-07T07:52:55+00:00	"[{""path"":""content/article-review/history/4ad413108a9a0e3487c4be09dcc5e1dd04cb49b92599fad407def5ce8d82e85c.json"",""locator"":""display: complete published JSON baseline; contextual segmentation review only"",""checked"":true,""sha256"":""3ee37f0a63e10e3c950a56d5b31cf72b1a0c6bedbb6f42fd9ca655b942a47eca""}]"	32b3bc1d8c033a6274f3f2937475dfa1e1ee0bb0b74e46b86e18f9ae7b7a670d	5c215dae6d982d09e78c26b5d201eaa88f73ec3b2003d17b5753730b612e32b9	44	20	0	json;immutable_fields;text_consistency;content_evidence;revision_replay;idempotence	全文通读One man's meat is another man's poison标题和问题、词表、饮食偏好与蜗牛送礼两组双语叙事、六条注释、20道问答、Snails, snails, snails!三段续写及12题答案。范文按发现蜗牛、收集清理、拒绝用餐分三段；所有选项均独立，长选项d的as the main dish接回原选项。
156	public/shuimu/lessons/upper/024.json	shuimu	upper-024	A skeleton in the cupboard	passed_edited	Codex	2026-10-07T07:54:34+00:00	"[{""path"":""content/article-review/history/df344c9c4cbabb7d10fad934b9c21a417a0fa79017525e1d0451eed79436fb33.json"",""locator"":""display: complete published JSON baseline; contextual segmentation review only"",""checked"":true,""sha256"":""2646caa79afb6a7c368782f1e43083c4f9a17b287e7beb0f0f30ae602d640e32""}]"	09933b8d6015a090f2f2e21a4684b90254eb3eb7a04cc9ce7e8810af9f280065	a511be7ed848c9e53c0b437ff459882597ff764b15ab9a58d63eb9ddf24af4db	50	22	0	json;immutable_fields;text_consistency;content_evidence;revision_replay;idempotence	通读A skeleton in the cupboard导入、词表、两组英汉正文及六条注释、20道理解问答、A weekend with Sebastian四段续写提纲范文及12道选择题答案。范文按拒绝挪走骷髅、夜间搬运、女仆惊吓、两年后小说四段保留；完整正文段中的引语保持叙事上下文。
157	public/shuimu/lessons/upper/025.json	shuimu	upper-025	The Cutty Sark	passed_edited	Codex	2026-10-07T07:54:37+00:00	"[{""path"":""content/article-review/history/f712716b5b3d60ede06882ef86bc2497aab907d731abeca62706398ba0778934.json"",""locator"":""display: complete published JSON baseline; contextual segmentation review only"",""checked"":true,""sha256"":""6765d264a9faa171a4cd78fdba893a6c00ec4b63d4383ad750fc0489af65f71e""}]"	1dc71cf0058c1dd7d64a015b4cc19b263f7bd04e84fa51026763d7d1b0f2f8ea	1fe82a7cf52086cbf238125160e170ae47e36867f5aec08894a947d5bf1e78e6	49	20	0	json;immutable_fields;text_consistency;content_evidence;revision_replay;idempotence	通读The Cutty Sark导入、词表、两组英汉帆船叙述、五条注释、21道理解问答、Ships of the past写作要求提纲与四段范文、12题答案。范文按独木舟、桨帆船、远洋帆船、蒸汽船四段复核；字数标注独立，原文大写或文字缺失不校改。
158	public/shuimu/lessons/upper/026.json	shuimu	upper-026	Wanted: a large biscuit tin	passed_edited	Codex	2026-10-07T07:54:38+00:00	"[{""path"":""content/article-review/history/c2e3d9e34d48e7b90ecca7ebeda192a425626a4a3ffc1177462533ec9b735c0d.json"",""locator"":""display: complete published JSON baseline; contextual segmentation review only"",""checked"":true,""sha256"":""5ab22a3694213efbff1e4a050ed92ed5f36687a65635e97fd94210f290bde4a4""}]"	09b99512b2b150598da5fac934c2fc5d56aa44d2959b3de2baf08dfb5fc00e58	b388a1981a12aa85ac90d9827ba95e495fa9c550d20a53a716f53f55ad716000	47	24	0	json;immutable_fields;text_consistency;content_evidence;revision_replay;idempotence	通读Wanted: a large biscuit tin词表、三组双语正文及五条注释、21道理解问答、广播竞赛写作提纲和The last question完整范文、12题答案。范文前两叙事段完整，后续第9题、第10题问答与主持人祝贺按轮次各自分块；第1注释英文及中文解释分别保持对应单元。
159	public/shuimu/lessons/upper/027.json	shuimu	upper-027	Nothing to sell and nothing to buy	passed_edited	Codex	2026-10-07T07:54:40+00:00	"[{""path"":""content/article-review/history/0d5a98891da2318c6bc9db0639a159bd142d9f4d3a22337d9b80505e01d49ad8.json"",""locator"":""display: complete published JSON baseline; contextual segmentation review only"",""checked"":true,""sha256"":""4de9bad40736369f3122b35308054236c33335d8f44dc794e6d7f1eb57774a33""}]"	a99240af78360694580746ffb6eb53910046689722b255947a78b1c00d1ea612	8d96a52d49de93741647e7f37307b79ca84c892b70516a024c1a2d5b51db7195	47	22	0	json;immutable_fields;text_consistency;content_evidence;revision_replay;idempotence	完整通读Nothing to sell and nothing to buy词表、两组英汉论述、八条注释、22道理解问答、Tramps are parasites的四段反驳范文与提纲及12题答案。正文论点和解释维持完整多句段，作文按社会贡献、自由代价、假设后果、自我反问分四段；注释第四条英文例句与中文解释分别保留。
160	public/shuimu/lessons/upper/028.json	shuimu	upper-028	Five pounds too dear	passed_edited	Codex	2026-10-07T07:54:41+00:00	"[{""path"":""content/article-review/history/0aa4135168af26180d12167796ec036daee78b8f2e90e2de93bb4229c2b54717.json"",""locator"":""display: complete published JSON baseline; contextual segmentation review only"",""checked"":true,""sha256"":""e6cdb78fee9e129c4668673801cd8616193533161ced13cadb24b206f3532986""}]"	61ae08eaf3b5c98c4a4d28908d82ba2f2b7be812157c834d3ad7a1ad6ad652d1	8cb952b2920ed040263733894d3d8bf3eee816cb37eceae2939d29514ea1277a	42	20	0	json;immutable_fields;text_consistency;content_evidence;revision_replay;idempotence	通读Five pounds too dear全部词表、三组英汉正文、五条注释、19道理解问答、The bargain写作提纲与含对话范文、12题答案。范文问笔和卖方回应分块，三次价钱商谈各自连贯；回船发现笔不能写的多句结局完整保留。
161	public/shuimu/lessons/upper/029.json	shuimu	upper-029	Funny or not?	passed_edited	Codex	2026-10-07T07:54:42+00:00	"[{""path"":""content/article-review/history/4947683148335f5d4e739388755c3c3604ffe66192cf45a2594bc8a1728a91c8.json"",""locator"":""display: complete published JSON baseline; contextual segmentation review only"",""checked"":true,""sha256"":""7355cadb819bfb52c48a9a60ff23673195dd24d753ef9e78fcb35484cac5fb5b""}]"	e19b584b434c970c8faaee4de7c413d7d0146252e3c3e5409fe58bb6e270a225	065243bfc7dca7f8eadab0ec844ed82485b3575c84a9d74c5feac9022916da75	43	18	0	json;immutable_fields;text_consistency;content_evidence;revision_replay;idempotence	完整通读Funny or not?导入、词表、三组英汉正文、八条注释、20道理解题、The gasman三段范文及12道选择题答案。正文多句论述/笑话保持完整；范文按乡村背景、下午茶准备、抄表员误会三段恢复，与三至四段要求一致。
162	public/shuimu/lessons/upper/030.json	shuimu	upper-030	The death of a ghost	passed_edited	Codex	2026-10-07T07:54:43+00:00	"[{""path"":""content/article-review/history/8dbe54c6a909ef9cabb2b081657dab0ac73f9324372cbe198d920868c2c3a77a.json"",""locator"":""display: complete published JSON baseline; contextual segmentation review only"",""checked"":true,""sha256"":""207eb9f9f6151f2f231288b0db914658cec4e2ae68c344ab1fbdde5a741a8d76""}]"	854d7865d733e6589835117e445f9a47bc0b231c2d3a6512aa301dd84cf933b5	71c5c94989c0c59d1aac561722383143cfb1f72c5b12a2d89684ded4d7ddadb0	43	17	0	json;immutable_fields;text_consistency;content_evidence;revision_replay;idempotence	完整通读The death of a ghost词表、三组英汉正文、四条注释、22道问答、The ghost of Endley三段提纲范文以及12题答案。正文按传闻、葬礼揭晓、隐居缘由保留多句对应段；作文按守夜、发现人影、辞职三段，未把完整叙述逐句拆开。
163	public/shuimu/lessons/upper/031.json	shuimu	upper-031	A lovable eccentric	passed_edited	Codex	2026-10-07T07:57:17+00:00	"[{""path"":""content/article-review/history/2962f29d3e0d9e99868f844f4eb936dec6077085afaa6e6f9dfe68f8118775af.json"",""locator"":""display: complete published JSON baseline; contextual segmentation review only"",""checked"":true,""sha256"":""ab536f61306288a107b28108b1816faae1c98e24b4834c006d23b14abbafab2c""}]"	2239635ef1df4d5a5f9c5af55ab45a66e1d2eccc99bfd1b207037817d435d652	809fb8d9d8e11a7fa02d35fa55fe691c3419c3cc9a54af5a3cc9194849eee678	45	25	0	json;immutable_fields;text_consistency;content_evidence;revision_replay;idempotence	全文通读A lovable eccentric词汇、四组英汉正文、九条注释、21题理解问答、A true eccentric四段人物描写及12题答案。正文保留Dickie买表及画展叙述的现有英汉单元；范文按外貌、商店、政治活动、旁人评价四段恢复。选项末尾乱码等仅视为文字问题原样保留。
164	public/shuimu/lessons/upper/032.json	shuimu	upper-032	A lost ship	passed_edited	Codex	2026-10-07T07:57:18+00:00	"[{""path"":""content/article-review/history/765961c7508aa47d0a4b59ac5a0e9a527f0c9fb42ddbc7e77f5f726d4fd09bac.json"",""locator"":""display: complete published JSON baseline; contextual segmentation review only"",""checked"":true,""sha256"":""4a762ad089d1036ac13c2b943464697c2d8e25f0ec5333a7fa6ea3f240a611e4""}]"	1854b77d2e4cc4b64ee4008ff203306248a77b91c8324aed59feab4c065a0b94	4309ed273416d9ce2adfc38dc940c5ed44dd57a8c1a8ecc0524aa3c87206b737	47	23	0	json;immutable_fields;text_consistency;content_evidence;revision_replay;idempotence	通读A lost ship词表、三组英汉打捞叙事、七条注释、21题理解问答、The last day日志提纲及四段范文、全部选择题答案。日志按此前航程、首次潜艇袭击、反击、15:15最后记录四段保留；结尾The captain has just announced--为有意未完日志，保持不续写。
165	public/shuimu/lessons/upper/033.json	shuimu	upper-033	A day to remember	passed_edited	Codex	2026-10-07T07:57:20+00:00	"[{""path"":""content/article-review/history/341c550f3588995e4e81277b564fa0e249e39776bdd06e84b6170b346415a145.json"",""locator"":""display: complete published JSON baseline; contextual segmentation review only"",""checked"":true,""sha256"":""a10116656d291c276d8a7b10325e31c546ebaaa53ddd3d5dd557ce9505122487""}]"	cc700599e1dd47377f9716a48e5f23745f6145045293c0e0349be259e483e30c	d21969529623b56a9cf2a27490f0e230c8806826c060b93818a45e81366e4fa9	46	16	0	json;immutable_fields;text_consistency;content_evidence;revision_replay;idempotence	通读A day to remember词表、两组英汉正文、十条注释、24道理解题、Mistaken identity四段写作提纲范文和12道选择题答案。家中事故和道路事故分别保持完整多句因果链；作文按寻车、误开车门、破窗被抓、真相四段复核，选项与词条独立。
166	public/shuimu/lessons/upper/034.json	shuimu	upper-034	A happy discovery	passed_edited	Codex	2026-10-07T07:57:22+00:00	"[{""path"":""content/article-review/history/ee5ae652e75f190c3b5504483d25df4b0d9a3ba3ba3282cbcae761408607e85b.json"",""locator"":""display: complete published JSON baseline; contextual segmentation review only"",""checked"":true,""sha256"":""0ac152f80c4eb050087e849ad435fe6397504dc81af3a93ad6da603a5e82005a""}]"	631c5fc640dc7d04c41e03b4db8853f6757fc34cff4f6741cd8ba2c126e0a176	bf8b963afc5153e02f61c14729dcb928b72b61934c8cb9488c05d1aace85568e	46	20	0	json;immutable_fields;text_consistency;content_evidence;revision_replay;idempotence	完整通读A happy discovery词表、三组英汉正文、六条注释、23道问答、An antique shop四段提纲范文和12题答案。Frank发现画作的多句经过维持完整对应段；范文按橱窗、店主、室内货品与客人、寻宝乐趣分四段，各词条选项保持独立。
167	public/shuimu/lessons/upper/035.json	shuimu	upper-035	Justice was done	passed_edited	Codex	2026-10-07T07:59:44+00:00	"[{""path"":""content/article-review/history/2b012cbc0bb4cc6d9f12d64c3649ae3f60a46006c4b5a4fdaf4f7aeea4934c23.json"",""locator"":""display: complete published JSON baseline; contextual segmentation review only"",""checked"":true,""sha256"":""b3f84a7a63c31e02226aeab41ffd571004b7b3a8e5be0b1ab866478fd0fe2695""}]"	f2a93a65ae85786d76419dca45ea4ff4fc9445a9a394b274b8a6c253d53eee97	a53a54009a359d920a9591aeece6150e9abe96cfa756b21ba801321607497e94	48	21	0	json;immutable_fields;text_consistency;content_evidence;revision_replay;idempotence	通读Justice was done词表、正义法律与自然惩罚三组英汉段落、七条注释、20问答、入室行窃四段范文及12题答案。保留盗贼卡烟囱经过完整长段、范文谋划/两次尝试/困境/获救四段。题干原有缺词仅旁注，不改字。
168	public/shuimu/lessons/upper/036.json	shuimu	upper-036	A chance in a million	passed_edited	Codex	2026-10-07T07:59:46+00:00	"[{""path"":""content/article-review/history/e546081c929c43b24b261fb52b11365069258d378a2713f11fb37cf37445e7f1.json"",""locator"":""display: complete published JSON baseline; contextual segmentation review only"",""checked"":true,""sha256"":""b26ab8f926910546199524d9068856df13b91ed1124b4ef841afc23679497e82""}]"	4c93c4fce86457293f38ada702ff25b800332b517df2e6af4959c88db63a4b53	4208d67d35517fa5096b39617a56f5d14936a65322a73e7ad042d8bbffbca6d6	52	22	0	json;immutable_fields;text_consistency;content_evidence;revision_replay;idempotence	完整通读A chance in a million词表、三组英汉正文、十条注释、20问答、The past四段范文及12道选择题答案。保留小说巧合对比、偶遇疑似兄弟、战后失散解释三段；范文寻找/漂泊/成家就业/重聚计划四段。
169	public/shuimu/lessons/upper/037.json	shuimu	upper-037	The Westhaven Express	passed_edited	Codex	2026-10-07T07:59:48+00:00	"[{""path"":""content/article-review/history/5a6079b9f89708f3ec46dd2e19fa1a08f52f39c0ced88035cb8877dc70b7741f.json"",""locator"":""display: complete published JSON baseline; contextual segmentation review only"",""checked"":true,""sha256"":""001bf2dc1e208440b2adab61dfd9a46f09d4d058bb47b4f2134764828888d1b3""}]"	1d3564efaf22ab6a7eb9b7833a1b37945b78dfec7a63cc5b1c27250fbc390b9b	8c19e9920a092ab05b76169994a40f792b84ce9ecb7381572ede8ed19ae89722	49	21	0	json;immutable_fields;text_consistency;content_evidence;revision_replay;idempotence	通读The Westhaven Express词表、三组英汉正文、八条注释、19问答、四段误乘快车范文和12题答案。正文保留列车准点信念/上车观感/发现停运说明三段；范文上车、错过站、补票、返程四段。angirly和rain等原字符保留。
170	public/shuimu/lessons/upper/038.json	shuimu	upper-038	The first calendar	passed_edited	Codex	2026-10-07T07:59:50+00:00	"[{""path"":""content/article-review/history/873bc2cac81e08f029a4a3ee81f6416514e904e89370f0a462cac787b239227b.json"",""locator"":""display: complete published JSON baseline; contextual segmentation review only"",""checked"":true,""sha256"":""107b517a3e5a188463ed04c49a2621efdb5fb36b8317e2d3991715c64da97090""}]"	e6e3a1b10732828297b83bddc870b87f775e76a17158127a1ece3b98b71a3987	4b321c44f62f476a5334fb9232a3b19b420a831b5e8d5e8683319cc13f859c41	52	24	0	json;immutable_fields;text_consistency;content_evidence;revision_replay;idempotence	完整通读The first calendar词表、三组英汉正文、七注释、20问答、Studying the past四段范文及12选择题答案。首段未来与古代史料对照保持完整，中段历法农业假说与末段符号考证分开；范文资料/社会生活/战争人物/结论四段。
171	public/shuimu/lessons/upper/039.json	shuimu	upper-039	Nothing to worry about	passed_edited	Codex	2026-10-07T07:59:52+00:00	"[{""path"":""content/article-review/history/7f1178dc43282a05d3b84c1050d3a66035177e654962e977baa4b53abc664133.json"",""locator"":""display: complete published JSON baseline; contextual segmentation review only"",""checked"":true,""sha256"":""3001bc447dee23520f3d0228ddb490397bf353158afa05e075f64405352c689c""}]"	0df7cd0c918c978cd8903b8e4ceebdb7a3b48ef65fb5fe2a34086c8b08426069	a33fe82ebf35f16ada02ef4832102da392509dcf27879e5595f65d3140c3b2a6	46	22	0	json;immutable_fields;text_consistency;content_evidence;revision_replay;idempotence	完整通读Nothing to worry about词表、三组英汉道路历险正文、六注释、20问答、Bruce remained unperturbed四段续写及12题答案。保留性格介绍/碎石路担忧/裂缝水塘长段；续写受困、推车求助、租车、拖车损坏四段，单独in续行归回问答14。
172	public/shuimu/lessons/upper/040.json	shuimu	upper-040	Who's who	passed_edited	Codex	2026-10-07T07:59:53+00:00	"[{""path"":""content/article-review/history/0df9d4d091e7909cf29dae0ec4478f3a3bfff913da5210159bc4a26b9103acdf.json"",""locator"":""display: complete published JSON baseline; contextual segmentation review only"",""checked"":true,""sha256"":""4f64e5a1e06878e06d020207b6dbc6d552d998f6b8a87364e73a755b831b2ca5""}]"	b004a92b96210047990ae7d72ec496d5fc7a1688d5b9d3b2d33f6ed72849bf56	2ee288aa3f690e70c3615600abe4fbe910c20ce8137cc41a7bfbf23c02a2d0fb	53	24	0	json;immutable_fields;text_consistency;content_evidence;revision_replay;idempotence	通读Who's who词表、三组英汉恶作剧叙事、九注释、19问答、Arrest the police三段范文、12题与答案。保留骗局介绍/学生铺设骗局/警工冲突揭晓三段；范文也保留三段，不因最多四段要求凭空再分段。第4题选项原a,c,b,d顺序不重排。
173	public/shuimu/lessons/upper/041.json	shuimu	upper-041	Illusions of pastoral peace	passed_edited	Codex	2026-10-07T08:02:08+00:00	"[{""path"":""content/article-review/history/fbf150903343cf5f43609ad6a2819156ccbbf9a0fa89f5a59d01e2097137bd55.json"",""locator"":""display: complete published JSON baseline; contextual segmentation review only"",""checked"":true,""sha256"":""6705876d9436b449224d94f37010e6122f962ca009130884557bbef429bfe1b8""}]"	23197f88f122dc9a3beb6ea5eb4a49971b2f176a39591e154a0976c2245f9ce9	4a98a8f92612f53c0301c99ff1800d1377ccf37a35aa787dc26cbf1fbc6d6e33	67	27	0	json;immutable_fields;text_consistency;content_evidence;revision_replay;idempotence	完整通读Illusions of pastoral peace词表、两大组英汉论述、七注释、18问答、乡村生活反驳提纲和四段范文、12题答案。正文长段分别是乡居幻觉与城市便利，各段内部论据未按句拆开；范文引言/乡居优点/城市缺点/结语四段保留。
174	public/shuimu/lessons/upper/042.json	shuimu	upper-042	Modern cavemen	passed_edited	Codex	2026-10-07T08:02:11+00:00	"[{""path"":""content/article-review/history/bf1334131d5bc0e70a59005941974ca4f98e14a834fb2d6df7ad746e3b25fd51.json"",""locator"":""display: complete published JSON baseline; contextual segmentation review only"",""checked"":true,""sha256"":""c3a043ef268145e10c4423b291aff9f8c585e377a58ae42b1fdd5691b80391af""}]"	e844004ed44a6bb6c0b86410ecde665c549b141355335b0ddaf2c1b88cc3f32b	5eacb53cc78eeb39e57370a50942ed9c31f82c4118c8a432088a05d4f34be6c6	69	28	0	json;immutable_fields;text_consistency;content_evidence;revision_replay;idempotence	通读Modern cavemen词表、三组英汉正文、七条注释、19问答、海边洞穴脱险提纲四段范文及12题答案。动机/深洞准备与发现/团队实探三组完整长段保留；注释5英语从句续行保留词间空格，问答2的isn'与t合回。
175	public/shuimu/lessons/upper/043.json	shuimu	upper-043	Fully insured	passed_edited	Codex	2026-10-07T08:02:13+00:00	"[{""path"":""content/article-review/history/7053966e493515c5acbdee645551c7c08b0f1c943c00e01731479fd8b0fa9ad7.json"",""locator"":""display: complete published JSON baseline; contextual segmentation review only"",""checked"":true,""sha256"":""b3413ce3ad6fe04aeb4f1667e90b444c9a883c9ea06d955ee5c5068335e7173b""}]"	1ebd64520f2b255ef6a5c4d6037333f6e4529aa2ed0016ac4cc07b193a7085fa	53a4fcae29498cda8dbf43a0ee30ef7009d5ccb1d19f0ae0f4f1e5f8ac4ce6d5	67	25	0	json;immutable_fields;text_consistency;content_evidence;revision_replay;idempotence	完整通读Fully insured词表、三组英汉保险和馅饼盘打捞正文、六注释、18问答、沉盘提纲及五段范文、12题答案。正文打捞两次尝试维持完整长段；范文盘子介绍/登盘/滑倒/跳舞翻沉/反思分五段，306 words单独保留。
176	public/shuimu/lessons/upper/044.json	shuimu	upper-044	Speed and comfort	needs_source_check	Codex	2026-10-07T08:02:16+00:00	"[{""path"":""content/article-review/history/d924539f41f80379b6bfcbc5a9ae3bd3ab113c7da34885872b4c2ab24523ec90.json"",""locator"":""display: complete published JSON baseline; contextual segmentation review only"",""checked"":true,""sha256"":""5f41ab4f0ffd4e26aa8691943114e54bef61be0b9190ad4b292da550301ef63c""}]"	f8779fe60d3b1a07718ab35157b64c4a05238e535995e0ad06c6b494548da4b5	f2ca0dc7a2807e524b3806d4b8313fcf3c41bf62a3eb5e87763096175155cc94	68	26	0	json;immutable_fields;text_consistency;content_evidence;revision_replay;idempotence	完整通读Speed and comfort全部词表、两组英汉正文、五注释、19问答、飞行缺点提纲六段范文及12题答案。正文陆海旅行与航空优势保留各自完整多句长段；原正文small almost exhausted缺文及fights等原字保留不校改。; 词表blocks[7..8]、[14..15]、[29..30]有前一词条中文解释尾部夹在后一词条释义后的现象（列车分隔间、单调的、不可避免地），无法仅通过空白或保持顺序的分块恢复各自完整独立词条，需确认内容归属；现状保留。
177	public/shuimu/lessons/upper/045.json	shuimu	upper-045	The power of the press	passed_edited	Codex	2026-10-07T08:02:18+00:00	"[{""path"":""content/article-review/history/f618e7894397751cbe02f6c5e8717efec6d3783e9ce94105b9985c0104b8a004.json"",""locator"":""display: complete published JSON baseline; contextual segmentation review only"",""checked"":true,""sha256"":""a595687c697ccd76f03210554eb36a03a075f118fc86aae9fdecf4c5e90669a1""}]"	93b047c871db4ea20af753a542966ad29d03ae5f507242901c52ea591cd0256f	e70e05a3db5fc686e438006a0871236b35e564f9fff70a9e5d591a8fdc6e3c72	62	30	0	json;immutable_fields;text_consistency;content_evidence;revision_replay;idempotence	通读The power of the press词表、三组英汉正文、11注释、18问答、足球博彩致富故事提纲四段范文及12题答案。正文新闻自由影响/五胞胎出生/商业化代价三段保留；范文由成语引言、普通生活、中奖婚变、反思组成。原fortunee及选项e标记不校改。
178	public/shuimu/lessons/upper/046.json	shuimu	upper-046	Do it yourself	passed_edited	Codex	2026-10-07T08:02:20+00:00	"[{""path"":""content/article-review/history/3ecf97a4d69ce6b95e5bfe0ad129ca864072f85c0b88156b635e3a01ae2762a2.json"",""locator"":""display: complete published JSON baseline; contextual segmentation review only"",""checked"":true,""sha256"":""41e065fbd843ded6c91c5bebc4956055d081e857cd545e43ce6ba5202bf7baa7""}]"	dac3d0c24bcf2add2b2313c4cadfc9aeb18327c370d0afc574ea710e5a29abfd	4d037d3cb69b7c69cb4749c631870c259c073eda713afee6f670cb678b143dd7	65	23	0	json;immutable_fields;text_consistency;content_evidence;revision_replay;idempotence	完整通读Do it yourself词表、三组英汉正文、八注释、20問答、滴水龙头提纲和四段范文、12选择题答案。正文热潮/能力错觉/割草机失败三段保留；范文决定修理、寻找总阀、换垫失败、教训四段，原文字异常不改。
179	public/shuimu/lessons/upper/047.json	shuimu	upper-047	Too high a price?	passed_edited	Codex	2026-10-07T08:02:23+00:00	"[{""path"":""content/article-review/history/6773b85e27e07d00ca9ffb0e246d47c5d5f48152fda671aaa342ac11125393e9.json"",""locator"":""display: complete published JSON baseline; contextual segmentation review only"",""checked"":true,""sha256"":""c9af09d3bb0f7df1a0228f367963f0e909a82f711c73bbc89f9be13b97764c6b""}]"	372b0682f5659c511249f17577553c1643b50cd0b69b7da69eee42ef019d1a6c	6b9f5a854a63493e097c396dfb991eae4bd98e857fffd6e80db70b3fd517b532	69	28	0	json;immutable_fields;text_consistency;content_evidence;revision_replay;idempotence	通读Too high a price词表、三组英汉垃圾/食品/噪声正文、八注释、19问答、You are what you eat提纲及三段范文、12题答案。保留噪声来源到鼾声调查的完整长段及对应译文，范文膳食实例/生活方式/个人体重三段不逐句拆分；题干缺词保持原字。
180	public/shuimu/lessons/upper/048.json	shuimu	upper-048	The silent village	passed_edited	Codex	2026-10-07T08:02:25+00:00	"[{""path"":""content/article-review/history/792fcce9dbb124ba0289a434b193d8c6b8df81e94207b1e994e76c9f81455b4d.json"",""locator"":""display: complete published JSON baseline; contextual segmentation review only"",""checked"":true,""sha256"":""f4a572a89db57addc08172d40c4696e063b54de0a77e43bf892c8beefa35ccac""}]"	fa95a80f4ee798ec667d16f3bed5ad25de267f4ba9bce88fc917228f156c1207	4f923006a941b5073dfaf8f80231f80cad4405a8f6680a6d6d718ada67e75fc6	57	24	0	json;immutable_fields;text_consistency;content_evidence;revision_replay;idempotence	完整通读The silent village词表、三组英汉正文、十注释、22問答、渡溪续写提纲和范文、12题答案。正文偏村印象/林间渡船/村内沉默经历三段保留。范文坐岸叙述、丈夫回忆两次困境与妻子答话分别成块，仅合并丈夫话中断行。
181	public/shuimu/lessons/upper/049.json	shuimu	upper-049	The ideal servant	needs_source_check	Codex	2026-10-07T08:04:37+00:00	"[{""path"":""content/article-review/history/54043901c15348e21ae76921030c8d41c54f0fac00e893286a71223d1daa9311.json"",""locator"":""display: complete published JSON baseline; contextual segmentation review only"",""checked"":true,""sha256"":""6b8bad9a3235acc8f4ef0c696f3cd44cb54069f714d2ca08567bcbba2700ac32""}]"	be5ae9ecd393ae8e438507820880e0937b57d601cf128628dfc195be21ae2f0f	91f9917d4b1a7a9ae7f882c0b4f96827a5e56d8bb45af93a53f5a1204bdf5ab0	65	21	0	json;immutable_fields;text_consistency;content_evidence;revision_replay;idempotence	通读The ideal servant词表、两组英汉正文、八注释、19问答、家佣减少提纲与四段范文、12题答案。Harriet的宅邸仆人更替与Bessie酗酒揭晓两组完整长段保留；范文现状/国民信托/私人宅邸/观点四段。; 课外练习第4题blocks[185..186]中(a)结尾in every后断开，respect嵌在(b)的she与gave之间；仅调整空白或保序分块不能恢复两个独立完整选项，保持原状待确认。
182	public/shuimu/lessons/upper/050.json	shuimu	upper-050	New Year resolutions	passed_edited	Codex	2026-10-07T08:04:40+00:00	"[{""path"":""content/article-review/history/a74206ef35229938cf1cf9fa396acc55eb4ef5545c9da98b33bafa72e5320742.json"",""locator"":""display: complete published JSON baseline; contextual segmentation review only"",""checked"":true,""sha256"":""89931840e32116a1c5a8546d614fa6ac734ae10f37654fb7c2c9fb48db01eb50""}]"	548042762ca9f524e7885ee1aa7e97735c6966abd0bcc903e648d525466e0aab	945840f7fe5a886428a870334bc02f86dc3ad56001f8f388195a10e3bbbf9d7d	66	21	0	json;immutable_fields;text_consistency;content_evidence;revision_replay;idempotence	完整通读New Year resolutions词表、两组英汉正文、12条注释、20问答、Broken resolutions提纲四段范文及12题答案。保留决心与计划、锻炼阅读失败两组长段；范文虚弱决心/大学计划/执行放弃/不再立志四段和字数标记分明。
183	public/shuimu/lessons/upper/051.json	shuimu	upper-051	Predicting the future	passed_edited	Codex	2026-10-07T08:04:43+00:00	"[{""path"":""content/article-review/history/aee0e756d07ba5914d3595742acb0db5849e452899360cbc25bad4917840cab6.json"",""locator"":""display: complete published JSON baseline; contextual segmentation review only"",""checked"":true,""sha256"":""c5a831b25b01c6a6167398cbc6c2e2ffcda217f0d772d51ab0260a328a32b8f1""}]"	5246d93ad66411bcf2387cc23ca8c5df611dcff2e4b8578286794cd44e839f89	2daf1a2ed5b62795ee3a40ebd3170eecb6c5493b8c8ce58792667775c591f8e2	63	25	0	json;immutable_fields;text_consistency;content_evidence;revision_replay;idempotence	完整通读Predicting the future词表、三组英汉正文、八注释、17問答、二十年计算机预测提纲和五段范文、12题答案。正文主机/家用电脑发展/Bagrit预测三个单元保留；范文首段猜测、发展背景、日常应用、医疗、结语分明。所有原有史实与字词仅保留。
184	public/shuimu/lessons/upper/052.json	shuimu	upper-052	Mud is mud	passed_edited	Codex	2026-10-07T08:04:45+00:00	"[{""path"":""content/article-review/history/c79a9d6b9f291a75229c82ed9f35595ea82af578035d4417e58521ecf5a45769.json"",""locator"":""display: complete published JSON baseline; contextual segmentation review only"",""checked"":true,""sha256"":""0b0af53bb644616c2ac57bc0e8f1c96f57d935ec9d72edc561a5e3622778eda8""}]"	bb4a30d35eb82a93ab00a385a0822539949a8760e1039b139f4ad847d27ba431	0f50b91e203ffacf554203eaddf3bbe537856e37133677da4b3c75210efc1f2b	60	23	0	json;immutable_fields;text_consistency;content_evidence;revision_replay;idempotence	完整通读Mud is mud词表、三组英汉正文、八注释、20问答、购物提纲及六段范文、12题答案。正文香水泥引子/假货恶作剧/购买败退分组对应；范文准备、出门、购物方式、购衣鞋、礼物寻书、归家六段明确。
185	public/shuimu/lessons/upper/053.json	shuimu	upper-053	In the public interest	needs_source_check	Codex	2026-10-07T08:04:48+00:00	"[{""path"":""content/article-review/history/caaf2807d65a7b3cafb9d5c0441fee61dd1aa2067049dc30beb9f9dfc574054e.json"",""locator"":""display: complete published JSON baseline; contextual segmentation review only"",""checked"":true,""sha256"":""8ffad78e70f4953e5e7ea8b7ef056f1337376742fbd42ae52583aebcc2359277""}]"	a2ae88a01f11647414b943808416793e22da3fd377a8864ad3b6e5127cd169ef	296eddd679b6e34c019dd75a7a77d631385cf58b41f656507984046d386c5f52	65	29	0	json;immutable_fields;text_consistency;content_evidence;revision_replay;idempotence	完整通读In the public interest词表、三组英汉司法特派员正文、十注释、22问答、警察工作提纲六段范文、12题答案及尾部桃树问题词表。正文制度引言/职责/调查案例及范文交通治安侦查应急分段明确；未校改历史事实及字词。; 末尾blocks[234..241]从新的Try to answer指令、桃树保护问题到insect/entranced/wage/beetle/contaminate词表，明显切换至下一课主题，却没有当前课内标题归属；不能仅靠空白或保序分块确定课程间边界，保持尾部内容待确认。
186	public/shuimu/lessons/upper/054.json	shuimu	upper-054	Instinct or cleverness?	needs_source_check	Codex	2026-10-07T08:04:50+00:00	"[{""path"":""content/article-review/history/085b34758a3d5c9ed9026c5726f9049bb4a5f3940513fa8770c37764a53769aa.json"",""locator"":""display: complete published JSON baseline; contextual segmentation review only"",""checked"":true,""sha256"":""164487bb1fc5e108deacde0e6d693e4c4e4c90da406f280647ee439c934c6fcb""}]"	7f7e0cd63d53fc6022f4d9fb7c98ff4bc37e8b533bbc0065140f88047adfd184	f9f564480e06d62ed7cda1da50a1b3d1c3cc2543b411d9d7e7b29a572ca2fe54	66	22	0	json;immutable_fields;text_consistency;content_evidence;revision_replay;idempotence	通读Instinct or cleverness开头20词条、两组英汉昆虫论述、五注释、22問答、防虫提纲四段范文及12题答案。正文恐惧与魅力、桃树蚂蚁实验各完整长段保持对应；范文定义、虫鼠、鸟害、总结四段。; 篇首blocks[0..19]直接从sheltered词条开始，无本课导读/问题/Vocabulary标题；上一课053尾部含桃树问题与insect等前五词条。当前两课边界截断同一词表，需课程归属确认，无法仅本文件空白修复，现状保留。
187	public/shuimu/lessons/upper/055.json	shuimu	upper-055	From the earth: Greetings	passed_edited	Codex	2026-10-07T08:07:16+00:00	"[{""path"":""content/article-review/history/6145042d546daf9bebee0db1bbc6e5af71760027dbe0773d6d65d3361cbd0d16.json"",""locator"":""display: complete published JSON baseline; contextual segmentation review only"",""checked"":true,""sha256"":""30a6394f3a3ae558d3bddae08682ba977721dbf5790f1ef895619b7004a3a671""}]"	f2dfe4d9d8908cd1a1c0855449c6c9b692536aa6126675b8452d129bf860adae	d9e711065ad12d868c6f5bff1489a9f8843cee2e6c3c8ef8b66c67f67af11f20	65	23	0	json;immutable_fields;text_consistency;content_evidence;revision_replay;idempotence	完整通读From the earth: Greetings词表、三组英汉正文、六注释、18问答、Extraterrestrials提纲四段范文与12题答案。行星探测/恒星条件/望远镜生命意义三组保留；范文ET形象/无形智能/传言/发现影响四段完整，原文科学论断不作校改。
188	public/shuimu/lessons/upper/056.json	shuimu	upper-056	Our neighbour, the river	passed_edited	Codex	2026-10-07T08:07:19+00:00	"[{""path"":""content/article-review/history/9d1d5879aeb48ad5f1e2bd79847b77b095c595735c5e98452c238a252e910438.json"",""locator"":""display: complete published JSON baseline; contextual segmentation review only"",""checked"":true,""sha256"":""21776976041367bc6793390804181c054fa4fce255fe6598a5b09559ddbafd85""}]"	d86514c4a6d22370a6214788027b754530d7ff889f0a2d80279d78bf8c2bf4a8	075e95580a56af1ba877f2a588f77c0478544c02441eb6a265c18e9a0cce3fd5	57	21	0	json;immutable_fields;text_consistency;content_evidence;revision_replay;idempotence	完整通读Our neighbour, the river词表、四组英汉正文、六注释、21问答、暗街经历提纲四段范文及12题答案。正文河流生计/节庆/洪水概述/邻居获救四段对应；范文转入小街、见陌生人、引领、次日感悟四段保留，故事判断原样。
189	public/shuimu/lessons/upper/057.json	shuimu	upper-057	Back in the old country	passed_edited	Codex	2026-10-07T08:07:21+00:00	"[{""path"":""content/article-review/history/610cbe6a3e0774ad8cd90494ed1e0907d3a6c2d7bf9f78d14fc0ccadf2dffd13.json"",""locator"":""display: complete published JSON baseline; contextual segmentation review only"",""checked"":true,""sha256"":""61f719c1a118bd6f4a71583aa2d1504d35573ed915d3f68fb7a75342a224b50b""}]"	468938556166637708ad1be672a652ade9f0b944acecbed3b2419a079dbb2df6	3c4609eadeb92607d821ac52f4f518729b0a8f6b30d5cad0420b7dc90469d936	62	27	0	json;immutable_fields;text_consistency;content_evidence;revision_replay;idempotence	通读Back in the old country词表、三组英汉正文、五注释、21问答、理想住宅提纲六段范文、12题答案。正文父亲移民背景/租车迷路/水库真相三组完整；问答13内的两个关联问题保持一个题项，范文房屋概况、参观、前厅、后部、装修、愿景六段。
190	public/shuimu/lessons/upper/058.json	shuimu	upper-058	A spot of bother	passed_edited	Codex	2026-10-07T08:07:23+00:00	"[{""path"":""content/article-review/history/f441056dcec65958f2170bb199a4f927c1aa1bef078f8e36caa9b76cd6ee0e8a.json"",""locator"":""display: complete published JSON baseline; contextual segmentation review only"",""checked"":true,""sha256"":""540526ff0b0082481aa09bb77ab66ef2cfc0c2436529d6cc41c4591f3c6ded87""}]"	b807965f54c7c28dcbae168bde3928db37e59fe13e665efa786515513d7c797a	02f678048d5a0ea6b61aa472be13117ae509171709019b30182b3cf2fab9d455	59	21	0	json;immutable_fields;text_consistency;content_evidence;revision_replay;idempotence	完整通读A spot of bother词表、两组英汉入室窃案正文、八注释、22问答、英国初访提纲和范文、12题答案。正文发现求助/警察调查两组长段完整；范文访英背景、到达适应、问路情境、三轮问答、释义与感悟结构保留。
191	public/shuimu/lessons/upper/059.json	shuimu	upper-059	Collecting	passed_edited	Codex	2026-10-07T08:07:26+00:00	"[{""path"":""content/article-review/history/0d7f319dab37e7f37af9def9a69b82abcad44acaed81bb587523270fbd4632ec.json"",""locator"":""display: complete published JSON baseline; contextual segmentation review only"",""checked"":true,""sha256"":""080aa64bfbdf39e4e3ccc5b100478866c26da24b6a454d73651657ec1058134e""}]"	3ff4f77f46c9e2f51e25a724ca4ece92e23f85c47739326a31eb1d77ac9ebfba	88e8c613933ed5d6e6e727713d901269b5dbdf4a67bad333827c8e2d49515ff7	60	24	0	json;immutable_fields;text_consistency;content_evidence;revision_replay;idempotence	完整通读Collecting词表、三组英汉正文、七注释、20问答、敲窗故事提纲四段范文及12题答案。杂物积存/节俭收集/严肃收藏益处三组长段保留；范文敲声、环境、门外查看、孩子真相四段。注释3的both of which连续词组正确接续。
192	public/shuimu/lessons/upper/060.json	shuimu	upper-060	Too early and too late	passed_edited	Codex	2026-10-07T08:09:00+00:00	"[{""path"":""content/article-review/history/932204b13205d04638187b567b7170c9e8c51cf7da474d2d5fb916ce5917e3b4.json"",""locator"":""display: complete published JSON baseline; contextual segmentation review only"",""checked"":true,""sha256"":""5a96f21f2b577f3f1d69b3c2fa6562d83bc71040ada6daa195b860efdaf6467d""}]"	cd963e230e8ea4b75f2d08b3a160f2e0a61b2aa38320b7b5ef83edf1853d718e	166fa00cee7243b812d0463a76526556b6bdf5ea12f1298ee4babebd8c5e5e8c	68	29	0	json;immutable_fields;text_consistency;content_evidence;revision_replay;idempotence	通读守时议论、女孩误车故事及译文、词表与注释、20项理解问答、纸片彩票作文和12道选择题及答案。恢复连续议论、故事与双语自然段，作文保留四段；词条、注释序号、问题及选项独立。已复核全文，无需推测的边界遗留。
193	public/postgraduate/lessons/volume1/01.json	postgraduate	volume1-01	Traits of the Key Players	passed_unchanged	Codex	2026-10-07T07:30:20+00:00	"[{""path"":""content/article-review/history/0600b6303e8b57bfbe7bd219992cfb845352822e3c594202c1c5ca99a5ffde04.json"",""locator"":""display: complete published JSON baseline; contextual segmentation review only"",""checked"":true,""sha256"":""6eaef45bedfd46811bcabfc9ffc76a221f0afdf85ba20832dc62cd0b263cc8ed""}]"	1ca294df83213b8ceba4eee38a5c4f63e2f9ed3dd8fc4efbdfdb54630f6b6564	1ca294df83213b8ceba4eee38a5c4f63e2f9ed3dd8fc4efbdfdb54630f6b6564	0	0	0	json;immutable_fields;text_consistency;content_evidence;revision_replay;idempotence	逐段复核关键人才定义、合作精神、紧迫感、风险承受与人际能力四项论述及中译；24块均为完整的中英对应自然段，保留各段内部多句和引语。
194	public/postgraduate/lessons/volume1/02.json	postgraduate	volume1-02	Culinary Delights in China	passed_unchanged	Codex	2026-10-07T07:30:21+00:00	"[{""path"":""content/article-review/history/ba976bfe86817ddce0b9ecf46bbb510545143cf8802186960728d185c430dde6.json"",""locator"":""display: complete published JSON baseline; contextual segmentation review only"",""checked"":true,""sha256"":""87b77290ce9ca222aa912c9b7534a85b1e8dd38e08d5a046d110ff36ff8b9209""}]"	28fa5e8fc1b9dffa4c3947a63e80a51fd5e41edc49cecb743ef2e87981b824d8	28fa5e8fc1b9dffa4c3947a63e80a51fd5e41edc49cecb743ef2e87981b824d8	0	0	0	json;immutable_fields;text_consistency;content_evidence;revision_replay;idempotence	逐段复核地方菜系、川粤浙菜、狗不理与东坡肉和佛跳墙故事、待客与节日食品；32块中英交替，冒号引出的佛跳墙故事续在下一对应段，诗句内斜线原样保留，无须跨语言合并。
195	public/postgraduate/lessons/volume1/03.json	postgraduate	volume1-03	Why Harry's Hot	passed_unchanged	Codex	2026-10-07T07:30:22+00:00	"[{""path"":""content/article-review/history/c2412b25322f893038a1c87f1a9b8f3f5f78b38464eb2f9d60e4b410942458e4.json"",""locator"":""display: complete published JSON baseline; contextual segmentation review only"",""checked"":true,""sha256"":""3a43edfca1fe62633ca31713dbef7212e6f1170151c84929fcd9c1e82b4ef746""}]"	47285b063429b1090a23e1ee7bdc24d861ab9685426e5f405153b04e49d3be0b	47285b063429b1090a23e1ee7bdc24d861ab9685426e5f405153b04e49d3be0b	0	0	0	json;immutable_fields;text_consistency;content_evidence;revision_replay;idempotence	逐段复核哈利波特销售热潮、宗教争议、经典判断、命名艺术、丧失主题与反派评价；20块中英段落配对，长段保留整体论证，书店引语保持在叙述所属段中。
196	public/postgraduate/lessons/volume1/04.json	postgraduate	volume1-04	LOVE AND LOVING RELATIONSHIPS	passed_unchanged	Codex	2026-10-07T07:32:08+00:00	"[{""path"":""content/article-review/history/06c35d31279683c0c5c93733f4167888f4158a1d0347f05d3005be5c5de78e19.json"",""locator"":""display: complete published JSON baseline; contextual segmentation review only"",""checked"":true,""sha256"":""53c7d961ce102a3bcc38980a0bc73fda3efda5cec8a3ed528b9bc829ffb84c77""}]"	0be852ca0343c3e91e3cc0d3a8472b15649bbf0354b92d3b9c224be3c3a462fb	0be852ca0343c3e91e3cc0d3a8472b15649bbf0354b92d3b9c224be3c3a462fb	0	0	0	json;immutable_fields;text_consistency;content_evidence;revision_replay;idempotence	全文含导言、标题作者与24个正文/译文块；自爱、尊重、日常承诺和文化选择至欲望区分均为连续自然段，标题作者不并入正文，未见须调整的段落边界。 内容旁注（不属本轮句段验收）：blocks[18]英文引文年份为Johnson 1985，blocks[19]对应中文为约翰逊，1995；两者不一致，需改动非空白字符才能统一，本次保留并待确认。
197	public/postgraduate/lessons/volume1/05.json	postgraduate	volume1-05	YOGA IN AMERICA	passed_unchanged	Codex	2026-10-07T07:32:09+00:00	"[{""path"":""content/article-review/history/e7e0d2da858f0aa6a33f46413321f42ed4cc8a9596a3b2df283d2c04b8cddc91.json"",""locator"":""display: complete published JSON baseline; contextual segmentation review only"",""checked"":true,""sha256"":""4f3ef118bf9de3bb8ad6e7b44f565866945122be4b18c0d2a94663941dcff060""}]"	0722ec4877a4358b1b5ff01ae87eb0893f7b13f4b35665bed9af1671f3dc0a5d	0722ec4877a4358b1b5ff01ae87eb0893f7b13f4b35665bed9af1671f3dc0a5d	0	0	0	json;immutable_fields;text_consistency;content_evidence;revision_replay;idempotence	全文复核导言、双语标题作者、流派、练习时长、医疗应用、练习条件及收束段；32块边界完整，中译与英文一段一对，无句子被切在相邻同语言块之间。 内容旁注（不属本轮句段验收）：blocks[1]中文出现“更健康穹在精神上”，疑似文字/标点损坏，仅变更空白不能确定修复，保留待确认。；blocks[6]英文为from over 3,000 B.C.，blocks[7]中文为3,000年前，时间表述不一致；不在本次空白与边界修改中猜测改字。
198	public/postgraduate/lessons/volume1/06.json	postgraduate	volume1-06	Here Is New York	passed_unchanged	Codex	2026-10-07T07:32:10+00:00	"[{""path"":""content/article-review/history/bdc4bcb49a87ebf9b92069dfa63dd1695f5972e7a3aa2cb96b7049f41d57d61b.json"",""locator"":""display: complete published JSON baseline; contextual segmentation review only"",""checked"":true,""sha256"":""0fd0eac76eeb3265bfc7550105008dd2b7aa1f551f72bb7169c6b3c8fbcc1d76""}]"	37703985f7d11af1610b956334e6fb6948da50b31816a6563bbb1ae79104260f	37703985f7d11af1610b956334e6fb6948da50b31816a6563bbb1ae79104260f	0	0	0	json;immutable_fields;text_consistency;content_evidence;revision_replay;idempotence	全文从简短导言、纽约孤独与隐私到18英寸的联系、活动的可选择性及精神滋养；18块为9对中英自然段。城市事件列举虽长但主题连贯，不拆成逐句段。 内容旁注（不属本轮句段验收）：blocks[10]“A cornice falls, that it hits every citizen on the head”连接关系可疑；现有完整句内文字问题无法以段落边界或空白确证修复，保持原文待确认。
199	public/postgraduate/lessons/volume1/07.json	postgraduate	volume1-07	ON HUMAN NATURE	passed_unchanged	Codex	2026-10-07T07:32:11+00:00	"[{""path"":""content/article-review/history/00e1f0f0df19e2aa18fecfcc18f55c84eede9d8f862ab3d6f9d317903356566f.json"",""locator"":""display: complete published JSON baseline; contextual segmentation review only"",""checked"":true,""sha256"":""11fa3cc1b0c54b02f0b75bf744e05039969f8da1c992505e2a1eaeead07e757e""}]"	f3f30cb5bdffbaafdec06e66a7412e7e5ca0a187b335a5df73717845cca4a525	f3f30cb5bdffbaafdec06e66a7412e7e5ca0a187b335a5df73717845cca4a525	0	0	0	json;immutable_fields;text_consistency;content_evidence;revision_replay;idempotence	全文包含约翰逊题辞、署名、双语标题作者及人性恒定与善行论述；题辞署名分立有明确用途，27块保留。正文各论证段中英对应，结尾完整。 内容旁注（不属本轮句段验收）：blocks[4]英文作者行仅为“and Lydia Hammer”，以and开头；blocks[6]中文作者为“弗兰克，莉迪亚·汉默尔”。疑似英文署名前半缺失，空白或相邻块合并不能恢复，保留待确认。
200	public/postgraduate/lessons/volume1/08.json	postgraduate	volume1-08	THE HIDDEN DANGER OF SEAT BELTS	passed_unchanged	Codex	2026-10-07T07:30:25+00:00	"[{""path"":""content/article-review/history/1bea08e55dc048328439b139c74bc341110a71ee9d7c63b83d3e9f385106e077.json"",""locator"":""display: complete published JSON baseline; contextual segmentation review only"",""checked"":true,""sha256"":""7cdf19fb230b684cccb530732071936a54c2dc9788aefe4009ff465d4aa861c5""}]"	9bbffed02c789282cfc20a9c6f8d7f71eaa732dc558030768ad6c62ac681be14	9bbffed02c789282cfc20a9c6f8d7f71eaa732dc558030768ad6c62ac681be14	0	0	0	json;immutable_fields;text_consistency;content_evidence;revision_replay;idempotence	全文22块覆盖导言、双语标题作者、安全带与风险补偿、不同风险因素和日常判断。各段为完整论证或译文，导言与标题原有顺序保留，无依据重排。
201	public/postgraduate/lessons/volume1/09.json	postgraduate	volume1-09	The Housing Crisis Goes Suburban	passed_unchanged	Codex	2026-10-07T07:30:25+00:00	"[{""path"":""content/article-review/history/1e853ca27095d0ebd89731ee83a0b0313ab6e00811a9603fe0cc46dadbda0351.json"",""locator"":""display: complete published JSON baseline; contextual segmentation review only"",""checked"":true,""sha256"":""75b5ebbc277aad596422b8634ec0441882d7ed349f6ab54cf5595e523fda7543""}]"	e518a015e60cc5de1a462bb1c28745238f73580ac2c8b326d15c6377674d9f19	e518a015e60cc5de1a462bb1c28745238f73580ac2c8b326d15c6377674d9f19	0	0	0	json;immutable_fields;text_consistency;content_evidence;revision_replay;idempotence	全文30块核读费尔法克斯数据、联邦住房政策、补贴时限、通勤、建设供给与房价崩盘讨论；每一英文自然段及对应译文完整，短引语段独立承接前论点，保持原边界。
202	public/postgraduate/lessons/volume1/10.json	postgraduate	volume1-10	The Role of the Academy in Times of Crisis	passed_unchanged	Codex	2026-10-07T07:30:26+00:00	"[{""path"":""content/article-review/history/309fe219c3803439d3244faee88691430f7211be295d647e9e2806fa178a7b49.json"",""locator"":""display: complete published JSON baseline; contextual segmentation review only"",""checked"":true,""sha256"":""aa278ecaec5fc681aa74f4aeb3e72d7f7323a19f3b80aebe8f2ae0135b0ec3d5""}]"	9405d729b1472e1a13e0cf4df1a9ea38b13ddd5846de7500da0fe37a1444d5a1	9405d729b1472e1a13e0cf4df1a9ea38b13ddd5846de7500da0fe37a1444d5a1	0	0	0	json;immutable_fields;text_consistency;content_evidence;revision_replay;idempotence	全文16块从高校特权与责任导言到研究、知识传播和公民教育三项义务；长引文、跨学科列举及末段校训均留在各自论述段内，中英配对完整。
203	public/postgraduate/lessons/volume2/01.json	postgraduate	volume2-01	The Hidden Side of Happiness	passed_edited	Codex	2026-10-07T07:32:30+00:00	"[{""path"":""content/article-review/history/da2926fa6af2d12cacef2342d5711b8aa938261da5489b4a382f81daf3755c53.json"",""locator"":""display: complete published JSON baseline; contextual segmentation review only"",""checked"":true,""sha256"":""dbcb81ffb28fbb5e8b1ee0edc570034802be643681efc252a1dc47be3e96a637""}]"	d212736b15e53f4b55855849485c237ad0072228c45cd40e4b575cc1252f2621	d03faedb44d17fb03fa6f4ade7c8d666f3790f67f122034fd5ed1bbb730ac9ef	0	1	0	json;immutable_fields;text_consistency;content_evidence;revision_replay;idempotence	从灾难与幸福的悖论、Tracy Cyr经历、创伤后成长到耐力运动和育儿均逐段通读。合并中文引语内“自我形象、/对事物的看法”被截开的同一列举句，其余多句自然段保留。 内容旁注（不属本轮句段验收）：blocks[3,11,13,15,17,22,32]可见姓名或词间异常问号，blocks[11]夹入博客来源语；blocks[12]的fqr、blocks[19]的l felt、blocks[30]缺闭引号、blocks[36]的重复点等需非空白文字确认，本次不猜测删除或替换。
204	public/postgraduate/lessons/volume2/02.json	postgraduate	volume2-02	Commercialization and Changes in Sports	passed_unchanged	Codex	2026-10-07T07:32:32+00:00	"[{""path"":""content/article-review/history/c98c0ce4cab47f582f77bcada271d18c937a173a06226918a69eebf1c827af13.json"",""locator"":""display: complete published JSON baseline; contextual segmentation review only"",""checked"":true,""sha256"":""c6534630749c652ed2b081f7d62efb58118541c468a085e1f5d73d9439c32adf""}]"	82e14dbb94b7c495e1be41afd673acc31561236b2c25e0abf4e4da8d6de22805	82e14dbb94b7c495e1be41afd673acc31561236b2c25e0abf4e4da8d6de22805	0	0	0	json;immutable_fields;text_consistency;content_evidence;revision_replay;idempotence	18块全文覆盖体育商业化、观众兴趣、审美与英雄取向、组织控制权；各论述和对应译文完整，保留各段内部例证及列表。 内容旁注（不属本轮句段验收）：blocks[2,6,8,10,12]可见it success、beyond and their、a single slam dunks、an iey、actions signs等文字/句法疑点；blocks[10]heroic orientation In fact之间疑缺标点。均不能凭空白/边界确证恢复，保留待确认。
205	public/postgraduate/lessons/volume2/03.json	postgraduate	volume2-03	Oslo	passed_edited	Codex	2026-10-07T07:32:32+00:00	"[{""path"":""content/article-review/history/d7fda5e96ddc1c67eb5f5a238567c9bdd933a2eab06446b016d57907acb64c93.json"",""locator"":""display: complete published JSON baseline; contextual segmentation review only"",""checked"":true,""sha256"":""df59997ada15882eab8669e9fee75d806a9b8cfa9c982b5037817dcb826517eb""}]"	db4567e1c55753dd8996434428c75538a98caa22c79e868058c3251935d2328b	4365cc4e2221054a1a5ca03c751cdca5ba7981cedabf028b20aba6759263a5f5	1	1	0	json;immutable_fields;text_consistency;content_evidence;revision_replay;idempotence	全文覆盖影院座位故事、各国习惯、奥斯陆洗涤剂和电视误解、城市漫游与列车时刻表。合并I loved the idea that you could/never be sure构成完整末句，保留叙述及电视对话轮次。 内容旁注（不属本轮句段验收）：blocks[1,11,22,28,32]夹入博客来源语，blocks[2]and.、blocks[10]upside一down与数字1、blocks[28]中文“几分光突然亮起”等损坏、blocks[29]simly及缺词疑点、blocks[31]with;a和across一storied均需要非空白文字确认；不擅改或重排。；blocks[11,24,26]中文引语缺可见闭引号，不能靠段落合并补回，保留待确认。
206	public/postgraduate/lessons/volume2/04.json	postgraduate	volume2-04	Is Google Making Us Stupid	passed_unchanged	Codex	2026-10-07T07:32:33+00:00	"[{""path"":""content/article-review/history/d4efd3b713ee473ac65f5974d4607a99a79cd6b8e9eecfa7923ee9222a324a09.json"",""locator"":""display: complete published JSON baseline; contextual segmentation review only"",""checked"":true,""sha256"":""e1e9df07060e3f2010b75e582cce70f1d1be203d91c99de368ba0e4873f593b9""}]"	1621940a8e71c4d1c5b3630d0b0abd9a87eb73745bbdf46852ef26c28d5e27a2	1621940a8e71c4d1c5b3630d0b0abd9a87eb73745bbdf46852ef26c28d5e27a2	0	0	0	json;immutable_fields;text_consistency;content_evidence;revision_replay;idempotence	20块全文从读书注意力变化、网络检索与读者轶事、英国研究到阅读脑回路及尼采打字机，全部英文和译文边界连贯，无物理续行应合并。 内容旁注（不属本轮句段验收）：blocks[0,4]英文混入汉字一，blocks[4]universa一medium、Wired’s0、blocks[18]ntake及引号组合疑似文字损坏；blocks[3]创门、blocks[5]博客来源语、blocks[13,15]设释等也需非空白文字确认，保留原文。
207	public/postgraduate/lessons/volume2/05.json	postgraduate	volume2-05	An Alpine Divorce	passed_edited	Codex	2026-10-07T07:32:34+00:00	"[{""path"":""content/article-review/history/fd501a20cf8b40956e741d688441609ab6ed31f3e7ef02b462dae86521e5360e.json"",""locator"":""display: complete published JSON baseline; contextual segmentation review only"",""checked"":true,""sha256"":""be8ee09e43f2fd454fd3035f67cf97ced02dfee4f237ccb327043d7dd11dad1c""}]"	3bd460d4d41bff7325c414befc67887de98078bcadda9fd292a4ee55bd9719fa	45b57f33108d4f5c774835546879b9769eeba2c84ea3af933dea93029de97cc4	4	4	0	json;immutable_fields;text_consistency;content_evidence;revision_replay;idempotence	68块全文读至妻子坠崖、两名证人到场结尾。将四处中英粘连按完整叙述句或对话轮次拆开，不拆多句自然段；16与22等已有数字不删除，人物对话先后不变。 内容旁注（不属本轮句段验收）：blocks[30,41]译文前的16、22似段号混入，但删除会改变非空白字符，保留。；blocks[12]fro钾、blocks[30]hoteL、blocks[32]??、blocks[45]anyhing、blocks[55]in heart以及多处问号人名、blocks[63]博客来源语属于需文字确认的问题，未猜测改字。
208	public/postgraduate/lessons/volume2/06.json	postgraduate	volume2-06	Inaugural Address	passed_edited	Codex	2026-10-07T07:32:35+00:00	"[{""path"":""content/article-review/history/1214313ed1a2c6cc93b999eb3bc76b95e75c7177ca5bd97ed1cdf8694748acfb.json"",""locator"":""display: complete published JSON baseline; contextual segmentation review only"",""checked"":true,""sha256"":""3d4da26d81fa4031429013dbe65b3bce176220ba17f7c39fb3f49a0bd6ed00f6""}]"	04872722c196d9b0528c1d4ba4583855e6d1b6050d90e3d269682c8c769fb912	19c767844570d3e1392a80b59b6b6de89b9ebca9f0ee9b2ae265e80524d6e88b	3	3	0	json;immutable_fields;text_consistency;content_evidence;revision_replay;idempotence	50块全文含开场称呼、对各方承诺、核军备与和平、国民义务和结尾祈愿。拆开三个中英粘连块，保留Let both sides排比各段及ask not的独立句段。 内容旁注（不属本轮句段验收）：blocks[47]“些什么。 而要问我们能共同为人类的自由做”显示译文句序错乱/末句未完；需要重排字符，空白或换段不能修复，本次保留待确认。；blocks[12]格守、愚教及blocks[41]慢长等疑似字词问题保留，未作非空白修改。
209	public/postgraduate/lessons/volume2/07.json	postgraduate	volume2-07	The Poetry of Architecture	needs_source_check	Codex	2026-10-07T07:32:36+00:00	"[{""path"":""content/article-review/history/cb4ecf1040a49a60d7d5b9e193c647e96ef903d56ae0f4c935b54b096d1b1bbe.json"",""locator"":""display: complete published JSON baseline; contextual segmentation review only"",""checked"":true,""sha256"":""abfe026fda00b1b53ae11dc237bb0f69ac42261fa4a52a3abfc31ce71d3ae656""}]"	96fb732d9947c8dcafc9f76e033895d0274a9e54fdf979a9cb5e498bdec8f425	96fb732d9947c8dcafc9f76e033895d0274a9e54fdf979a9cb5e498bdec8f425	0	0	0	json;immutable_fields;text_consistency;content_evidence;revision_replay;idempotence	23块全文均已核读，包含建筑诗意论述及紧接的The beauty industry中英内容。双语段落本身完整，第二题名保持独立块，未擅自重排或删除整篇附文。 内容旁注（不属本轮句段验收）：blocks[0]从a science of feeling突然接a majesty of a building且句法不完整；blocks[8]painting There疑缺句界；blocks[14,16,20]分别出现poorer/略胜一筹、affected/不会受到、disharmony/和谐的中英语义冲突，需要非空白文字确认。; blocks[12..22]题名转为The beauty industry美容业，无法仅据现有JSON确定是否为本课有意附文；不擅自跨文件重排，需确认内容归属。
210	public/postgraduate/lessons/volume2/08.json	postgraduate	volume2-08	Thinking Like a Mountain	passed_unchanged	Codex	2026-10-07T07:32:38+00:00	"[{""path"":""content/article-review/history/bad82b22271ae161233f20f35b4a7628882e52e600d86266127fd5b8520c0130.json"",""locator"":""display: complete published JSON baseline; contextual segmentation review only"",""checked"":true,""sha256"":""55a4cd29cb51bfceb28937f700922e691a89fc44f9f1703d0ba516987ec90458""}]"	1e482444d19a4fe6ee39f870132da086cd66b41d73bf171d0a62d45f0c04c20f	1e482444d19a4fe6ee39f870132da086cd66b41d73bf171d0a62d45f0c04c20f	0	0	0	json;immutable_fields;text_consistency;content_evidence;revision_replay;idempotence	20块全文覆盖狼嚎各层含义、射狼经历、鹿群失控、生态反思和结语；10对中英段落连贯，长列举与因果说明均保留为自然段。 内容旁注（不属本轮句段验收）：blocks[7]狼息、blocks[13]整夭与博客来源语、blocks[19]徽散等疑似字词/混入文本问题不能靠段落边界修复，保留待确认。
211	public/postgraduate/lessons/volume2/09.json	postgraduate	volume2-09	How Mass Media Affect Our Perception of Reality	passed_edited	Codex	2026-10-07T07:32:38+00:00	"[{""path"":""content/article-review/history/e4a237b3878a36405e91068103bca634ab372585d4dbdf066826eb09243bc6e6.json"",""locator"":""display: complete published JSON baseline; contextual segmentation review only"",""checked"":true,""sha256"":""c0e034939f7868916181c8f00ffd01bbffcdd643c6697945c7a0f325adb168c3""}]"	80145c94794bdd0b205d100afeb03ded110216bfa9122a7559e7fca047ffa6e5	764736de8f5f9b4374a83be04d93c09b3bf153fecfb45b5faaaa846f402f93ef	1	1	0	json;immutable_fields;text_consistency;content_evidence;revision_replay;idempotence	33块全文从911媒体转向、媒体经济与情绪吸引到媒体集中和平民化；拆开第5块中文译文后粘连的第4英文段，完整保留前后中英配对。 内容旁注（不属本轮句段验收）：blocks[1,8,24]的9“11、blocks[11]tolerate of、blocks[28]开头多余点等需要非空白字符确认；拆分时保留blocks[5]已有4.段号。
212	public/postgraduate/lessons/volume2/10.json	postgraduate	volume2-10	Marketing Across Cultures	passed_unchanged	Codex	2026-10-07T07:32:39+00:00	"[{""path"":""content/article-review/history/7255b9efdfeb792078debe20ce27056d766aa90d334dabf8f0783e75dd67bb60.json"",""locator"":""display: complete published JSON baseline; contextual segmentation review only"",""checked"":true,""sha256"":""2c84e47faed2c4f4897bf574a124197fbbca62c27969645566412c23528edc0d""}]"	89e6c75330e35f45dd05782e78baf7b06cbd2ebbb6450708b7033588c1935474	89e6c75330e35f45dd05782e78baf7b06cbd2ebbb6450708b7033588c1935474	0	0	0	json;immutable_fields;text_consistency;content_evidence;revision_replay;idempotence	28块全文覆盖Nova/可口可乐引例、日本洗涤剂、语言数字文化、广告比较、区域差异与飞毯测试结尾；14对中英段落内容完整，问题与示例留在原论述段。 内容旁注（不属本轮句段验收）：blocks[2]tablls、tendd、extrotic、blocks[4]aesthetica、blocks[10]estend等可见文字损坏；blocks[1]蛾蚌啃蜡、blocks[9]客客无几及重复句点也需非空白文字确认。未对历史文化断言作外部事实核验。
213	public/postgraduate/lessons/reading-writing-translation/01a.json	postgraduate	reading-writing-translation-01a	Stay Hungry. Stay Foolish.	passed_unchanged	Codex	2026-10-07T07:35:56+00:00	"[{""path"":""content/article-review/history/e3bf8cfc0d8f5be4104d5ced2e69d2c122dc29708e95c10f99f064e724baf594.json"",""locator"":""display: complete published JSON baseline; contextual segmentation review only"",""checked"":true,""sha256"":""78724a2f3076123f410daea62f066785fcfba401d375c479527181b3eb51ba59""}]"	5e1ebbfca8e58bb8fe4ed229c1f2f2c25b447ca472c568541debe20248f1f98b	5e1ebbfca8e58bb8fe4ed229c1f2f2c25b447ca472c568541debe20248f1f98b	0	0	0	json;immutable_fields;text_consistency;content_evidence;revision_replay;idempotence	25块全文从毕业礼问候到三个故事及结语；连接点、爱与失去、死亡三个subheading和Stay Hungry结句各有明确演说用途，段中多句叙事完整。
214	public/postgraduate/lessons/reading-writing-translation/01b.json	postgraduate	reading-writing-translation-01b	Barack Obama's Victory Speech	passed_unchanged	Codex	2026-10-07T07:35:57+00:00	"[{""path"":""content/article-review/history/59c0dcb7a9daf01899066848c0424049d7b36e23dfeae03863b17273bdc312bd.json"",""locator"":""display: complete published JSON baseline; contextual segmentation review only"",""checked"":true,""sha256"":""bf0a728ec7d11d5170f52e9dbb49daa523d43df8c3863812dc8d69340e0eb84c""}]"	aa16982a779ec5afe3a2593c33b2267bd0c1ed23ab199dad8e0f32830a1e4758	aa16982a779ec5afe3a2593c33b2267bd0c1ed23ab199dad8e0f32830a1e4758	0	0	0	json;immutable_fields;text_consistency;content_evidence;revision_replay;idempotence	48块全文从Hello Chicago到祝福结尾；选举答复、共同责任、Ann Nixon Cooper生平与Yes we can排比保留原演讲停顿，短句段并非断句残片。
215	public/postgraduate/lessons/reading-writing-translation/02a.json	postgraduate	reading-writing-translation-02a	Two Truths to Live By	passed_unchanged	Codex	2026-10-07T07:35:58+00:00	"[{""path"":""content/article-review/history/64fd136c92a7fb770fd29193db19feb5649107ab182573b60853c8109e0e8317.json"",""locator"":""display: complete published JSON baseline; contextual segmentation review only"",""checked"":true,""sha256"":""dc59815ff2159f612084f12711dae5ef4b463ed45ea1e7c6c5831d09da3c853b""}]"	6a1faae05dccc3dd609146540774e8fbf8913995780f717e73c258ac4b0d39af	6a1faae05dccc3dd609146540774e8fbf8913995780f717e73c258ac4b0d39af	0	0	0	json;immutable_fields;text_consistency;content_evidence;revision_replay;idempotence	20块全文覆盖紧握与放手两重人生真理、住院阳光经历、剧作和拉比例证及末段理想排比；转折段完整，保留多句自然段。
216	public/postgraduate/lessons/reading-writing-translation/02b.json	postgraduate	reading-writing-translation-02b	Approach to Life	passed_unchanged	Codex	2026-10-07T07:35:59+00:00	"[{""path"":""content/article-review/history/757a1955acc8af8cfbe85854a4f4f8ec3caa2a0a7cc32612dd2714503d203361.json"",""locator"":""display: complete published JSON baseline; contextual segmentation review only"",""checked"":true,""sha256"":""8a73a52aba4841b2c8b7293550619488ab3ce29a6537ae6dc35b16b2579577e9""}]"	0bbba853d3fe28dc91946131f38c48eb9245019acb95defef16d52e8252568fe	0bbba853d3fe28dc91946131f38c48eb9245019acb95defef16d52e8252568fe	0	0	0	json;immutable_fields;text_consistency;content_evidence;revision_replay;idempotence	5个长自然段全文核读，包括中国人生观、达观超脱、西方闲适欲望及民族哲学收束；长段各自保持同一论证，不按句长任意切段。
217	public/postgraduate/lessons/reading-writing-translation/03a.json	postgraduate	reading-writing-translation-03a	A Few Kind Words for Losing	passed_unchanged	Codex	2026-10-07T07:35:59+00:00	"[{""path"":""content/article-review/history/7bc1044877ba6c2d3d349cfe0b747c93135cd999321e29391219a6333a3e9173.json"",""locator"":""display: complete published JSON baseline; contextual segmentation review only"",""checked"":true,""sha256"":""8a1999cdf6796333ac95308fcbb084e166af2480cc84de14b17e89c4bb0e4143""}]"	0d9e0cfd8dbd076c84078895b58062eef8e743a7559e34b4a0d338fb22445572	0d9e0cfd8dbd076c84078895b58062eef8e743a7559e34b4a0d338fb22445572	0	0	0	json;immutable_fields;text_consistency;content_evidence;revision_replay;idempotence	14块从体育与金钱引子、运动失败和天赋局限、自身经历到为失败者鼓掌；例证列举及结语完整，无续行截断。
218	public/postgraduate/lessons/reading-writing-translation/03b.json	postgraduate	reading-writing-translation-03b	What Makes a Champion?	passed_unchanged	Codex	2026-10-07T07:36:00+00:00	"[{""path"":""content/article-review/history/d83a0ed33726bcf9e14d7506a990e4631f50216043b169229e0d468ab1afff9b.json"",""locator"":""display: complete published JSON baseline; contextual segmentation review only"",""checked"":true,""sha256"":""43576e27a58edeb13e198358dbd4f03e97f71c7158c4eeda14333a3c8f421051""}]"	884d603fcd8354ba89df72d859ebec5892c93e1c3c4f1679fa2bad234b272c5b	884d603fcd8354ba89df72d859ebec5892c93e1c3c4f1679fa2bad234b272c5b	0	0	0	json;immutable_fields;text_consistency;content_evidence;revision_replay;idempotence	29块全文包含中国奥运祝福、440码赛跑回忆及七项冠军品质，末尾慈善责任与祝福完整。各品质主题及其扩展自然段保留，未按序数机械拆句。
219	public/postgraduate/lessons/reading-writing-translation/04a.json	postgraduate	reading-writing-translation-04a	The Future of Books	passed_unchanged	Codex	2026-10-07T07:36:02+00:00	"[{""path"":""content/article-review/history/523653a9f54e45446cef18668067cf2479b21514c1fe2ffc5a80c0615bc83347.json"",""locator"":""display: complete published JSON baseline; contextual segmentation review only"",""checked"":true,""sha256"":""6791c20dc3423c4d28a7f66afdd98e812fc6f3008e6a3888cd7e020f63d85f45""}]"	ea99dcc0cdc35bcfc7a27bf4ba0a2b5169483ca3f9a983dfe6d611483181d7c2	ea99dcc0cdc35bcfc7a27bf4ba0a2b5169483ca3f9a983dfe6d611483181d7c2	0	0	0	json;immutable_fields;text_consistency;content_evidence;revision_replay;idempotence	10块全文核读三种记忆、图书馆、纸书便携性、按需印刷、电子书及技术共存与打印结论；段内论证连贯，保留多句自然段。
220	public/postgraduate/lessons/reading-writing-translation/04b.json	postgraduate	reading-writing-translation-04b	Hypertextual Game and Interpretation of Texts	passed_unchanged	Codex	2026-10-07T07:36:02+00:00	"[{""path"":""content/article-review/history/74209cd4e3bbf629b2ec7d6422a84857c8f4e8b627406be9941b807b678b11ae.json"",""locator"":""display: complete published JSON baseline; contextual segmentation review only"",""checked"":true,""sha256"":""5cc98ad5d9e420d37497fd14be34474eea4b1b337e6f26ab7728f72801173ae6""}]"	11e3cec5e8c1829eadb55768cb3c73e25052a581df4c131b6694da4d76a223a9	11e3cec5e8c1829eadb55768cb3c73e25052a581df4c131b6694da4d76a223a9	0	0	0	json;immutable_fields;text_consistency;content_evidence;revision_replay;idempotence	10块全文核读语言系统与文本区别、小红帽超文本、多作者创作、既定文本和战争与和平例证；提问承上启下、结论完整，原边界适宜。
221	public/postgraduate/lessons/reading-writing-translation/05a.json	postgraduate	reading-writing-translation-05a	Scientists, Scholars, Knaves and Fools	passed_unchanged	Codex	2026-10-07T07:36:03+00:00	"[{""path"":""content/article-review/history/903b5dd642c6942317b361a9730201e2be79064b2e2be3c584a100a89addf269.json"",""locator"":""display: complete published JSON baseline; contextual segmentation review only"",""checked"":true,""sha256"":""1da182132caba56564f424a1b99c4a5e23324e4570cc6993fd32392d53c18410""}]"	55add56560a41a3aeadb0067acd6e74dc2cd4c64a1caddb1eba43e4c97ab9df8	55add56560a41a3aeadb0067acd6e74dc2cd4c64a1caddb1eba43e4c97ab9df8	0	0	0	json;immutable_fields;text_consistency;content_evidence;revision_replay;idempotence	12块全文从科学定义和五标准到发现者、学者、性格动机及科研建议；段内编号标准和引用是完整论述，保留同段列举，不拆每句。
222	public/postgraduate/lessons/reading-writing-translation/05b.json	postgraduate	reading-writing-translation-05b	English Next...	passed_edited	Codex	2026-10-07T07:36:04+00:00	"[{""path"":""content/article-review/history/48b9be718c3f131ba90f76c44318923ad3262b66773bb1144d4069bcfc6fb63c.json"",""locator"":""display: complete published JSON baseline; contextual segmentation review only"",""checked"":true,""sha256"":""f4ddb4dab194b28cbad78175fa89ba2595bf957ced7dedc1d281032fda1538e3""}]"	aba7052c80ae18507307f874250f60c59f018230af1f019d75a60fc5f0ca1940	81e2b7a444b0d5710fdfecb2a3fb5a14548ee25eea9390f1aef08e1e57f16d07	1	1	0	json;immutable_fields;text_consistency;content_evidence;revision_replay;idempotence	25块全文包括英语史宏大叙事、世界语言体系、商业语言、汉语和西语；末块的Languages trends是转入总结的独立题语，按随后The world language system起始的完整段分开，其余小标题和多句段保留。
223	public/postgraduate/lessons/reading-writing-translation/06a.json	postgraduate	reading-writing-translation-06a	Anthropologists on the Front Lines	passed_unchanged	Codex	2026-10-07T07:36:05+00:00	"[{""path"":""content/article-review/history/499ab77561fe0a72170418f80508d93edb9fb48feff713768512a7b2f8cb6820.json"",""locator"":""display: complete published JSON baseline; contextual segmentation review only"",""checked"":true,""sha256"":""dbeec1aece5790645732503c5ceecf253f83ee7c1858c5e46657f30d0392d573""}]"	6f00079e3e5053ad3ba4e2a6dbb5f8261134843da76b26bfcc25b398058542bd	6f00079e3e5053ad3ba4e2a6dbb5f8261134843da76b26bfcc25b398058542bd	0	0	0	json;immutable_fields;text_consistency;content_evidence;revision_replay;idempotence	10块全文从AAA会议争论、Human Terrain项目、知情同意伦理到政府培养人才及政策局限；报告、反方意见与引语段完整，未把引语与发言来源分开。
224	public/postgraduate/lessons/reading-writing-translation/06b.json	postgraduate	reading-writing-translation-06b	"Book Review: ""College: What It Was, Is, and Should Be"" by Andrew Delbanco"	passed_unchanged	Codex	2026-10-07T07:36:06+00:00	"[{""path"":""content/article-review/history/697adb220a8470215498ec5df44b5ef0f0175b242b794c7e2cb89b6a84510920.json"",""locator"":""display: complete published JSON baseline; contextual segmentation review only"",""checked"":true,""sha256"":""d8d8c10d4a6bca767dca5f934a1ca80c947a983c15965d3593286d48425076a1""}]"	32b666dd9fc5c00b514b5fa2201ca9e7bd4694793a51cf4740fa3dd2b51cc124	32b666dd9fc5c00b514b5fa2201ca9e7bd4694793a51cf4740fa3dd2b51cc124	0	0	0	json;immutable_fields;text_consistency;content_evidence;revision_replay;idempotence	9块书评全文覆盖大学人格教育、专业化、择校不平等、多元共同体及理想收束；引述Delbanco的语句均在相应评论段，保持原边界。
225	public/postgraduate/lessons/reading-writing-translation/07a.json	postgraduate	reading-writing-translation-07a	Entropy	passed_unchanged	Codex	2026-10-07T07:36:06+00:00	"[{""path"":""content/article-review/history/6a1808f37e3f9a4afc623e0d16ebf5bea9d5e97083af6203e3a86317e2fef5fd.json"",""locator"":""display: complete published JSON baseline; contextual segmentation review only"",""checked"":true,""sha256"":""049870f40a27d20cd680ebcaaf31f157162be92102e8235eb6bbd90dc2180ea0""}]"	e77f570675c516e1f8a6aac6d60869d79852e7f4c8af5b771c768b944d328676	e77f570675c516e1f8a6aac6d60869d79852e7f4c8af5b771c768b944d328676	0	0	0	json;immutable_fields;text_consistency;content_evidence;revision_replay;idempotence	17块全文从生活故障引出熵，论及无序、生命创造、长笛练习及社会复杂性；单句反问与转折段有独立论述作用，长例证段完整。
226	public/postgraduate/lessons/reading-writing-translation/07b.json	postgraduate	reading-writing-translation-07b	When the Pestilence Struck	passed_unchanged	Codex	2026-10-07T07:36:07+00:00	"[{""path"":""content/article-review/history/2e2004d7620f8ddb9cc5b4382687d5e7dab54eca0ae11c04f7d2c6be1daffc4f.json"",""locator"":""display: complete published JSON baseline; contextual segmentation review only"",""checked"":true,""sha256"":""c81cc6d72b536c117eef49eb6d149e29a1cbf881ab5ef42f6d9c739424f9bf3e""}]"	cf0199971c02a0f78873c42765d3d478ae67b23628afbd56d2eac15b6202ef1f	cf0199971c02a0f78873c42765d3d478ae67b23628afbd56d2eac15b6202ef1f	0	0	0	json;immutable_fields;text_consistency;content_evidence;revision_replay;idempotence	6个长段全文核读瘟疫起始与症状、传播与猪的例证、封闭/纵饮/温和/逃离诸态度及亲人遗弃结尾；各段各有同一中心，未按长度任意拆段。
227	public/postgraduate/lessons/reading-writing-translation/08a.json	postgraduate	reading-writing-translation-08a	Of Ambition; Of Fortune	passed_unchanged	Codex	2026-10-07T07:36:08+00:00	"[{""path"":""content/article-review/history/0533cc34e722fc06d2e3da17833ab340158ca6ec2166eaec85508f3ce385ab84.json"",""locator"":""display: complete published JSON baseline; contextual segmentation review only"",""checked"":true,""sha256"":""374280b6a3ecc6f44f5a8d8534acc0fe75b4519b5f2831fbf849d0f8b298a7f7""}]"	4f91e3659a52819296f56c2174f7c7eccb6c7e65119fbfd23ff8f282d57d2b7e	4f91e3659a52819296f56c2174f7c7eccb6c7e65119fbfd23ff8f282d57d2b7e	0	0	0	json;immutable_fields;text_consistency;content_evidence;revision_replay;idempotence	15块完整阅读Of Ambition与Of Fortune两篇，Of Fortune已有独立subheading，雄心利用约束和命运归因的论述各自完整，古英语句法保留。
228	public/postgraduate/lessons/reading-writing-translation/08b.json	postgraduate	reading-writing-translation-08b	The Giving of Orders	passed_unchanged	Codex	2026-10-07T07:36:09+00:00	"[{""path"":""content/article-review/history/fe578e058bdefe5f6ddabf03df2755c9eca88922c58013334e239e405926596a.json"",""locator"":""display: complete published JSON baseline; contextual segmentation review only"",""checked"":true,""sha256"":""53355d1a2929a4f4c3c619298420f54b18563c9b806a83a3dad6dd9ac1fdbcbe""}]"	6d09ef6b5b05e1d00d2790d999ff6a51310609a5c8952868f17b5e51c910170f	6d09ef6b5b05e1d00d2790d999ff6a51310609a5c8952868f17b5e51c910170f	0	0	0	json;immutable_fields;text_consistency;content_evidence;revision_replay;idempotence	6块全文核读命令执行与习惯模式、销售三阶段、员工训练和场景距离影响；列举、心理学术语及例证同属对应主题段，无断裂句。
229	public/postgraduate/lessons/reading-writing-translation/09a.json	postgraduate	reading-writing-translation-09a	In DNA Era, New Worries About Prejudice	passed_unchanged	Codex	2026-10-07T07:36:09+00:00	"[{""path"":""content/article-review/history/2e2ac3e5b0724e3cde7f339e5cd451e3892e25505b8eab28c575ec1ed3362743.json"",""locator"":""display: complete published JSON baseline; contextual segmentation review only"",""checked"":true,""sha256"":""db49b69daae0c8fc3cd04a4d15a8fbe6a41da4de32bafab80d49a4cb41345514""}]"	fd4d73c8a40078cbfa9465d132fe3f7becbc4df15d75ddbff32b47196d062851	fd4d73c8a40078cbfa9465d132fe3f7becbc4df15d75ddbff32b47196d062851	0	0	0	json;immutable_fields;text_consistency;content_evidence;revision_replay;idempotence	31块新闻全文核读基因研究、偏见担忧、博客言论、科研回应与祖源测试课堂反例；短段和直接引语符合报道轮转，所有非空白论述及顺序保留。
230	public/postgraduate/lessons/reading-writing-translation/09b.json	postgraduate	reading-writing-translation-09b	Are Your Genes to Blame?	passed_unchanged	Codex	2026-10-07T07:36:10+00:00	"[{""path"":""content/article-review/history/7fe05663c13441c6f0de766711a6906c3eaae9aedc81ac19eb42bc57194aeb79.json"",""locator"":""display: complete published JSON baseline; contextual segmentation review only"",""checked"":true,""sha256"":""53f3774db16ba03ea111fcb17e4553a9446711b394d70309efaeb915aad5f3ab""}]"	9cadce71325b4f2ed4165636c42030c9a9092f558ca0ca8e2a26085cb1bb4d55	9cadce71325b4f2ed4165636c42030c9a9092f558ca0ca8e2a26085cb1bb4d55	0	0	0	json;immutable_fields;text_consistency;content_evidence;revision_replay;idempotence	7块全文覆盖双胞胎、基因与自由意志、多基因组合、环境及个人改善；末长段连贯讨论家庭影响和基因决定论，不逐句拆分。
231	public/postgraduate/lessons/reading-writing-translation/10a.json	postgraduate	reading-writing-translation-10a	Fishes in the Concord River	passed_unchanged	Codex	2026-10-07T07:36:11+00:00	"[{""path"":""content/article-review/history/b35796a5c16d54640f782e5a15dcf0d4e5625eac3e0fe53119abff180a58c69b.json"",""locator"":""display: complete published JSON baseline; contextual segmentation review only"",""checked"":true,""sha256"":""e1aeca7085a45a51548b31191b4ad896f7dd3b3a2482fc6844a949e43e1be275""}]"	6c0659b75259fe0e610307e3c53e7b5933268caf195a26e5595592f21aede0c7	6c0659b75259fe0e610307e3c53e7b5933268caf195a26e5595592f21aede0c7	0	0	0	json;immutable_fields;text_consistency;content_evidence;revision_replay;idempotence	7块全文从鱼类自然观察、洄游与水坝、对鲥鱼呼告到农田积水原因；括号中的古英语释义、连贯呼告及末段解释保留完整边界。
232	public/postgraduate/lessons/reading-writing-translation/10b.json	postgraduate	reading-writing-translation-10b	A Strange Experience in Yosemite	passed_unchanged	Codex	2026-10-07T07:36:12+00:00	"[{""path"":""content/article-review/history/585117d6f37b625e44f9edea162da2740f51f0794418cbfac1a1b92a24f025b4.json"",""locator"":""display: complete published JSON baseline; contextual segmentation review only"",""checked"":true,""sha256"":""d523395e4c544c286968b814b4804e738ba2fa76de448f132a06489f0cd8c835""}]"	58cd620f44469f3d3ac1b4fff22020975e504d5cfd3249878cba4d3fc3b267b0	58cd620f44469f3d3ac1b4fff22020975e504d5cfd3249878cba4d3fc3b267b0	0	0	0	json;immutable_fields;text_consistency;content_evidence;revision_replay;idempotence	4个长段全文核读辞别朋友、山谷植物和两瀑布、游客钓鱼感叹及感应经历；瀑布长段为一组连续观察，结尾段回到营火和自然奇妙，均无截断需合并。
233	public/nce/lessons/nce1/001.json	nce	nce1-001	Excuse Me	passed_unchanged	Codex	2026-10-07T07:39:38+00:00	"[{""path"":""content/article-review/history/b37f4d9965ece98187c2f06089aabb1b0322bc7a9d66c36635294be5fbf1b6b3.json"",""locator"":""display: complete published JSON baseline; contextual segmentation review only"",""checked"":true,""sha256"":""b01cacde6258f7fdac36252bdb77a0369a6cfe644f19b116669efe6b7460a5ab""}]"	ed7d348b830d5e5270a394e87e1b3eb3f32337bcda55965faf1f7b0094288f17	ed7d348b830d5e5270a394e87e1b3eb3f32337bcda55965faf1f7b0094288f17	0	0	0	json;immutable_fields;text_consistency;content_evidence;revision_replay;idempotence	手提包问答从Excuse me到致谢逐句复核，现有短行各有明确问答或礼貌停顿作用，保留。 text与bodyText同步；sentences对象及时间、角色、索引原样保留。
234	public/nce/lessons/nce1/003.json	nce	nce1-003	Sorry, Sir.	passed_edited	Codex	2026-10-07T07:39:38+00:00	"[{""path"":""content/article-review/history/7355bb658fc99c563b31923a41bb257dda334e2bb8aec4bead6f3e4a7dd3c70f.json"",""locator"":""display: complete published JSON baseline; contextual segmentation review only"",""checked"":true,""sha256"":""089bfac57778fc8ae4ce61c4c9e08f6c8f81ee8d391048c81629e4e46ad50e46""}]"	a0b032fa91bf3433ed8b9d9f618b322f4634aed7ddf40654455332fe3e068991	4271946c7a3d6836cf8ff36b4b21268b3ddf84646864936d9ba60e3cf0979226	0	0	0	json;immutable_fields;text_consistency;content_evidence;revision_replay;idempotence	取衣伞对话；合并索取与票据、服务员报号交物、道歉追问及确认致谢的各自完整轮次。 text与bodyText同步；sentences对象及时间、角色、索引原样保留。
235	public/nce/lessons/nce1/005.json	nce	nce1-005	Nice to Meet You.	passed_edited	Codex	2026-10-07T07:39:38+00:00	"[{""path"":""content/article-review/history/0fdf909cfb7c8633db9ed301c805d78ea16769d12b1e889ea87d1a839f8c006d.json"",""locator"":""display: complete published JSON baseline; contextual segmentation review only"",""checked"":true,""sha256"":""492cda60dbda8d755955feacbfd3f32f74f09cd15ff85a91138814bb7b2fc93b""}]"	9ac2eeb60bd6bbec06830702a4e8a0ac14ac753edc851dda38dc76f15a94e8fc	fe7e82d0b7a566d5597eb15f460354cb0e69257e0a810359892c8e45b90a76aa	0	0	0	json;immutable_fields;text_consistency;content_evidence;revision_replay;idempotence	新生介绍；每组姓名与国籍合为同一介绍段，各Nice to meet you回应独立保留。 text与bodyText同步；sentences对象及时间、角色、索引原样保留。
236	public/nce/lessons/nce1/007.json	nce	nce1-007	Are You a Teacher	passed_edited	Codex	2026-10-07T07:39:38+00:00	"[{""path"":""content/article-review/history/260a228bed47468f79f0127f99b7d1fd87613c23259809a49e168adf11db0b96.json"",""locator"":""display: complete published JSON baseline; contextual segmentation review only"",""checked"":true,""sha256"":""06c03dcdca851d85e7e19e267fbdd7ba4539bbca527f959b51c92a4af8bd1ebf""}]"	ca1998f7eeb45b33e040e9d6744f8ed13dba4ffc3d2e6ea695b7325c378262c2	3fcd962c2a52880d348e94e9c68491435105ce6e0d0757772fb3afade6754a2c	0	0	0	json;immutable_fields;text_consistency;content_evidence;revision_replay;idempotence	罗伯特与索菲自我介绍；合并姓名介绍及肯定后反问，后续国籍和职业问答各轮保持。 text与bodyText同步；sentences对象及时间、角色、索引原样保留。
237	public/nce/lessons/nce1/009.json	nce	nce1-009	How Are You Today	passed_edited	Codex	2026-10-07T07:39:38+00:00	"[{""path"":""content/article-review/history/dcd388c4f9e14fe1fe3a2f5c35bd58b13703b17051ebe8d1f5477790944bf234.json"",""locator"":""display: complete published JSON baseline; contextual segmentation review only"",""checked"":true,""sha256"":""64e56c355b750742485c7f6b631466af996e579c5942c39b761e001609f1a29f""}]"	1cd946d9dcdc740a72d3f77a726d5fb040f405581508e674d5806a533a3b3237	3e66d0c7daa39fbe3fa715c409af59431b4eb4367755622f8c52e8b2c9c7b324	0	0	0	json;immutable_fields;text_consistency;content_evidence;revision_replay;idempotence	海伦与史蒂文问候；合并海伦回答反问及两方各自告别语，关于托尼艾玛的问答不跨说话人合并，I’m fine与How is Tony保留分行。 text与bodyText同步；sentences对象及时间、角色、索引原样保留。
238	public/nce/lessons/nce1/011.json	nce	nce1-011	Is This Your Shirt	passed_edited	Codex	2026-10-07T07:39:38+00:00	"[{""path"":""content/article-review/history/d77d32b29a4feee60393329ab69517607bec337cf5c0406b116492d2de843175.json"",""locator"":""display: complete published JSON baseline; contextual segmentation review only"",""checked"":true,""sha256"":""3da95f7e60cfc798e44ea99661c89940c09fade2c6110c2d09f2b6b90f4eb1ef""}]"	c89700587e1ec4c4614a325ff36811d5a0777e2c61867b311b630ffc9267941f	daff5bbde39cec2dbccbca4daaf6b06ba1ad251e17b737621f913673aac7735e	0	0	0	json;immutable_fields;text_consistency;content_evidence;revision_replay;idempotence	认领衬衫；老师问戴夫、戴夫解释颜色、蒂姆白衬衫的提示及交衣指令各自合段，Tim呼唤与回应分开。 text与bodyText同步；sentences对象及时间、角色、索引原样保留。
239	public/nce/lessons/nce1/013.json	nce	nce1-013	A New Dress	passed_edited	Codex	2026-10-07T07:39:38+00:00	"[{""path"":""content/article-review/history/0709cc3a208d3a1c708467847412af54946c64176090d59e60c3bd21f2f5784f.json"",""locator"":""display: complete published JSON baseline; contextual segmentation review only"",""checked"":true,""sha256"":""d2ca130c575b3ac9c2f148434b7ee10adf9f9294f804186ea4d7ea66d1027c14""}]"	41d2efc15b5e2cf2d4e5386e16db64367f57de3f9b0dea272ed2c167c38d1479	8e354282a30b394931c4ae93b0e8dbdb427dba4e7d86c9978e835b758351d391	0	0	0	json;immutable_fields;text_consistency;content_evidence;revision_replay;idempotence	新裙子与帽子；颜色回答加邀请、展示、评价及同色说明合为完整话轮，帽子新话题与追问保留。 text与bodyText同步；sentences对象及时间、角色、索引原样保留。
240	public/nce/lessons/nce1/015.json	nce	nce1-015	Your Passports, Please.	passed_edited	Codex	2026-10-07T07:39:38+00:00	"[{""path"":""content/article-review/history/b10ab22c0c3462a724ee92050ffdc8d850add6cf2221ce0599629a38f2d599be.json"",""locator"":""display: complete published JSON baseline; contextual segmentation review only"",""checked"":true,""sha256"":""664df1a97f313d65f6aaf329dfe8ac06dd686886f974050ef442a1f4ad6c7134""}]"	8c1250c248a4af630623297ec92aee32e7071ad1b953f014ce319bbe5e2e67a9	8c5a2bd6175fa2376b0ee8cf59782cbf7e0d9e2fe64cb0018e270adeadac1f89	0	0	0	json;immutable_fields;text_consistency;content_evidence;revision_replay;idempotence	查验护照；否定加国籍说明、箱子归属加颜色展示各自合段，海关提问与旅客回应不混并。 text与bodyText同步；sentences对象及时间、角色、索引原样保留。
241	public/nce/lessons/nce1/017.json	nce	nce1-017	How do you do	passed_edited	Codex	2026-10-07T07:39:38+00:00	"[{""path"":""content/article-review/history/4671d31de047dd765cd4841cc00aa2544d5364c6c15a15ec84e771923291eece.json"",""locator"":""display: complete published JSON baseline; contextual segmentation review only"",""checked"":true,""sha256"":""4d89ce99fc5f54e9053ea1c7e74452157dc0b38fc88c065d009795ee24d11e2e""}]"	74732430c7ea31cf250a3f092dfc5401e8464ed4816e864c473e8f1b89f961aa	384098a7296fff05958540bc0bdcf15c021374674b61f393fb28de1d544fa20c	0	0	0	json;immutable_fields;text_consistency;content_evidence;revision_replay;idempotence	介绍雇员与岗位；销售代表及懒惰评价合段，吉姆和办公室助理说明合段；其他问答和打招呼保留。 text与bodyText同步；sentences对象及时间、角色、索引原样保留。
242	public/nce/lessons/nce1/019.json	nce	nce1-019	Tired and Thirsty	passed_edited	Codex	2026-10-07T07:39:39+00:00	"[{""path"":""content/article-review/history/257c5d1708db02e837acaf4bb4708682cd363e217f7c8c0975cfa37d2e9e65bd.json"",""locator"":""display: complete published JSON baseline; contextual segmentation review only"",""checked"":true,""sha256"":""d077d3545ffc8677d4f3fa35b49d8a54aeed30d8f936d72108735e6c4183458d""}]"	9c8d13af522406bd9c88d9abed7529f356088ddf254879573ba95a876a460e7a	31276b5276f923023c1ef487c3f783b6b89834df021a94cbba06e0ec652dfea6	0	0	0	json;immutable_fields;text_consistency;content_evidence;revision_replay;idempotence	儿童疲倦口渴、买冰淇淋；合并请坐追问和指认卖冰淇淋者。带省略号的累与渴、感谢与评价可能是不同儿童的接话，各保留两行。 text与bodyText同步；sentences对象及时间、角色、索引原样保留。
243	public/nce/lessons/nce1/021.json	nce	nce1-021	Which Book	passed_edited	Codex	2026-10-07T07:39:39+00:00	"[{""path"":""content/article-review/history/0b4fab351a96715ab950dd363f40a938b725abb170fd35b79f3b3ca039d7de19.json"",""locator"":""display: complete published JSON baseline; contextual segmentation review only"",""checked"":true,""sha256"":""fe10f97f72c5c2f9377512b7879ecced8d8f3e7afc9c957122065832e2bb71ef""}]"	344524b87850bb788d8357cd3b9aa6d576166afd14b24cb91697075175081641	f6bd81116174eb00196db349e5ddc210d8b1418eb4ce960335f3fc264dbf9cfc	0	0	0	json;immutable_fields;text_consistency;content_evidence;revision_replay;idempotence	索取红色书；Which book和This one为简的连续询问，其他问答、递书及致谢各轮保持。 text与bodyText同步；sentences对象及时间、角色、索引原样保留。
244	public/nce/lessons/nce1/023.json	nce	nce1-023	Which Glasses	passed_edited	Codex	2026-10-07T07:39:39+00:00	"[{""path"":""content/article-review/history/a16bc00141c96bc196d1b4d274803d140bdb37d699851a4e19dee0c24b07ebe6.json"",""locator"":""display: complete published JSON baseline; contextual segmentation review only"",""checked"":true,""sha256"":""366de04d1806eb36862ddbb07bc3dcf3fc5059fa9529cfb36759f9cd7d191dc3""}]"	f69077cefb451d636c34cac6adaefef0d9b8ac63b2e65ac8fc332df3353b4de2	af8ba37707aacc2c73fbb944bf7b91987694055ae16d64414e37dc7f84321e8f	0	0	0	json;immutable_fields;text_consistency;content_evidence;revision_replay;idempotence	索取架上杯具对话；询问哪些与确认这些合段，否定那些与指定架上物品合段，不修改译词。 text与bodyText同步；sentences对象及时间、角色、索引原样保留。
245	public/nce/lessons/nce1/025.json	nce	nce1-025	Mrs. Smith's Kitchen	passed_edited	Codex	2026-10-07T07:39:39+00:00	"[{""path"":""content/article-review/history/60802b45a4bc044680144cdddbb56a1b68d366aeab3b82e174b2e26f3d32bb34.json"",""locator"":""display: complete published JSON baseline; contextual segmentation review only"",""checked"":true,""sha256"":""3dc425118201ade02e396d4af78a105f20ac29f5323fa5c0df43d3e3f2c30491""}]"	afc472d67c132945b57e25f3b4396d06b692cbf91f4556cb52518ff2049e9488	8bfaa8db3c2e5c3c58cf7ec496d4e79bcd9e12a913aff28044c5ecbbbaa9cd91	0	0	0	json;immutable_fields;text_consistency;content_evidence;revision_replay;idempotence	厨房描写按冰箱位置颜色、电炊具位置颜色、中央桌子及瓶杯三个中心合自然段，开篇概述独立。 text与bodyText同步；sentences对象及时间、角色、索引原样保留。
246	public/nce/lessons/nce1/027.json	nce	nce1-027	Mrs. Smith's Living Room	passed_edited	Codex	2026-10-07T07:39:39+00:00	"[{""path"":""content/article-review/history/62e3cf72b032bb998a02e736a77471fd0d890ef88e8894337f470be250589342.json"",""locator"":""display: complete published JSON baseline; contextual segmentation review only"",""checked"":true,""sha256"":""e6a3fa6bf5dc3eab5adbf7ab1e67562cb305361c88f9f0da1694e0ec6050bcbe""}]"	3c31dff1f2227e0400923e502d47aebbfd49baded0bc4518d10acf8fba8e22b8	ab53799a62aeca1c3e9d6d16989124d92f3956e5bea95eb7b436d10d8e9c3492	0	0	0	json;immutable_fields;text_consistency;content_evidence;revision_replay;idempotence	客厅描写按电视窗边与杂志、桌子报纸及扶手椅、音响书本、墙上图画分成多句自然段。 text与bodyText同步；sentences对象及时间、角色、索引原样保留。
247	public/nce/lessons/nce1/029.json	nce	nce1-029	Come In, Amy.	passed_edited	Codex	2026-10-07T07:39:39+00:00	"[{""path"":""content/article-review/history/ab110e630284ab2b5c36673b10a25406b61e0298e061f65b565247ce0121d583.json"",""locator"":""display: complete published JSON baseline; contextual segmentation review only"",""checked"":true,""sha256"":""0d8455921277926a081a9c8597929aea977083256a118cd3f0b51b539732cdd4""}]"	4ffffa8152a57a3333ae096247c034f4c26bbd2e5f29c6c0e9c264b562f4bee1	1f6f06f1ff452f07cbbaddac8e955d33baf8d5324b77d362ab958ad1fe1bb2b5	0	0	0	json;immutable_fields;text_consistency;content_evidence;revision_replay;idempotence	琼斯太太召唤和描述卧室为同轮，艾米提问独立，随后通风收衣铺床除尘扫地的一串指令保持顺序合段。 text与bodyText同步；sentences对象及时间、角色、索引原样保留。
248	public/nce/lessons/nce1/031.json	nce	nce1-031	Where's Sally	passed_edited	Codex	2026-10-07T07:39:39+00:00	"[{""path"":""content/article-review/history/fa0574f33e2d90abf0c437caebc4bb5ab8216c0c40f2aaf125de56a59f181349.json"",""locator"":""display: complete published JSON baseline; contextual segmentation review only"",""checked"":true,""sha256"":""ef1997d4e17342f4ea63fb7580a13be112b5cf580bb7c37a0733d37a8ffca25c""}]"	fcbe1aa580c136451fb80351deece18ff6d233d0b407a84ea0b3adda8fe0e684	cc539bd81ed3091389e58daba6a24ca4715edef7fb54ecf45814b3ce35d443f6	0	0	0	json;immutable_fields;text_consistency;content_evidence;revision_replay;idempotence	花园问答；肯定蒂姆在花园并解释爬树、请求重述和问谁爬树、狗在花园追猫各自同轮合并。 text与bodyText同步；sentences对象及时间、角色、索引原样保留。
249	public/nce/lessons/nce1/033.json	nce	nce1-033	A Fine Day	passed_edited	Codex	2026-10-07T07:39:39+00:00	"[{""path"":""content/article-review/history/3d44f475ed6d5ca58bafabb6de6c7cbac72878a982e5244593c3b1fc3bb1b1ac.json"",""locator"":""display: complete published JSON baseline; contextual segmentation review only"",""checked"":true,""sha256"":""98f5ca51d651329af92815fdd77f6dc2900ad3239ad25ffff1a036e81c98df5c""}]"	8814dc86947cf6ee7293e24ed3ecfbb9493ad54495cc71fdd27ee880055be571	5c0b532aabf496357bee4510a0bc10205bfb21dd7743e3e5e30ebe7720b89458	0	0	0	json;immutable_fields;text_consistency;content_evidence;revision_replay;idempotence	晴天场景依天气、琼斯夫妇过桥看船、莎莉看大船、蒂姆看飞机分多句自然段。 text与bodyText同步；sentences对象及时间、角色、索引原样保留。
250	public/nce/lessons/nce1/035.json	nce	nce1-035	Our Village	passed_edited	Codex	2026-10-07T07:39:39+00:00	"[{""path"":""content/article-review/history/c0593782acef33a8eea55ab344469d2d974b4fef89920da3b8d3bf9308ba89ed.json"",""locator"":""display: complete published JSON baseline; contextual segmentation review only"",""checked"":true,""sha256"":""5c97c94f58d95d82258c48514e5a74f7233c31a2a40f856aa0dd305abc7bacb1""}]"	ed7362d85851269d28dc82e25280f4a1aacfbfd16408dfa3310cf56fc97c4e7c	218008d7204dc04999030bca0fea17e73f80e2adc1f3e5569ef5dd06548582a9	0	0	0	json;immutable_fields;text_consistency;content_evidence;revision_replay;idempotence	三张村庄照片分别构成完整自然段：村庄地理、河岸夫妇与游泳男孩、学校公园与儿童。 text与bodyText同步；sentences对象及时间、角色、索引原样保留。
251	public/nce/lessons/nce1/037.json	nce	nce1-037	Making a Bookcase	passed_edited	Codex	2026-10-07T07:39:39+00:00	"[{""path"":""content/article-review/history/f140c306945478471f9711700e2483730a5725ed90b5f11abf0eef7ff122bf67.json"",""locator"":""display: complete published JSON baseline; contextual segmentation review only"",""checked"":true,""sha256"":""6ace0ffb8a34770ae7264571ce6a8be5df0a31eaa7847c985503de0c6e44964f""}]"	bcd606272a843cba0f342f502385c0414675f6918c9aaea27df8e44f631e6340	5dc9ef9630a361c12f7061b1754b482bcd986d9c0f3d4028199f103da0eca551	0	0	0	json;immutable_fields;text_consistency;content_evidence;revision_replay;idempotence	制作书柜；开场问候询问、做书柜索锤、锤子确认、否定指定大锤、给女儿做粉色书柜的解释各自合轮。 text与bodyText同步；sentences对象及时间、角色、索引原样保留。
252	public/nce/lessons/nce1/039.json	nce	nce1-039	Don't Drop It	passed_edited	Codex	2026-10-07T07:39:39+00:00	"[{""path"":""content/article-review/history/7b5932fafccf62377cffbc7479e53f38a147e325e1407fdddb348bc5c34b4523.json"",""locator"":""display: complete published JSON baseline; contextual segmentation review only"",""checked"":true,""sha256"":""083ce4705e2234a48b10b8840ace03f2092fcb25128554935bf0776fc4d46fcf""}]"	c03074cf737c9eccef589956e8d92a34c8467185b8bee11fcab1251360a65a22	9c71c0646d0624e691c63c875a8fbe6b565ef86ce9745f697e9e21602282c7e0	0	0	0	json;immutable_fields;text_consistency;content_evidence;revision_replay;idempotence	搬花瓶；Sam阻止与索要合轮，Penny小心别掉及改放架子的连续指示合轮；末尾花瓶与花的评价保留各行。 text与bodyText同步；sentences对象及时间、角色、索引原样保留。
253	public/nce/lessons/nce1/041.json	nce	nce1-041	Penny's Bag	passed_edited	Codex	2026-10-07T07:39:40+00:00	"[{""path"":""content/article-review/history/0ffbc24efa2dbdca72f6e99306e92e77da50b835fdff9fea8744ba4d7f3fe721.json"",""locator"":""display: complete published JSON baseline; contextual segmentation review only"",""checked"":true,""sha256"":""0cf2cd86c79410e7124ff24ca523a5f29977902a97d7b1d7e53fcf7dad4af8f5""}]"	48be691f049eafc6bb299ff2a0ec1c42eda5f87d663a6ec4ba37fbf41eb603f8	ae6ca9d955dd2145701841ddde7964793e0bea1297008d2872350cf4f3aae33a	0	0	0	json;immutable_fields;text_consistency;content_evidence;revision_replay;idempotence	Penny包中物品；Here与放椅子指令合轮，奶酪至烟草为逐项物品清单保留各行，末尾烟草归属问答独立。 text与bodyText同步；sentences对象及时间、角色、索引原样保留。
254	public/nce/lessons/nce1/043.json	nce	nce1-043	Hurry Up	passed_edited	Codex	2026-10-07T07:39:40+00:00	"[{""path"":""content/article-review/history/c525682eba78bfd9d15d382e39c0de14e744b23438c7a458ac4b092d78a96048.json"",""locator"":""display: complete published JSON baseline; contextual segmentation review only"",""checked"":true,""sha256"":""fcadfbf3ddaf80302403d7416a0a6e8aa0ca5febc104677c44da2f8350683346""}]"	d349076441dfe6395b733125818656a869e72d00b5199f17eb2019345d113920	f90b62a20478da79d87a603e1d7521ec335724805e71ced494aa3ed2ec3774bd	0	0	0	json;immutable_fields;text_consistency;content_evidence;revision_replay;idempotence	Sam泡茶；肯定和问水、指茶位置及追问、再指位置、看见后找杯、柜中杯子及追问、催促与水沸各自合为完整轮次。 text与bodyText同步；sentences对象及时间、角色、索引原样保留。
255	public/nce/lessons/nce1/045.json	nce	nce1-045	The Boss's Letter	passed_edited	Codex	2026-10-07T07:39:40+00:00	"[{""path"":""content/article-review/history/9cb19fc4db094dfd6c8201efd53374c9bfaddf40f1c1495ac949bc8429c7e006.json"",""locator"":""display: complete published JSON baseline; contextual segmentation review only"",""checked"":true,""sha256"":""b8cf8b73a9c844d01a7299983503b62d6e0b442d7b5eb2c1b504e2694865e2b6""}]"	96bcdcdb39e8eb90ad74f5ce39cbdfb1918bdd7d3e731490510413e922dde790	5e4f73951d21452242a58fc8e917e3f546e748d29e6f7367102af06ea14d3c94	0	0	0	json;immutable_fields;text_consistency;content_evidence;revision_replay;idempotence	老板信件；办公室位置答复、老板请求、Bob回应和追问、Pamela解释无法辨字各自合轮，转去找Pamela处保留转换。 text与bodyText同步；sentences对象及时间、角色、索引原样保留。
256	public/nce/lessons/nce1/047.json	nce	nce1-047	A Cup of Coffee	passed_edited	Codex	2026-10-07T07:39:40+00:00	"[{""path"":""content/article-review/history/f6c69873dcab36964b1a930f9140d50e1ef005919afa26752d1404ee5e656d63.json"",""locator"":""display: complete published JSON baseline; contextual segmentation review only"",""checked"":true,""sha256"":""8dcad153b51fb4d891471a63b5eb63dab600956acbf52bdbdf3609ed0c24a60d""}]"	457eb5da42e29c06a59c20b34d483cfa898711ce7a0099db7dd90055f6f0d49c	8679210fc2c01759fb938111e500b2833a131de2ea11ecb307abea875f598727	0	0	0	json;immutable_fields;text_consistency;content_evidence;revision_replay;idempotence	咖啡偏好问答；仅将不要牛奶与喜欢黑咖啡的完整说明合为Ann同一回答，点糖和饼干轮次不变。 text与bodyText同步；sentences对象及时间、角色、索引原样保留。
257	public/nce/lessons/nce1/049.json	nce	nce1-049	At the Butcher's	passed_edited	Codex	2026-10-07T07:39:40+00:00	"[{""path"":""content/article-review/history/9de14d41e5d32b03cb6ee899ac3d6f765982a890083cc10519a27bee439b9dfb.json"",""locator"":""display: complete published JSON baseline; contextual segmentation review only"",""checked"":true,""sha256"":""c3f445ffc2c7e0b6a150530e6fe9f772fd803f93e3341e1c33419c6f292d2d4e""}]"	d5067d2154eade1d1cace9caf5d38e00bb00cf1e117a01775a9da1114ee862ba	427b7d744c3dea51d31c3a49314efbbb499c23ad49327f977ab3fbfb85bfe432	0	0	0	json;immutable_fields;text_consistency;content_evidence;revision_replay;idempotence	肉店选购；牛排推荐、订牛排和肉末、推荐鸡肉、拒绝鸡肉理由、店主To tell you the truth续句分别合轮。 text与bodyText同步；sentences对象及时间、角色、索引原样保留。
258	public/nce/lessons/nce1/051.json	nce	nce1-051	A Pleasant Climate	passed_edited	Codex	2026-10-07T07:39:40+00:00	"[{""path"":""content/article-review/history/50b7b696effd540cd9d300e6096a8b27115edd3df98d43ba0f6f78844111a254.json"",""locator"":""display: complete published JSON baseline; contextual segmentation review only"",""checked"":true,""sha256"":""9f038d153533caf3674a109342a7c4bbd1f7641bf0f8157fc45468dc0d53c260""}]"	bb528dec5838fd037d4820938a339150e333da427b921b37101f5b207d5acf2d	f9bfe73783e386fa06d4fd0229681247d53e5e31dd23f7e6851756cbbce6804e	0	0	0	json;immutable_fields;text_consistency;content_evidence;revision_replay;idempotence	希腊四季问答；春夏秋冬每季的多句回答合段，每次季节提问仍独立。 text与bodyText同步；sentences对象及时间、角色、索引原样保留。
259	public/nce/lessons/nce1/053.json	nce	nce1-053	An Interesting Climate	passed_edited	Codex	2026-10-07T07:39:40+00:00	"[{""path"":""content/article-review/history/cd1b8b6b8a57cb3e252ddbdc890618e466d337fefc82bdceabfef321ce4c2c64.json"",""locator"":""display: complete published JSON baseline; contextual segmentation review only"",""checked"":true,""sha256"":""d9a9820904970cb026876d1a2d300ba89992a1df38b8ee70dcb17ea013f80977""}]"	10e0b4fa5c2038c46ee5fba41e8f893112a64e8b1fb3439fbeaee0d0d758b87b	cf2687cf4d8e24835d4d08f5022f772357dedb66baf9cc8e52e64e5da2a4cd76	0	0	0	json;immutable_fields;text_consistency;content_evidence;revision_replay;idempotence	英格兰气候问答；各方气候、喜欢春夏、反对秋冬以及总结谈天气四个连贯答复段，不跨问题合并。 text与bodyText同步；sentences对象及时间、角色、索引原样保留。
260	public/nce/lessons/nce1/055.json	nce	nce1-055	The Sawyer Family	passed_edited	Codex	2026-10-07T07:39:40+00:00	"[{""path"":""content/article-review/history/ed2431b32d865f43a501789b2d61e7eb3e1095e044819d9caa5787ba6e183415.json"",""locator"":""display: complete published JSON baseline; contextual segmentation review only"",""checked"":true,""sha256"":""102c93ce4d67493005cf089b2c84f1584801b5e96fc3d0097971676ac4121bf8""}]"	08bc6a879e7fadd4d79674faea72adca0eda800846c81f326852c3a4b2be87e2	4aa36a60e5a0559effd26fe1e37b85f259c8392897265486e45c8985e409eafd	0	0	0	json;immutable_fields;text_consistency;content_evidence;revision_replay;idempotence	Sawyer一家日常；住址和早晨出门、太太家务午饭、下午茶、傍晚回家、夜间作业报纸电视分别归为自然段。 text与bodyText同步；sentences对象及时间、角色、索引原样保留。
261	public/nce/lessons/nce1/057.json	nce	nce1-057	An Unusual Day	passed_edited	Codex	2026-10-07T07:39:40+00:00	"[{""path"":""content/article-review/history/70016ffb60b27bf3779ebad3f554cc2096fe8ab5a186f7ef082d3bad56369266.json"",""locator"":""display: complete published JSON baseline; contextual segmentation review only"",""checked"":true,""sha256"":""5dc37323dcb3c809e2c8af2ea099599d090c807b1abe9fba66bfc12293396900""}]"	29b2afae569082bcd4af7fe31213b456053d84a5243bb1cdae224b65fd058b25	45c14fce5ef2ee51ec1424f4b4b386a3f0f3803d3cc5ba5d828123a41dc37a5d	0	0	0	json;immutable_fields;text_consistency;content_evidence;revision_replay;idempotence	不寻常一天按八点、十点、四点、六点、九点五个时间场景合段，每段保留平日与今日对照的完整多句。 text与bodyText同步；sentences对象及时间、角色、索引原样保留。
262	public/nce/lessons/nce1/059.json	nce	nce1-059	Is That All	passed_edited	Codex	2026-10-07T07:39:40+00:00	"[{""path"":""content/article-review/history/140067a16e9c11d94f3b55d43814afbdd4dded847717b1e8be06d0dd68ac2cdc.json"",""locator"":""display: complete published JSON baseline; contextual segmentation review only"",""checked"":true,""sha256"":""9406f337285649b46f93f201d9592e684601686b088d43a38cdccd07451ebee9""}]"	90a18adabab2326d839731a502cc5f0aec747d6132fc1eb1b60e7a2ebbbbb0c8	851b1dd3fcd249b1211637246fef38b8624d6fc5b3f089e20d53e62d12105c6b	0	0	0	json;immutable_fields;text_consistency;content_evidence;revision_replay;idempotence	文具购买；大号并问信纸、店主说明本子大小并询问、顾客接受并要胶水、小粉笔盒询问各自合轮；A bottle of glue为复述回话，保留独立。 text与bodyText同步；sentences对象及时间、角色、索引原样保留。
263	public/nce/lessons/nce1/061.json	nce	nce1-061	A Bad Cold	passed_edited	Codex	2026-10-07T07:41:57+00:00	"[{""path"":""content/article-review/history/258311b25d1ec79a155d909e104f4598705ddf6b7972d9fe248f5534a9694a84.json"",""locator"":""display: complete published JSON baseline; contextual segmentation review only"",""checked"":true,""sha256"":""bd663a88145698df7f711cc8f8884373f39f9d8918deb14f745037cecdc37324""}]"	ec15f2b78d8e8de15d552f8723e93b915d52ef811b2b770e27ade27b64e37b66	adc9117bb1e68b08899095f8a192da3ca6a7cb4287cf63beb35f2675a6c0928b	0	0	0	json;immutable_fields;text_consistency;content_evidence;revision_replay;idempotence	Jimmy重感冒；He looks ill与叫医生的判断合轮，医生张嘴伸舌指令合轮，父母的feels/looks不同观察与其他问答保留。 text与bodyText同步；sentences对象及时间、角色、索引原样保留。
264	public/nce/lessons/nce1/063.json	nce	nce1-063	Thank You, Doctor.	passed_edited	Codex	2026-10-07T07:41:57+00:00	"[{""path"":""content/article-review/history/8caf56abd31c7514dadb5068c5b8650a6038ae5e131aa7db7831115c3694eab0.json"",""locator"":""display: complete published JSON baseline; contextual segmentation review only"",""checked"":true,""sha256"":""b5739cc8bfc1a8b568e5f0d7039a2e5e71307d8b5def8b5e46f12b7417ef29c1""}]"	fd3c37892bf2378260334f955034fb0873be92bba77b86a86a7983922e0b98cd	68242cacc35a786a30a13138ba300ae514bdcc1f97e66ffe6243a1e355df187e	0	0	0	json;immutable_fields;text_consistency;content_evidence;revision_replay;idempotence	医生复诊；母亲回答感谢、邀请上楼、对Jimmy及母亲的嘱咐分段，卧床与起床时长说明、父亲也感冒的请求合为各自轮次。 text与bodyText同步；sentences对象及时间、角色、索引原样保留。
265	public/nce/lessons/nce1/065.json	nce	nce1-065	Not a Baby	passed_edited	Codex	2026-10-07T07:41:57+00:00	"[{""path"":""content/article-review/history/82d1644ba08b899fcaaf018990701d06061c689e4eb6d433f006acb55d6d2dbd.json"",""locator"":""display: complete published JSON baseline; contextual segmentation review only"",""checked"":true,""sha256"":""c9adf8381244ab1e3bff963ecce79c0ecd098538e5081d046a5094f081205ddf""}]"	332253df7dc0b279c9fa3c06457c427488c9f5af0f02f5f139e3b0392e918267	accfaf9896f0dd7b9fa36c16f0666c32a0c2a7f04a21f5e35506f18f2d0334f9	0	0	0	json;immutable_fields;text_consistency;content_evidence;revision_replay;idempotence	Jill索钥匙；父亲限时、女儿反驳请求、母亲劝说、父亲同意附限制及女儿确认感谢各轮合段。中间再见和祝玩好保持原行避免猜定轮次。 text与bodyText同步；sentences对象及时间、角色、索引原样保留。
266	public/nce/lessons/nce1/067.json	nce	nce1-067	The Weekend	passed_edited	Codex	2026-10-07T07:41:57+00:00	"[{""path"":""content/article-review/history/966fdbe501aa4f4d16d2e149697c53d8c04619db3bd8ba61b6ec389659077bd1.json"",""locator"":""display: complete published JSON baseline; contextual segmentation review only"",""checked"":true,""sha256"":""16f1c0460432302cadf3dd88c7c415b111fe9194c103612f3bb984b75dc186b5""}]"	2c8ff0d0880d17a06eefbb0d7db140fc63e8ad738d467b60c911d18fe0a65c93	96bf08486af74e4e3de55207f438779cdbfcf85fb9f59c5194bf859f174340a8	0	0	0	json;immutable_fields;text_consistency;content_evidence;revision_replay;idempotence	周末闲谈；去肉店反问、没去而去菜店、缺课日期、乡下过周末计划以及重复三天并羡慕各自合轮。 text与bodyText同步；sentences对象及时间、角色、索引原样保留。
267	public/nce/lessons/nce1/069.json	nce	nce1-069	The Car Race	passed_edited	Codex	2026-10-07T07:41:57+00:00	"[{""path"":""content/article-review/history/ff9dab66e5fe064a8f4209154756fb5d669f8278ad0da6b938281cc25a9b4a47.json"",""locator"":""display: complete published JSON baseline; contextual segmentation review only"",""checked"":true,""sha256"":""504eefd9bceb05f9c78cdc8b2b3fdcd0ae2ec5c25b1c393b810e82eb26298de1""}]"	2e94e0fe5047a27580b6c781c46d5463cc7dbe1b8f0cb5b7957ca3a75eba13ec	b3d75029faec080aa2f0e43c347901855a078c4029ff9ae348145f94babe56da	0	0	0	json;immutable_fields;text_consistency;content_evidence;revision_replay;idempotence	车赛叙事按比赛背景、到场人物照片、车辆种类、冠军冲线和归途妻子告诫分为五个多句段；恢复被字幕切开的引语。 text与bodyText同步；sentences对象及时间、角色、索引原样保留。
268	public/nce/lessons/nce1/071.json	nce	nce1-071	He's Awful	passed_edited	Codex	2026-10-07T07:41:57+00:00	"[{""path"":""content/article-review/history/9cc10084e8b5f5da814aa6b258e49b5cc47cc992346c1b5c871c213b9ce96517.json"",""locator"":""display: complete published JSON baseline; contextual segmentation review only"",""checked"":true,""sha256"":""c1903d6d3cb06733472d30d9672441f3c61fe80192432aea2b785fb735570495""}]"	0bfff3218265b7662bf868e1c7f2dbe57476e0efc9228a7f250c1446c438b881	4b5db45ca7a5f87f546a618f249693f6027b7e95343825a163364026da1afcc8	0	0	0	json;immutable_fields;text_consistency;content_evidence;revision_replay;idempotence	Pauline诉说骚扰电话；办公室来电、老板引语、回家后电话、九点电话和冒充母亲引语分别完整合段，提问者轮次保留。 text与bodyText同步；sentences对象及时间、角色、索引原样保留。
269	public/nce/lessons/nce1/073.json	nce	nce1-073	The Way to King Street	passed_edited	Codex	2026-10-07T07:41:58+00:00	"[{""path"":""content/article-review/history/1a855553dbd5de1777fb1c6323567a4c213d53cdc027616f27c2ec0a1602d593.json"",""locator"":""display: complete published JSON baseline; contextual segmentation review only"",""checked"":true,""sha256"":""201b0288a30ccd8c5c5006bf302ae057d91b2cd3ed94c25061662feef489eefc""}]"	d93c0ddaecb975e40ecf5f5dfe9dcd9a3c8b5568aa4e9fd95e41e0fd34b2d1c2	25e1ebc2c8c8361105f856d16d25234fe3d159b009c92848521cf79f37356586	0	0	0	json;immutable_fields;text_consistency;content_evidence;revision_replay;idempotence	Mills夫人问路；迷路、发现男子并问路、男子身份、拿短语书读答四个叙述阶段合为自然段，保留所有引语。 text与bodyText同步；sentences对象及时间、角色、索引原样保留。
270	public/nce/lessons/nce1/075.json	nce	nce1-075	Uncomfortable Shoes	passed_edited	Codex	2026-10-07T07:41:58+00:00	"[{""path"":""content/article-review/history/ff59acf0fb9f57e86dbd8ee56bdbdf36987620ce3b94dc44b7dd226298f083cf.json"",""locator"":""display: complete published JSON baseline; contextual segmentation review only"",""checked"":true,""sha256"":""ea8fc2fc0ed1fc93ef60fed5d71502f791c9943a51ddf645ccabb7ebe1702079""}]"	b011687fa7b71128d88718b06b1c6d0a1e2b646b5dee5dd54c80f10292fceeb9	9d94552b100490300928eaad835bbf2896673dd3da8fe6386692f9f37c724d9d	0	0	0	json;immutable_fields;text_consistency;content_evidence;revision_replay;idempotence	买鞋；店员道歉缺货、过往流行与现款说明、不舒服鞋评价各自合轮，尺码颜色及顾客质疑保持问答。 text与bodyText同步；sentences对象及时间、角色、索引原样保留。
271	public/nce/lessons/nce1/077.json	nce	nce1-077	Terrible Toothache	passed_edited	Codex	2026-10-07T07:41:58+00:00	"[{""path"":""content/article-review/history/4cb6cf1290f7e99ac9bfd4c03e2afe4a4233182433b949a21b2e359dd6524d09.json"",""locator"":""display: complete published JSON baseline; contextual segmentation review only"",""checked"":true,""sha256"":""c71db7b418c91451b33e7f65d3559d41b99afb2253dd258c6aa8c6c91e023f86""}]"	e067af80ce761a5c370998ad8836afa115f4203b7ac8134d56ce34882b4f4987	5b0f6fc821b673857043cab2cc8811399903415fd2aeed9cfad8792099b10905	0	0	0	json;immutable_fields;text_consistency;content_evidence;revision_replay;idempotence	牙痛预约；患者问候需求、急迫和牙痛解释、护士忙碌并提时间、患者嫌晚追问与护士拒绝反问合为各自轮次。 text与bodyText同步；sentences对象及时间、角色、索引原样保留。
272	public/nce/lessons/nce1/079.json	nce	nce1-079	Carol's Shopping List	passed_edited	Codex	2026-10-07T07:41:58+00:00	"[{""path"":""content/article-review/history/0d7f97ff8c721647d4e1052c46b858a435f2e36d576790b6cb6741bf4c1849f4.json"",""locator"":""display: complete published JSON baseline; contextual segmentation review only"",""checked"":true,""sha256"":""93189ca87e239854276c342a8addae4eafec5410cb1ff1c8f0a92336011d9608""}]"	d3e2ecd305439770f4d8adc62bf9aa7131a47d321367134fffcb7fea25cd8323	bf436fb53b318eed6f81356d3bb264b7a8ef1d2a052dd573c46c41739b05ea2f	0	0	0	json;immutable_fields;text_consistency;content_evidence;revision_replay;idempotence	购物清单对话按杂货、蔬菜、肉类的需求说明分成完整回答段，不买啤酒葡萄酒为一轮；末尾双方谈钱保持分行。 text与bodyText同步；sentences对象及时间、角色、索引原样保留。
273	public/nce/lessons/nce1/081.json	nce	nce1-081	Roast Beef and Potatoes	passed_edited	Codex	2026-10-07T07:41:58+00:00	"[{""path"":""content/article-review/history/9281707e103462c6e69a89be86de47da1caae76d3920438ae9a174fb901e339f.json"",""locator"":""display: complete published JSON baseline; contextual segmentation review only"",""checked"":true,""sha256"":""1b37907f57749a7b2a0c1d7c59eae9205b003a007f7376bb46c063ce570d6003""}]"	9ea0d099c049df57942cfdd91f07a0357722ef5edc3fc20bc1ca970dba353341	a3a593fed0261b208ae5699346e52b06cd5bae1db3778aa0f403d310354d0513	0	0	0	json;immutable_fields;text_consistency;content_evidence;revision_replay;idempotence	烤牛肉晚餐；楼上洗澡说明、招呼递烟、接受感谢、晚饭时间和午餐经历分别合轮，失望感叹及追问保留。 text与bodyText同步；sentences对象及时间、角色、索引原样保留。
274	public/nce/lessons/nce1/083.json	nce	nce1-083	Going on Holiday	passed_edited	Codex	2026-10-07T07:41:58+00:00	"[{""path"":""content/article-review/history/fecb0c4a9ca6af1afd6caf90cbd05cf1bae625510f0a60fa33f366cc75e245fb.json"",""locator"":""display: complete published JSON baseline; contextual segmentation review only"",""checked"":true,""sha256"":""45d043bb3fb7dc6bbd40aed3b873dbad6d44103c8960ceadd6d3334fa2673207""}]"	a8bbfa24b7538ab1b4f054bec3963733c44c5fbf65d81dcc9ceb412c23880e26	839d554906433b5c86abf330942c7471821d10494be06b7208853cf94025c67d	0	0	0	json;immutable_fields;text_consistency;content_evidence;revision_replay;idempotence	假期来访；问候邀请、午饭邀请与拒绝理由、喝咖啡回应、转客厅、收拾行李明日度假说明以及已休假回答按轮次合段。中文原第13行末缺标点，保留其后换行，避免与下一句粘成无界句串。 text与bodyText同步；sentences对象及时间、角色、索引原样保留。
275	public/nce/lessons/nce1/085.json	nce	nce1-085	Paris in the Spring.	passed_edited	Codex	2026-10-07T07:41:58+00:00	"[{""path"":""content/article-review/history/44370902223a9181638dc5c36405ad4aeccc2f244fe106abbe74dc266e4e1cbb.json"",""locator"":""display: complete published JSON baseline; contextual segmentation review only"",""checked"":true,""sha256"":""1f0c4e070f131c062a6d30927b461d1e4d1bfd3115c61e5d1aed436850313a03""}]"	5bc806b97fbe60d122ee028abf3d3dffb89f1e1dea0ae66df6c49df6ae82d908	3c47e7b7faedfbff656c83d504c77f1b917afd05bb5fbce5af78daba4a51a92c	0	0	0	json;immutable_fields;text_consistency;content_evidence;revision_replay;idempotence	春天的巴黎电影对话；去年已看、从未去并问Ken、四月去过以及天气一直下雨各自合段，电影和城市评价各行保留。 text与bodyText同步；sentences对象及时间、角色、索引原样保留。
276	public/nce/lessons/nce1/087.json	nce	nce1-087	A Car Crash	passed_edited	Codex	2026-10-07T07:41:58+00:00	"[{""path"":""content/article-review/history/ed901080d053a66b28052ce266e88a3a2d57ca4c4886508c09e53c17885bf8e4.json"",""locator"":""display: complete published JSON baseline; contextual segmentation review only"",""checked"":true,""sha256"":""6a0a2bd236710fac4a4bf676eb6f326535dab338bf9aca6bc0ea7b4e4449a0d3""}]"	2e0e902fce3e0d101580ec3d3f6c8dbf1a1b1684b7a2cae0f9a8876faca949e2	75f82e391f570c48dd2fcf38d2dd815aab0659cd95e4e4ff1441f3447d449c0b	0	0	0	json;immutable_fields;text_consistency;content_evidence;revision_replay;idempotence	维修撞毁汽车；不知道并问车牌、仍在修并邀看车、撞灯柱并问能否修复及建议换车各自合轮。 text与bodyText同步；sentences对象及时间、角色、索引原样保留。
277	public/nce/lessons/nce1/089.json	nce	nce1-089	For Sale	passed_edited	Codex	2026-10-07T07:41:58+00:00	"[{""path"":""content/article-review/history/c8c2c070d64f437e01ba7e85254801949b5a7aa97d8c6ab9f8bcb880d966a798.json"",""locator"":""display: complete published JSON baseline; contextual segmentation review only"",""checked"":true,""sha256"":""b8bdf6820e706d5cf8767e3f1c8b76916a3c5dbfa272910acb3c7520c50605bb""}]"	eb8e68f16b06753a64dde697676940b516c9338a6b47c6d29fc41720ee5d59e8	6b63e0385ec3884c5f617cf045066ad3c280fc0ee50619f6e1a51550a39621bb	0	0	0	json;immutable_fields;text_consistency;content_evidence;revision_replay;idempotence	看待售房；买家开场、邀请入内、二十年惊叹、退休购乡下小屋原因以及须妻子先看各自合段。 text与bodyText同步；sentences对象及时间、角色、索引原样保留。
278	public/nce/lessons/nce1/091.json	nce	nce1-091	Poor Ian	passed_edited	Codex	2026-10-07T07:41:58+00:00	"[{""path"":""content/article-review/history/10ddfac332b31566fa98dfa4d0df97c5818eebca70d9a451d04ae4e2b518393a.json"",""locator"":""display: complete published JSON baseline; contextual segmentation review only"",""checked"":true,""sha256"":""4816ea12adefe255228976a7bc907d676096b8531279aa91b1f4fc14eac0ef9a""}]"	10f0bc7b33f97731171cf5ed5fc2aef64b3f91b89e33884057b5cc7f515b1fe6	16b7e76e99c64e906b81428ed05d0d7376cda47a6f5fad44558eda6237eeff97	0	0	0	json;immutable_fields;text_consistency;content_evidence;revision_replay;idempotence	Ian搬家；售房时间、仍在且明天搬、好邻居的怀念和友善的评价分成完整话轮，结尾妻子想搬的回答独立。 text与bodyText同步；sentences对象及时间、角色、索引原样保留。
279	public/nce/lessons/nce1/093.json	nce	nce1-093	Our New Neighbour	passed_edited	Codex	2026-10-07T07:41:59+00:00	"[{""path"":""content/article-review/history/b2bf13769f1689c585837a97798436d8807a3cc47695c556fe766ce1bc2edc96.json"",""locator"":""display: complete published JSON baseline; contextual segmentation review only"",""checked"":true,""sha256"":""c3484b5967e84277c5260047491b26b758d38b4981e54ffc5d2135a49ad09c29""}]"	de398b07fc45926e1955e787f787591e614386a1985a91e4aaf76376992422a0	c94b58e3382861b95c259aa34977979316fae179fa60ecfc796c55c4d8a25425	0	0	0	json;immutable_fields;text_consistency;content_evidence;revision_replay;idempotence	新邻居飞行员简介按身份、未来航程、当前西班牙与归期、周游世界幸运、妻子留家对比合为自然段。 text与bodyText同步；sentences对象及时间、角色、索引原样保留。
280	public/nce/lessons/nce1/095.json	nce	nce1-095	Tickets, Please.	passed_edited	Codex	2026-10-07T07:41:59+00:00	"[{""path"":""content/article-review/history/f722bdb011f71ab1dfd1de586f0977b8a63eac66a6b08b74df7e6a25d0caf6b2.json"",""locator"":""display: complete published JSON baseline; contextual segmentation review only"",""checked"":true,""sha256"":""4c9d276b058823f7f5becefaf174c9040afc42bf4c710316f4ab72f2642f9806""}]"	2ec27b5af3d6aa82f2cc7497cd85d50210f1b58342893959d3a0e12fb3b6dc11	b07762c5df922b289710935ac75c224c9ebecec226ee0af7d1d09554d68a4d4f	0	0	0	json;immutable_fields;text_consistency;content_evidence;revision_replay;idempotence	买票误车；索票问时间、站台方向、时间充裕判断、喝酒建议、惊讶报时及慢钟解释合轮；两人间复述开车时间不跨轮合并。 text与bodyText同步；sentences对象及时间、角色、索引原样保留。
281	public/nce/lessons/nce1/097.json	nce	nce1-097	A Small Blue Case	passed_edited	Codex	2026-10-07T07:41:59+00:00	"[{""path"":""content/article-review/history/530163a2761964ea431398984d298777d465651a99c3efa682b8da361cb82aad.json"",""locator"":""display: complete published JSON baseline; contextual segmentation review only"",""checked"":true,""sha256"":""925bedcda2f1d3c42fd7fb4e48d99982b30ce8997df82f00e12258c2770b38c5""}]"	b7cd2afc1d223ee1555ff7f15d8b1cda4fbc38cbb87249f1c63c76726713cceb	52d1e5e3f7517430a3b03ac272ac23ddceeea06e052931083d850276d5817057	0	0	0	json;immutable_fields;text_consistency;content_evidence;revision_replay;idempotence	遗失蓝箱认领；箱子及标签描述、提出另一箱、核对标签收费与最后认错箱投诉各自合段。 text与bodyText同步；sentences对象及时间、角色、索引原样保留。
282	public/nce/lessons/nce1/099.json	nce	nce1-099	Ow	passed_edited	Codex	2026-10-07T07:41:59+00:00	"[{""path"":""content/article-review/history/c06d901675dd0454d0002b3399e8adb57a66fc244a5d1c9d0c793db6662b0198.json"",""locator"":""display: complete published JSON baseline; contextual segmentation review only"",""checked"":true,""sha256"":""f6e1dfb7748a9bd2a839c832be6c20050b20fd4f6dc8e7a9bdc03baa0ca02be9""}]"	e8420f60858f6a33fe29beec4c43d0d9950c5bc4be68984a878cfa359775a0fd	84e0ffdc10dd44d50bdf16186b29904909e1af36232d0e7b1bdc95f0b8a301f0	0	0	0	json;immutable_fields;text_consistency;content_evidence;revision_replay;idempotence	Andy摔伤；确认背伤、Lucy扶起指令、起不来说明、联系医生及电话后回话分别合段，电话前后情境保留断开。 text与bodyText同步；sentences对象及时间、角色、索引原样保留。
283	public/nce/lessons/nce1/101.json	nce	nce1-101	A Card From Jimmy	passed_edited	Codex	2026-10-07T07:49:02+00:00	"[{""path"":""content/article-review/history/3b8474575457cfd0f9b6a2e8fb518e7efb02aab544a44848c6d895a9c8cb68a5.json"",""locator"":""display: complete published JSON baseline; contextual segmentation review only"",""checked"":true,""sha256"":""d1b10478399de9f637fc223a9bad7ca2d4fdb4beb31043756f573e87a338c34a""}]"	b2c5c0638f52c3e0c6920174a23f6979c99d00b88faf3382fcea038cdbfc863e	8846069146fb3d931d0f434c4495c09d632414faec199d7b10fe49774d19db7c	0	0	0	json;immutable_fields;text_consistency;content_evidence;revision_replay;idempotence	Jimmy明信片；Penny转述到达及旅舍身份、YHA展开、卡片的将写信问候、祖母听不清请求及嫌文字少各按话轮合段，Love Jimmy署名独立。 text与bodyText同步；sentences对象及时间、角色、索引原样保留。
284	public/nce/lessons/nce1/103.json	nce	nce1-103	The French Test	passed_edited	Codex	2026-10-07T07:49:02+00:00	"[{""path"":""content/article-review/history/3d4aa243261a436468591a121784c5f503974c915c894bfe93a706f8b39c163b.json"",""locator"":""display: complete published JSON baseline; contextual segmentation review only"",""checked"":true,""sha256"":""9c9a8c2a1fb98d9fe2548fce5e7ea8c0af8caff2bc5036ff4cd5dc6b62bcf268""}]"	1e1edb80798fa3cccb10dc2a9260f5645566b102a9d8e37aeb4d4133d99f60b4	efe7b13cbbc9dec7b4017d76c96a134d044840ea2041ffe85d1c2c9f99de1dc0	0	0	0	json;immutable_fields;text_consistency;content_evidence;revision_replay;idempotence	考后对话；英语数学回答、担心不及格、法语答题情况、抱怨法语、安慰并介绍邻座及结尾白卷笑话各自合轮，Yes追问独立。 text与bodyText同步；sentences对象及时间、角色、索引原样保留。
285	public/nce/lessons/nce1/105.json	nce	nce1-105	Full of Mistakes	passed_edited	Codex	2026-10-07T07:49:02+00:00	"[{""path"":""content/article-review/history/1df863f2df409ec057892e95ac37e1f74c8213431b7cd974ceeb3fdfa5ed4c1d.json"",""locator"":""display: complete published JSON baseline; contextual segmentation review only"",""checked"":true,""sha256"":""028a9fb4628f5572581edd313da0bfd2c5af7f88cad6475362471cc262568a04""}]"	35bfc8a6dd22e165425fa62a672a6940d603772c66c865988ac56771f6fc708e	925356d857103fe43f1155f835893cc4240384b3e85ad3a5dbaff0a78c2d4644	0	0	0	json;immutable_fields;text_consistency;content_evidence;revision_replay;idempotence	Sandra打字错误；找人指令、叫她来、拼写提问、错误说明重打要求、道歉回应及送字典说明合为各自话轮，拼字行保留。 text与bodyText同步；sentences对象及时间、角色、索引原样保留。
286	public/nce/lessons/nce1/107.json	nce	nce1-107	It's Too Small.	passed_edited	Codex	2026-10-07T07:49:03+00:00	"[{""path"":""content/article-review/history/299f2f01d26ed6ad611ecc8dd9a1c2339430011423d27719eeb6cb1c68e8497f.json"",""locator"":""display: complete published JSON baseline; contextual segmentation review only"",""checked"":true,""sha256"":""43231596cc1bc188e0949b2b2a675fc5f2455a9c4680e2dba082bac0af8b7d5f""}]"	e459fafe05ce423369c26e5c333fefc632d477b9deebb40265e4496dec7c5f5e	a1494d4abcd74a7bb68305f8d2b66986408a2b2d8cd0e6a98af3107a4f9967b4	0	0	0	json;immutable_fields;text_consistency;content_evidence;revision_replay;idempotence	试裙；顾客喜爱但太小、店员推荐试穿、绿裙不合适、蓝裙尺码请求及无更大号说明合段，试穿前后保留场景边界。 text与bodyText同步；sentences对象及时间、角色、索引原样保留。
287	public/nce/lessons/nce1/109.json	nce	nce1-109	A Good Idea	passed_edited	Codex	2026-10-07T07:49:03+00:00	"[{""path"":""content/article-review/history/e8a59a6f7134377ddaadc4c0bf734fb1ff1b1573f1e06b2c6cfe3f342a1fe2fe.json"",""locator"":""display: complete published JSON baseline; contextual segmentation review only"",""checked"":true,""sha256"":""fa8af8c246e58575c84726678964d43803185551ab54a4e33b036b77b6f17691""}]"	698a261fdfb5133dca311219c209b5ebda1a3d8e19ef576099f966382914f2b7	7eb086a33a26fb07336ff12cdb0cfcfd2a485b00207eb89282a5ec6a580fa9ca	0	0	0	json;immutable_fields;text_consistency;content_evidence;revision_replay;idempotence	咖啡和香烟；加奶询问、糖量询问与回答、续咖啡索烟、给烟说明和饼干劝告各自合轮；遗憾与不要紧接话保留分行。 text与bodyText同步；sentences对象及时间、角色、索引原样保留。
288	public/nce/lessons/nce1/111.json	nce	nce1-111	The Most Expensive Model	passed_edited	Codex	2026-10-07T07:49:03+00:00	"[{""path"":""content/article-review/history/5b25aebc09fd8ec9218740fcb13f7b894ffa690eec1052fc2b5e59975f886be3.json"",""locator"":""display: complete published JSON baseline; contextual segmentation review only"",""checked"":true,""sha256"":""6fdb7e74670bcfc8e96ec32422b551fe58f872991618475ca4f12ebca515dcce""}]"	85eaede96aac24bb4ed8a599e59ee72cad8fecde3e356223d2f0788f71eed984	9f5b1d17539c87f1819146ef1cf8efbfa534f5e65a054991ff201e3cd48796ce	0	0	0	json;immutable_fields;text_consistency;content_evidence;revision_replay;idempotence	电视机价格；询价、最贵型号报价、买不起、较低价型号介绍、分期请求、付款条件及妻子抱怨各自合轮，结尾百万富翁回应独立。 text与bodyText同步；sentences对象及时间、角色、索引原样保留。
289	public/nce/lessons/nce1/113.json	nce	nce1-113	Small Change	passed_edited	Codex	2026-10-07T07:49:03+00:00	"[{""path"":""content/article-review/history/81ceb824890c308c1f2a3c6f2aa9149fa2ce9be310cd3aadbb6f34fd06246724.json"",""locator"":""display: complete published JSON baseline; contextual segmentation review only"",""checked"":true,""sha256"":""5447ef459e9ef48fea0f105595b43b7ada0db7081415496d5dd85bb911493340""}]"	3fa4392dc4a95dcacc77b101646b42b84f071d7b3b654d39af9d4c1d5be8e65f	f1913ec423e1373450a40ae0c96104affae498679305ab019df8ae035875ed54	0	0	0	json;immutable_fields;text_consistency;content_evidence;revision_replay;idempotence	车上找零钱；售票员无法找十镑、乘客无零钱句、另一乘客回答和下车要求合段。询问不同乘客及孩子接话均保持独立轮次。 text与bodyText同步；sentences对象及时间、角色、索引原样保留。
290	public/nce/lessons/nce1/115.json	nce	nce1-115	Knock, Knock	passed_edited	Codex	2026-10-07T07:49:03+00:00	"[{""path"":""content/article-review/history/0a6485ea74eea5fda70741a16c6abf4353cf425d8cebc120af6d0ca2b6c78e49.json"",""locator"":""display: complete published JSON baseline; contextual segmentation review only"",""checked"":true,""sha256"":""309c13c11e44a004e36a64318c8fa00f5581826a0b75b2fd91a774d25bf6ce6e""}]"	7fb78b173bba7560de73ecb73ad2a660b42db90cbd99c9f003ab73d31166e778	d40749f3cce93ecc34eb8ea0ca7a21363aad6baa7901b01c38c7bb4abca605c8	0	0	0	json;immutable_fields;text_consistency;content_evidence;revision_replay;idempotence	敲门赴宴；安静无人推测、受邀反驳、看窗请求、主人邀请、客人索啤酒、无啤酒玩笑及Tom揭穿合轮，前后门行动保留切换。 text与bodyText同步；sentences对象及时间、角色、索引原样保留。
291	public/nce/lessons/nce1/117.json	nce	nce1-117	Tommy's Breakfast	passed_edited	Codex	2026-10-07T07:49:04+00:00	"[{""path"":""content/article-review/history/d73b939fd55b73a0d385672b86020092f88d5d02465a1b31a7ab0c38b591cf40.json"",""locator"":""display: complete published JSON baseline; contextual segmentation review only"",""checked"":true,""sha256"":""0a8aec18de924e4a1a3c73044a3280a87a4cfb6217327ba8cd1278c2bc98e2f5""}]"	6cc887b423ee2da0df79142636d6f660e76b70aea2263b77b9066ef275ac4b01	e305cf55e5eac4d8b0ca897ca72376bf8e579e68c9ee879219fa29fbbe5ea239	0	0	0	json;immutable_fields;text_consistency;content_evidence;revision_replay;idempotence	Tommy吞硬币；硬币散落、孩子吞币、稍晚丈夫致电及妻子回答四段，恢复While从句与主句及结尾引语。 text与bodyText同步；sentences对象及时间、角色、索引原样保留。
292	public/nce/lessons/nce1/119.json	nce	nce1-119	A True Story	passed_edited	Codex	2026-10-07T07:49:04+00:00	"[{""path"":""content/article-review/history/9c9b4871291d8dacf9d1dbdb3d41e06195dbb95b061e091bf252538fd30f24cd.json"",""locator"":""display: complete published JSON baseline; contextual segmentation review only"",""checked"":true,""sha256"":""acaa9ef0c6590f7669da2163c7cd098f341dfe731b86399748627ca3233cce9b""}]"	93e9639e309fae64d2a276b667afa86baf978fd58a60318b4a9d5a3c9015438f	d242ceef2f78ea079dea8b01016ca62669f62a73fc740af76f6aabc0f832af84	0	0	0	json;immutable_fields;text_consistency;content_evidence;revision_replay;idempotence	鹦鹉吓走窃贼；开篇引入、窃贼进屋、闻声逃走、George查看、鹦鹉问话及George答复六段，末尾两角色各自保留。 text与bodyText同步；sentences对象及时间、角色、索引原样保留。
293	public/nce/lessons/nce1/121.json	nce	nce1-121	The Man in a Hat	passed_edited	Codex	2026-10-07T07:49:04+00:00	"[{""path"":""content/article-review/history/4eba55997f091857936b04b5f920a4fcd241579f1a4e9834431d390a58cdfce6.json"",""locator"":""display: complete published JSON baseline; contextual segmentation review only"",""checked"":true,""sha256"":""a3e6b0d46af0dce3230447fe5d85cbbc4d0a1979bb31b0b8189a9c0d26ea3b1c""}]"	d496e036c74a5eca0a02d0e370c43e432a7a589dcd209e63bf7cf4db705a8e30	bbfebe06e5758bafa87468a02fd70c4095b2899eb56e649d5c6d2d8a430719f5	0	0	0	json;immutable_fields;text_consistency;content_evidence;revision_replay;idempotence	戴帽子的顾客认领词典；店员转述、Caroline回忆帽子、最后认出顾客各自合轮，试戴帽子前后问答保留。 text与bodyText同步；sentences对象及时间、角色、索引原样保留。
294	public/nce/lessons/nce1/123.json	nce	nce1-123	A Trip to Australia	passed_edited	Codex	2026-10-07T07:49:04+00:00	"[{""path"":""content/article-review/history/0ddb2d04f5f1dd2fde78fababaac09ee45000a1a0a9df61bbb75e31671b796d3.json"",""locator"":""display: complete published JSON baseline; contextual segmentation review only"",""checked"":true,""sha256"":""ab057592819aa9862ff4ff9cf8b3f80e1f6d847afa1f4f4bda059e51e2faeee0""}]"	f7dae77b8c6decf0d62db994089e7bec76ce49283d4150d0e644ca6c71da08e6	24c837b5816000bcc86a5e47107e5d0821ed22fcb4679fb04096c5d73569030d	0	0	0	json;immutable_fields;text_consistency;content_evidence;revision_replay;idempotence	澳洲照片对话；展示照片、索看评价提问、人物船只介绍、追问人物、回忆工作邀请和胡子解释各按轮次合并。 text与bodyText同步；sentences对象及时间、角色、索引原样保留。
295	public/nce/lessons/nce1/125.json	nce	nce1-125	Tea for Two	passed_edited	Codex	2026-10-07T07:49:04+00:00	"[{""path"":""content/article-review/history/db4bb1616cb7a47f7d861bba0335e99e6c61b4c4a758100c19304a6b1b014464.json"",""locator"":""display: complete published JSON baseline; contextual segmentation review only"",""checked"":true,""sha256"":""5b78d8e5412fb23f2ca62413ea1ee257eebf046403b21c3efdb20b3bc2503849""}]"	99d507393e7566f5a96bc35c00e8bf230087ed8849167c36bceb16bc3b9f52f7	36a5f1479a4f5acb086ec83e991f40e49c529f0f2cc1aa5dbbaa502bf5387701	0	0	0	json;immutable_fields;text_consistency;content_evidence;revision_replay;idempotence	浇花与喝茶；必须浇水、干旱说明、去年回忆、完工惊讶、看窗指示、下雨免浇和喝茶结语合轮。题干译文疑似不对应属于文字校勘，原样保留。 text与bodyText同步；sentences对象及时间、角色、索引原样保留。
296	public/nce/lessons/nce1/127.json	nce	nce1-127	A Famous Actress	passed_edited	Codex	2026-10-07T07:49:04+00:00	"[{""path"":""content/article-review/history/c369ef3b390ff77cf62777438b565d6fcb1b0044143d7bc2d11a720d7220d55d.json"",""locator"":""display: complete published JSON baseline; contextual segmentation review only"",""checked"":true,""sha256"":""3dbc7ab78d89357554ed2b00fbca5998c57818c6b74536da904f6c93f68fed8c""}]"	c26926a22fbc85bbc845469b2224f5a9322c8c86c79ca93405ebe9f69b041828	bc2a43ef7791b967d946f6fe85b906a4b673bc77b23d5d1af78836b310be5590	0	0	0	json;immutable_fields;text_consistency;content_evidence;revision_replay;idempotence	辨认女演员；人物确认、身旁人追问、演员怀疑再看、丈夫次数及显老、年龄推测和自己29岁反驳各自合轮。 text与bodyText同步；sentences对象及时间、角色、索引原样保留。
297	public/nce/lessons/nce1/129.json	nce	nce1-129	Seventy Miles an Hour	passed_edited	Codex	2026-10-07T07:49:04+00:00	"[{""path"":""content/article-review/history/25a141ca78dbf0014462035db52e81fb1ff1cc86a8e06e95e598e48721fd7a38.json"",""locator"":""display: complete published JSON baseline; contextual segmentation review only"",""checked"":true,""sha256"":""13b1e627e30349fea31f974d55639030ac6a0822c39035120bcf5c7c935a9931""}]"	65b0b39331a574ada534c960665fbb56ad9a2ee079d5c252c86c7cd1933fd51e	d015c682773668d2e7ec7de2b78713540ede48baa78867c49d37815e5eed9c7b	0	0	0	json;immutable_fields;text_consistency;content_evidence;revision_replay;idempotence	超速警告；妻子提醒、警察质问、司机说八十、未见限速理由、妻子插话、警告及致谢承诺合轮，最终夫妻问答保留。 text与bodyText同步；sentences对象及时间、角色、索引原样保留。
298	public/nce/lessons/nce1/131.json	nce	nce1-131	Don't be So Sure	passed_edited	Codex	2026-10-07T07:49:04+00:00	"[{""path"":""content/article-review/history/4f775822b29aff6ae38ff945e611e99ea975621bd45098f048948aa4fbc49b4a.json"",""locator"":""display: complete published JSON baseline; contextual segmentation review only"",""checked"":true,""sha256"":""d2babf85c3ca40348c10c0e0bcc30ddd1f4ef8280c5ce749c240430f77da82e6""}]"	27cf30760b288147ff2af6a4ff10913123ab324988d24b02776e1cc951c32fe2	98a9353fc0d58d78f933358e4d83655daaf4dfa644b0e87ca7cb2e63d6e89ce8	0	0	0	json;immutable_fields;text_consistency;content_evidence;revision_replay;idempotence	未定假期；埃及意愿、船费、朋友提醒祝愿、不能成行说明、照料狗房屋花园三个问题、每年留家结局各成自然话段。 text与bodyText同步；sentences对象及时间、角色、索引原样保留。
299	public/nce/lessons/nce1/133.json	nce	nce1-133	Sensational News	passed_edited	Codex	2026-10-07T07:49:04+00:00	"[{""path"":""content/article-review/history/05920f8b0df7237a1dcdd5edbc942c76b909191d228eedbbc42fd1c6824f631e.json"",""locator"":""display: complete published JSON baseline; contextual segmentation review only"",""checked"":true,""sha256"":""9f5fbf24a8d856dbd37070b4595f1a8e2ec71836f3254ec8b2ecfdeccae8e7ce""}]"	14eea0bab489ed6a38be0dd8269becb60f6cf91cca5ff250efa7234809ef8609	f1908f3d9e1eb1d95b18a1194f70a363c411d3e65105ea5a155abc65b1ca1ad3	0	0	0	json;immutable_fields;text_consistency;content_evidence;revision_replay;idempotence	女演员退休新闻；拒绝拍片理由及读报提示合轮，报纸标题与记者署名保留独立，抵达着装和退休报道各成完整段。 text与bodyText同步；sentences对象及时间、角色、索引原样保留。
300	public/nce/lessons/nce1/135.json	nce	nce1-135	The Latest Report	passed_edited	Codex	2026-10-07T07:49:04+00:00	"[{""path"":""content/article-review/history/4c86463edec2dc5f6b7b591cbb913c3b930e762903090a2962d1ba9820c655df.json"",""locator"":""display: complete published JSON baseline; contextual segmentation review only"",""checked"":true,""sha256"":""1bd72e23b782eab158640dee777ee6eb10126d4944a3249517f25f594200212a""}]"	39c3e293327809cbd8f5629511e3d4e6bf8c87160541734fcbb8d3b21340abec	69d4c9e11c76893762a846d8721f48b72c7774c4384f2d73b06a1464df25d8ba	0	0	0	json;immutable_fields;text_consistency;content_evidence;revision_replay;idempotence	退休续报；未婚夫限制与介绍合为各自回答，报纸标题独立，报道正文合自然段，末尾第六任丈夫笑话同轮。 text与bodyText同步；sentences对象及时间、角色、索引原样保留。
301	public/nce/lessons/nce1/137.json	nce	nce1-137	A Pleasant Dream	passed_edited	Codex	2026-10-07T07:49:05+00:00	"[{""path"":""content/article-review/history/6b2bf42fba4ab0b75153ed47d94fafa0c8c1835937f186e0c9f0ffbca0e18ead.json"",""locator"":""display: complete published JSON baseline; contextual segmentation review only"",""checked"":true,""sha256"":""ebaa325fcbe40fbf403d5e5fd8643267e978082635b4df5595c2e95e217cd646""}]"	f1bc94a75df43f03bdb7044aef3013c525556f410d1367e977203f44cae68c68	4c5753e590b719d15b37737109cab0040bfa1ba885aaeff9effe32aeb1a17141	0	0	0	json;immutable_fields;text_consistency;content_evidence;revision_replay;idempotence	足球彩票梦想；确信中奖、质疑追问、不要貂衣想旅行、旅行置屋畅想及花光再穷的忧虑各自合輪，结尾回应保持独立。 text与bodyText同步；sentences对象及时间、角色、索引原样保留。
302	public/nce/lessons/nce1/139.json	nce	nce1-139	Is That You, John	passed_edited	Codex	2026-10-07T07:49:05+00:00	"[{""path"":""content/article-review/history/24d3d74c580d63bd97e6ba94ce0f424d441e439131e691ae4a61fcea06c073f1.json"",""locator"":""display: complete published JSON baseline; contextual segmentation review only"",""checked"":true,""sha256"":""66601cf9fc4acf7c68fcc40fb6f1664c6a9ff435dd1d45887fb31b567183620a""}]"	16b661a218eed152b005398501d2571326fae542b059ab4c931f257274be9003	9b83153a5516df7716b4c239983853985d72170638ce4c0affed4a4602d006cc	0	0	0	json;immutable_fields;text_consistency;content_evidence;revision_replay;idempotence	打错John Smith电话；晚宴邀请和加班原因的连续说明合段，顺便帮忙另起话题，最后电话工程师自明身份合段，其余核实问答保留。 text与bodyText同步；sentences对象及时间、角色、索引原样保留。
303	public/nce/lessons/nce1/141.json	nce	nce1-141	Sally's First Train Ride	passed_edited	Codex	2026-10-07T07:49:05+00:00	"[{""path"":""content/article-review/history/b6824e5ec32a76d62cbe4e6bfdef91fe291b01682024035f17b8b18e79e764bd.json"",""locator"":""display: complete published JSON baseline; contextual segmentation review only"",""checked"":true,""sha256"":""9c6278343604e89a5c3fcde11ab1f49f56338eaf83e5f95314837db64c2a664d""}]"	74c3655a007728a5ef7170da04437d422bd6ea3a6c32170227cabd78895c62c2	6cc65d27d85c999cf6a95320ef0cb81bc599bff84aa446a627150d6da73bffb9	0	0	0	json;immutable_fields;text_consistency;content_evidence;revision_replay;idempotence	Sally初次坐火车；赴宴旅途背景、女士上车和外貌、化妆动作分别合自然段，女孩提问及女士回答分开，末尾冒犯评语与母亲尴尬合段。 text与bodyText同步；sentences对象及时间、角色、索引原样保留。
304	public/nce/lessons/nce1/143.json	nce	nce1-143	A Walk Through the Woods	passed_edited	Codex	2026-10-07T07:49:05+00:00	"[{""path"":""content/article-review/history/d64a22c234f2aabaf9fcbd1c42535e023f5637e50fc305fe2faaeed68114fe85.json"",""locator"":""display: complete published JSON baseline; contextual segmentation review only"",""checked"":true,""sha256"":""906f9bf812298ed3344f27e16556a92ce6248ee5a6bac640a47302cdcfe714f4""}]"	22b337a4ae6d738762e4d783e4b19c59553721b3eafffaccb3c4b859daad4113	8e551a6b831a08d54916a1327ed5b2b57fede16f70c66a14fd95497a52a6ffdb	0	0	0	json;immutable_fields;text_consistency;content_evidence;revision_replay;idempotence	树林垃圾；风景小镇介绍、保洁要求落空、散步见垃圾三组自然段，末尾垃圾中的告示独立形成讽刺收束。 text与bodyText同步；sentences对象及时间、角色、索引原样保留。
305	public/nce/lessons/nce2/001.json	nce	nce2-001	A Private Conversation	passed_edited	Codex	2026-10-07T07:49:05+00:00	"[{""path"":""content/article-review/history/1a5b14e2f070c6a3fc71a2fd4ceb84b2c231949ba4a13f8f37878fe2b04be0f6.json"",""locator"":""display: complete published JSON baseline; contextual segmentation review only"",""checked"":true,""sha256"":""24d831fe7a890a2608943d23f870e82c0de2183eaf79906d06916e808fc8d5e7""}]"	2ee3a2d5e623ffa4cb91da72607e3d7853e12d7c0f5c0ba93c99f4e7963652e5	1d39534815eb884192e477da78c7209b690229a180b60b5ed94bffeb937160a8	0	0	0	json;immutable_fields;text_consistency;content_evidence;revision_replay;idempotence	剧院争执按观剧背景、身后说话与愤怒、作者抗议、年轻人反驳四个自然段；末尾同人引语合并。 text与bodyText同步；sentences对象及时间、角色、索引原样保留。
306	public/nce/lessons/nce2/002.json	nce	nce2-002	Breakfast or Lunch?	passed_edited	Codex	2026-10-07T07:49:05+00:00	"[{""path"":""content/article-review/history/50a42d67b3ff55d56cbcf2d8f9833de7c6831ac70a3b409e89371a7ca5c40aa9.json"",""locator"":""display: complete published JSON baseline; contextual segmentation review only"",""checked"":true,""sha256"":""c2051537053fb08353bd8685e59f0464cabec52884e71aad66f2e427eee44d48""}]"	c77a0c2ba5dba6199479e966a63a45f845c544e9f710067d521350d2e68689f7	75ec136c844e87f7574fbfab3309dcaef86865c9cdf1649b781d02de383db7a2	0	0	0	json;immutable_fields;text_consistency;content_evidence;revision_replay;idempotence	周日起晚；习惯、当天窗外与自语、阿姨来电开场、阿姨惊讶的完整引语各成段，中间问答保留轮次。 text与bodyText同步；sentences对象及时间、角色、索引原样保留。
307	public/nce/lessons/nce2/003.json	nce	nce2-003	Please Send Me a Card	passed_edited	Codex	2026-10-07T07:49:05+00:00	"[{""path"":""content/article-review/history/836e98b3522f4be5edf98a307fe2ff861e0fc09c6d2b50268fab3790797eb687.json"",""locator"":""display: complete published JSON baseline; contextual segmentation review only"",""checked"":true,""sha256"":""4d6f077dafc2aba48f48a5e11a1248d19aee53c8e827075798ee88fb7c29f5a6""}]"	ba00be181702fc0fbbd84e17569690445125f48ef99cee75f81c8bc4a9a2bb92	efa662620305d13a5b85eefb9f538920262fec5db2b89b455ec9bd23bb48f113	0	0	0	json;immutable_fields;text_consistency;content_evidence;revision_replay;idempotence	明信片烦恼；意大利游览学语言、天天惦记却没寄、末日买卡仍没写三个自然段，开篇概括独立。 text与bodyText同步；sentences对象及时间、角色、索引原样保留。
308	public/nce/lessons/nce2/004.json	nce	nce2-004	An Exciting Trip	passed_edited	Codex	2026-10-07T07:49:05+00:00	"[{""path"":""content/article-review/history/50848b8046f4b925bc9c0c9fc6c1c9d0e445eadb423535b3146428ece6501489.json"",""locator"":""display: complete published JSON baseline; contextual segmentation review only"",""checked"":true,""sha256"":""843cc8486ad2c5598caea4541260c1173b53f32f8efbbf3ec44db6c79b766d04""}]"	0a9688304a31225d1b4287e3913895b70c5702d317f31cbba08700f767e67c76	53ba73a9608a884866bfa6f11ab70d824f0dadb16b3c0ab5064799aeb25e4be9	0	0	0	json;immutable_fields;text_consistency;content_evidence;revision_replay;idempotence	兄长澳洲旅行；来信及工作背景合段，买车赴爱丽丝泉至珀斯的路线合段，首次出国兴奋作结。 text与bodyText同步；sentences对象及时间、角色、索引原样保留。
309	public/nce/lessons/nce2/005.json	nce	nce2-005	No Wrong Numbers	passed_edited	Codex	2026-10-07T07:49:06+00:00	"[{""path"":""content/article-review/history/78346d73527e3f6fadd22731f4328827fb9d70eef9f804889d613adf1cae14f4.json"",""locator"":""display: complete published JSON baseline; contextual segmentation review only"",""checked"":true,""sha256"":""b9b96c1c4ecb2df07f4535347902d4788f33eee0645503e74d313f2604012949""}]"	8e822734204d796109467779897c54c383987c8ff4365af6d8058bacdd583b8f	b854000fdea4f5bef3461a6907a94d529cf9ce693d88f452595644824b3bfa3f	0	0	0	json;immutable_fields;text_consistency;content_evidence;revision_replay;idempotence	鸽子通信；两车库无电话的原因、首次运送、至今私人电话服务三段，恢复Up to now被切开的主句。 text与bodyText同步；sentences对象及时间、角色、索引原样保留。
310	public/nce/lessons/nce2/006.json	nce	nce2-006	Percy Buttons	passed_edited	Codex	2026-10-07T07:49:06+00:00	"[{""path"":""content/article-review/history/20821f72f3b8f6c3042f19165326f50723b9e288489029039f66d2f876736522.json"",""locator"":""display: complete published JSON baseline; contextual segmentation review only"",""checked"":true,""sha256"":""9efcd69d0ff433fa795d0e40fe70a4f6763b3d7b059147b1b84018af2d91af51""}]"	f57109d7d4c223ed7e589306ea9ec3e7008748d2ec22873030fc971097b25100	af8a79d73ae9f91dbcf8196603b741ca4095d6dc29f5248ae6e28c6882803d7f	0	0	0	json;immutable_fields;text_consistency;content_evidence;revision_replay;idempotence	Percy乞讨；初来与索食表演、用餐离开、邻居介绍月度拜访三段。 text与bodyText同步；sentences对象及时间、角色、索引原样保留。
311	public/nce/lessons/nce2/007.json	nce	nce2-007	Too Late	passed_edited	Codex	2026-10-07T07:49:06+00:00	"[{""path"":""content/article-review/history/004a6e2007b769237a5d31d1341065febcbf2aacc1bca1937ded8cc68f02536f.json"",""locator"":""display: complete published JSON baseline; contextual segmentation review only"",""checked"":true,""sha256"":""7fbf23b7e3c98b1b3e114e21d0e6810c0f4f6f5796d963d9092c1cb2906df0df""}]"	c39c9a71432111e6a68f732de573522de6acca2bf77f4ab50983ded1f08eb27f	adab0015f36036294422404237f8fafed831d543fd16dbc1b1f220c8fc878ef2	0	0	0	json;immutable_fields;text_consistency;content_evidence;revision_replay;idempotence	钻石包裹；警察等候背景、飞机到达与搬包裹、守卫开包发现石沙三段。 text与bodyText同步；sentences对象及时间、角色、索引原样保留。
312	public/nce/lessons/nce2/008.json	nce	nce2-008	The Best and the Worst	passed_edited	Codex	2026-10-07T07:49:06+00:00	"[{""path"":""content/article-review/history/2924e1afb2d80f1a26ffeadd0f4f625bf4badc9ac9a8b51c01a8accc4ea99a5d.json"",""locator"":""display: complete published JSON baseline; contextual segmentation review only"",""checked"":true,""sha256"":""2fae6d2393172f1c5f60a61e1c728579984879861118ebbe447245de691a5a4e""}]"	ac25b2beda5bf13ec0902418daefc47c5aa173db8213bb9a3a31f508af5caa2c	124197e5042b88a1e9e9846616743b4faf8d9fa7d1156a806cffc3cd5558ad48	0	0	0	json;immutable_fields;text_consistency;content_evidence;revision_replay;idempotence	花园比赛；Joe常胜、与Bill对比及作者最差花园三段，恢复enters for和Every year两处断句。 text与bodyText同步；sentences对象及时间、角色、索引原样保留。
313	public/nce/lessons/nce2/009.json	nce	nce2-009	A Cold Welcome	passed_edited	Codex	2026-10-07T07:49:06+00:00	"[{""path"":""content/article-review/history/aa20ce75c8a82c6aab7a8dc9105144499c725a20d2d9578ef0e31b6d9bdba3af.json"",""locator"":""display: complete published JSON baseline; contextual segmentation review only"",""checked"":true,""sha256"":""c6e8819ee49571a0036e8177f49a6afbaf0708ec9910b57ba72dbaac8d2f9ccd""}]"	baff8bd24c084323ca9febbeb45d84ce1dfbad57020cde56852b5a40833a7dc1	777d8109d28de440bdf4e899273c4ba37cf89ccee3f29104d9a9313432389c58	0	0	0	json;immutable_fields;text_consistency;content_evidence;revision_replay;idempotence	跨年停钟；聚集等待、停摆、有人提醒和众人笑唱四段，完整保留两句喊话。 text与bodyText同步；sentences对象及时间、角色、索引原样保留。
314	public/nce/lessons/nce2/010.json	nce	nce2-010	Not for Jazz	passed_edited	Codex	2026-10-07T07:49:06+00:00	"[{""path"":""content/article-review/history/04e80762c8bf492f70c43a981b17d0c5ad375800ad2b8d8eeb9cc5353adfb49f.json"",""locator"":""display: complete published JSON baseline; contextual segmentation review only"",""checked"":true,""sha256"":""93c5257bd3ce3e068bbf70a1e5a3005f7fe6bf7b29797572ddc4502368a1562e""}]"	098cacb681aac8a8d26f3353cad7298e1be8a050e6cada8f51916202dd00825d	8f3fd2a59a810524f72d9ce6eb8d2ab9d006150451ee982b5ee321978bcc75d7	0	0	0	json;immutable_fields;text_consistency;content_evidence;revision_replay;idempotence	古钢琴；乐器来历、访客弹爵士损坏及当前禁碰维修三段，器名和年份原样。 text与bodyText同步；sentences对象及时间、角色、索引原样保留。
315	public/nce/lessons/nce2/011.json	nce	nce2-011	One Good Turn Deserves Another	passed_edited	Codex	2026-10-07T07:49:06+00:00	"[{""path"":""content/article-review/history/b9a3631b7b8522c28a50f5893ba7d6d35bbd32a40c684e86b79259eeab65f807.json"",""locator"":""display: complete published JSON baseline; contextual segmentation review only"",""checked"":true,""sha256"":""7c2d003a57f79ca14163d0102e805d8ff2928dbe12852819490b7f1394534311""}]"	402253a75b699a0ca1812249674ff828c3aacf631f7b78caa484c805b1edf150	47428efbba3fa13824aee12de0473dce71f9d0371190c945c15e5f819c265352	0	0	0	json;immutable_fields;text_consistency;content_evidence;revision_replay;idempotence	Tony借钱；餐馆相遇和借钱习惯、主动借二十镑、Tony要求付饭钱引语三段，恢复引语和说话者间切断。 text与bodyText同步；sentences对象及时间、角色、索引原样保留。
316	public/nce/lessons/nce2/012.json	nce	nce2-012	Goodbye and Good Luck	passed_edited	Codex	2026-10-07T07:49:06+00:00	"[{""path"":""content/article-review/history/c787814028e7e9047495ade493d041eea33c5cc1110b637798ae08f1626eb114.json"",""locator"":""display: complete published JSON baseline; contextual segmentation review only"",""checked"":true,""sha256"":""6fbd37662b20d41a71beacd84074155f0a5f7d27cf0705a4d22eb4dbfd232e00""}]"	1de05e6447f788997529828aa50c53931b42a7e72cf4a4bc82df102350377cc8	a0913719a59d4ff0f537867f30b2bb95a3472b9328ade748221446f73ddd8137	0	0	0	json;immutable_fields;text_consistency;content_evidence;revision_replay;idempotence	送别船长；出发与帆船来历、港口告别安排、两月跨洋赛与自豪三段。 text与bodyText同步；sentences对象及时间、角色、索引原样保留。
317	public/nce/lessons/nce2/013.json	nce	nce2-013	The Greenwood Boys	passed_edited	Codex	2026-10-07T07:49:07+00:00	"[{""path"":""content/article-review/history/35171f6345884a7fd8f53127f909fe4a2f85b9370c0b58367503c7f74e5bd052.json"",""locator"":""display: complete published JSON baseline; contextual segmentation review only"",""checked"":true,""sha256"":""990df0e3672b1157f0030e099873b0c0307b95bcb9feaa92b114b259cad176c4""}]"	423f0313cd7fb87ccd93974b47d69e78b0a9554bfa4d4b9c4c8230bda845ff18	2509e4467562cc3e7518f7f04c49ed369cfdbf10d5c94b721c44ffaadb72ee92	0	0	0	json;immutable_fields;text_consistency;content_evidence;revision_replay;idempotence	流行组合；巡演到达与迎接、五日五场演出、警方维持秩序三段。 text与bodyText同步；sentences对象及时间、角色、索引原样保留。
318	public/nce/lessons/nce2/014.json	nce	nce2-014	Do You Speak English	passed_edited	Codex	2026-10-07T07:49:07+00:00	"[{""path"":""content/article-review/history/a321129c2e14eefed799642abc3668693b456281e072fd37cfbe2c853edfdf56.json"",""locator"":""display: complete published JSON baseline; contextual segmentation review only"",""checked"":true,""sha256"":""a83810775dece7988d1f4468d78765f1b996e4da4378f46a5595206af52124a8""}]"	e45d26d8aa3f5aef16100310c3d052191ccfa93baea786c223344526d40e21a6	f20735858117ab05df4daa2d75fca45e32b35528242ab745d860a3e71ff3fe38	0	0	0	json;immutable_fields;text_consistency;content_evidence;revision_replay;idempotence	法国搭车；旅途接客、法语寒暄后沉默、临近城镇英语提问和身份揭示三段；中文原1与2重复属文字校勘保留。 text与bodyText同步；sentences对象及时间、角色、索引原样保留。
319	public/nce/lessons/nce2/015.json	nce	nce2-015	Good News	passed_edited	Codex	2026-10-07T07:50:51+00:00	"[{""path"":""content/article-review/history/23e93694af03d22bffae99579f54e225b10b9905b324f35dcf2ec98e38a02c15.json"",""locator"":""display: complete published JSON baseline; contextual segmentation review only"",""checked"":true,""sha256"":""0a155c5f7bf10fa90127aa6210c313fa246d2ad5b73ffd08b98745d8ac2d6339""}]"	8cc410af2e7be6bc2a79478e5dff128a26f2b4a0a202c2d08b2668c6b43b3298	61023ef9074028a0cd911bcd15304084aac6d02bc2ce4aebbb1347643e894966	0	0	0	json;immutable_fields;text_consistency;content_evidence;revision_replay;idempotence	加薪消息；紧张进办公室、经营不佳担心失业、老板打断后宣布加薪，作者试图插话独立。 text与bodyText同步；sentences对象及时间、角色、索引原样保留。
320	public/nce/lessons/nce2/016.json	nce	nce2-016	A Polite Request	passed_edited	Codex	2026-10-07T07:50:51+00:00	"[{""path"":""content/article-review/history/6e42e5d1537e773cbf8e118cb45ab5c6b54690d5297d5a03d2e6cdaaf5bfd2bc.json"",""locator"":""display: complete published JSON baseline; contextual segmentation review only"",""checked"":true,""sha256"":""7e270771f0b5ffdac33fbdc17d8a064bb2808801ba9c93fb630afd5c267591d9""}]"	a4c2a550f04761b4c47cb24cb7ed4fe5c13f3837575a6054a47b4fc5892a3a5a	f11b209c66903caa225e365333bb916f88c4b0d34867310f8eb2dc9a0693a502	0	0	0	json;immutable_fields;text_consistency;content_evidence;revision_replay;idempotence	停车礼貌便条；常见罚单与反例概述、瑞典发现便条、完整纸条三段，保留最后评论，恢复During从句。 text与bodyText同步；sentences对象及时间、角色、索引原样保留。
321	public/nce/lessons/nce2/017.json	nce	nce2-017	Always Young	passed_edited	Codex	2026-10-07T07:50:51+00:00	"[{""path"":""content/article-review/history/1ba69d461bf17acfa818c319ce5e7772de6261235d1ce2306ba3eef9f924b598.json"",""locator"":""display: complete published JSON baseline; contextual segmentation review only"",""checked"":true,""sha256"":""e605c84b47ba3ddfb5f23f5a07bfd1ee68c951e651857b3f0ecea6b5565a2864""}]"	2d01a9d9fafe99b5c1e1d52966473e344c1323b62d2a4e1c97bef0b432b36ee5	befcbc918d40f1fcd9fc583ccaa3550009ad62fb3098df6ddf0970f242be84ab	0	0	0	json;immutable_fields;text_consistency;content_evidence;revision_replay;idempotence	姑妈扮少女；年龄和舞台形象概述、新旧戏服对比两个自然段，拒报年龄引语作为结尾独立。 text与bodyText同步；sentences对象及时间、角色、索引原样保留。
322	public/nce/lessons/nce2/018.json	nce	nce2-018	He Often does This	passed_edited	Codex	2026-10-07T07:50:51+00:00	"[{""path"":""content/article-review/history/af5895a2ec32b6700c4895734c64dbfaeda514bd860160ef268266aa13889bb5.json"",""locator"":""display: complete published JSON baseline; contextual segmentation review only"",""checked"":true,""sha256"":""7dfdd31fa5a56afd8fb6eeeb2c1bb331f9c33860184e99c9f0a2ddf4de5433e7""}]"	c2825597fc69e046be44c761e1e1ea2a36876ffd69c8b679310f38c4fd1bb6ed	cf96947996b8f59d8a5f5ba0c61c7c270f99d8226d90f96b3bbd6aa727928130	0	0	0	json;immutable_fields;text_consistency;content_evidence;revision_replay;idempotence	酒吧失包；寻包、店主问候、取回包与解释狗的习惯各成段，作者无法付账回答单独保留。 text与bodyText同步；sentences对象及时间、角色、索引原样保留。
323	public/nce/lessons/nce2/019.json	nce	nce2-019	Sold Out	passed_edited	Codex	2026-10-07T07:50:51+00:00	"[{""path"":""content/article-review/history/d806ec3432184d479566278f1273aaa332735230ed46b3111e3b9afd503e9037.json"",""locator"":""display: complete published JSON baseline; contextual segmentation review only"",""checked"":true,""sha256"":""11fa138fc23f2abe1c86cb469172e6fdde6ca2e88e094d913b852668be25a8eb""}]"	64d3faf8e4d71c2cc628827ea7781f62b5633f88c174c18287519c00a94866f1	5e8c3ac7625afa760f2ab4201f558f23d9bc490b3ac748352caeecabba9980f8	0	0	0	json;immutable_fields;text_consistency;content_evidence;revision_replay;idempotence	买到下周票；各角色动作与对应提问合段，售票员对日期与是否仍要的回复完整合轮，不合并不同角色。 text与bodyText同步；sentences对象及时间、角色、索引原样保留。
324	public/nce/lessons/nce2/020.json	nce	nce2-020	One Man in a Boat	passed_edited	Codex	2026-10-07T07:50:51+00:00	"[{""path"":""content/article-review/history/2c94bbc02d5c81dc57e232d5a42df04770c600e1eb9e91223dc8de9bf26b0647.json"",""locator"":""display: complete published JSON baseline; contextual segmentation review only"",""checked"":true,""sha256"":""f460d9cb6264715efbb95a2fca2d1a15d1a76feafa31c582f882f53519f77171""}]"	f8d3c1f72dd395b13788ffe46e8e8f8cb999eb58eefbc44974b5b27e2e0ce796	67274f312e68a82183d4808ad7cb9a1511df5a4a313785a1b21e42ba2f2f81ed	0	0	0	json;immutable_fields;text_consistency;content_evidence;revision_replay;idempotence	钓鱼乐趣；个人爱好、别人钓垃圾与自己空手、最后说明享受闲坐三段，朋友劝告独立，恢复After从句。 text与bodyText同步；sentences对象及时间、角色、索引原样保留。
325	public/nce/lessons/nce2/021.json	nce	nce2-021	Mad or Not	passed_edited	Codex	2026-10-07T07:50:51+00:00	"[{""path"":""content/article-review/history/5d1da7963f67021964c6243ca4429fac8169ef7365a333fce9bee02df40a724f.json"",""locator"":""display: complete published JSON baseline; contextual segmentation review only"",""checked"":true,""sha256"":""4fcf849b0ba552231b2e5a2880067df8f7cba7fb319772e09ce5a21f3155ddfe""}]"	1597e1760f86e1ca0fb0219c5d77e93351da0b50cd27abb98279f9ef6c0ee8a8	dbcf3234766393ffd7d4a2e1fef9960f2d41dc452e56b3e293ec4f4b627de36a	0	0	0	json;immutable_fields;text_consistency;content_evidence;revision_replay;idempotence	机场噪音；机场背景、居民迁走与留居恐惧、坚持不走及疯癫评价三段。 text与bodyText同步；sentences对象及时间、角色、索引原样保留。
326	public/nce/lessons/nce2/022.json	nce	nce2-022	A Glass Envelope	passed_edited	Codex	2026-10-07T07:50:52+00:00	"[{""path"":""content/article-review/history/f0ec8e361f5b627f90f60722ce1ab642f932e91b96f319aa1ea155d41e9019e5.json"",""locator"":""display: complete published JSON baseline; contextual segmentation review only"",""checked"":true,""sha256"":""a98c9495732b0d23f8674c66cdaa0c671a108eab22c98963e387bf9bb33e9f42""}]"	4d07d85b094b1f56c60728f9a2ccf34736f65033b57b1965feaca14a538ffc02	a4987b3f02a3f40720b6b26387f9adf6d7593955ed5cb170f3bf64c99fc44aed	0	0	0	json;immutable_fields;text_consistency;content_evidence;revision_replay;idempotence	漂流瓶通信；投瓶到荷兰回信合叙事段，如今用邮局及速度评价合结尾段，意外收信开篇独立。 text与bodyText同步；sentences对象及时间、角色、索引原样保留。
327	public/nce/lessons/nce2/023.json	nce	nce2-023	A New House	passed_edited	Codex	2026-10-07T07:50:52+00:00	"[{""path"":""content/article-review/history/7b2614368885cb8bc2fc74a2ca526d2221e9fa712669fed528863002dfd873af.json"",""locator"":""display: complete published JSON baseline; contextual segmentation review only"",""checked"":true,""sha256"":""1c716f9d9b280510772cf8800698abca0181cc138a4b968c9771f63f4998220d""}]"	6f28c36cdbba28f3ea998b434b2e1ab4c025e5305a7ac48717f96a38d64bacd3	390ea15fcf7b767b10ee4992972a86642a55b2dcd6afbe2cabec14806b230a98	0	0	0	json;immutable_fields;text_consistency;content_evidence;revision_replay;idempotence	姐姐来信与现代新房；回英消息、建房惊喜、邀请居住及房屋特点三段。 text与bodyText同步；sentences对象及时间、角色、索引原样保留。
328	public/nce/lessons/nce2/024.json	nce	nce2-024	It Could be Worse	passed_edited	Codex	2026-10-07T07:50:52+00:00	"[{""path"":""content/article-review/history/e508b9600e62b388af4f84f18920670688693d038eea8a3c10376d5933571f59.json"",""locator"":""display: complete published JSON baseline; contextual segmentation review only"",""checked"":true,""sha256"":""e68cdf42bf5c77879540beed80eeed8e380c0194037fa0695293d3b4d775b05a""}]"	c09b9fc2892e5627fc2bf68bff9208756184d2c34ec32b0cb1cc39f1117f5da2	c8f2f104afb07de5ef5fdf29067907721402eb14db3e82a0891c1ef0275209a7	0	0	0	json;immutable_fields;text_consistency;content_evidence;revision_replay;idempotence	旅馆丢钱；作者陈述、经理抱怨、女孩交回信封各成段，末尾作者感叹独立；text引号前多余空格同步为bodyText。 text与bodyText同步；sentences对象及时间、角色、索引原样保留。
329	public/nce/lessons/nce2/025.json	nce	nce2-025	Do the English Speak English	passed_edited	Codex	2026-10-07T07:50:52+00:00	"[{""path"":""content/article-review/history/2e3266cdd849c5148493a72a63d0368b3312f6bbf85a8c0d5e34804959808a15.json"",""locator"":""display: complete published JSON baseline; contextual segmentation review only"",""checked"":true,""sha256"":""f7bd83db3cfc3f2ab4869e1407db3a88b3b65682977802a49287f2e6779f0dc6""}]"	ee8a1bea3e0f349accbdca5af16ff3e66133dfb46eafee1db38b763bd530c038	b7905f9d02b19cbc736c91588fd2bbb3c80743b91f323a5011b9b3b0e182e7d6	0	0	0	json;immutable_fields;text_consistency;content_evidence;revision_replay;idempotence	车站问路；到达求助、双方听不懂、放慢仍困惑、搬运工鼓励及作者反思分段，作者外国人插话独立。 text与bodyText同步；sentences对象及时间、角色、索引原样保留。
330	public/nce/lessons/nce2/026.json	nce	nce2-026	The Best Art Critics	passed_edited	Codex	2026-10-07T07:50:52+00:00	"[{""path"":""content/article-review/history/89ce03e7bc1b8fa833501eb1b105a83e0fafa8495c6e220d15381f109966696a.json"",""locator"":""display: complete published JSON baseline; contextual segmentation review only"",""checked"":true,""sha256"":""ebe82be7c496ffa959fe0cdf4f405afc0d29b2df9ccf173440437cd33d0be9a1""}]"	13b3edb26ad8f84d0f9a595d4540a69c8edcd5588fe43f5a21c163fedc63870f	b1c97a70a8fcf906f4afd99eb22f1d72f9145ddbdcf8a6b43428ebf0de967dc6	0	0	0	json;immutable_fields;text_consistency;content_evidence;revision_replay;idempotence	艺术评论；现代画观点、儿童理解、妹妹来问、挑评倒挂、作者确认各成段。中文2与3近似重复属校勘保留。 text与bodyText同步；sentences对象及时间、角色、索引原样保留。
331	public/nce/lessons/nce2/027.json	nce	nce2-027	A Wet Night	passed_edited	Codex	2026-10-07T07:50:53+00:00	"[{""path"":""content/article-review/history/a7f013db36b736d09f4b84421678fa17e69094f755119e12ffe6653d11f35042.json"",""locator"":""display: complete published JSON baseline; contextual segmentation review only"",""checked"":true,""sha256"":""f88f8204cbf8f4bd1afa7a4d79ffd5174720eb9cc4d719e6fd9e83803e5b6a24""}]"	fd256bfd7f72eaf2afc1be7a8db7d5e2fcfbbeef0be9ceb048aa20c5eb54109a	543a62e3f10d7c2a46cd4a50f5ea38b200761c62d6018762447202fae2d811e2	0	0	0	json;immutable_fields;text_consistency;content_evidence;revision_replay;idempotence	露营雨夜；搭帐做饭唱歌、下雨入睡、半夜进水及发现溪流三个自然段。 text与bodyText同步；sentences对象及时间、角色、索引原样保留。
332	public/nce/lessons/nce2/028.json	nce	nce2-028	No Parking	passed_edited	Codex	2026-10-07T07:50:53+00:00	"[{""path"":""content/article-review/history/fb57f1dcb928f3b1fc83abeb08f7ed7896693e5096c139bb06c107989b19bccb.json"",""locator"":""display: complete published JSON baseline; contextual segmentation review only"",""checked"":true,""sha256"":""a2e5ca0d851a41941f9714f00abcccaf5c3effe1b45bd77123316b26eb602691""}]"	619816395b52d0634a6db36301eb3caa7b985a1d78bfbb25f85588e1859de2b4	d5731d14aeeaf51d909813cdbd24ca8fad07b56db8135b193e7658eb8c7d1146	0	0	0	json;immutable_fields;text_consistency;content_evidence;revision_replay;idempotence	门前停车与美杜莎；人物及堵门困扰、禁停无效改装石像、期望落空三个自然段。 text与bodyText同步；sentences对象及时间、角色、索引原样保留。
333	public/nce/lessons/nce2/029.json	nce	nce2-029	Taxi	passed_edited	Codex	2026-10-07T07:50:53+00:00	"[{""path"":""content/article-review/history/c5dc5781b1fda1a091069a45a66825515588ddc47c709811b681f24d2349551e.json"",""locator"":""display: complete published JSON baseline; contextual segmentation review only"",""checked"":true,""sha256"":""93457c09171c8771be67adbaa32a6360bf340b5c6641fb60885834b93bc917c0""}]"	a89429437f6147d3027dbb0b2c5619e3ca3f9318b71b1ffca894d4788c3819bd	d0fdb18f7e86a381b983981a644f3dd02128bd14d6f7a0cda10b1bf53c64bcbf	0	0	0	json;immutable_fields;text_consistency;content_evidence;revision_replay;idempotence	飞机出租车；飞机性能、首位乘客及特殊降落、拒绝孤岛航程三段。 text与bodyText同步；sentences对象及时间、角色、索引原样保留。
334	public/nce/lessons/nce2/030.json	nce	nce2-030	Football or Polo?	passed_edited	Codex	2026-10-07T07:50:53+00:00	"[{""path"":""content/article-review/history/63532f13c1891d59f3626db0d8091f51782889b6b035ad0d09d8df58848fe60b.json"",""locator"":""display: complete published JSON baseline; contextual segmentation review only"",""checked"":true,""sha256"":""b804bead9c86d07b7c82c99696f18fa549ce2448480d45a0ead97a30aef146df""}]"	9cff50225d2317d796af9305e16fed537adca96d22fe04dfe5489813431c557d	510ec65b8b80ee64c94491b9dd8d41b053e10a190778d86d67ff3f58d575dd89	0	0	0	json;immutable_fields;text_consistency;content_evidence;revision_replay;idempotence	河畔足球；场景背景、踢球击中船客与孩子逃离、男子笑还球三段。 text与bodyText同步；sentences对象及时间、角色、索引原样保留。
335	public/nce/lessons/nce2/031.json	nce	nce2-031	Success Story	passed_edited	Codex	2026-10-07T07:50:53+00:00	"[{""path"":""content/article-review/history/305b99ccdd2a8cb969986920de21c6e510ff0f171f348559ee58801036855806.json"",""locator"":""display: complete published JSON baseline; contextual segmentation review only"",""checked"":true,""sha256"":""9a2cc8bcb012969fcf0ea06b077b570138f27698d8093726e3c8dcfe667023a3""}]"	275c79153ce279458c95b61a91dfc5055862eb4de9ad9f0331bcee42dffd25e3	efc1f449b41a6caa1bcf56d0f2f6ccf685bee97caf17ca5fe3118765f0801853	0	0	0	json;immutable_fields;text_consistency;content_evidence;revision_replay;idempotence	Frank成功经历；昔日修车工作、创业扩厂、回忆微笑又修孙子车三段，恢复Before he retired断句。 text与bodyText同步；sentences对象及时间、角色、索引原样保留。
336	public/nce/lessons/nce2/032.json	nce	nce2-032	Shopping Made Easy	passed_edited	Codex	2026-10-07T07:50:53+00:00	"[{""path"":""content/article-review/history/c0c21f8ea7cd9fda645548fb58fee5b7d4f543d0f95dae5574c073a76b99335f.json"",""locator"":""display: complete published JSON baseline; contextual segmentation review only"",""checked"":true,""sha256"":""460875597f5191501f666745d4bdc003b57fb4618efd86395d0afc76037a2fd0""}]"	00f6a8b042db62887e75b94c6e49117154189ddd6091b67dd1ae38de50692c80	f439359c9d56ce137b12e053cdd134db61424723939443ff1a31e1ea1159b970	0	0	0	json;immutable_fields;text_consistency;content_evidence;revision_replay;idempotence	商场偷裙；诚实概论、侦探观察购物盗取过程、母女关系揭晓三段。 text与bodyText同步；sentences对象及时间、角色、索引原样保留。
337	public/nce/lessons/nce2/033.json	nce	nce2-033	Out of the Darkness	passed_edited	Codex	2026-10-07T07:50:53+00:00	"[{""path"":""content/article-review/history/b8ff33b42a7138fff23aa14ff7895be0725cca15139f913ff735af5d93c0e13e.json"",""locator"":""display: complete published JSON baseline; contextual segmentation review only"",""checked"":true,""sha256"":""ab4ee84e64409875bb7103fb0373e6c237c5aae4d99b1ed14318177232539c78""}]"	112381ae2786096d76b70715b454c784b2118bd37d1a2b9cc7014470fb461094	b297b92c63f59a75e44a8bade1f0860cee8c553381cb0688bc345da02ef7efdb	0	0	0	json;immutable_fields;text_consistency;content_evidence;revision_replay;idempotence	暴风海上逃生；乘船遇险游八英里、见光攀崖、医院醒来三段，开篇一周后述说独立。 text与bodyText同步；sentences对象及时间、角色、索引原样保留。
338	public/nce/lessons/nce2/034.json	nce	nce2-034	Quick Work	passed_edited	Codex	2026-10-07T07:50:53+00:00	"[{""path"":""content/article-review/history/a1df5e59ac6308471734fa78e46fa635029fc65e2605a1c7face1963f8bf5308.json"",""locator"":""display: complete published JSON baseline; contextual segmentation review only"",""checked"":true,""sha256"":""86e0f7af1ba0c307b41c504d698dacedb4988d3010f8d1618c9948459a1d416d""}]"	e9f3a5c5552755faac6d28d8ad4c339ef67a72eb7e00ecb3119b2ed2881e6118	441dde91e4368799276cbdb987660800efe719bd51de6e4e617c5b2c6ccf40f0	0	0	0	json;immutable_fields;text_consistency;content_evidence;revision_replay;idempotence	找回二十年前自行车；警方来信忧虑、找到及送还消息、惊讶原由三段。 text与bodyText同步；sentences对象及时间、角色、索引原样保留。
339	public/nce/lessons/nce2/035.json	nce	nce2-035	Stop Thief	passed_edited	Codex	2026-10-07T07:50:53+00:00	"[{""path"":""content/article-review/history/eeeb63d07cc432f56ba4b788195ab74152484d70d28551f7078b1be69e1d1f63.json"",""locator"":""display: complete published JSON baseline; contextual segmentation review only"",""checked"":true,""sha256"":""3c89ad075bd99c326800640621a24c33ef898350b6d54a1cf0177250bd8ae745""}]"	7b7eb2fba102dd143db9e1fb3f632a75b004c108741710e6531fa3393553002b	475b670b2dca70d5c67313420209e9a9d275e157d3988c9b7627be2ae6bea008	0	0	0	json;immutable_fields;text_consistency;content_evidence;revision_replay;idempotence	公交车捉贼；换工作背景、见贼撞向并掉钱、撞车尾报警、警方抓捕四段。中文掉袋句末缺标点，特保留与下一从句的段界。 text与bodyText同步；sentences对象及时间、角色、索引原样保留。
340	public/nce/lessons/nce2/036.json	nce	nce2-036	Across the Channel	passed_edited	Codex	2026-10-07T07:50:54+00:00	"[{""path"":""content/article-review/history/ac049ee642fa3b0d5e0352d8c76ce421105e65fc432c6e924a5d3800a6830824.json"",""locator"":""display: complete published JSON baseline; contextual segmentation review only"",""checked"":true,""sha256"":""3121d4ada8cf4c074da27e8b6b502c5916d6bca6dec65c4649707619d6d55cc9""}]"	2c1c93c7a80dce9d9c9ce50fdc4ad1fc14fbab941141667a7059404565ad694b	814f71081690fb59c3d2812fe62bf86c8758c7de2b16be665f7c6631bc2fb3c3	0	0	0	json;immutable_fields;text_consistency;content_evidence;revision_replay;idempotence	Debbie横渡；年龄出发及目标、父亲伴随、休息饮食安排、同学母亲迎接四段。 text与bodyText同步；sentences对象及时间、角色、索引原样保留。
341	public/nce/lessons/nce2/037.json	nce	nce2-037	The Olympic Games	passed_edited	Codex	2026-10-07T07:50:54+00:00	"[{""path"":""content/article-review/history/71fd8a916d2352cee176dbbbf95c6eb1f7f230ad70b09f61eb20664a4cc0ff77.json"",""locator"":""display: complete published JSON baseline; contextual segmentation review only"",""checked"":true,""sha256"":""082e11ab1e5b3f57673a07e6e0aecdfb5cce55018d25a0c25cc923dd3475a43b""}]"	5bf3ed622692ca5f74f2838591e4a0be743662ed8b95a1b790e9b7e58a3670ae	d3b558b69dcf262af31f7f2bd011610630c695ebe49c58938539ac0670fc3a55	0	0	0	json;immutable_fields;text_consistency;content_evidence;revision_replay;idempotence	奥运建设；英文按场馆交通计划、工程进度设计、期待举办三段；中文多处句末无标点且有重复错接，只保留原行界以免粘连句子，文字校勘不在本轮改动。 text与bodyText同步；sentences对象及时间、角色、索引原样保留。
342	public/nce/lessons/nce2/038.json	nce	nce2-038	Everything Except the Weather	passed_edited	Codex	2026-10-07T07:50:54+00:00	"[{""path"":""content/article-review/history/b4c4742ed270fa9cb7ca21f62596c41a03c72fc06182a8688dd555dc5bf393a2.json"",""locator"":""display: complete published JSON baseline; contextual segmentation review only"",""checked"":true,""sha256"":""6ae7c549a515794b4058dcbe34aaa71ecbdb502586f38980866ed75597585aeb""}]"	b5a8bcc95a3272fbd8a98a749531bb7f8ed4055ccec7daadc20fcff46d383248	2256bf7ebe87a304ab9b630be1e36ad4c177f9405e80fdf9991869894d346b4a	0	0	0	json;immutable_fields;text_consistency;content_evidence;revision_replay;idempotence	Harrison退休；归英买房、气候冲击、卖房梦碎三段。中文数行缺句末标点，保留其句际换行，仅合可明确的从句及有标点衔接。 text与bodyText同步；sentences对象及时间、角色、索引原样保留。
343	public/nce/lessons/nce2/039.json	nce	nce2-039	Am I All Right	passed_edited	Codex	2026-10-07T07:50:54+00:00	"[{""path"":""content/article-review/history/902dbfc8a040d0abebd33a973b9b666957129143ad872babc404f7ab74f978d5.json"",""locator"":""display: complete published JSON baseline; contextual segmentation review only"",""checked"":true,""sha256"":""1c6e2222aa6b86febd6240f60d6d13c2956ef53f15c9dfe4ab33461e1301051f""}]"	74e54b95c36afd88c23bc228939b859570fff685c889deb98de0199b3b4489e8	cdcb2225185b7574fa389f3f9055ad444e3751eeab1e98e24c63ec3ebfd2bde8	0	0	0	json;immutable_fields;text_consistency;content_evidence;revision_replay;idempotence	患者自询手术；索电话致电、假扮他人询问手术归期、揭露身份回答合段，医生问亲属独立。 text与bodyText同步；sentences对象及时间、角色、索引原样保留。
344	public/nce/lessons/nce2/040.json	nce	nce2-040	Food and Talk	passed_edited	Codex	2026-10-07T07:50:54+00:00	"[{""path"":""content/article-review/history/2b151cfca0d3433abc71972179435d2f6872514f7b439e2cf8c60cf1dbd2666f.json"",""locator"":""display: complete published JSON baseline; contextual segmentation review only"",""checked"":true,""sha256"":""9adf080190dabafbfc56f2e9da2f16ee21272930d5fa5d707f3156db8e7b2238""}]"	d21783fae0648ee7746efaa73f60b2aa87c8c4254542467e1e032450086969fa	2362ba46571edf52baf8f3ddf020af5b60ff8e7e01296ffc488685dcc0c16951	0	0	0	json;immutable_fields;text_consistency;content_evidence;revision_replay;idempotence	晚宴少言女士；人物进食背景、作者开场及戏剧提问、末尾女士劝少说完整合段，其余每次问答保留轮次。 text与bodyText同步；sentences对象及时间、角色、索引原样保留。
345	public/nce/lessons/nce2/041.json	nce	nce2-041	Do You Call That a Hat?	passed_edited	Codex	2026-10-07T07:50:54+00:00	"[{""path"":""content/article-review/history/013b0ed4550641ca7b4e374d1836ba89c040c0eca3539712d13a997cb99071cc.json"",""locator"":""display: complete published JSON baseline; contextual segmentation review only"",""checked"":true,""sha256"":""ccc08363d33d4f471fca28d96e63153fd45c12d8ffe4ec81abb658e2b44360ad""}]"	d920f284e59a8dce4b520373788e27313a99ad547761ab8243db12bb9c1deea9	98a1a8106580be7822e287bd0b806d83e3a1ae97e0ce7effc033f0881cefbf07	0	0	0	json;immutable_fields;text_consistency;content_evidence;revision_replay;idempotence	夫妻买帽；等候背景、作者评论后后悔、妻子举领带反驳、戴灯塔帽离店分别合段，交锋话轮保留。 text与bodyText同步；sentences对象及时间、角色、索引原样保留。
346	public/nce/lessons/nce2/042.json	nce	nce2-042	Not Very Musical	passed_edited	Codex	2026-10-07T07:50:54+00:00	"[{""path"":""content/article-review/history/9840fa5414a9c4e34ae3b189adf21be94838dd9d6ee1be361bbb2dd301a73e28.json"",""locator"":""display: complete published JSON baseline; contextual segmentation review only"",""checked"":true,""sha256"":""2473a61a1a04afeae0779b66e0013706d327d5e0f5d3aa412319f24cd2a4af8c""}]"	d44c7be718917f0d044546a0367f6f1cb1f2867f338f0ff2504301f9625ed14c	3411d66a4394390dccb1257505af4581826999a45d1a0345f59c93fcc754d807	0	0	0	json;immutable_fields;text_consistency;content_evidence;revision_replay;idempotence	德里耍蛇；广场休息发现艺人、吹笛蛇舞、爵士与蛇无差别反应三段。 text与bodyText同步；sentences对象及时间、角色、索引原样保留。
347	public/nce/lessons/nce2/043.json	nce	nce2-043	Over the South Pole	passed_edited	Codex	2026-10-07T07:50:54+00:00	"[{""path"":""content/article-review/history/9525ace9f945b7671bd2341cdd737ac63c8700a54e0271c84e6dda0cac911ede.json"",""locator"":""display: complete published JSON baseline; contextual segmentation review only"",""checked"":true,""sha256"":""b406a25e46356a5cabe24000dc3711dd283bddf8632b64eb209065f4a732df84""}]"	28ee349e1887c42ad86c02af250263047f14094228d6daffedda5e3249e05478	3c94793799995ba092434a8d2f1be386ae221c28be6f28e65dfe526a70d080ea	0	0	0	json;immutable_fields;text_consistency;content_evidence;revision_replay;idempotence	飞越南极；开篇航行史独立，山脉险情、抛袋爬升、抵达无阻三个自然段。 text与bodyText同步；sentences对象及时间、角色、索引原样保留。
348	public/nce/lessons/nce2/044.json	nce	nce2-044	Through the Forest	passed_edited	Codex	2026-10-07T07:50:55+00:00	"[{""path"":""content/article-review/history/de6c946d1928900dbd5fe8b454d9adf978d67c0297759bed9a2e0bd18b117625.json"",""locator"":""display: complete published JSON baseline; contextual segmentation review only"",""checked"":true,""sha256"":""e3c8d69beebc8c31b2a52277f570d8001aca267a4b824b5db8e2312881e5d929""}]"	bfc7a6041e32a0f3f3600209b15a56abd705f1776ac71c5afee2d0b011d29987	b7c0cdd64bc2788697b9bed2781c56dba03f13d4169e63a08fb8786911beafed	0	0	0	json;immutable_fields;text_consistency;content_evidence;revision_replay;idempotence	Sterling追贼；抢包背景、追逐夺回两个自然段，事后肩带与未失财物引语独立。 text与bodyText同步；sentences对象及时间、角色、索引原样保留。
349	public/nce/lessons/nce2/045.json	nce	nce2-045	A Clear Conscience	passed_edited	Codex	2026-10-07T07:50:55+00:00	"[{""path"":""content/article-review/history/2543e20e6142af6e63dfb73ca303722d74e5364f29e5f15920dd8ae1c514e7b7.json"",""locator"":""display: complete published JSON baseline; contextual segmentation review only"",""checked"":true,""sha256"":""b151da18ed0b360cdc1d84b37346fdb5c4aa5278ceeb322908a4183f7e02e693""}]"	64ed9e84069329bde0b6bc066f88a06efdc9a4f2c16e797f0f0995a9700299fc	9ac6d1fb05d1fc602a1fb23544c759ae121900a286cc6e72d0e5456b16e6408d	0	0	0	json;immutable_fields;text_consistency;content_evidence;revision_replay;idempotence	分次还款的小偷；钱包遗失、三月后还一半、两月后再还、最终全还四阶段，便条各随当次动作合段。 text与bodyText同步；sentences对象及时间、角色、索引原样保留。
350	public/nce/lessons/nce2/046.json	nce	nce2-046	Expensive and Uncomfortable	passed_edited	Codex	2026-10-07T07:50:55+00:00	"[{""path"":""content/article-review/history/eefe38c474fa419dcc168126a69b34ea048be389dda2bf53e5cc03279a03ed10.json"",""locator"":""display: complete published JSON baseline; contextual segmentation review only"",""checked"":true,""sha256"":""64b7734472e8cfe992c7f2af67ae65f319f56aa73b1f661fdb455848e46caa99""}]"	6c65dbd2f5bbb25065045b87616e8af99546537bd02e6710bc918c1973eb3691	824a5433b16252e8bde9b2d6f2204e1a593463ee9a33d8a8af3cddaa2cc334aa	0	0	0	json;immutable_fields;text_consistency;content_evidence;revision_replay;idempotence	木箱偷渡；异常重箱、打开见人、被捕供述及高昂旅费三个自然段。 text与bodyText同步；sentences对象及时间、角色、索引原样保留。
351	public/nce/lessons/nce2/047.json	nce	nce2-047	A Thirsty Ghost	passed_edited	Codex	2026-10-07T07:50:55+00:00	"[{""path"":""content/article-review/history/a4d2bbb08d72a54b69166cf09e8f480299f645e6a0f3e3434341eef8468a4d0c.json"",""locator"":""display: complete published JSON baseline; contextual segmentation review only"",""checked"":true,""sha256"":""0167df7ee6d9a8581057edfa7bf6b034ee370697ef08fb63843f42d50074caa3""}]"	dc71ed4d0ba54c3139bfce3bea784892b43b09bc7b638094441ca60a9bd8a0ca	988c9d4a6d49fdb24f43d91f51c607179b329f18112d9239f98bde9e72932f8b	0	0	0	json;immutable_fields;text_consistency;content_evidence;revision_replay;idempotence	闹鬼酒吧；出售原因、夜晚声音与早晨证据、作者解释和村民拒绝三段。 text与bodyText同步；sentences对象及时间、角色、索引原样保留。
352	public/nce/lessons/nce2/048.json	nce	nce2-048	Did You Want to Tell Me Something	passed_edited	Codex	2026-10-07T07:50:55+00:00	"[{""path"":""content/article-review/history/710607202badeb94937bb1c71a5122611177c15e349650a3a2a5e35500dc7f1a.json"",""locator"":""display: complete published JSON baseline; contextual segmentation review only"",""checked"":true,""sha256"":""02d24d4b8e35a5af1bbaca4759829b7f0802168eceaa4ef9765d71da7155ebf0""}]"	60da769ef7c81ad05a1f3bfafddb26343662acc4e28323cbf339f187b219f740	5f5d1cb505cb6b452af86a2ff4c029fe830301f446e93b4b779ced400cbb4baf	0	0	0	json;immutable_fields;text_consistency;content_evidence;revision_replay;idempotence	牙医拔错牙；无法回答的拔牙后闲谈一段，舌探牙洞至取棉后告知真相一段，开篇概括独立，恢复When从句。 text与bodyText同步；sentences对象及时间、角色、索引原样保留。
353	public/nce/lessons/nce2/049.json	nce	nce2-049	The End of a Dream	passed_edited	Codex	2026-10-07T07:50:55+00:00	"[{""path"":""content/article-review/history/0e154095e6bb4c6989bb9ad70c0e873484c8610a6d38a0940ca8a76b2969dea7.json"",""locator"":""display: complete published JSON baseline; contextual segmentation review only"",""checked"":true,""sha256"":""e18be28c7b408f90b9bbcb8eafdfac7ab223d80bc5fbc7271fab08fd9a015c86""}]"	cbf36138d0b6443af9916feb32e296baaf39d302c4d496fb1a745a2a5356df70	4e02e20aa92f182a9913559a6052c42cf6230fdf5fd6fca5206ec570b28a5d24	0	0	0	json;immutable_fields;text_consistency;content_evidence;revision_replay;idempotence	屋顶新床；积蓄买床搬上屋顶、风吹坠地幸无伤、搬床垫回地板三段。 text与bodyText同步；sentences对象及时间、角色、索引原样保留。
354	public/nce/lessons/nce2/050.json	nce	nce2-050	Taken for a Ride	passed_edited	Codex	2026-10-07T07:50:55+00:00	"[{""path"":""content/article-review/history/34dc90718cafa589f16cc5e5dfeb425bfe0b90c8edda56bf0dc593dcb6eda8ad.json"",""locator"":""display: complete published JSON baseline; contextual segmentation review only"",""checked"":true,""sha256"":""f21735b51e868df129aa9104a03ec49c3d3377616369f23f85243b82696321aa""}]"	e72969f531d017dd712185d3df0e63c51ee1b65ca071096bb7c10371d7681046	4aa88383e4c64daed112e2f8a96a3f41e5807a8dbc468499dde2bc8c4aaec5e3	0	0	0	json;immutable_fields;text_consistency;content_evidence;revision_replay;idempotence	公交过站；乡游开场、上车目的地完整请求、发现只剩自己、售票员道歉及末尾留车完整回答各成段。 text与bodyText同步；sentences对象及时间、角色、索引原样保留。
355	public/nce/lessons/nce2/051.json	nce	nce2-051	Reward for Virtue	passed_edited	Codex	2026-10-07T07:50:55+00:00	"[{""path"":""content/article-review/history/f28ded4fce35b20a9ba4343dadd8ba82fbf460ba4e14a19fbcdf349f47781f46.json"",""locator"":""display: complete published JSON baseline; contextual segmentation review only"",""checked"":true,""sha256"":""b2277687aba28bd6ed443b267eb1c5601006364f6163d3b1e880b48f65de9453""}]"	a7a1b40e9a64b9cba4ee7040ee13294622a1d5edbf90a83297acc2fca711e446	289caecee0d9c33a219c3096ba9722806a3436d79e4301cb2b67036f2e574b31	0	0	0	json;immutable_fields;text_consistency;content_evidence;revision_replay;idempotence	Hugh减肥；节食禁食清单、来访看见藏包、以糖果奖励自己三段。 text与bodyText同步；sentences对象及时间、角色、索引原样保留。
356	public/nce/lessons/nce2/052.json	nce	nce2-052	A Pretty Carpet	passed_edited	Codex	2026-10-07T07:50:55+00:00	"[{""path"":""content/article-review/history/97df18e54b2a678d93962d7cc55000f011ab223604198f7972f82698044bb117.json"",""locator"":""display: complete published JSON baseline; contextual segmentation review only"",""checked"":true,""sha256"":""4ed77ab70c6c73f9825ee1b3f2308fa4ff258c1c137c0b76e1910c53b9a2951c""}]"	44f6aee3f261df639e38fda357b78eae113736aba88d819f3ec4fddfaa9d79ae	22d0d85f6a004bb2d17c3bede1313b5e1dfa2b28c54e6a727dd85481c73463a1	0	0	0	json;immutable_fields;text_consistency;content_evidence;revision_replay;idempotence	书作地毯；整理小房间铺满书、姐姐搬书架进门、姐姐评价及读地毯笑话三段，恢复最后两行引语。 text与bodyText同步；sentences对象及时间、角色、索引原样保留。
357	public/nce/lessons/nce2/053.json	nce	nce2-053	Hot Snake	passed_edited	Codex	2026-10-07T07:50:56+00:00	"[{""path"":""content/article-review/history/86322a8c5c49b640844e353f2dd473b92ab87bb36f416a1d6fcb8f47287bcae4.json"",""locator"":""display: complete published JSON baseline; contextual segmentation review only"",""checked"":true,""sha256"":""a03007bbf7b13fa43cee63e63a6fde47e8cf3a2e72d84cf992d5df52dd743ebc""}]"	6b9f062d0c20710d8cf544192f7a7a34694c840f9ff22978f800282581996764	f8833dc34e0bf1a00631b4836cc74adc1fc162e99e8f20b4f9ee384848e92b69	0	0	0	json;immutable_fields;text_consistency;content_evidence;revision_replay;idempotence	森林火灾蛇因；排除常见火源、发现高压线蛇骸、鸟丢蛇引火解释三段。 text与bodyText同步；sentences对象及时间、角色、索引原样保留。
358	public/nce/lessons/nce2/054.json	nce	nce2-054	Sticky Fingers	passed_edited	Codex	2026-10-07T07:50:56+00:00	"[{""path"":""content/article-review/history/63714832aeac7b252bfb1ba7764647f3a978404d33dbe956679e4927fdc30a98.json"",""locator"":""display: complete published JSON baseline; contextual segmentation review only"",""checked"":true,""sha256"":""9b2839006453638608954db74dd5f3e46022406ab10da77b6503defc244045c8""}]"	95c310a5ee4c94d08aac17036a365592284867ca9a333469c66d3b853324ab52	eb0cfb590e66c6214419fd9bab9afd289c1a64053bb33c61e854b78ccfa3737b	0	0	0	json;immutable_fields;text_consistency;content_evidence;revision_replay;idempotence	做派受扰；家静做派手黏、接电话弄脏各处、邮递员索签第二次打扰三段。 text与bodyText同步；sentences对象及时间、角色、索引原样保留。
359	public/nce/lessons/nce2/055.json	nce	nce2-055	Not a Gold Mine	passed_edited	Codex	2026-10-07T07:50:56+00:00	"[{""path"":""content/article-review/history/d9fb1554456d0cd852278d66a15b95c5168b9d2664a0e9c86b12afd435096a82.json"",""locator"":""display: complete published JSON baseline; contextual segmentation review only"",""checked"":true,""sha256"":""1791f605202c69cdd77b5bb8f28f0a8655493535c0acbf548e4a152e3542b89e""}]"	6fd94c9aa4f2e0f262e91cd1631dc9487e0d67e4fbd674ebaf6e048884d737ed	1513a0c5516a553582f1992d5d9d6dad488cf186c146030cba8315c4b2723934	0	0	0	json;immutable_fields;text_consistency;content_evidence;revision_replay;idempotence	探宝机器；机器与海盗洞穴背景、搜寻仅获廉价金币空箱两个自然段，未来有望的评论独立。 text与bodyText同步；sentences对象及时间、角色、索引原样保留。
360	public/nce/lessons/nce2/056.json	nce	nce2-056	Faster Than Sound!	passed_edited	Codex	2026-10-07T07:50:56+00:00	"[{""path"":""content/article-review/history/de76263e44c07cebbe4f4e07325cfd7621631655882a18ac1f8272a16174e776.json"",""locator"":""display: complete published JSON baseline; contextual segmentation review only"",""checked"":true,""sha256"":""b28a27bb66009aa15f4e25b1575c4dbb29fd7a6bd0bf57fdb7e449cd91f50589""}]"	59b2816f66ec8c5c45589d0a69b66fe10554a145cf4a73df4d56f03ec1c82fde	db6786183104cabf4f325adc3ec15f729fc62e19c07a7f953c016a5300dc5056	0	0	0	json;immutable_fields;text_consistency;content_evidence;revision_replay;idempotence	老爷车赛；参赛车介绍、故障和胜者疾驰、愉快比赛评价三段。 text与bodyText同步；sentences对象及时间、角色、索引原样保留。
361	public/nce/lessons/nce2/057.json	nce	nce2-057	Can I Help You, Madam	passed_edited	Codex	2026-10-07T07:52:19+00:00	"[{""path"":""content/article-review/history/49f0946ac238183ed0d893b078834b5f52594f2347d6f17e5f57c5212da79443.json"",""locator"":""display: complete published JSON baseline; contextual segmentation review only"",""checked"":true,""sha256"":""690da4adab3dcf2dd50463a184222e08b2e14589d200b910893bef56bac91d0b""}]"	e5ca525bbc97353e1123cbe6247b4582d997c399fe296689e09ea39bf06876b3	7734676520891cb62b8a718752c0f974bc7212a076ba0ed42fa9072c04e7b783	0	0	0	json;immutable_fields;text_consistency;content_evidence;revision_replay;idempotence	店员以貌取人；初访受冷遇、翌日盛装返店、反复取物报复三段。 text与bodyText同步；sentences对象及时间、角色、索引原样保留。
362	public/nce/lessons/nce2/058.json	nce	nce2-058	A Blessing in Disguise?	passed_edited	Codex	2026-10-07T07:52:19+00:00	"[{""path"":""content/article-review/history/e03090b87e551eb7a98432abeac308a42c26a9c59ef299288bfef5e19acc5370.json"",""locator"":""display: complete published JSON baseline; contextual segmentation review only"",""checked"":true,""sha256"":""496e7b660f0894563a6df817951936198db5021e52fea6dd2bbc76963a947391""}]"	e086f85d7fc3bc207aba92159619eb16f859d1e0234449efaa08605ee5aeade3	be2f35418646233c9370b26ec968c068fc70b49af2731a9a5c6ca7e1b5fb0d31	0	0	0	json;immutable_fields;text_consistency;content_evidence;revision_replay;idempotence	诅咒树；传闻与受害者说、牧师收入理由、游客摘叶未亡三段。 text与bodyText同步；sentences对象及时间、角色、索引原样保留。
363	public/nce/lessons/nce2/059.json	nce	nce2-059	In or Out	passed_edited	Codex	2026-10-07T07:52:20+00:00	"[{""path"":""content/article-review/history/54cd08f58301874de2d328d04affc574ed0116e0b79610c3dc656147ffeeed73.json"",""locator"":""display: complete published JSON baseline; contextual segmentation review only"",""checked"":true,""sha256"":""f7ae192cd6ca864bbe98c493ee2cd3e9c6a8a8a00a7641c6958b39c0af94594e""}]"	83617ae3386151ec641717bba3715877fc6564a81631e7dc21b45b59a1753837	cce0ab3379491673b4e9ebca8f2095cec1ee8cb79a0061ddc4a3ebd8a5e8216b	0	0	0	json;immutable_fields;text_consistency;content_evidence;revision_replay;idempotence	Rex开门；训练自己进门、求出门发现、进出反复坏习惯三段，拆门后离去结尾独立。 text与bodyText同步；sentences对象及时间、角色、索引原样保留。
364	public/nce/lessons/nce2/060.json	nce	nce2-060	The Future	passed_edited	Codex	2026-10-07T07:52:20+00:00	"[{""path"":""content/article-review/history/0e7d6afa2297a61f5cbffb734bb8263f119ef903840a8c02b26b69135a9e4d01.json"",""locator"":""display: complete published JSON baseline; contextual segmentation review only"",""checked"":true,""sha256"":""331b391fd46059a7bd70a24af9dcb0e76090cfc8ae6c5440850a3fb198fd2884""}]"	34847427ac305cacafdbe8f350a45d4dddec164701467c2356ec53d4e55f3d8f	7cea10844cce6e420ff0293e3faa4fea81b1975a9cf6a18dd535f92bfa8b1a1b	0	0	0	json;immutable_fields;text_consistency;content_evidence;revision_replay;idempotence	算命应验；进帐付钱、完整预言、妻子来催接妹妹三段，跟随离集市结尾独立。 text与bodyText同步；sentences对象及时间、角色、索引原样保留。
365	public/nce/lessons/nce2/061.json	nce	nce2-061	Trouble with the Hubble	passed_edited	Codex	2026-10-07T07:52:20+00:00	"[{""path"":""content/article-review/history/69226d48c326bc8ac3f6bccb2856b14ca0bcd6cc6eac51b6eb88d15c9a05cc8e.json"",""locator"":""display: complete published JSON baseline; contextual segmentation review only"",""checked"":true,""sha256"":""b6bcbd600487b9ce29d85fcca11819ffdae7137db5706d9cb9293cc63038620f""}]"	c7d2e64f8c8dab5f413ec5154608919d29305bfde4cfc3139d7edc3db053563b	9a5f520eaf8bbc0391bc17f202202b20e7171409788bf1616ee26f4826c55672	0	0	0	json;immutable_fields;text_consistency;content_evidence;revision_replay;idempotence	哈勃望远镜；发射与主镜故障、奋进号维修过程、太空观测价值三段。日期及中文重复原样保留，不作文字校勘。 text与bodyText同步；sentences对象及时间、角色、索引原样保留。
366	public/nce/lessons/nce2/062.json	nce	nce2-062	After the Fire	passed_edited	Codex	2026-10-07T07:52:20+00:00	"[{""path"":""content/article-review/history/0fa64da58daea66be4ff5c1cfe22ae82f7834d45909e64c09a74bfb5400d08b0.json"",""locator"":""display: complete published JSON baseline; contextual segmentation review only"",""checked"":true,""sha256"":""edb77a3d103fd575204c180e0294093dedae6f95e2450a522965de37c2558304""}]"	a9b64201b57e946d5b974e53fc8532b1b93ac162ab12e9401a6dba3aeee44abd	bc7576d8e5be979aee7b8a09061e60eace38a16948d86f333cbab3e0671bb0d8	0	0	0	json;immutable_fields;text_consistency;content_evidence;revision_replay;idempotence	森林火灾后；毁林洪水威胁、飞机播草、雨来前生根三段。 text与bodyText同步；sentences对象及时间、角色、索引原样保留。
367	public/nce/lessons/nce2/063.json	nce	nce2-063	She Was Not Amused	passed_edited	Codex	2026-10-07T07:52:20+00:00	"[{""path"":""content/article-review/history/bf14503cb3a166d7bd2edfdaae643c56aa7eaeb5dd645704e1e22737118c7471.json"",""locator"":""display: complete published JSON baseline; contextual segmentation review only"",""checked"":true,""sha256"":""b8acc5b1d5d15092d1a58b28a4212dfd822f03ab466918cd44c24fe72f2a772b""}]"	d079513b2f51ef5e03135d1deceabfe067fdcf8483e0bff1a80d91ad0e39e512	f55866be7c5280fa7c07ca3766896feaec588353c804a756d8354eda9cefab46	0	0	0	json;immutable_fields;text_consistency;content_evidence;revision_replay;idempotence	幽默父亲演说；社交背景、婚礼演讲成功、女儿要走、归途解释四段。 text与bodyText同步；sentences对象及时间、角色、索引原样保留。
368	public/nce/lessons/nce2/064.json	nce	nce2-064	The Channel Tunnel	passed_edited	Codex	2026-10-07T07:52:20+00:00	"[{""path"":""content/article-review/history/0bb22224d66d0381f04bc00bb1e0170397c290fa8d01b2eb80dba506803963d9.json"",""locator"":""display: complete published JSON baseline; contextual segmentation review only"",""checked"":true,""sha256"":""bfd392ce15a3fa21e170598ab3588dfee8730e141d913676c7b9158fe1664c06""}]"	78b0cf7ea1265da7a6639efff1d864da1db083f452e18a9b745d551d2c45180b	ab9a50530183b7c2251bced728c32fbd6ae08f2738098bf2f5e728a45725ccd2	0	0	0	json;immutable_fields;text_consistency;content_evidence;revision_replay;idempotence	海峡隧道；法国工程师平台通风方案、英国双线方案、开工中止及最终开通三段，原有年代不改。 text与bodyText同步；sentences对象及时间、角色、索引原样保留。
369	public/nce/lessons/nce2/065.json	nce	nce2-065	Jumbo Versus the Police	passed_edited	Codex	2026-10-07T07:52:21+00:00	"[{""path"":""content/article-review/history/c7eaac5ff4fd6178935e965a2f452e2498082778054039c90539192d681725ee.json"",""locator"":""display: complete published JSON baseline; contextual segmentation review only"",""checked"":true,""sha256"":""3d5ea02d05158cde3ddc78fe443ce5358e378431f1d1920d1c4873c328147cd8""}]"	db7fa883c96d7ac5b78851dcc8f2cc757e589f08b84d8676b7ab612d49a15e73	9a7df9b0a0f4f876238488d679ac69a786f805e05588dba755a7bf59187cc576	0	0	0	json;immutable_fields;text_consistency;content_evidence;revision_replay;idempotence	Jumbo堵街；圣诞送礼出发、警察推象、事后诙谐评论三段，恢复警察多句引语。 text与bodyText同步；sentences对象及时间、角色、索引原样保留。
370	public/nce/lessons/nce2/066.json	nce	nce2-066	Sweet as Honey	passed_edited	Codex	2026-10-07T07:52:21+00:00	"[{""path"":""content/article-review/history/977bf6e97e73e898c97f0a1f0a1a3e48477c2fcda279386988ff7720e22dda8a.json"",""locator"":""display: complete published JSON baseline; contextual segmentation review only"",""checked"":true,""sha256"":""6c2c68e2a13d47a83d2321c580de1637f4414f3b205e1ebe1f174dd4dcc8ce83""}]"	91fa30dba259471db946f057f307bcecf86238708b94b345f731d083d76085fd	1af7d690bed826bd81452b050d30aeeb6e0f090c7f5ed364fcd32031c7cd258c	0	0	0	json;immutable_fields;text_consistency;content_evidence;revision_replay;idempotence	蜂蜡护发动机；坠机遗忘、航测发现运返、修复时发现蜂巢保存三段。 text与bodyText同步；sentences对象及时间、角色、索引原样保留。
371	public/nce/lessons/nce2/067.json	nce	nce2-067	Volcanoes	passed_edited	Codex	2026-10-07T07:52:21+00:00	"[{""path"":""content/article-review/history/8fa2703270dafbce7e54597d344b16af5f7b78ef62d404a891b57c7394866c26.json"",""locator"":""display: complete published JSON baseline; contextual segmentation review only"",""checked"":true,""sha256"":""bef2cab1176c73f5b6cdbdc55996e4a338e343528f2afba0e1c370395411883d""}]"	799d7e464067bc496be86ae3726b4266182854cfdbabe961ffb1b379106e5970	6c48f631e447976dea96bbaf7e69bcd477bbc43aceb61c57986ccf5959b59b83	0	0	0	json;immutable_fields;text_consistency;content_evidence;revision_replay;idempotence	Tazieff火山研究；Kituro冒险逃岩流、两日后返测、冒险贡献三段，生平概述独立。 text与bodyText同步；sentences对象及时间、角色、索引原样保留。
372	public/nce/lessons/nce2/068.json	nce	nce2-068	Persistent	passed_edited	Codex	2026-10-07T07:52:21+00:00	"[{""path"":""content/article-review/history/8f73f1013f18e0b3ff286fc198d9a4e291a63777d3d771e8c7c0def04f3243e0.json"",""locator"":""display: complete published JSON baseline; contextual segmentation review only"",""checked"":true,""sha256"":""67852d8354fddcd586fa09db24ef3d4501b5add6cebd0bc64e749f7ccb3a5554""}]"	ccc7da1a72f7d90be62355285cbbc436bc521816fc6f9ab5e2d22356702bc4dc	8cb5ff2191887315f14b0d45097f53fc0fbf0a7b005879e0c76c052aaa5c88ca	0	0	0	json;immutable_fields;text_consistency;content_evidence;revision_replay;idempotence	摆脱Nigel；躲避失败和跟随习惯为背景段，Nigel招呼追问与结尾候诊室借口各为完整话轮。 text与bodyText同步；sentences对象及时间、角色、索引原样保留。
373	public/nce/lessons/nce2/069.json	nce	nce2-069	But not Murder!	passed_edited	Codex	2026-10-07T07:52:21+00:00	"[{""path"":""content/article-review/history/ad4cea01145483cccf6a68d83f0d7e76fdfadda2ba96414bddd10376543350a8.json"",""locator"":""display: complete published JSON baseline; contextual segmentation review only"",""checked"":true,""sha256"":""989de25ce55c7435d2b84df33fff7fc192292a9dde1decaed418b19b3bcdc4f2""}]"	c0d790335f8df7e18f880170c7af722f640693922baefa54e8d9f73fb15c4818	409daef6c47fbacaa1b1420f056c9fd861df9dac7eb320d804c275ce2bfcfc01	0	0	0	json;immutable_fields;text_consistency;content_evidence;revision_replay;idempotence	驾考紧急停车；顺利自信、考官假设指令、反应迟缓猛刹、考官结语四段。 text与bodyText同步；sentences对象及时间、角色、索引原样保留。
374	public/nce/lessons/nce2/070.json	nce	nce2-070	Red for Danger	passed_edited	Codex	2026-10-07T07:52:21+00:00	"[{""path"":""content/article-review/history/7bc0780b835279356f4509b8fac53c112481a8597cd8f09b848ba97c748a2f80.json"",""locator"":""display: complete published JSON baseline; contextual segmentation review only"",""checked"":true,""sha256"":""502635953c06e14869baec24b4784fcb062409e8e32389e2970ccdbdcf2a001c""}]"	13dceceb9536bcbe3234fd212d5c00827c630832597ccc0ac52d541640abb614	696819c5b63ef767294fff0057563643397a0dcb412b0de2f95c1dc2f759e734	0	0	0	json;immutable_fields;text_consistency;content_evidence;revision_replay;idempotence	醉汉斗牛；闯场引牛、闪躲获欢呼、被拖出与牛再找斗牛士三段。 text与bodyText同步；sentences对象及时间、角色、索引原样保留。
375	public/nce/lessons/nce2/071.json	nce	nce2-071	A Famous Clock	passed_edited	Codex	2026-10-07T07:52:21+00:00	"[{""path"":""content/article-review/history/a6ebe639bb917d6c3d24f32f2d89242e0fe2bf1bca780da5f003c8876fc5e8e4.json"",""locator"":""display: complete published JSON baseline; contextual segmentation review only"",""checked"":true,""sha256"":""04f5c9ce5797f509cf92b3808c77b9d74902fa6f35986b2a6b68e03e7c9fa9dc""}]"	9cbe8878a1e185b98b3d449ddb2b53a09752a9e6129d0b245391d9d87f78d895	96a0b39008ce6fd9e81c6e7b1f39db0de6ffe7da98e1ed46413f61a75c518cce	0	0	0	json;immutable_fields;text_consistency;content_evidence;revision_replay;idempotence	大本钟；名称与建造史、精确校时广播、油漆桶造成走慢三段。 text与bodyText同步；sentences对象及时间、角色、索引原样保留。
376	public/nce/lessons/nce2/072.json	nce	nce2-072	A Car Called Bluebird	passed_edited	Codex	2026-10-07T07:52:22+00:00	"[{""path"":""content/article-review/history/e09342af98e0a08c5c37e1e077b285a8c21eb46bcffbfe2f1b2fda216bdb0e38.json"",""locator"":""display: complete published JSON baseline; contextual segmentation review only"",""checked"":true,""sha256"":""fce59c1be1af9e1d8d259be4afd9d6a4824bb5ca5e9bb9cb30184d00baca6188""}]"	aaab445d28e6cb0c0f7210293a87b5030c41c34f66522cabd578037ccbbb103c	37ab88b7fc319926641a37a8a7b9f4ddaf1e5c42b61399576513c5151b48f857	0	0	0	json;immutable_fields;text_consistency;content_evidence;revision_replay;idempotence	蓝鸟赛车；赛车手纪录与车辆、爆胎及平均时速更正、后继纪录和儿子三段。 text与bodyText同步；sentences对象及时间、角色、索引原样保留。
377	public/nce/lessons/nce2/073.json	nce	nce2-073	The Record-Holder	passed_edited	Codex	2026-10-07T07:52:22+00:00	"[{""path"":""content/article-review/history/57e50091883c6f8c1dce69fa8b92377767dc931633d750a169f7ec9c5f472c8c.json"",""locator"":""display: complete published JSON baseline; contextual segmentation review only"",""checked"":true,""sha256"":""00c771e90beab0631268242d8eed1a5523153254e9f430ea15f418445aa202b1""}]"	bf03c941df87112850e858c73de74abba84d86ac364e162ea7c1963ed4bf01aa	b3b9473c834b1d3d005ded0f948f45779c5a025bcfec23913873491857e2c187	0	0	0	json;immutable_fields;text_consistency;content_evidence;revision_replay;idempotence	逃学纪录；常见逃学与远行男孩对照、搭船至加来、赴巴黎误至边境送回三段，末尾纪录评论独立。 text与bodyText同步；sentences对象及时间、角色、索引原样保留。
378	public/nce/lessons/nce2/074.json	nce	nce2-074	Out of the Limelight	passed_edited	Codex	2026-10-07T07:52:22+00:00	"[{""path"":""content/article-review/history/5e7ff81097380cd898af1e82eb866115ffe857551707fc96f8bbcf2dcc415400.json"",""locator"":""display: complete published JSON baseline; contextual segmentation review only"",""checked"":true,""sha256"":""677aaa6fb2e19d37f2a51e54edac03dea0ed2263024d984c8fb7e0011441bafe""}]"	87ed4f04126178b4190a5888d3453ca5690d9e56db8d9e496d5cca7cf4f5be98	5da4e298bd4168ba346c2e3b834488215b4bb8d1440ca6342d03173167f631d1	0	0	0	json;immutable_fields;text_consistency;content_evidence;revision_replay;idempotence	演员伪装野餐；背景、同人赞叹、搬食物陌生人出现、警长驱逐、演员自报与警长嘲讽各成段，角色轮次分开。 text与bodyText同步；sentences对象及时间、角色、索引原样保留。
379	public/nce/lessons/nce2/075.json	nce	nce2-075	SOS	passed_edited	Codex	2026-10-07T07:52:22+00:00	"[{""path"":""content/article-review/history/1740491bbd868a7a1136de9d8bb1fa14c3ccf43a56a8302188a3e724962790bb.json"",""locator"":""display: complete published JSON baseline; contextual segmentation review only"",""checked"":true,""sha256"":""0b4b7290ab081879e40233ec090d7bd518442298d7d045e832a0e4b32248578a""}]"	1125a5f8976a8ec8686da6aa667d2763d947f5e5ed9f69596a97253290c8adfd	f196dade494308423705b1b55b958b86b27528752509380f87f214557c6337b0	0	0	0	json;immutable_fields;text_consistency;content_evidence;revision_replay;idempotence	雪山SOS；坠机和偏僻雪地、箱内过夜取暖、翌日雪上信号获救三段。 text与bodyText同步；sentences对象及时间、角色、索引原样保留。
380	public/nce/lessons/nce2/076.json	nce	nce2-076	April Fools' Day	passed_edited	Codex	2026-10-07T07:52:22+00:00	"[{""path"":""content/article-review/history/a8e5c7783563b8c04353f21aa69f89cb4c63afd6bb77cc41c3c0f54b4b773a22.json"",""locator"":""display: complete published JSON baseline; contextual segmentation review only"",""checked"":true,""sha256"":""7bdeba77d294bc88c24e3d7bee6782e57fa4409cd842c5e0d90dde05cc39157e""}]"	571c9a111d5aec4713247fe8390e3bd170e46721c813e4eb46093d1b34197f9a	646d2f06c4f639084aff99582b34f30a71acbbc7a6f5713bcf9f690fa7c98dca	0	0	0	json;immutable_fields;text_consistency;content_evidence;revision_replay;idempotence	愚人节通心粉播报按介绍作物、工人收割、夫人加工厂、吃面比赛、结束回演播室五段；同一播音员长引语保留原引号。 text与bodyText同步；sentences对象及时间、角色、索引原样保留。
381	public/nce/lessons/nce2/077.json	nce	nce2-077	A Successful Operation	passed_edited	Codex	2026-10-07T07:52:22+00:00	"[{""path"":""content/article-review/history/81b2c3cc68b218fcbe4bf7fadd38fb9824c50e7fef368f8c435fba72ecc5eac3.json"",""locator"":""display: complete published JSON baseline; contextual segmentation review only"",""checked"":true,""sha256"":""3e2b70295c9fe02a116b29678bc72583e3c89d248296d280a75f76b0666b787e""}]"	264bd717ced46c8136ddaa5e4d67ee8240838616abc85dfc2f1478e5f11d9b20	8a15ac1b3cae33f3e1ec6689c4561620a503831b0e4f5f8ca0bc646120c7ae9e	0	0	0	json;immutable_fields;text_consistency;content_evidence;revision_replay;idempotence	木乃伊手术；身份与探因、困难取样和蜡像、死因未定但手术完好三段。 text与bodyText同步；sentences对象及时间、角色、索引原样保留。
382	public/nce/lessons/nce2/078.json	nce	nce2-078	The Last One	passed_edited	Codex	2026-10-07T07:52:22+00:00	"[{""path"":""content/article-review/history/95394795cb3cc7e288c5107b1f9993004036d62700392c9c86cb82325330454d.json"",""locator"":""display: complete published JSON baseline; contextual segmentation review only"",""checked"":true,""sha256"":""98776404b6d0aedf3b11b4cfad123c61cc5c830864ee19036901c1e5abeb9f77""}]"	c3d10d7957e470561b5c00e83133a0709cffd302dd07405d343f156f46f57eb0	458d736e3c2a2f441d3079af82a1d6960f87a60c838d8dc2b613c3b46aeb18d3	0	0	0	json;immutable_fields;text_consistency;content_evidence;revision_replay;idempotence	戒烟一周；最后一支决心、戒断与朋友调侃、聚会复吸、朋友屡次戒烟笑话四段。 text与bodyText同步；sentences对象及时间、角色、索引原样保留。
383	public/nce/lessons/nce2/079.json	nce	nce2-079	By Air	passed_edited	Codex	2026-10-07T07:52:22+00:00	"[{""path"":""content/article-review/history/bac3c38cb18b665623c613e740eea7b151c707f4f4b2b326b1ca91b4594c94fa.json"",""locator"":""display: complete published JSON baseline; contextual segmentation review only"",""checked"":true,""sha256"":""2fd1d1d00711c58dcf95ac0fa048fe0e24da4fd9b5e8e336ff8a8ad2ac900fa5""}]"	f2567a2d23b88eb7446cce7dbd72ea439ab3408f4f0487429293939a145adb24	067476ca96b7a4e097439c3ef436b488682d7d854bc1d51fc4240f952297be06	0	0	0	json;immutable_fields;text_consistency;content_evidence;revision_replay;idempotence	乘机恐慌；童年飞行习惯、突然返航及机上反应、炸弹情报与搜查重飞三段。 text与bodyText同步；sentences对象及时间、角色、索引原样保留。
384	public/nce/lessons/nce2/080.json	nce	nce2-080	The Crystal Palace	passed_edited	Codex	2026-10-07T07:52:23+00:00	"[{""path"":""content/article-review/history/cf6ef558c9b79d54519fd8bed174e50ed57f0960ca0198f3ae579bfd710fee69.json"",""locator"":""display: complete published JSON baseline; contextual segmentation review only"",""checked"":true,""sha256"":""83207bb16f07bf8b4da95e97e4c1d89711556ef8de679d5ab1941e1bd0b97311""}]"	63df9277041f3dcd7cb1b482bc17c621f6eb22f213e40db512ab6bf3cad64867	b45b06bb84e26b025e0f41890a3069756d9291994eb3e3ae6173dbdde8b10949	0	0	0	json;immutable_fields;text_consistency;content_evidence;revision_replay;idempotence	水晶宫；建筑特点、展品蒸汽锤、游客交通和收益、迁址火毁四段。 text与bodyText同步；sentences对象及时间、角色、索引原样保留。
385	public/nce/lessons/nce2/081.json	nce	nce2-081	Escape	passed_edited	Codex	2026-10-07T07:52:23+00:00	"[{""path"":""content/article-review/history/98903d290b21de425d389e3f6f7e039df1a51a4f8b6915b3f29bb91264491a95.json"",""locator"":""display: complete published JSON baseline; contextual segmentation review only"",""checked"":true,""sha256"":""810ed50975442a531123a90891715509fb41e2151c98d63d1cfc8149de5611e1""}]"	6a1d5b6f89d493cdcc5ca3b029fc2d37f486d0865d3876cdb96ba706664df316	2b526b4a5599582d121c061e0caeb32591297acbb968b4af5d4f3a5dd9664f4c	0	0	0	json;immutable_fields;text_consistency;content_evidence;revision_replay;idempotence	战俘逃亡；换衣伪装与营内搜寻、军官进营、司机走近遭击及驾车逃离三段。 text与bodyText同步；sentences对象及时间、角色、索引原样保留。
386	public/nce/lessons/nce2/082.json	nce	nce2-082	Monster or Fish	passed_edited	Codex	2026-10-07T07:52:23+00:00	"[{""path"":""content/article-review/history/5e3e6c0ad672dd578293d4b1544ca7e036bf3fcf825fa38f7c7ac51c9feb5af4.json"",""locator"":""display: complete published JSON baseline; contextual segmentation review only"",""checked"":true,""sha256"":""de07cfa2c1e0e6890b016f945adfa16a5a3d12809cd8c6d895ba1debab097f4d""}]"	737db09b542a458814d46ad731fbd826bf989bda1d620b025c5f4f781445aaa6	ce54031271e7f67363e79c4025b89277df62c09702e2839988f3979ea64ef751	0	0	0	json;immutable_fields;text_consistency;content_evidence;revision_replay;idempotence	海怪与桨鱼；怪物传闻、海上捕捉、外貌鉴定及深海习性三段。 text与bodyText同步；sentences对象及时间、角色、索引原样保留。
387	public/nce/lessons/nce2/083.json	nce	nce2-083	After the Elections	passed_edited	Codex	2026-10-07T07:52:23+00:00	"[{""path"":""content/article-review/history/fc74b94f3e67f23ba9d397c4bfb97ceb74cadf62e71ea2cdddce766e7c45921f.json"",""locator"":""display: complete published JSON baseline; contextual segmentation review only"",""checked"":true,""sha256"":""43c6b70f67bd515e2497b0fdf51c6305c7dddcd2af8e4e436edd8af22c883b7e""}]"	7e6d27ddafdf15d6d085ed4a9ad672ac7d60dfddaba960d7485c2af4e53da764	7661ddfc90a5a42884c94fc65f63fcddedb4b5f9a3f173ed2aa446e3ab4a57c3	0	0	0	json;immutable_fields;text_consistency;content_evidence;revision_replay;idempotence	选举后反复询问；政敌背景、首访、次访、第三访警察完整怒答四段，Patrick爱听的回应独立。 text与bodyText同步；sentences对象及时间、角色、索引原样保留。
388	public/nce/lessons/nce2/084.json	nce	nce2-084	On Strike	passed_edited	Codex	2026-10-07T07:52:23+00:00	"[{""path"":""content/article-review/history/b966379d71efcffaddb0724d532df4a0df010a15520a13c3445bddd2f5fd6d09.json"",""locator"":""display: complete published JSON baseline; contextual segmentation review only"",""checked"":true,""sha256"":""7df0b28e42b03a25ad6cf4b85bdb8a83043ae9128927b2c96ef426a9abdf9d54""}]"	83b27c53d397d4aa6b5322902b634372e374d7a2cf87e78ec5aee1f07ef07dc5	4d078916833a06731aeab39104901bea2a964307333815a53c57a21575068909	0	0	0	json;immutable_fields;text_consistency;content_evidence;revision_replay;idempotence	司机罢工；原因预计时长、私车搭乘、学生志愿测试、公众反应四段。 text与bodyText同步；sentences对象及时间、角色、索引原样保留。
389	public/nce/lessons/nce2/085.json	nce	nce2-085	Never Too Old To Learn	passed_edited	Codex	2026-10-07T07:52:23+00:00	"[{""path"":""content/article-review/history/904a489cfc02211af01b062562ac5f97c4e5a46e97bd152da04aed3f1f18c1f9.json"",""locator"":""display: complete published JSON baseline; contextual segmentation review only"",""checked"":true,""sha256"":""a98bd85a1be466d080c1925fabd1fc25961f445b649d62c7dde0d2755a48b110""}]"	43544c29520199f9ea9e00e342397b9f80ba80b62ef90ed2e21a8e910d04d6e7	2b0d2960c08261418e88755e1232899a819e98cd93424bb82b76a3d44444f0fb	0	0	0	json;immutable_fields;text_consistency;content_evidence;revision_replay;idempotence	校长退休；来信赠礼与感念、欢送及四十年教龄、园艺新兴趣三段。 text与bodyText同步；sentences对象及时间、角色、索引原样保留。
390	public/nce/lessons/nce2/086.json	nce	nce2-086	Out of Control	passed_edited	Codex	2026-10-07T07:52:23+00:00	"[{""path"":""content/article-review/history/04a0b5b2c159cfaa7f3665209c561371f7de87823cfb45e778216aacaf357271.json"",""locator"":""display: complete published JSON baseline; contextual segmentation review only"",""checked"":true,""sha256"":""c350b1b662e23a585f0329c9645511c499dffbd4ba44bebb018424063229370b""}]"	0cde661d306ee35113f5dee1957af99dd8098c4a16f0de621b3684105369cff7	97f35223c81d0d2b69ad1fe45558ce412024686718ed3ff972f7480089778583	0	0	0	json;immutable_fields;text_consistency;content_evidence;revision_replay;idempotence	快艇失控；方向盘脱落落水、盘旋逼近逃险、油尽漂流三段。 text与bodyText同步；sentences对象及时间、角色、索引原样保留。
391	public/nce/lessons/nce2/087.json	nce	nce2-087	A Perfect Alibi	passed_edited	Codex	2026-10-07T07:52:24+00:00	"[{""path"":""content/article-review/history/93dea469f7bdd88b3ea029eca4a11c68dc9fbb31ea1f2d07f9104c65d5c9bea4.json"",""locator"":""display: complete published JSON baseline; contextual segmentation review only"",""checked"":true,""sha256"":""2832cf2a9790b11ea11c609d67ed693f80634ff56af3423fb7ad11f02838c704""}]"	489e104d1a03ceb489d59d2a875c00ea812e8b203afd9ed6eac6e2889e30e68d	0bb38a6be66374d880957fb44232e8e29598c5649f1f11c81f06222c847c1200	0	0	0	json;immutable_fields;text_consistency;content_evidence;revision_replay;idempotence	不在场证明；男子准时上班依据和警官揭穿八点列车停驶各合完整话轮，其余审问与回答保持分段。 text与bodyText同步；sentences对象及时间、角色、索引原样保留。
392	public/nce/lessons/nce2/088.json	nce	nce2-088	Trapped in a Mine	passed_edited	Codex	2026-10-07T07:52:24+00:00	"[{""path"":""content/article-review/history/163ec5452b26ccefeb8048c143e6d51b96cdf71287db14430eafaa0a221fd9a7.json"",""locator"":""display: complete published JSON baseline; contextual segmentation review only"",""checked"":true,""sha256"":""9147f548b629a88d3da5936e4359524389ede72799fedd12b5a589edcc4d468e""}]"	103cc7cb8c2dfb1a338e072346bd11e72c5bf358bee47994dd46eaa9b1f5d16d	8c8bf52fa62f251a37df8770d866383f1ced13ef4ae8fce9852c77accdcdf1af	0	0	0	json;immutable_fields;text_consistency;content_evidence;revision_replay;idempotence	矿井救援；受困生命风险和爆破不可行、钻孔硬岩阻碍、通话与矿工乐观三段。 text与bodyText同步；sentences对象及时间、角色、索引原样保留。
393	public/nce/lessons/nce2/089.json	nce	nce2-089	A Slip of the Tongue	passed_edited	Codex	2026-10-07T07:52:24+00:00	"[{""path"":""content/article-review/history/952b268657a9c5a23893b6db00611a01d7f71398500fd44864f80162e48b6531.json"",""locator"":""display: complete published JSON baseline; contextual segmentation review only"",""checked"":true,""sha256"":""2a771dbc879b3751ede8ce88e52737e3cdf357a2736e29ccf0853c7c15445763""}]"	38fd9f3da467f1380ffc545261f8bebf0d39dc4eb3544af92575674d731b57a1	1f12a678e1fb3e41fb0f254c3563606dd9b6a09f158ba24311fba9adbb2e8fb1	0	0	0	json;immutable_fields;text_consistency;content_evidence;revision_replay;idempotence	免费喜剧口误；争看演出、节目乏味、播报员紧张口误三段。 text与bodyText同步；sentences对象及时间、角色、索引原样保留。
394	public/nce/lessons/nce2/090.json	nce	nce2-090	What's for Supper	passed_edited	Codex	2026-10-07T07:52:24+00:00	"[{""path"":""content/article-review/history/9509d9c1f3fcf23bc99eb58ba010bb3e79209eb10418a4acddaca8b54787cf87.json"",""locator"":""display: complete published JSON baseline; contextual segmentation review only"",""checked"":true,""sha256"":""ead6520dba1d91c1249eb0bf2f9272542c4055bfe6ca7b574117b1261d2ecaac""}]"	f32183ed1646c71e7c2825aab810ce7b92e0a13e7ed429c7fe7a5355a2124532	0259472b12d02b30294a5cc63bf2b028aa74dcf8ed38afe86a17c70f790cadb1	0	0	0	json;immutable_fields;text_consistency;content_evidence;revision_replay;idempotence	钻井平台巨鱼；鱼价背景与潜水员受惊防护、食用鱼品种和三个生长原因两段，谁吃谁问句独立。 text与bodyText同步；sentences对象及时间、角色、索引原样保留。
395	public/nce/lessons/nce2/091.json	nce	nce2-091	Three Men in a Basket	passed_edited	Codex	2026-10-07T07:52:24+00:00	"[{""path"":""content/article-review/history/3b004001a926189c525ad03bc12220e0736a72c31f6f02c8de46f69b4019e2f6.json"",""locator"":""display: complete published JSON baseline; contextual segmentation review only"",""checked"":true,""sha256"":""d874d3a0377af799dd7709949084b307379b7d7d4ab0a014bc867cab20c997cb""}]"	aa4660a54e68e78efb77aef6c4ca9358801f6bf1af593d039c824da40d2071ca	7a7737891198e14cf143eaed62abeaf66ba8662bb7867733aecb3bea4006130d	0	0	0	json;immutable_fields;text_consistency;content_evidence;revision_replay;idempotence	气球疑似侦察；通报怀疑、飞行员盘旋观察、降落揭示议员指挥官及解释三段。 text与bodyText同步；sentences对象及时间、角色、索引原样保留。
396	public/nce/lessons/nce2/092.json	nce	nce2-092	Asking for Trouble	passed_edited	Codex	2026-10-07T07:52:24+00:00	"[{""path"":""content/article-review/history/3cb63f940c0d6346ac3b9ce6754b86be70592cde357e9d14b4dac3194286d828.json"",""locator"":""display: complete published JSON baseline; contextual segmentation review only"",""checked"":true,""sha256"":""df2a7bb1ed685ee0fb290d559e561fa2f68ba240116fb3fc9b254c9466b8769b""}]"	7961c82e81734727e7d628adcc250d2b4bf390c1007d1c363352d1c3f4074928	b1b671c582c70651b93e04d0e4be5d33dc3dcf7e3071e254857f5ba721096b83	0	0	0	json;immutable_fields;text_consistency;content_evidence;revision_replay;idempotence	忘钥匙爬窗；起因、警察挖苦、作者回应、警察邀请去警局、忘钥匙解释各合段，喊钥匙问答与妻子开窗保留。 text与bodyText同步；sentences对象及时间、角色、索引原样保留。
397	public/nce/lessons/nce2/093.json	nce	nce2-093	A Noble Gift	passed_edited	Codex	2026-10-07T07:52:24+00:00	"[{""path"":""content/article-review/history/ddaf509ae86f12b37d62334809b33405cecc685af986b570da2ed60d493979b2.json"",""locator"":""display: complete published JSON baseline; contextual segmentation review only"",""checked"":true,""sha256"":""a6b2b341c5f7f95fcb756b0447687259b19e6044a15f4e6b7d05231f74c90ee3""}]"	72869524ef17c51ee1c3294c3450b405b003d3accb24280f32e67d7c1a5f1833	c93c2a73e24506c3d6c64b19abdafd5e80b325f0015dde578677220be274b70a	0	0	0	json;immutable_fields;text_consistency;content_evidence;revision_replay;idempotence	自由女神像；赠送及制造、选址基座、巴黎建成运美安装三段，自由象征结尾独立；重复日期原样。 text与bodyText同步；sentences对象及时间、角色、索引原样保留。
398	public/nce/lessons/nce2/094.json	nce	nce2-094	Future Champions	passed_edited	Codex	2026-10-07T07:52:24+00:00	"[{""path"":""content/article-review/history/b8e7927cc97d135850389cbd610a8271d0686c81b8928a95a84c2178bd66c92a.json"",""locator"":""display: complete published JSON baseline; contextual segmentation review only"",""checked"":true,""sha256"":""5d96c8b4ff3321869881cfcc77cb174b5d9c692965fdd817a49bf889ee229b65""}]"	a30b29c0d3d7bfdec94e98c43a63ee622fbcb0bab47b36ab889ba3ce0d2a755b	423acb527c13f6fc657e046b9f67282fa1e73312972b25b441d8cb0e62a8135b	0	0	0	json;immutable_fields;text_consistency;content_evidence;revision_replay;idempotence	婴幼儿游泳；早期学泳实验、水下三轮车竞赛、未来冠军与成人鼓励三段。 text与bodyText同步；sentences对象及时间、角色、索引原样保留。
399	public/nce/lessons/nce2/095.json	nce	nce2-095	A Fantasy	passed_edited	Codex	2026-10-07T07:52:25+00:00	"[{""path"":""content/article-review/history/889887978c89efcf2d9e00c2c309d897773f66cdf16ce43435acff58168dcf35.json"",""locator"":""display: complete published JSON baseline; contextual segmentation review only"",""checked"":true,""sha256"":""0070cda5f1d198a2a1457babd524d747b6beea195c3198f2b1c8d3d1dcf8f42a""}]"	81d8fd7ca84fee42b38541bbe3d3ba963a984afaf35ce8c8dbcc856b83f01c87	33f98b1a6114482ac34db0719e46670c29764f1869c9173b003b193e83f911d3	0	0	0	json;immutable_fields;text_consistency;content_evidence;revision_replay;idempotence	大使午餐归家；妻子惊问、灭火器简答、追问位置、大使完整解释、帽洞追问及未戴帽的幸运回答各为独立轮次。 text与bodyText同步；sentences对象及时间、角色、索引原样保留。
400	public/nce/lessons/nce2/096.json	nce	nce2-096	The Dead Return	passed_edited	Codex	2026-10-07T07:52:25+00:00	"[{""path"":""content/article-review/history/e94aee7a9c388e239ba30004fc6433f8e46fe0ba7198b96f78b43b439248bb2a.json"",""locator"":""display: complete published JSON baseline; contextual segmentation review only"",""checked"":true,""sha256"":""7526c40e495c8a5b3242080a4309b00cd08c54f0487d1ea434fd6ca939cec18b""}]"	bb9c7fada7fea9b2b240c0aae3214befe2ac6bdaaf7ed2027bdd25d105c8f950	87665da8e2e2373fa8dc2c44a09fc5c05e405d1f841ebfbee2759d5965266080	0	0	0	json;immutable_fields;text_consistency;content_evidence;revision_replay;idempotence	亡灵节；迎接与食物灯笼歌舞合段，清晨弃食独立，放灯入海及送别场面合段。 text与bodyText同步；sentences对象及时间、角色、索引原样保留。
401	public/nce/lessons/nce3/001.json	nce	nce3-001	A Puma at Large	passed_edited	Codex	2026-10-07T07:54:33+00:00	"[{""path"":""content/article-review/history/a7d76e3627520fbedb89b35f9f336a830f29cc85878c24e877c75162bb290389.json"",""locator"":""display: complete published JSON baseline; contextual segmentation review only"",""checked"":true,""sha256"":""57e326cd0aad1d09bbbd83984bf5a0e33caf4a0c8f274baa6b9f65bbc59f0a96""}]"	eddf0b6f79a938710800e5322b2999b68cc99c77891d1235c861e85a73795e7e	b6ad7b061490db9b03c5c46e99f7e9e6209bda32e3e16cc7b1b75530061f67f6	0	0	0	json;immutable_fields;text_consistency;content_evidence;revision_replay;idempotence	美洲狮追踪；报告与调查动因、村庄目击搜寻证据、来源推断与未捕获忧虑三段。 text与bodyText同步；sentences对象及时间、角色、索引原样保留。
402	public/nce/lessons/nce3/002.json	nce	nce3-002	Thirteen Equals One	passed_edited	Codex	2026-10-07T07:54:33+00:00	"[{""path"":""content/article-review/history/b33b690130b316fbc6c5c106fdd3ae8e773034de5c223267951dd7eed7bd8351.json"",""locator"":""display: complete published JSON baseline; contextual segmentation review only"",""checked"":true,""sha256"":""350314c482fa257ebbb539dd3894c344d313b34130a262c758ea9e9779fb67fc""}]"	496014e086ce613b78770079de3dbc8f32cc70492e444f70510b9951e7fefb21	7168946fe614adfa7eb60be251741ed6c7bc1b23d22d360b0a31750a2587db6c	0	0	0	json;immutable_fields;text_consistency;content_evidence;revision_replay;idempotence	钟敲十三下；筹款损钟背景、夜醒上楼询问、Bill修钟解释、牧师惊喜和最后喝茶各依角色合段。 text与bodyText同步；sentences对象及时间、角色、索引原样保留。
403	public/nce/lessons/nce3/003.json	nce	nce3-003	An Unknown Goddess	passed_edited	Codex	2026-10-07T07:54:33+00:00	"[{""path"":""content/article-review/history/aadc32b617d8c29426cb21d71b678970fae4f77ce70037a2c64dcf0a18cb928b.json"",""locator"":""display: complete published JSON baseline; contextual segmentation review only"",""checked"":true,""sha256"":""1906eb50bec841f221947102301409b947f95231436f2143b5dd2ac9cfcb6f61""}]"	cd9ceb925ed7d677e53151b1c1d0e161491d5a2c296f29e5153671367db62ce1	4b234b855ef02d24c283ec9e73ec338e8273f9749294e1d61cfbfd04c883c6ce	0	0	0	json;immutable_fields;text_consistency;content_evidence;revision_replay;idempotence	未知女神；古城文明、寺庙雕像碎片年代、重组后的形貌身份三段。 text与bodyText同步；sentences对象及时间、角色、索引原样保留。
404	public/nce/lessons/nce3/004.json	nce	nce3-004	The Double Life of Alfred Bloggs	passed_edited	Codex	2026-10-07T07:54:33+00:00	"[{""path"":""content/article-review/history/45f0b2384bf05ccd1d73d2479a4ed84f8eea04ab98ce78409bec624fbb57afe1.json"",""locator"":""display: complete published JSON baseline; contextual segmentation review only"",""checked"":true,""sha256"":""85d2f5e11daf253b10b4bab358171f41174f894dc8f42c48db8124fc60683fd9""}]"	27ec5e8b48c43b9b9fb22ae1c57ebcda2adee50817db8b3435176dab95adf84d	9d824ce8d9db62c0144ce1b162028399f88c3ee850423b664ed3981975455a2c	0	0	0	json;immutable_fields;text_consistency;content_evidence;revision_replay;idempotence	Alf双重生活；白领身份观念、隐瞒清洁工每日换衣、转职减薪获称先生三段。 text与bodyText同步；sentences对象及时间、角色、索引原样保留。
405	public/nce/lessons/nce3/005.json	nce	nce3-005	The Facts	passed_edited	Codex	2026-10-07T07:54:33+00:00	"[{""path"":""content/article-review/history/a361ca6cb00e256c646a4cd2c37418a6794a583842302092568ad47b5d58b275.json"",""locator"":""display: complete published JSON baseline; contextual segmentation review only"",""checked"":true,""sha256"":""e38711965a6fc7b92fa3e92de92c8e2342b20aa8fa384753ee6efbb3f1926ca1""}]"	29145331bfc1dd2b776374e1df2c12d21edb143d917e07fab6bcaf6c3d27e843	4da9f61613bfdfa2f45f425993647b324e39aec730160d5b4c9a18ae95ac5168	0	0	0	json;immutable_fields;text_consistency;content_evidence;revision_replay;idempotence	编辑追求数据；稿件遭拒及索取台阶墙高、催稿未果原文发表、记者被捕传真揭晓三段，概述独立。 text与bodyText同步；sentences对象及时间、角色、索引原样保留。
406	public/nce/lessons/nce3/006.json	nce	nce3-006	Smash-and-Grab	passed_edited	Codex	2026-10-07T07:54:33+00:00	"[{""path"":""content/article-review/history/9ffe1a660cbab95228e887b245890cc181960dc920b51c0d3253a8d06bce8df0.json"",""locator"":""display: complete published JSON baseline; contextual segmentation review only"",""checked"":true,""sha256"":""29b66a7f82fbf760e602474b1de0aaaf141af88690f31a633ec29429335d3f24""}]"	b571d0bf0ebd9c990fb9f068d2cb0c049857e33d214d6f329beee827cfb953e3	a5af36d0c9d1ecb6c58de3d23963a9de399d9734c907e8963565ab9c6e4ad504	0	0	0	json;immutable_fields;text_consistency;content_evidence;revision_replay;idempotence	珠宝劫案；早晨布展、车辆冲入砸窗、店员投家具、盗贼逃走及追赶四段，恢复Just as从句。 text与bodyText同步；sentences对象及时间、角色、索引原样保留。
407	public/nce/lessons/nce3/007.json	nce	nce3-007	Mutilated Ladies	passed_edited	Codex	2026-10-07T07:54:33+00:00	"[{""path"":""content/article-review/history/d052dfe9a8bda4dd2c57ae9c72390e3e754e69ec91c286747a50d204c3ac166b.json"",""locator"":""display: complete published JSON baseline; contextual segmentation review only"",""checked"":true,""sha256"":""b5d81f5ecec454e7678f3af66b62c291afe0e60facb124570a8adee6839e7d7f""}]"	03e9084f75131fe419a94fae1f53f320651060c7bb151c0666b17cfdc3023cce	1e3b4915c18cc6be3eb962e74499c6c6033f1f2f69ce4c95053f4e7a4f65dcad	0	0	0	json;immutable_fields;text_consistency;content_evidence;revision_replay;idempotence	残币赔付；洗钞设问、银行机构、微波炉烤钱包、残币送检获赔、发言人数据五段。中文多句末缺标点，保留那些句际换行，仅连接有界衔接，不改字。 text与bodyText同步；sentences对象及时间、角色、索引原样保留。
408	public/nce/lessons/nce3/008.json	nce	nce3-008	A Famous Monastery	passed_edited	Codex	2026-10-07T07:54:33+00:00	"[{""path"":""content/article-review/history/026f46e80fb2883a2b61274a2c0b555370112b290436b00eaeb0205c2a590ef3.json"",""locator"":""display: complete published JSON baseline; contextual segmentation review only"",""checked"":true,""sha256"":""e47219e649c69720b02a24e5cb7e2344d550cc4348b04376b548253cdeac117b""}]"	b778bf3d8f456d6f42699619da7f0f5e50cb51b8edf3c120539f059652a13199	534d9b9392df9f4f3b759906311e2f7eefdda2644c2171660ce49cd1feec5b3e	0	0	0	json;immutable_fields;text_consistency;content_evidence;revision_replay;idempotence	圣伯纳德修道院；山口与救援犬背景、夏季游客圈养、冬季宁静犬自由及滑雪者三段。 text与bodyText同步；sentences对象及时间、角色、索引原样保留。
409	public/nce/lessons/nce3/009.json	nce	nce3-009	Flying Cats	passed_edited	Codex	2026-10-07T07:54:33+00:00	"[{""path"":""content/article-review/history/a18a938102bd17b7088819175192fc40cc495df9bd8cb9cc291d426825f4dae2.json"",""locator"":""display: complete published JSON baseline; contextual segmentation review only"",""checked"":true,""sha256"":""0e40d3a68d66e1dfc88af66321271ad3602b3cff02e5cd2029d4dc2276673e9b""}]"	4d5d35b640778288265b4da85d0806526d935f3dc567457a0d841de04a79efd4	acfd0dc23c0b57d72eb74eecdbbac3b89311e1df2fd2ebbf418ce4fcb718cd8f	0	0	0	json;immutable_fields;text_consistency;content_evidence;revision_replay;idempotence	会飞的猫；独立性与九命说、纽约坠楼研究例子、伞兵比喻和空气阻力解释三段。 text与bodyText同步；sentences对象及时间、角色、索引原样保留。
410	public/nce/lessons/nce3/010.json	nce	nce3-010	The Loss of the Titanic	passed_edited	Codex	2026-10-07T07:54:33+00:00	"[{""path"":""content/article-review/history/239a7b9c09912e0e4f728b7290e430da171139fcc8581aaba5d4ba97d060b2c8.json"",""locator"":""display: complete published JSON baseline; contextual segmentation review only"",""checked"":true,""sha256"":""9c6dc20a0172bfb50c618261e0a98436fa80fc380fd942604b58a75381eb693b""}]"	3f8e859a829abbcfd7acca4e1f58880d29bc4ed2a5eeab8816022bf17ae2f29c	ac69b2131029140048f2c8568f7eaaa8865fea1b4935c1e76e7d16efe779ca92	0	0	0	json;immutable_fields;text_consistency;content_evidence;revision_replay;idempotence	泰坦尼克号；航行及不沉背景、发现冰山转向、轻震实已进水弃船伤亡三段。 text与bodyText同步；sentences对象及时间、角色、索引原样保留。
411	public/nce/lessons/nce3/011.json	nce	nce3-011	Not Guilty	passed_edited	Codex	2026-10-07T07:54:33+00:00	"[{""path"":""content/article-review/history/277229a7b1372dc0f8843b173f5a6c5225ab7def0da65da1bef7dbaf417754da.json"",""locator"":""display: complete published JSON baseline; contextual segmentation review only"",""checked"":true,""sha256"":""4ad27003e4c01f44251f5fef5fb1e97ae9a5caebf43ba92fca462990ebe38ae0""}]"	7a18dac5c3d1f5861089d36488f0100f61911e154b69b56726dfb29bc0873e22	2596232b651943541009c4daf9da3660f42c1de5d2e565cf8f0fc34a747ae12e	0	0	0	json;immutable_fields;text_consistency;content_evidence;revision_replay;idempotence	海关发胶检查；背景、盘问开场、翻箱、发现瓶子指责、作者说明、鼓励尝试、嗅闻放行分段，问答角色不混并，原引号缺陷保留。 text与bodyText同步；sentences对象及时间、角色、索引原样保留。
412	public/nce/lessons/nce3/012.json	nce	nce3-012	Life on a Desert Island	passed_edited	Codex	2026-10-07T07:54:34+00:00	"[{""path"":""content/article-review/history/6d96e91bd7d2dcc1d1fea2821f8502c09391315743ad0704a322272b0af78080.json"",""locator"":""display: complete published JSON baseline; contextual segmentation review only"",""checked"":true,""sha256"":""4f2c0adbd9d464491059f6562a9160373b52b2de0d4945fb4aeb167ac6221454""}]"	7fffb5700c7c8c6bef869b5f97bdca567d3da7d5ced95ab28692fd56b91fd37e	7ef91eaf5ca5719f20ae7cdd7b4e53072319952c87224e788fc248274156d796	0	0	0	json;immutable_fields;text_consistency;content_evidence;revision_replay;idempotence	荒岛生活；天堂与困苦想象对照、两人弃船登岛、取水捕鱼与获救不舍三段。 text与bodyText同步；sentences对象及时间、角色、索引原样保留。
413	public/nce/lessons/nce3/013.json	nce	nce3-013	It's Only Me	passed_edited	Codex	2026-10-07T07:54:34+00:00	"[{""path"":""content/article-review/history/f7279004cd7954569d0dc69b3afb6e674cd3ccfb2b37b745fbc115064399c7e1.json"",""locator"":""display: complete published JSON baseline; contextual segmentation review only"",""checked"":true,""sha256"":""49964665331f1d14fc84ca89c1498523ee1e3c07c66345dd8d8f590953b27c82""}]"	d7bda0678c41e227bd33879a24a0d4742230f5e6bcfdd38e1ea13b9c3fe1f0ab	1573ad2fd9eeca5a7c84d60a72fc91666acbd76d836dcc91402e04126a8fc3b4	0	0	0	json;immutable_fields;text_consistency;content_evidence;revision_replay;idempotence	鬼装惊吓；兴奋试衣、误以面包师而藏身、抄表员闯入受惊三段，恢复saying后引语。 text与bodyText同步；sentences对象及时间、角色、索引原样保留。
414	public/nce/lessons/nce3/014.json	nce	nce3-014	A Noble Gangster	passed_edited	Codex	2026-10-07T07:54:34+00:00	"[{""path"":""content/article-review/history/c891b7e1a8eaf1d83335898859f233c894b6b1e77b386df1630290f78cefbd13.json"",""locator"":""display: complete published JSON baseline; contextual segmentation review only"",""checked"":true,""sha256"":""3d39b4bea06e702e124508cb70f3bc9f45c19e17826dd8dc26cd4041e5d0cee5""}]"	a7dda75df76a0b6a1056eea717726b3dc4e05463bb2eb3c42f8f9c28e1fbee1c	35ea3938c1371528e57c62dfe98fcf04e0c79887cf3b063664dc7dce5eede9a6	0	0	0	json;immutable_fields;text_consistency;content_evidence;revision_replay;idempotence	Hawkwood保护费；现代黑帮与古代引入、赴意及战时和平获利、英雄国葬讽刺三段。 text与bodyText同步；sentences对象及时间、角色、索引原样保留。
415	public/nce/lessons/nce3/015.json	nce	nce3-015	Fifty Pence Worth of Trouble	passed_edited	Codex	2026-10-07T07:54:34+00:00	"[{""path"":""content/article-review/history/1f9c5299a749d9af83e94aecca00536b233d367e48ffd035c907312465890287.json"",""locator"":""display: complete published JSON baseline; contextual segmentation review only"",""checked"":true,""sha256"":""aaf046bc271bede27609b224c4db8ec8e861d1d9784b0103fe65a0a4e04e309d""}]"	13a67b945fe4702040c1d3375c66170110a7545d59106c5990c9d8c98cd701d6	d07da5b87252cb8f1d69db495bcd2ff6e40adc058ce46e847c7e3c7e4fba95f7	0	0	0	json;immutable_fields;text_consistency;content_evidence;revision_replay;idempotence	五十便士麻烦；零花钱习惯、侄子不存钱、硬币落井卡臂救出三个段，最后巧克力奖励独立。 text与bodyText同步；sentences对象及时间、角色、索引原样保留。
416	public/nce/lessons/nce3/016.json	nce	nce3-016	Mary Had a Little Lamb	passed_edited	Codex	2026-10-07T07:54:34+00:00	"[{""path"":""content/article-review/history/a826c39bfb9d217245f317d24f7e4831c5cf07d9112f1c1615789d2e93d16fed.json"",""locator"":""display: complete published JSON baseline; contextual segmentation review only"",""checked"":true,""sha256"":""3f4652431cf7c48b5119a3843e07ee665c0c171d9a0983d8ce1858b6d56cd321""}]"	ce64d6dd7ccf64ef87058245c6f4afce47738dfbbb05110c5fb37568b1c2c884	5ec0544a6d04efa77a4438c3acb042b07d178144da775488d1f93e7ac732cd90	0	0	0	json;immutable_fields;text_consistency;content_evidence;revision_replay;idempotence	白羊变黑；养羊失窃、丈夫查找、质问邻居却道歉、雨洗染色揭晓四段。 text与bodyText同步；sentences对象及时间、角色、索引原样保留。
417	public/nce/lessons/nce3/017.json	nce	nce3-017	The Longest Suspension Bridge in the World	passed_edited	Codex	2026-10-07T07:54:34+00:00	"[{""path"":""content/article-review/history/916bbf7a945eaf5e58a9d252627c60b1995fd48ce7cb428c1db0ff0b5ccd8871.json"",""locator"":""display: complete published JSON baseline; contextual segmentation review only"",""checked"":true,""sha256"":""e1542ccff806767ed2ed2a7a04392576a6557358ec1c01a2d1da8c45394063cb""}]"	a251fd759925f040b8c1fe669724d6beeb5e627593091f8daa67a9826183b69a	dacc18620778efde90d2e94e5dbbfc45e71b0fffceb39e826800c101b487c737	0	0	0	json;immutable_fields;text_consistency;content_evidence;revision_replay;idempotence	维拉扎诺桥；命名来历、桥址跨度、塔缆平台承重结构、简洁优雅评价四段。 text与bodyText同步；sentences对象及时间、角色、索引原样保留。
418	public/nce/lessons/nce3/018.json	nce	nce3-018	Electric Currents in Modern Art	passed_edited	Codex	2026-10-07T07:54:34+00:00	"[{""path"":""content/article-review/history/e249efa35b16aa5c89eb74f6238e366bfe57b9514034d9fd619c20283f4c8703.json"",""locator"":""display: complete published JSON baseline; contextual segmentation review only"",""checked"":true,""sha256"":""dce19f44056a7382507387aff57edabca5640f9b370821c092c079731f4a4953""}]"	24ac097a6c99eb26a8399f9c10c4e4346ae6cacaef3d882edff0ef63fe78b208	ea306bd6dded73fa17b7a044851ecc2a5f37ae52ae2f3b3a67572cee41b171b4	0	0	0	json;immutable_fields;text_consistency;content_evidence;revision_replay;idempotence	现代电动雕塑；习惯雕塑仍惊讶、警示动态展品、磁球、灯光火花与电击评价四段。 text与bodyText同步；sentences对象及时间、角色、索引原样保留。
419	public/nce/lessons/nce3/019.json	nce	nce3-019	A Very Dear Cat	passed_edited	Codex	2026-10-07T07:54:34+00:00	"[{""path"":""content/article-review/history/a9f3145a5c2a0573ab6805800756cbdab9e6814627ec284a821cd7652907fed1.json"",""locator"":""display: complete published JSON baseline; contextual segmentation review only"",""checked"":true,""sha256"":""0c3b64dd3fcd0e91398675998cd44388600171b93f1fd7f456a73566b9206701""}]"	a25ec7130bb4ccb72ecf08c0e321f5778a91b840ab543c37edbd8949641f8ae4	2a0f04308e25e0bb451f48638db700e22ce9f4b573ea5c4a680088417a54178e	0	0	0	json;immutable_fields;text_consistency;content_evidence;revision_replay;idempotence	猫的赎金；规律生活及失踪、匿名信和付赎金、如期归猫、警察惊讶与dear双关四段。 text与bodyText同步；sentences对象及时间、角色、索引原样保留。
420	public/nce/lessons/nce3/020.json	nce	nce3-020	Pioneer Pilots	passed_edited	Codex	2026-10-07T07:54:34+00:00	"[{""path"":""content/article-review/history/6bee3e026237cc121b5cfc7ad662d6591d8a4be41637defc5a525b28bb6e53ed.json"",""locator"":""display: complete published JSON baseline; contextual segmentation review only"",""checked"":true,""sha256"":""83174f8e2e307f6913c25d8262e2d15360349064b3b4b59ebba59260300d7b34""}]"	d527c9ab5d73d88d65ca61e2a53b1754f7e72d488503f440c74661229637ecb8	aa0677768c7e913de23c48c6dd2103ccf192c4682839c43ab2d8accc6b4e5792	0	0	0	json;immutable_fields;text_consistency;content_evidence;revision_replay;idempotence	飞越海峡先驱；奖金与Latham初次失败、Bleriot到来、比赛预期、Bleriot成功、Latham再次迫降五段，恢复日期断行。 text与bodyText同步；sentences对象及时间、角色、索引原样保留。
421	public/nce/lessons/nce3/021.json	nce	nce3-021	Daniel Mendoza	passed_edited	Codex	2026-10-07T07:57:15+00:00	"[{""path"":""content/article-review/history/1cd4e82d4a5ecca393c4b9ecc4fb4b716980b2691967f66ff3cc199d1342673c.json"",""locator"":""display: complete published JSON baseline; contextual segmentation review only"",""checked"":true,""sha256"":""15edbc8ad9daed1f0d112c04e9c96c755feb866478fb8999ee57ca5226c8a41d""}]"	b13ba73f53d506e7e890a5f9f697ad4fdd4461585f43ff8ac0120b888ac08e6b	42845f08ef148c71339f50a66d66875d23f824f6fff69762fbe0fd164c559bad	0	0	0	json;immutable_fields;text_consistency;content_evidence;revision_replay;idempotence	Mendoza拳击史；徒手比赛背景、人物与科学贡献、成名师徒反目三战、学校盛名及贫困末年四段，恢复Though从句。 text与bodyText同步；sentences对象及时间、角色、索引原样保留。
422	public/nce/lessons/nce3/022.json	nce	nce3-022	By Heart	passed_edited	Codex	2026-10-07T07:57:15+00:00	"[{""path"":""content/article-review/history/20b5c22f2fc3b8b4c96867947df6066a9b2b0a30051617644dd0e189a0190ed5.json"",""locator"":""display: complete published JSON baseline; contextual segmentation review only"",""checked"":true,""sha256"":""2d1613011176da48051a4af2153e5a36337c5f9d24a2e1a9141ffd5bd21d799b""}]"	4e0a7347cda277a5c538d123955a9d24868609c3e72745437961875db4def93d	a01c996b91c9f46235cb571661936004b3d3e7b0c0e28d2844b7993bb280d584	0	0	0	json;immutable_fields;text_consistency;content_evidence;revision_replay;idempotence	演员背信；重复台词概论、贵族角色和捉弄意图、白纸上台、贵族要狱卒读、狱卒取眼镜真信五段，text引号前空格同步。 text与bodyText同步；sentences对象及时间、角色、索引原样保留。
423	public/nce/lessons/nce3/023.json	nce	nce3-023	One Man's Meat is Another Man's Poison	passed_edited	Codex	2026-10-07T07:57:15+00:00	"[{""path"":""content/article-review/history/fd9f990c245900a4d6befc1db8afbb9e171b94a830a1f52a336e96c2a4e0bd95.json"",""locator"":""display: complete published JSON baseline; contextual segmentation review only"",""checked"":true,""sha256"":""614a898b634f44051505cf046259a1485b084315c479817a982f1a9e3fee1fb0""}]"	46b631753dba71ca98033de31131b8a6f332a43b0328ec281cb843398c8439cf	847601697ff54e25ab275e2f491e977c17f2264065cff1b0c65776d9752e6099	0	0	0	json;immutable_fields;text_consistency;content_evidence;revision_replay;idempotence	食物偏好蜗牛；习惯差异、蜗牛争议及Robert请求、雨后采集赠送、留饭时满厅蜗牛四段，恢复雨后断句。 text与bodyText同步；sentences对象及时间、角色、索引原样保留。
424	public/nce/lessons/nce3/024.json	nce	nce3-024	A Skeleton in the Cupboard	passed_edited	Codex	2026-10-07T07:57:15+00:00	"[{""path"":""content/article-review/history/0a0b03ffab1c2c508ec8e49bb1ef2b53f4b8ff0e43783e9f11d3cb73c39810b6.json"",""locator"":""display: complete published JSON baseline; contextual segmentation review only"",""checked"":true,""sha256"":""8c673c3db5644717bc7bf17a1107e3ea6bba8bd6ab295dc122904bfaa0218e19""}]"	e6e91b875976902c20728a3f65bfa5e00db3407ed2787cc845e9f14bfe0b35ed	a4766f9fb9a9bc2d3517a016f10c292abff8cf36a6a202fa8c1cbfb1b16134a0	0	0	0	json;immutable_fields;text_consistency;content_evidence;revision_replay;idempotence	柜中骷髅；小说隐秘说法、George身份、客房开柜惊吓、医学骷髅解释四段，最后同人引语合并。 text与bodyText同步；sentences对象及时间、角色、索引原样保留。
425	public/nce/lessons/nce3/025.json	nce	nce3-025	The Cutty Sark	passed_edited	Codex	2026-10-07T07:57:15+00:00	"[{""path"":""content/article-review/history/eb34b852329aec594854d157ae4b47bc79c56c27ed7f6c4359920e129816cffb.json"",""locator"":""display: complete published JSON baseline; contextual segmentation review only"",""checked"":true,""sha256"":""1d33b6cc2a0f7252aff87c758a950d3b6e1fa768bc257022405240e6278437e9""}]"	c3b8c38752e6001996dd33fb739e840869b7d06fe2228ba7bf78d21566f772a6	16bbd8909140edeb8cf4b2b0e549a4f4e37dcac473edd3f6110c453e32f07323	0	0	0	json;immutable_fields;text_consistency;content_evidence;revision_replay;idempotence	Cutty Sark；展示与历史用途、双船赛程背景、暴风失舵临修落后、换舵晚到的评价四段。 text与bodyText同步；sentences对象及时间、角色、索引原样保留。
426	public/nce/lessons/nce3/026.json	nce	nce3-026	Wanted a Large Biscuit Tin	passed_edited	Codex	2026-10-07T07:57:16+00:00	"[{""path"":""content/article-review/history/118cd4b6e7a62eb04b7ed1c1387ecae3e5ee82cecd618334bffc91874c939b6d.json"",""locator"":""display: complete published JSON baseline; contextual segmentation review only"",""checked"":true,""sha256"":""b8cbdf3e06f6664ce25ddf2e84b84709341829198722007d516fa717ff0eb2d5""}]"	46e63fd94c7ea2da21c27cc709c999289a702fed09838bff64926190d6baa9d1	e7a793205faf43df0d377508b638468ed5e3f309223f04e0e0ea4346937cd44d	0	0	0	json;immutable_fields;text_consistency;content_evidence;revision_replay;idempotence	巨型饼干广告；免费诱惑原理、广播竞赛与早期参赛品、学生巨饼及厂商高价三段，完整衔接原料列表。 text与bodyText同步；sentences对象及时间、角色、索引原样保留。
427	public/nce/lessons/nce3/027.json	nce	nce3-027	Nothing to Sell and Nothing to Buy	passed_edited	Codex	2026-10-07T07:57:16+00:00	"[{""path"":""content/article-review/history/df1190753c2fe6886ff1a4d7d0fef29b4eca2d303455571f4ccb464230c4a390.json"",""locator"":""display: complete published JSON baseline; contextual segmentation review only"",""checked"":true,""sha256"":""bb6150e9521116d598e47c1dd6afb5c08b9d466fbf12354e3ae014c0750e60c0""}]"	45b8700ba36f9307198e658a59912509e043b1713386bed142e74d51a580abd0	da687b8a80c983573f5282e3334e01a813448e2a4a234086a0ce7ef8983cec00	0	0	0	json;immutable_fields;text_consistency;content_evidence;revision_replay;idempotence	流浪汉自由；出售技能与服务的社会规则、流浪者与乞丐区别、轻装近自然而自由的生活三段。 text与bodyText同步；sentences对象及时间、角色、索引原样保留。
428	public/nce/lessons/nce3/028.json	nce	nce3-028	Five Pounds Too Dear	passed_edited	Codex	2026-10-07T07:57:16+00:00	"[{""path"":""content/article-review/history/b5c74640dd3ae551edd9058728c221d850e51339cb47a423959c5fc1a71ab4d6.json"",""locator"":""display: complete published JSON baseline; contextual segmentation review only"",""checked"":true,""sha256"":""6d4561181f9687e69ff5ce2d97f12db209b22acca143eb4e243dcf52356d0303""}]"	26d72a33026c58acaf7f0dff98912271fa917597a33935b9079fd6f16b27d452	e202d9ed29fe4156780c9b2f46e9cdf6dd72ae5e2ce48b2f658a455ee4956bbc	0	0	0	json;immutable_fields;text_consistency;content_evidence;revision_replay;idempotence	五英镑钢笔；上船商贩、钻戒纠缠、钢笔讨价成交、回船发现不能写四段。 text与bodyText同步；sentences对象及时间、角色、索引原样保留。
429	public/nce/lessons/nce3/029.json	nce	nce3-029	Funny or Not	passed_edited	Codex	2026-10-07T07:57:16+00:00	"[{""path"":""content/article-review/history/52b058966e724a4fe35bc2c7d18802affc3d8ba4172d593b40e56682bd38fd4b.json"",""locator"":""display: complete published JSON baseline; contextual segmentation review only"",""checked"":true,""sha256"":""a74e126270932d217f20c31a3890d8e162a590d08eace40ff1ebe8b8b566d735""}]"	bce7f47f75a415c7866481fcbaaae5c5d083149bbdfedd3e712d6971e58de008	a8513f5250b22be62ce789acbb9c7aab5e2308caab123ac66c3e8e623d63b441	0	0	0	json;immutable_fields;text_consistency;content_evidence;revision_replay;idempotence	病态幽默；民族差异与普遍情境、新类型介绍、住院圣诞苦闷、新年出院又摔另一腿四段。 text与bodyText同步；sentences对象及时间、角色、索引原样保留。
430	public/nce/lessons/nce3/030.json	nce	nce3-030	The Death of a Ghost	passed_edited	Codex	2026-10-07T07:57:17+00:00	"[{""path"":""content/article-review/history/479184ee1bc94a14495ef1df4ae01aeb0397f3ad6d628fc2cc8194bd2f90482a.json"",""locator"":""display: complete published JSON baseline; contextual segmentation review only"",""checked"":true,""sha256"":""bd6851ac57611438c5d5fe73a7e972427b4f0f3b529abdaeeb8fdb13a4cea7fb""}]"	2512c05e8c4d389e7aa393f9aec8a4801f73436339a0d4f8da6847b4d5226f1a	ad64bab021e693fedf103710fead0027f79ea8d2168ab5eccc78e78c3aad2913	0	0	0	json;immutable_fields;text_consistency;content_evidence;revision_replay;idempotence	农场鬼魂；夜间劳动传闻、葬礼揭示、逃兵及家人隐瞒、日眠夜劳直到死亡四段。 text与bodyText同步；sentences对象及时间、角色、索引原样保留。
431	public/nce/lessons/nce3/031.json	nce	nce3-031	A Lovable Eccentric	passed_edited	Codex	2026-10-07T07:59:39+00:00	"[{""path"":""content/article-review/history/5c06c08d8639587fb653bcd012665fb0044a294778d98a09fa7738d0ec3e7834.json"",""locator"":""display: complete published JSON baseline; contextual segmentation review only"",""checked"":true,""sha256"":""823e601087383254254fb13bba0318243abe1690d02663951d328a7bc4950cb2""}]"	222e3410128b7b1334d327e8bd7c56c5cf8217b434a9f40b8c4f57c954632d4c	451442cfab0a0643049fb859dbf8bf0d943f27da2b867102382bc2ffcd24af05	0	0	0	json;immutable_fields;text_consistency;content_evidence;revision_replay;idempotence	Dickie怪人；怪人特性、人物与习惯、便士买表报复、画作戏弄评论家四段，动作和同人引语连续。 text与bodyText同步；sentences对象及时间、角色、索引原样保留。
432	public/nce/lessons/nce3/032.json	nce	nce3-032	A Lost Ship	passed_edited	Codex	2026-10-07T07:59:39+00:00	"[{""path"":""content/article-review/history/5296998cfad278394d3be12adfff49771dc18f4b5184318dd0ee1d826c690fa0.json"",""locator"":""display: complete published JSON baseline; contextual segmentation review only"",""checked"":true,""sha256"":""877781283c68881e377613a80104c1e26b53c20199680497fb96a13744529c40""}]"	ca3da30908f5c709b947711c827824c9e0e4372facab8f848a865d0baff25619	3930cbf95222e3094510e89c157266297caf9fe3460ad0e13755c528772602af	0	0	0	json;immutable_fields;text_consistency;content_evidence;revision_replay;idempotence	失踪巡洋舰；打捞任务、发现别船箱子、遗物与未完信、日志证实历史四段，保留船物叙事顺序。 text与bodyText同步；sentences对象及时间、角色、索引原样保留。
433	public/nce/lessons/nce3/033.json	nce	nce3-033	A Day to Remember	passed_edited	Codex	2026-10-07T07:59:39+00:00	"[{""path"":""content/article-review/history/046e23a875771b059ca3827cd673db2f8171febe96ba30152898da017c7d634c.json"",""locator"":""display: complete published JSON baseline; contextual segmentation review only"",""checked"":true,""sha256"":""8455487c4d903ad6607eb028765a2d0a16807024f39ec6aa74ca1a51d71bbd78""}]"	0f142291ad7d6487c253071765a5bd7b95a4f48c1fc829f4aa2026bc2504df61	f51c027140db76740ff23ce67c9f0ac303a5e149274f5a83fdf00b5fa307b339	0	0	0	json;immutable_fields;text_consistency;content_evidence;revision_replay;idempotence	倒霉日连锁反应；总述、家中做饭看婴儿、交通蛋糕啤酒事故、清场和狗吃蛋糕四段，保持连锁叙述。 text与bodyText同步；sentences对象及时间、角色、索引原样保留。
434	public/nce/lessons/nce3/034.json	nce	nce3-034	A Happy Discovery	passed_edited	Codex	2026-10-07T07:59:39+00:00	"[{""path"":""content/article-review/history/af7f3eee314fa4bd79c2d3d388f99f6a0d9850d17c9e0f9d5d4a5cd2f5ac0956.json"",""locator"":""display: complete published JSON baseline; contextual segmentation review only"",""checked"":true,""sha256"":""7cddce566797b3c284c98b9177445818316161075858ac8378fbaa9456406772""}]"	91cf279216555d24940a54d37f117c9a3d754e8109494859cbbe73c5b8b76216	acdcaaa97f4cca1185b4fc505fc23445a47627ad57282ea04908ae11bb38b6e1	0	0	0	json;immutable_fields;text_consistency;content_evidence;revision_replay;idempotence	古玩珍宝；商店吸引力、猎宝者与Frank、开箱失望、发现名画四段，报价与买画结局连续。 text与bodyText同步；sentences对象及时间、角色、索引原样保留。
435	public/nce/lessons/nce3/035.json	nce	nce3-035	Justice was Done	passed_edited	Codex	2026-10-07T07:59:40+00:00	"[{""path"":""content/article-review/history/862357f3e881ccab660d8b565999ea5da7b4fa2a3f79e1502e66ec3f37a39336.json"",""locator"":""display: complete published JSON baseline; contextual segmentation review only"",""checked"":true,""sha256"":""e5bde5e8bc730aa06f0056247d6130a5399a3e9f90802e909687ffc395af2ee4""}]"	e856be34ab532b5b85e7424bdd0ad28142d124dcdf6193c7fe4317481e6db840	cfc89b563f1659f8d97983a6568d773325cc6cf90ba9803ab5f5277bd5941c7c	0	0	0	json;immutable_fields;text_consistency;content_evidence;revision_replay;idempotence	正义双义；司法判定、自然报应、珠宝店营救、窃贼自承四段；额外prompt提示已通读保留。 text与bodyText同步；sentences对象及时间、角色、索引原样保留。
436	public/nce/lessons/nce3/036.json	nce	nce3-036	A Chance in a Million	passed_edited	Codex	2026-10-07T07:59:40+00:00	"[{""path"":""content/article-review/history/623ce4dc5e93926d3f9cd0cafd8e70c35dcfcde6afa291349dc39bfc13937fe0.json"",""locator"":""display: complete published JSON baseline; contextual segmentation review only"",""checked"":true,""sha256"":""ac1804bb3265e334fda0a42f29096f5d8c383fc3f13bbb31deff32541571e3ea""}]"	27a2e881d3cbe82a07b4bcd051b1c4905f3fbb2170678a0a955da8d7fa43de6b	c2154da4f99c724715361f7ee23ec723baeb965e02804e122b7c0771ba39f961	0	0	0	json;immutable_fields;text_consistency;content_evidence;revision_replay;idempotence	兄弟重逢巧合；小说巧合议论、妻子认人核实、战争失散经历三段，恢复When及Assuming两处从句。 text与bodyText同步；sentences对象及时间、角色、索引原样保留。
437	public/nce/lessons/nce3/037.json	nce	nce3-037	The Westhaven Express	passed_edited	Codex	2026-10-07T07:59:40+00:00	"[{""path"":""content/article-review/history/cb143f6627ba4b1f69856119293f1ada1c27fbf5c43850b59994fc9907fc648e.json"",""locator"":""display: complete published JSON baseline; contextual segmentation review only"",""checked"":true,""sha256"":""adbe187441f0231a915a5a246ccd39c2e730a3312b91ae884015bbb576de5954""}]"	9adf842d046f3fbd6272a8263f0f1283a0c75bd2c4ded9e7feeb6ca11c7dd79c	abc15f4dc5198ada5473a44c5634ac6e6c0dc3aa9aa4a712c80b428b41e885be	0	0	0	json;immutable_fields;text_consistency;content_evidence;revision_replay;idempotence	错读列车表；准时信念、查表上车、慢车疑惑、投诉发现停运脚注四段。 text与bodyText同步；sentences对象及时间、角色、索引原样保留。
438	public/nce/lessons/nce3/038.json	nce	nce3-038	The First Calendar	passed_edited	Codex	2026-10-07T07:59:40+00:00	"[{""path"":""content/article-review/history/ab1dda35640d9e3fec01210cc6aecf8c63d83e7712dcf65a7e84b1d994e62a32.json"",""locator"":""display: complete published JSON baseline; contextual segmentation review only"",""checked"":true,""sha256"":""8a838fc27799758659983478fffad867793b151f857f5467596c9bea83c7295e""}]"	55e8807ac581b60486880ce1a09ea58f1eee8246b05204940090575289dd8b45	2d47ac7454fc90e8b3f4799b8b91d80468c0cea5dd18a80c7304e19ff7ff7359	0	0	0	json;immutable_fields;text_consistency;content_evidence;revision_replay;idempotence	早期日历；未来史料、古代线索与旧假设、标记解码、壁画关系四段，保留年代文字。 text与bodyText同步；sentences对象及时间、角色、索引原样保留。
439	public/nce/lessons/nce3/039.json	nce	nce3-039	Nothing to Worry About	passed_edited	Codex	2026-10-07T07:59:40+00:00	"[{""path"":""content/article-review/history/b96268378fb565d99cb632688f1e12d609a5147825ac4d1e38b1e24bb6107f07.json"",""locator"":""display: complete published JSON baseline; contextual segmentation review only"",""checked"":true,""sha256"":""dceddbed05dec222da85138e672d5acc368e20028ea6da6f5c9baac7cc0678fe""}]"	8c4ce3a95bc9a02720d0fdff5ee3d14c3fe6d50569791cadcfeb56f01510a47c	d10e33abe52ace05a12f8f5fad3e19940a5af255ba80bfa3c2ee3d19f1642882	0	0	0	json;immutable_fields;text_consistency;content_evidence;revision_replay;idempotence	Bruce危险驾驶；人物与路况、碎石忧虑、跨裂缝、水中缺油四段，题干拼写不属边界修复原样。 text与bodyText同步；sentences对象及时间、角色、索引原样保留。
440	public/nce/lessons/nce3/040.json	nce	nce3-040	Who's Who	passed_edited	Codex	2026-10-07T07:59:40+00:00	"[{""path"":""content/article-review/history/0b9a5cd08f79fc5817d3c04f6d4234ecaa5804d1f1ddc6f151c78445276c1036.json"",""locator"":""display: complete published JSON baseline; contextual segmentation review only"",""checked"":true,""sha256"":""34054a7adb33a30254af804bfd197b58112b9daa886fe39267c6ce073866697e""}]"	f3e76fb5e8d282cb21fb707ff96d26630f523bd757b515245b61d8f1133e83db	c675ac9dbfaceb736f48e380543bcc6794b034af7eeb997bae0b3f89493ddbd8	0	0	0	json;immutable_fields;text_consistency;content_evidence;revision_replay;idempotence	学生骗局；恶作剧概述、双向误导、警察工人冲突、报警识破四段，不改变叙事引语内容。 text与bodyText同步；sentences对象及时间、角色、索引原样保留。
441	public/nce/lessons/nce3/041.json	nce	nce3-041	Illusions of Pastoral Peace	passed_edited	Codex	2026-10-07T07:59:41+00:00	"[{""path"":""content/article-review/history/4d4862b255fafd6fbd6f6f0d018fc067d741421bca48cbf0b70ca8d19ffec027.json"",""locator"":""display: complete published JSON baseline; contextual segmentation review only"",""checked"":true,""sha256"":""d9f4db18a24efb6e8a351a3f4e6c7a70c27580d8b17b4daca6f4fc4f73f4e534""}]"	c50af696cd66e03fb8f3ec41bfdfd21f39679b7ae3cc02bb846ba48772a191ec	5ec891e60c61f1b62d6f9430e7fa2652062f9e874b04b0fb4dbae537212cd49f	0	0	0	json;immutable_fields;text_consistency;content_evidence;revision_replay;idempotence	田园幻想；个人与朋友观点、乡居缺陷、城市交往观剧、购物、城市美感五段。恢复City born续句，末尾中文重复原样保留。 text与bodyText同步；sentences对象及时间、角色、索引原样保留。
442	public/nce/lessons/nce3/042.json	nce	nce3-042	Modern Cavemen	passed_edited	Codex	2026-10-07T07:59:41+00:00	"[{""path"":""content/article-review/history/15bbab6bc63dd29505f606d022303a9d77f27e764088c646520371c041901d4a.json"",""locator"":""display: complete published JSON baseline; contextual segmentation review only"",""checked"":true,""sha256"":""79bb1d203b4e2390b77cb582d293213f649c77b826949a10bc2a311c0ab61d73""}]"	76165f39d9913ddbef914a60ac9490c95625c80b99ba287c034d7e2a782b146f	a98eed16499367a01488877dc7d163f44aa02a6849f4c2bf9169ffb6bf6d19ec	0	0	0	json;immutable_fields;text_consistency;content_evidence;revision_replay;idempotence	洞穴探险；动机、准备、洞穴地理来历、进洞渡湖、巨大洞厅五段，地点与洞景连续。 text与bodyText同步；sentences对象及时间、角色、索引原样保留。
443	public/nce/lessons/nce3/043.json	nce	nce3-043	Fully Insured	passed_edited	Codex	2026-10-07T07:59:41+00:00	"[{""path"":""content/article-review/history/f29b5c460c1a40e5e75c71e8bb667034489c5f5f2b2681f6299e269472f5f81e.json"",""locator"":""display: complete published JSON baseline; contextual segmentation review only"",""checked"":true,""sha256"":""6db09871c317932bb1930529cdb1d810aa0c2d678e875e6bc1cd8976add8d2e5""}]"	b739a5feb0482a247a9e6f9cd503e336cee5928d633c524ae2191ee19819c6a8	02246bf5f41759f03748f2e5e45f93e7e89f6e8155db0e55ecff7e451e47eeb6	0	0	0	json;immutable_fields;text_consistency;content_evidence;revision_replay;idempotence	派盘保险；投保概述、派盘用途及沉没、首轮打捞失败、再试成功四段；中文第4行重复属于译文校勘保留。 text与bodyText同步；sentences对象及时间、角色、索引原样保留。
444	public/nce/lessons/nce3/044.json	nce	nce3-044	Speed and Comfort	passed_edited	Codex	2026-10-07T07:59:41+00:00	"[{""path"":""content/article-review/history/fbbf8fca03a32dd7ad50a94c333f9ebad48f83a05f916a0d91e8cc25bc2e344e.json"",""locator"":""display: complete published JSON baseline; contextual segmentation review only"",""checked"":true,""sha256"":""1e21e98c085b68919bdfcc0543ec13db5f42d2c8c925654eaaed6deef4ce96b8""}]"	7ac6adfa78c0f09538a0d129161a32e92b610b1a88503032c380dadd742e01f8	1b9cda4bce6fc7bbdfd6f4e3667810f9c79da7f525b7d9f617aca87f70a11ca9	0	0	0	json;immutable_fields;text_consistency;content_evidence;revision_replay;idempotence	交通比较；火车、汽车、海路、航空速度服务、空中景色与到达状态五段，保持多句论证。 text与bodyText同步；sentences对象及时间、角色、索引原样保留。
445	public/nce/lessons/nce3/045.json	nce	nce3-045	The Power of the Press	passed_edited	Codex	2026-10-07T07:59:41+00:00	"[{""path"":""content/article-review/history/8a8a256edcab7db3ce447fa7f7fd839dbc444c1b1a732a9baea25811cacc12b0.json"",""locator"":""display: complete published JSON baseline; contextual segmentation review only"",""checked"":true,""sha256"":""c457f5c0243eb347bd331a44cef921ab79cb3f47433c863a3ce3616e7b8831b3""}]"	08921d19ed1ff8cb9c72e1809b84d54471f09723154e28293abccd2d60b34ac7	dd49214d87d2a8b871d00047d93333fb8b2a92bdf4b319a833611d4f0214a851	0	0	0	json;immutable_fields;text_consistency;content_evidence;revision_replay;idempotence	媒体力量；自由与隐私、贫困家背景五胞胎、报道带来财富、商业化代价四段。 text与bodyText同步；sentences对象及时间、角色、索引原样保留。
446	public/nce/lessons/nce3/046.json	nce	nce3-046	Do It Yourself	passed_edited	Codex	2026-10-07T07:59:41+00:00	"[{""path"":""content/article-review/history/a0c8fef8efc6c337bd0ce80b8681d11c23f74448da478aab4664ef759dc89e4c.json"",""locator"":""display: complete published JSON baseline; contextual segmentation review only"",""checked"":true,""sha256"":""21126f529858e0b2200705623fdda59666f0cb11867827734ba84931fb3f5821""}]"	467e9453357f4c230bb58ad6df205a5524f7ddbfb7f9a642c0568d0321ce0cf0	ed33959b75c3c0c65980f581e1930e02b9656b1a8f21020411b6232fa8296294	0	0	0	json;immutable_fields;text_consistency;content_evidence;revision_replay;idempotence	自己动手修割草机；DIY热潮、万能丈夫幻想、接下维修、拆装失败、荒草结局五段，恢复When从句。 text与bodyText同步；sentences对象及时间、角色、索引原样保留。
447	public/nce/lessons/nce3/047.json	nce	nce3-047	Too High a Price	passed_edited	Codex	2026-10-07T07:59:42+00:00	"[{""path"":""content/article-review/history/1e66238c0f10cb9408ba48827b1dcf36aa3cb49c3c6001d1caa4c6bb4bd1d95f.json"",""locator"":""display: complete published JSON baseline; contextual segmentation review only"",""checked"":true,""sha256"":""884ba5fd65a86717dfbb2d2a1e2af6be3bef3bc7cea63e4e98d3feefb2189f0e""}]"	c96459335cc93d55ce63e68a8c78e930ef8094e63a9046918059adc3056bdc7e	0745cbf15db913f689c2524f7b238c403013d765a4dab79515c2257e6ca7a93f	0	0	0	json;immutable_fields;text_consistency;content_evidence;revision_replay;idempotence	污染代价；垃圾、廉价食品、传统噪声、手机、打鼾调查五段；恢复冒号例举与revealed that续句。 text与bodyText同步；sentences对象及时间、角色、索引原样保留。
448	public/nce/lessons/nce3/048.json	nce	nce3-048	The Silent Village	passed_edited	Codex	2026-10-07T07:59:42+00:00	"[{""path"":""content/article-review/history/a0279d916c679cc90e91f0711ec2fd3119ea5af3ae12c1a5ea673cb6f885a55c.json"",""locator"":""display: complete published JSON baseline; contextual segmentation review only"",""checked"":true,""sha256"":""e3b8105676325555ed90bf26970c56036a879902da622ccff8d6c3a38ae4afbc""}]"	0d1003b8961c25e8809abde7bd559c49b33065133bbae4080dedfa7880439e6f	8c8c8a62e3ec9b1b4dd663e6658e2e773bac01d00882aef099f1b600079b0fa3	0	0	0	json;immutable_fields;text_consistency;content_evidence;revision_replay;idempotence	寂静村庄；偏远村落概述、离镇缘由、穿林渡河、村貌午餐、孩子围观、居民敌意促返六段。 text与bodyText同步；sentences对象及时间、角色、索引原样保留。
449	public/nce/lessons/nce3/049.json	nce	nce3-049	The Ideal Servant	passed_edited	Codex	2026-10-07T07:59:42+00:00	"[{""path"":""content/article-review/history/2128351fcf40fafe97a7783ee053738325bafd95874517fa1fff6a0d4d97b671.json"",""locator"":""display: complete published JSON baseline; contextual segmentation review only"",""checked"":true,""sha256"":""da0fada01c5b3d17023f706b53d026f8680a4525bfbdf89938edfbe76384634e""}]"	70fbbcb851a92cbb5216139e8ff07708902fd63ccede392d4a063f04332af47b	34922e81015a7fb893d3584a22531912d6c699e8d131f6fc4b13ace11d4da5b6	0	0	0	json;immutable_fields;text_consistency;content_evidence;revision_replay;idempotence	理想仆人；姑妈房产背景、洁净豪宅与换佣、Bessie受信任、醉酒宴会、解雇后空瓶五段。译文节目等词义问题留原文。 text与bodyText同步；sentences对象及时间、角色、索引原样保留。
450	public/nce/lessons/nce3/050.json	nce	nce3-050	New Year Resolutions	passed_edited	Codex	2026-10-07T07:59:42+00:00	"[{""path"":""content/article-review/history/5a31d27296994ccda44e685440303b75356d721d4807b184b1b8baa30d52e3ce.json"",""locator"":""display: complete published JSON baseline; contextual segmentation review only"",""checked"":true,""sha256"":""5018de5ab5bc89fba64fedbbaa7eded796009a323a17c0b34d8217831bdd7228""}]"	16b71ec99a1485385e16c22709576cd7818c90176ed7d55227493291abe6e351	3164e4de8967b632736377e522644ca9ae3e125be3be72f7d8287132fb1bbd19	0	0	0	json;immutable_fields;text_consistency;content_evidence;revision_replay;idempotence	新年决心；通病、两目标、锻炼被发现、锻炼消退与借口、阅读失败五段；恢复After、if及Resisting跨行从句。 text与bodyText同步；sentences对象及时间、角色、索引原样保留。
451	public/nce/lessons/nce3/051.json	nce	nce3-051	Predicting the Future	passed_edited	Codex	2026-10-07T07:59:42+00:00	"[{""path"":""content/article-review/history/c8f82be3f91f6c83b85970e71493f1a991742e46d84db45b1cae5a101ab12bab.json"",""locator"":""display: complete published JSON baseline; contextual segmentation review only"",""checked"":true,""sha256"":""8d373d7cb9f40a70314ee0fe5b0259303c6897b224d7c6656f5743b3d29a303f""}]"	3c1fbd175f3ffdd0313cece6c0ca7666a377e1c4a9b46514cda241b2a415b7cb	189eff13f13565ccaf87f22ba7551b38d5241e8f25efef311a69cf989de278ab	0	0	0	json;immutable_fields;text_consistency;content_evidence;revision_replay;idempotence	预测电脑；大型机背景、家用电脑进展、Bagrit预见、互联网超出预见四段，恢复英国人姓名与主句。 text与bodyText同步；sentences对象及时间、角色、索引原样保留。
452	public/nce/lessons/nce3/052.json	nce	nce3-052	Mud is Mud	passed_edited	Codex	2026-10-07T07:59:42+00:00	"[{""path"":""content/article-review/history/0e13ac76f5cb176b7e22177430f0425f1c84d3c52ff13b49758fd7ff0b06b8b8.json"",""locator"":""display: complete published JSON baseline; contextual segmentation review only"",""checked"":true,""sha256"":""65d2fd5eb7ba722f397ace64c2e3d3c5617767c80dfb2d559f1e40b912a05557""}]"	2cdbf18620d3970bbbd4e9a608e16b9f088f9afaaccb9fef53b35f8adf146e42	4d368ff595a5a93a5db0f93fe6bed169b28c61b80e78ebad82990ab14bf434bd	0	0	0	json;immutable_fields;text_consistency;content_evidence;revision_replay;idempotence	香泥骗局；瓶子展示、哈利惯用伎俩、索Myrolite、香泥反将一军四段，恢复When女人摇头续句。 text与bodyText同步；sentences对象及时间、角色、索引原样保留。
453	public/nce/lessons/nce3/053.json	nce	nce3-053	In the Public Interest	passed_edited	Codex	2026-10-07T07:59:42+00:00	"[{""path"":""content/article-review/history/5d961e70809980c232c0d368a8e49e71e1c1e455f102dffd4b08ee72d0dc22f5.json"",""locator"":""display: complete published JSON baseline; contextual segmentation review only"",""checked"":true,""sha256"":""80ef7f82fad86ea8e3794029ae616e22694ae44ea52a95c7c4c33a8c0b1d7ede""}]"	0c92a550cfde91ffd59856d5840eebc02ead052592584b944975b1459419508b	046b888640945b39fbe981ecd0d57748cb4349289e301ddc5b4a7c782f11d0c8	0	0	0	json;immutable_fields;text_consistency;content_evidence;revision_replay;idempotence	监察专员；制度缘起、工作方式、外国人投诉初查、实地调查与处分四段；中文18行内部缺标点属校勘保留。 text与bodyText同步；sentences对象及时间、角色、索引原样保留。
454	public/nce/lessons/nce3/054.json	nce	nce3-054	Instinct or Cleverness	passed_edited	Codex	2026-10-07T07:59:43+00:00	"[{""path"":""content/article-review/history/05dda6396e560df676464c646d55286944c0c183e9e45927de0dd6cc45a7d8ea.json"",""locator"":""display: complete published JSON baseline; contextual segmentation review only"",""checked"":true,""sha256"":""02d65978ae8add9195c0e3c9dca5d538db19a5b12df18b02044f1cbf52c9caba""}]"	08b49fef635744beaebde27ab07cb9956bcd7b61c38a8ab396d11db52a776326	f49df767187a176ee0c1fde671144cdf20797931bd07d52b722f6a88e835b278	0	0	0	json;immutable_fields;text_consistency;content_evidence;revision_replay;idempotence	蚂蚁聪明；怕虫、着迷、桃树蚜虫、胶带实验、蚂蚁绕路五段。 text与bodyText同步；sentences对象及时间、角色、索引原样保留。
455	public/nce/lessons/nce3/055.json	nce	nce3-055	From the Earth Greetings	passed_edited	Codex	2026-10-07T07:59:43+00:00	"[{""path"":""content/article-review/history/bebce822ce994556f86742a1bce9e277bb7c576ed58ed86599087df59c846027.json"",""locator"":""display: complete published JSON baseline; contextual segmentation review only"",""checked"":true,""sha256"":""4855b0a2221cc135bee1f00d6e420eca4f13c72c449c1fb8d940586df74f3b25""}]"	8156f8285aff57e66783313b2b8e6ea6bcebbf84bc1d05e9857747dd9e78c8a0	84e53f294f592c0df93849897f9718cc3ab922b28c03d66373fc6722f452db0e	0	0	0	json;immutable_fields;text_consistency;content_evidence;revision_replay;idempotence	外星生命；发现难度、生命条件、望远镜限制、细菌、发现意义五段，结尾Goldin完整引语合段。 text与bodyText同步；sentences对象及时间、角色、索引原样保留。
456	public/nce/lessons/nce3/056.json	nce	nce3-056	Our Neighbour, the River	passed_edited	Codex	2026-10-07T07:59:43+00:00	"[{""path"":""content/article-review/history/ae789859e3eaf1174f37269c6ad262883ece2bed5b3d1ad3b0107099a60e036a.json"",""locator"":""display: complete published JSON baseline; contextual segmentation review only"",""checked"":true,""sha256"":""34fc7f6ce1863cfaefb3656eec1806fd14c5a0cd28a6428b2d4d1ed9680c561f""}]"	fb80f6b08221516f74b9cfc1c4d1e2d8957216bb1c95b097fa2a5fda26c4cc94	f18b831c30d9ad4a5d098e3a7a187e1e406bac277c17b68c03022b589a64b48a	0	0	0	json;immutable_fields;text_consistency;content_evidence;revision_replay;idempotence	河流邻居；谋生与亲近、季节活动、洪水风险、担心邻居、木筏救援五段；开头译文缺失错位重复仅属文字校勘原样。 text与bodyText同步；sentences对象及时间、角色、索引原样保留。
457	public/nce/lessons/nce3/057.json	nce	nce3-057	Back in the Old Country	passed_edited	Codex	2026-10-07T07:59:43+00:00	"[{""path"":""content/article-review/history/0588a8ee1f709f848d5e8d4faa470009f990e1e5ada8d204a4cc19f2047b3edc.json"",""locator"":""display: complete published JSON baseline; contextual segmentation review only"",""checked"":true,""sha256"":""879919978c598e63be24379ba6333b60a3a9d9e777e72efa3006315ba840097a""}]"	00112b78673b8b38878493df83c7cfcf8e0b864c28f9cfe72fd93ade74a3844a	ea2f852c1cd6a062397da163262a73a0f4f949f069c5846561d8dbee5854ca7f	0	0	0	json;immutable_fields;text_consistency;content_evidence;revision_replay;idempotence	回故乡；停车忆移民、父亲遗愿、租车返乡、循图迷路、骑者解释水库五段；恢复父亲描述跨行主句。 text与bodyText同步；sentences对象及时间、角色、索引原样保留。
458	public/nce/lessons/nce3/058.json	nce	nce3-058	A Spot of Bother	passed_edited	Codex	2026-10-07T07:59:43+00:00	"[{""path"":""content/article-review/history/40ff1a8be4cb94688594e4ae1e4e81b9749962e9bd802b429199b07e70148c76.json"",""locator"":""display: complete published JSON baseline; contextual segmentation review only"",""checked"":true,""sha256"":""4660cb4d80e3abfc72c6855beaec89d4bd52cc92427f665538b833a73320d32d""}]"	1d68c2d5cf0b04b3805cac0be58f24e09de6c23e2335c22fffd7cabd179f7ab6	5680de222427c9266bb5fef0345e460d47015796731d6715bc282980e6760ff7	0	0	0	json;immutable_fields;text_consistency;content_evidence;revision_replay;idempotence	老太太遇盗；回家发现异常、门房陪同查看、警方勘查、女儿协助四段。 text与bodyText同步；sentences对象及时间、角色、索引原样保留。
459	public/nce/lessons/nce3/059.json	nce	nce3-059	Collecting	passed_edited	Codex	2026-10-07T07:59:43+00:00	"[{""path"":""content/article-review/history/34030783532de231c9b7608033c3297663341916fec02d31bf51f9d087443b7a.json"",""locator"":""display: complete published JSON baseline; contextual segmentation review only"",""checked"":true,""sha256"":""a9d190344e901ce30c19ab17a0cb6fcc9da45cb4a62b37bbe98a5fa342596d43""}]"	62abaad95d1226342283d555147ad420db5f98874b3609c5906e67701ac0bd09	5ef9364a757c173d376d191a641750f7486ab0b007fb1fb899fe2aff87aad0d6	0	0	0	json;immutable_fields;text_consistency;content_evidence;revision_replay;idempotence	收藏；无意囤积、节俭与剪报、严肃收藏知识娱乐、社交与自信四段。 text与bodyText同步；sentences对象及时间、角色、索引原样保留。
460	public/nce/lessons/nce3/060.json	nce	nce3-060	Too Early and Too Late	passed_edited	Codex	2026-10-07T07:59:44+00:00	"[{""path"":""content/article-review/history/a6eca82f02a932d64c46c5d548b309b3fdd47e9ed08731a0846ad79066c2db75.json"",""locator"":""display: complete published JSON baseline; contextual segmentation review only"",""checked"":true,""sha256"":""39632dfd9b38ad4f14db195d251fb74a9a77b8e367f23e66f5ad27c39b8c83f3""}]"	05cd93a7f41d128da69847b85d582acd680776c4990b7eb45c97af58b053a9dc	db3c106a04a23d4e7def24890d0985c82d084e775baf7ec9e3aafa6dceaad95f	0	0	0	json;immutable_fields;text_consistency;content_evidence;revision_replay;idempotence	早晚守时；守时与宽容、过早赴宴、赶车原则、女孩到站、邮车拒载五段，完整保留解释与请求。 text与bodyText同步；sentences对象及时间、角色、索引原样保留。
461	public/nce/lessons/nce4/001.json	nce	nce4-001	Finding Fossil Man	passed_edited	Codex	2026-10-07T08:02:04+00:00	"[{""path"":""content/article-review/history/306ce39099e01ec91b1f50f27ba6791ee9f2b2def06b3c26ff0c810f8b39573c.json"",""locator"":""display: complete published JSON baseline; contextual segmentation review only"",""checked"":true,""sha256"":""4e1d1d564da08af980c2c908dfd2ecb9b823f9dd657b47ee06777b5c86a1344f""}]"	dbe103084a1cc6256c9fae08cdadc2d789fcca49185508e6aeba03f74884a80c	a3ccca6f3e88e8cc82a941bef0423b21dad8f9a35d8e0d72397b47629d8095d3	0	0	0	json;immutable_fields;text_consistency;content_evidence;revision_replay;idempotence	古人线索；文字与传说保存历史、石器弥补史料缺失两个多句论述段。 text与bodyText同步；sentences对象及时间、角色、索引原样保留。
462	public/nce/lessons/nce4/002.json	nce	nce4-002	Spare That Spider	passed_edited	Codex	2026-10-07T08:02:04+00:00	"[{""path"":""content/article-review/history/85dad665c7a6cd5fd0cac37769df3c00dc2903876f80af42207a98f4118aad2f.json"",""locator"":""display: complete published JSON baseline; contextual segmentation review only"",""checked"":true,""sha256"":""80c52b634bf67ace4725ffd2bba9b1b175dbde0187d94734606e5c93f87b217d""}]"	c90743805dbdd486898af22f2a2716fd155b2bd6739b9a00ad41af7dc03988d2	374322003c3a83950a465c64fb65783cc85e3bc2d87e4adb3f38d3d2a7f51cc5	0	0	0	json;immutable_fields;text_consistency;content_evidence;revision_replay;idempotence	保护蜘蛛；捕虫益处、蜘蛛昆虫区别、数量与捕杀规模三段。 text与bodyText同步；sentences对象及时间、角色、索引原样保留。
463	public/nce/lessons/nce4/003.json	nce	nce4-003	Matterhorn Man	passed_edited	Codex	2026-10-07T08:02:04+00:00	"[{""path"":""content/article-review/history/23ab4e204ff7eb7a16e91eee9ed3a69e41f673e64e0f4226c8caba631d678a4f.json"",""locator"":""display: complete published JSON baseline; contextual segmentation review only"",""checked"":true,""sha256"":""5b23b72667bead3e5d8348832bc9b4ea61772c6a85f8c793f95961bd9b354110""}]"	9d26dd15364a27551086383c65864a65c93e42513c1e3ce8f01ee2c134d4c9ef	babe9b4401fdbe2ff6e2d89c61298468836bac5583032a436d341d87723bff49	0	0	0	json;immutable_fields;text_consistency;content_evidence;revision_replay;idempotence	登山先驱；现代与早期目标对比、阿尔卑斯住宿艰苦两段，Except for续句合段但原句号不改。 text与bodyText同步；sentences对象及时间、角色、索引原样保留。
464	public/nce/lessons/nce4/004.json	nce	nce4-004	Seeing Hands	passed_edited	Codex	2026-10-07T08:02:04+00:00	"[{""path"":""content/article-review/history/d90bebe54aed13edfa59189e1bc4ba1880b84ca08dbc7df34ebf5b26c7fa539a.json"",""locator"":""display: complete published JSON baseline; contextual segmentation review only"",""checked"":true,""sha256"":""d60d11ad140d1563f33cbe224a1648a748dacf7050ad743ab07b9332e936960c""}]"	961e8ea2e5a568f17f9301abd17c6de65fcd2c43d6c18782dd0030c01e1fc402	3e49a896d683b0f923075b3ff07651a85a3ca3d0c884bf5e70630daa3cbae3cb	0	0	0	json;immutable_fields;text_consistency;content_evidence;revision_replay;idempotence	Vera感知；发现能力、科研测试、蒙眼与湿手条件三段。题干译文不对应仅属校勘，原样。 text与bodyText同步；sentences对象及时间、角色、索引原样保留。
465	public/nce/lessons/nce4/005.json	nce	nce4-005	Youth	passed_edited	Codex	2026-10-07T08:02:04+00:00	"[{""path"":""content/article-review/history/32e426d939fa8818a6967e4349ee86d95383630b42776f86c297f691d7554247.json"",""locator"":""display: complete published JSON baseline; contextual segmentation review only"",""checked"":true,""sha256"":""2563f374f52970555e7d90511e6631c8b1278ff40e44641a5bd64627b1e79a6a""}]"	b735e8a82b745c0ff6550d9b544a3904201e4fc76f33fcf487eb07545750a1eb	2109191043449e09126ea55ed754f8231c80aca0ce057ba62569a5cceabdcc4c	0	0	0	json;immutable_fields;text_consistency;content_evidence;revision_replay;idempotence	青年问题；代际与自身青年经历、青年特质、平等相待三段，恢复两个破折号断开的句子；题干误译原样。 text与bodyText同步；sentences对象及时间、角色、索引原样保留。
466	public/nce/lessons/nce4/006.json	nce	nce4-006	The Sporting Spirit	passed_edited	Codex	2026-10-07T08:02:04+00:00	"[{""path"":""content/article-review/history/03fe7280f500f63483f61eba052aae89edb32b5aee9bbfa4b9eecd2fdcfed60f.json"",""locator"":""display: complete published JSON baseline; contextual segmentation review only"",""checked"":true,""sha256"":""eb1bb999801a3dd7457c21a431257438753eb2ffd686b176a4a0a9825a954e9e""}]"	030a245561a14b13fdd16ff34ab956ddf127c6278a42587dbebfdd2b21cdbdd4	67d4f423410b07c3a506f09d40372ae058fa98ae147bf06d040de47a95eeb328	0	0	0	json;immutable_fields;text_consistency;content_evidence;revision_replay;idempotence	体育精神；反驳友好论、竞争与荣誉心理、国际比赛与观众三段。 text与bodyText同步；sentences对象及时间、角色、索引原样保留。
467	public/nce/lessons/nce4/007.json	nce	nce4-007	Bats	passed_edited	Codex	2026-10-07T08:02:05+00:00	"[{""path"":""content/article-review/history/70377d7d6e9bc1d36f467eda85d56488358601aabef06a10f475400f7a1fe122.json"",""locator"":""display: complete published JSON baseline; contextual segmentation review only"",""checked"":true,""sha256"":""2988694ee54880a249363a9b00f69d0b6a7e3a8026656b4cec8f05f1803aeba7""}]"	f10978d94b3a6562d01c88c39d3027ad774800959996f2562f1b135c8d87f153	b55e47be7532587d488c2573bc623aa1220817bd2ebea0360890e6eabd8701ac	0	0	0	json;immutable_fields;text_consistency;content_evidence;revision_replay;idempotence	蝙蝠回声定位；实用声音引入、测海深、测鱼群、蝙蝠用途四段，题干中文错位原样。 text与bodyText同步；sentences对象及时间、角色、索引原样保留。
468	public/nce/lessons/nce4/008.json	nce	nce4-008	Trading Standards	passed_edited	Codex	2026-10-07T08:02:05+00:00	"[{""path"":""content/article-review/history/496d446275e415d0debf8a577e65154f1c1be8f20551ebef94dfb74d60673a8d.json"",""locator"":""display: complete published JSON baseline; contextual segmentation review only"",""checked"":true,""sha256"":""3709cbc6938e1958ca3a47fe0a923003ed2264d72a7ca16d518cde40c40b4c45""}]"	796cc95c95cc7044d87e5a136fb319768e24e30cfb245e2ef15282d0dd304d83	14ebd235d5e9645474f1d28b353912b2f2221cc9de26f455505d9a37011e28c3	0	0	0	json;immutable_fields;text_consistency;content_evidence;revision_replay;idempotence	贸易标准；鸡肉争执、双重测试、协商进度、协议结构分歧四段，两国观点保留次序。 text与bodyText同步；sentences对象及时间、角色、索引原样保留。
469	public/nce/lessons/nce4/009.json	nce	nce4-009	Royal Espionage	passed_edited	Codex	2026-10-07T08:02:05+00:00	"[{""path"":""content/article-review/history/ffa5445bf47d5a003bc233bdb433d7319830114c15dc976d68fe57d1a288c526.json"",""locator"":""display: complete published JSON baseline; contextual segmentation review only"",""checked"":true,""sha256"":""c0752f5fdc6fb81c2e11408c86eaf7f412a233be2dbe0c40ee3ccf8072ce5005""}]"	26e388919c558a71ca853bb2b2a4325aaf5e2a31d6666fbcb3f383aedf1efb8b	7abf7cf96c03dbe56ec627da66d76e350713ca357435bd6daa7638900e7fed60	0	0	0	json;immutable_fields;text_consistency;content_evidence;revision_replay;idempotence	王室谍报；吟游伪装、探营发现、骚扰战胜利三段，保留末尾评价。 text与bodyText同步；sentences对象及时间、角色、索引原样保留。
470	public/nce/lessons/nce4/010.json	nce	nce4-010	Silicon Valley	passed_edited	Codex	2026-10-07T08:02:05+00:00	"[{""path"":""content/article-review/history/deff3433de35b3145eb06ff8ed10f4fc69861d1dd730affda4df3ec246faa8a0.json"",""locator"":""display: complete published JSON baseline; contextual segmentation review only"",""checked"":true,""sha256"":""6b08e40abb6126642d7ffaf4a7c5e0fc58bee2a47598b64b8a167d06c29bd4a5""}]"	0dc0fa15d83e172f0be7e87c1756584c2317b63b33c762c4826d4718d251ea64	a53bd481c04b5aacced6c2e27783ebd32a38b6eecd17a1846c7888183a19706d	0	0	0	json;immutable_fields;text_consistency;content_evidence;revision_replay;idempotence	硅谷未来；芯片设计与车库创业、亚裔工程师与全球业务两段；题干译文不对应留原文。 text与bodyText同步；sentences对象及时间、角色、索引原样保留。
471	public/nce/lessons/nce4/011.json	nce	nce4-011	How to Grow Old	passed_edited	Codex	2026-10-07T08:02:05+00:00	"[{""path"":""content/article-review/history/0cf301ebb5c5742b184d539db82824b1f90a47ee574c435ed7fbd38355523a78.json"",""locator"":""display: complete published JSON baseline; contextual segmentation review only"",""checked"":true,""sha256"":""e7151b886bb04bd6efdff7495f3cfb85d36bdd80e5069f2ec3c86b583c0f99c6""}]"	6dd8e4fa6e80b556fa3678ec9496403cf0d4f9c02b4824580aeb0912d3fa67aa	16c979ef25ed80136d70bb44d8e2ff0e97f7450676351c3dc8e1179c34ee35bd	0	0	0	json;immutable_fields;text_consistency;content_evidence;revision_replay;idempotence	老年与死亡；恐惧及克服方法、河流隐喻与工作愿望两段。 text与bodyText同步；sentences对象及时间、角色、索引原样保留。
472	public/nce/lessons/nce4/012.json	nce	nce4-012	Banks and Their Customers	passed_edited	Codex	2026-10-07T08:02:05+00:00	"[{""path"":""content/article-review/history/56c8fa1bade38f75dcd9c56ea7e8b860229f614d4f1ff316e54480c247e76c2c.json"",""locator"":""display: complete published JSON baseline; contextual segmentation review only"",""checked"":true,""sha256"":""4596a96447bd81ffa993f15fadf962584ff9f714f0ba9a2f411d70f9de7c15b8""}]"	422101a7f132a44e47913c351a90027d3c0b373dbb6be829ca157a408d359f71	40cc9220dbff76dd88886d471f5886a09a75df24f38c7903957eed133a1eb39c	0	0	0	json;immutable_fields;text_consistency;content_evidence;revision_replay;idempotence	银行客户；债权义务、签名规则、印姓名风险归属三段，说明性长句原样。 text与bodyText同步；sentences对象及时间、角色、索引原样保留。
473	public/nce/lessons/nce4/013.json	nce	nce4-013	The Search for Oil	passed_edited	Codex	2026-10-07T08:02:06+00:00	"[{""path"":""content/article-review/history/e900fd0f904643bbc64f5b22a1880fa939b5d17e5529cf09f29202250f573de2.json"",""locator"":""display: complete published JSON baseline; contextual segmentation review only"",""checked"":true,""sha256"":""dad0b6a32569cf6959891faccb89dd533f67fab608109616541ca58dfaeb2e41""}]"	2a0c8585e6da995dfda61e623481c9ab38cfe90ae7b41a6b960fbe269b42f16a	e2ec6bbfa525b7da1bdfbbaf689d64e8d13ac00a0ed44175008d183c89a0c306	0	0	0	json;immutable_fields;text_consistency;content_evidence;revision_replay;idempotence	石油钻探；深孔与经验、钻塔取芯、控制出油压力三段。 text与bodyText同步；sentences对象及时间、角色、索引原样保留。
474	public/nce/lessons/nce4/014.json	nce	nce4-014	The Butterfly Effect	passed_edited	Codex	2026-10-07T08:02:06+00:00	"[{""path"":""content/article-review/history/5f757bdeb009d3de8fbe30670d8a768e7577feb40e2ad8dae7610d360b380531.json"",""locator"":""display: complete published JSON baseline; contextual segmentation review only"",""checked"":true,""sha256"":""660a7e97a6485e335b5e1ddc823dee8dc0bf37c62855386984852abe2040a769""}]"	c957be047c320f3d913958cacc6c552654dd7a62c4d6da0131da54318d47cd22	5fc2f3fd6dbe0784ad4032ce1c972cb17ba9ef31d002246eaca4e02ce047c001	0	0	0	json;immutable_fields;text_consistency;content_evidence;revision_replay;idempotence	蝴蝶效应；预测局限、密集传感器假设、微误差扩散三段；中文开头重复缺译保持。 text与bodyText同步；sentences对象及时间、角色、索引原样保留。
475	public/nce/lessons/nce4/015.json	nce	nce4-015	Secrecy in Industry	passed_edited	Codex	2026-10-07T08:02:06+00:00	"[{""path"":""content/article-review/history/4b7a5d4ff2073aec9d02e1c08163dfd5c4eeb484972d6d43cede04090066f4c3.json"",""locator"":""display: complete published JSON baseline; contextual segmentation review only"",""checked"":true,""sha256"":""e097faba7a82741d5193fec48c7f95f2cdf582f513c822b4c47d926c9c339527""}]"	850537d0823eab75d9da9cc69683b85ade25621622311a81545574e71b8410e6	6c5d64f60d2a5ba4c483ba09d33407b15f78b104c3581bb15f6a974c3fcadf7e	0	0	0	json;immutable_fields;text_consistency;content_evidence;revision_replay;idempotence	工业保密；科研障碍、保密程度及化工、借书保密例子三段。中文多行缺句末标点，仅合并原1..2与3..4，其余原换行保留以维持句界；文字未补改。 text与bodyText同步；sentences对象及时间、角色、索引原样保留。
476	public/nce/lessons/nce4/016.json	nce	nce4-016	The Modern City	passed_edited	Codex	2026-10-07T08:02:06+00:00	"[{""path"":""content/article-review/history/42f4e0e50fccee7074086c003d86b689debc0b4605beaf24f0f420be03863f86.json"",""locator"":""display: complete published JSON baseline; contextual segmentation review only"",""checked"":true,""sha256"":""1f617eab8a1f91f47364759c132972f1f941c6072701563ab744429604f3d09f""}]"	8d9f0d4fcbda6352448c8cf453f65b69ab68f06dd7f1f9670019963740f0b3c0	a9edf70889c292d59d72dbe8c83652b2e0a6436926d5f5017b11f9351d98ae7a	0	0	0	json;immutable_fields;text_consistency;content_evidence;revision_replay;idempotence	现代城市；工厂忽略工人、城市建筑忽略居民两个多句论述段。 text与bodyText同步；sentences对象及时间、角色、索引原样保留。
477	public/nce/lessons/nce4/017.json	nce	nce4-017	A Man-made Disease	passed_edited	Codex	2026-10-07T08:02:06+00:00	"[{""path"":""content/article-review/history/34f4f6ab6f586ab5944a217b392b6039aadf81b32197f24bdee9234a1a1bd7e7.json"",""locator"":""display: complete published JSON baseline; contextual segmentation review only"",""checked"":true,""sha256"":""42d413dcea4694a9e4cc2db29321e09a4b619655fcab942f38e446910d33708f""}]"	3613161f75effc320568b064395f420d6f70ef7ebb47f1f9e296cec5922ce13f	72d174416f3c0ff58ff9deac8b08e931e7da7aa7689d40458b73e15636185d5d	0	0	0	json;immutable_fields;text_consistency;content_evidence;revision_replay;idempotence	人造疾病；澳洲兔害、病毒蚊媒控制、欧洲蔓延三段。 text与bodyText同步；sentences对象及时间、角色、索引原样保留。
478	public/nce/lessons/nce4/018.json	nce	nce4-018	Porpoises	passed_edited	Codex	2026-10-07T08:02:06+00:00	"[{""path"":""content/article-review/history/fc19dc0b9a27fdfa87c4cc2f570dde5b9c0185240fc3b74bd3233389daf0a6d7.json"",""locator"":""display: complete published JSON baseline; contextual segmentation review only"",""checked"":true,""sha256"":""b3ebf81659a84822f9972ee3db469ed089973d33c8af63b9cfaf7c8e6b0db174""}]"	50d88d8bc67f3ce6ecc33de24a9aef05b3a6565072aaae7c532ab14cb78d3af1	fbc8e140264a72f21d7d2488265940e2c113d06ee4ce81ecf198d33b94b62547	0	0	0	json;immutable_fields;text_consistency;content_evidence;revision_replay;idempotence	鼠海豚；救人迷信与好奇解释、顶龟游戏、撞龟游戏三段。 text与bodyText同步；sentences对象及时间、角色、索引原样保留。
479	public/nce/lessons/nce4/019.json	nce	nce4-019	The Stuff of Dreams	passed_edited	Codex	2026-10-07T08:02:06+00:00	"[{""path"":""content/article-review/history/b98c60afdaa4fc041f64b5c0e97960f529d2eca8dd420d7fb7e89f2c16c1011d.json"",""locator"":""display: complete published JSON baseline; contextual segmentation review only"",""checked"":true,""sha256"":""8c05faec468fd48916377ca87eeb8a6648c5ea4e4bf3afe292c669c41b93859c""}]"	81b557cfb49e46368b1de9c9de8042dc660aab3fc127e98952e89377cf6a6695	f955cdcc0a2c5a820220c5f7b34cdf6bfcc81fa6a646d20db78cf9d4b6b0ca84	0	0	0	json;immutable_fields;text_consistency;content_evidence;revision_replay;idempotence	睡梦功能；身体休息假说、脑电反证、眼动及梦被打断实验三段，双因素层次保留。 text与bodyText同步；sentences对象及时间、角色、索引原样保留。
480	public/nce/lessons/nce4/020.json	nce	nce4-020	Snake Poison	passed_edited	Codex	2026-10-07T08:02:06+00:00	"[{""path"":""content/article-review/history/fd758a64cd1c1e125a0cef58d9fb7ee9318a3df2d48595c0695821963c774425.json"",""locator"":""display: complete published JSON baseline; contextual segmentation review only"",""checked"":true,""sha256"":""423f37af145ea697aeaf625cd1c9808bce31018992fbeba783d15894d85c27b9""}]"	9e4cab279cf8d7b1e5758d3ed86120933f5c4b3ae01f182ad01d00181a95f5ad	6c214f991cb578f2099539dc1e4358ff75d69bdbe878bf66d21dcb66df8dd67a	0	0	0	json;immutable_fields;text_consistency;content_evidence;revision_replay;idempotence	蛇毒；起源谜题、毒液两类型、效力与猎物三段，不改原文本科学表述与拼字。 text与bodyText同步；sentences对象及时间、角色、索引原样保留。
481	public/nce/lessons/nce4/021.json	nce	nce4-021	William S. Hart and the Early Western Film	passed_edited	Codex	2026-10-07T08:02:07+00:00	"[{""path"":""content/article-review/history/fb22b26ed42c6dc7790414fa003735f2a3b2dcbcfcb072fdbca6e2670cbabf47.json"",""locator"":""display: complete published JSON baseline; contextual segmentation review only"",""checked"":true,""sha256"":""7093cd8c41e6f5d6ca9d66cd03720535d12154d456cd944f2ad6434d8996d8c5""}]"	e09c357fa8ac9359f6ed586cdbd7797134e19b1ea530185989a3705e081b48a1	12bedf6dcfc58ee33ff9f51dbdcf197bb7a0d4febe142633a31715eb101362a4	0	0	0	json;immutable_fields;text_consistency;content_evidence;revision_replay;idempotence	Hart西部片；成就角色模式、童年西部经验与文明冲突、观众逃逸愿望三段，恢复Unlike续句，中文开头重复不改。 text与bodyText同步；sentences对象及时间、角色、索引原样保留。
482	public/nce/lessons/nce4/022.json	nce	nce4-022	Knowledge and Progress	passed_edited	Codex	2026-10-07T08:02:07+00:00	"[{""path"":""content/article-review/history/4fc2463ed4b461ef9981bb57812e9b023d58c1e5e5b4100e75d0a231c2f91dbd.json"",""locator"":""display: complete published JSON baseline; contextual segmentation review only"",""checked"":true,""sha256"":""1c55a6b8eb0f89911780ac7e1828dd6bec2dfc5a2d2ba02b82d83898192d64a5""}]"	352ea8bbd5cc9370d47c9bf883ef18911fdda8e1c85918fab2d02b4c6533b1c7	476595675f89afffd4965efd9e65def0ed3812400b5649b9e57ef5f69d223e26	0	0	0	json;immutable_fields;text_consistency;content_evidence;revision_replay;idempotence	知识进步；语言文字积累、科学加速、善恶双刃剑三段，恢复冒号后的提问。 text与bodyText同步；sentences对象及时间、角色、索引原样保留。
483	public/nce/lessons/nce4/023.json	nce	nce4-023	Bird Flight	passed_edited	Codex	2026-10-07T08:02:07+00:00	"[{""path"":""content/article-review/history/04813efd31198776460c11da7d1165f71dac0dab2e98022e9e6955fac4956562.json"",""locator"":""display: complete published JSON baseline; contextual segmentation review only"",""checked"":true,""sha256"":""7257cb8c0928f1891e0942c739a00e46a53d6df856eccff18ed7f8fc0541e614""}]"	e0380e250437ce61204a69f44537ed9b0e816d3c17e3b6f9e3267dc584bf28e2	b8a68d8d52be250ff23d8133474d46c9efe402e2f00c9ca86b31ca70eea62d5a	0	0	0	json;immutable_fields;text_consistency;content_evidence;revision_replay;idempotence	鸟飞行；信天翁滑翔、鸭鸽主动振翅、燕子兼长三段。 text与bodyText同步；sentences对象及时间、角色、索引原样保留。
484	public/nce/lessons/nce4/024.json	nce	nce4-024	Beauty	passed_edited	Codex	2026-10-07T08:02:07+00:00	"[{""path"":""content/article-review/history/2267206883b4f5d47b39c3cd2fb01fbf9094ff7eebf14d55de4e12ba5b54c178.json"",""locator"":""display: complete published JSON baseline; contextual segmentation review only"",""checked"":true,""sha256"":""2e9ab49cd06eb9a5e1b6e4ffcfcbd6f12f4cb2fc318dbf81d67a13ec29066e78""}]"	c94042113e89bd2009bfa7be672895b2fec08f322c8633edc7d3e05ac6b0a3b5	f4ff40c51d627940749cb6b754bb33cabc5f88efd8fac3ce03773623c42eb5a2	0	0	0	json;immutable_fields;text_consistency;content_evidence;revision_replay;idempotence	美的启示；开篇青年日落句末缺标点保留行界，其后审美感受、艺术自然、不可言说三段；中文原5行末但是引出下一论证，独立移到下一段但不改顺序文字。 text与bodyText同步；sentences对象及时间、角色、索引原样保留。
485	public/nce/lessons/nce4/025.json	nce	nce4-025	Non-Auditory Effects of Noise	passed_edited	Codex	2026-10-07T08:02:07+00:00	"[{""path"":""content/article-review/history/e2ad448f16fcfdcbab03f1bed4e2b69cef360767a7e1f9c9ebe7cc8b61bf3cd5.json"",""locator"":""display: complete published JSON baseline; contextual segmentation review only"",""checked"":true,""sha256"":""f7b6f6b07e24385c5e22d6c392858b8df265a2d494b2b16bb70bd04957c1fe14""}]"	7de8f06dcc11d7cf8b3b30446a7ba1766162ff53ad6a8711548f4f632479af07	3cc1914a1cd7a1c371f96eb869685982b7e14d6543c0fe0a53030fb7b60b47fa	0	0	0	json;immutable_fields;text_consistency;content_evidence;revision_replay;idempotence	噪声影响；相反态度、轶事因果难辨、大样本海军研究三段，恢复末尾破折号补充。 text与bodyText同步；sentences对象及时间、角色、索引原样保留。
486	public/nce/lessons/nce4/026.json	nce	nce4-026	The Past Life of the Earth	passed_edited	Codex	2026-10-07T08:02:07+00:00	"[{""path"":""content/article-review/history/2f20994f2cae1fcfc402bc3131c04f51f0c3f655dd8860f5e2c20be3b1307a31.json"",""locator"":""display: complete published JSON baseline; contextual segmentation review only"",""checked"":true,""sha256"":""c2d10b379b269d29e5051abd971e32345abb603047327e1dcda0d8c05ad932b5""}]"	25c057c54f02023a912c1fc3ea1491aaea7c17c6e4d24546f51dc062b63ee138	3158ff1e399f4c322d0715e965ced5cf14aa84e800c4e0260b7ec701ca694efa	0	0	0	json;immutable_fields;text_consistency;content_evidence;revision_replay;idempotence	遗骸保存；水中掩埋、陆上稀少与冰冻猛犸、沥青坑三段。 text与bodyText同步；sentences对象及时间、角色、索引原样保留。
487	public/nce/lessons/nce4/027.json	nce	nce4-027	The vasa	passed_edited	Codex	2026-10-07T08:02:07+00:00	"[{""path"":""content/article-review/history/bb517184b84f6edf9af11e873f866e1ad06512d9dc30a066f65d206ae21c3cb7.json"",""locator"":""display: complete published JSON baseline; contextual segmentation review only"",""checked"":true,""sha256"":""11740b781e7cf7ad6f16ab35cd52fd544ee664a0eeb9a83dcf28c744c79e014f""}]"	73a3c82f956db2f01b915f3e205b28af6d52805125522c95efcbaf7b11cb3973	8e15f2ef78d2d418b59d0437b9be4b0e4d89982b1ebb693aec6b597a00722aab	0	0	0	json;immutable_fields;text_consistency;content_evidence;revision_replay;idempotence	瓦萨号；舰船来历、首航装饰、礼炮扬帆、倾覆沉没四段。 text与bodyText同步；sentences对象及时间、角色、索引原样保留。
488	public/nce/lessons/nce4/028.json	nce	nce4-028	Patients and Doctors	passed_edited	Codex	2026-10-07T08:02:08+00:00	"[{""path"":""content/article-review/history/8d83a27c6a3874b45622c4672f1d6708bb3592b34de8f475d10855b2b4ae7ebf.json"",""locator"":""display: complete published JSON baseline; contextual segmentation review only"",""checked"":true,""sha256"":""b525a7d7ab97422b00c99cfe083b5c9e55b3c344d221f246c5e072cf031b2702""}]"	182efa545de1e6bc81b9dd8c9ca1c14338b1b75c16dec29e7a22dda2d0f9f137	a4244ce25015bab92b138ceb59f2cb9a7466732d38f53d6d38462966510fc9c2	0	0	0	json;immutable_fields;text_consistency;content_evidence;revision_replay;idempotence	病人与药；药物信仰与门诊开药、Carlyle送药逸事合为两段，结尾服药省事独立；原and前句号与中文重复不改。 text与bodyText同步；sentences对象及时间、角色、索引原样保留。
489	public/nce/lessons/nce4/029.json	nce	nce4-029	The Hovercraft	passed_edited	Codex	2026-10-07T08:02:08+00:00	"[{""path"":""content/article-review/history/10aa0f9ad98ccf08020d9bc4d81663b026341df70b5cc45ef903988f4f62269d.json"",""locator"":""display: complete published JSON baseline; contextual segmentation review only"",""checked"":true,""sha256"":""86205e263687fb3147de291883fc7b82b942b6f2d85400c95fe636ff88e7f7f3""}]"	265a605e54d1fc5900287da4ed1bb74327877e51124f0ebc949972c8ec5afa53	b576fda18019a7e834ecbc77cf69271fc237657124293a6cb890041529721569	0	0	0	json;immutable_fields;text_consistency;content_evidence;revision_replay;idempotence	气垫船；构想来源、气垫克服阻力、试航与应用前景三段。 text与bodyText同步；sentences对象及时间、角色、索引原样保留。
490	public/nce/lessons/nce4/030.json	nce	nce4-030	Exploring the Sea-Floor	passed_edited	Codex	2026-10-07T08:02:08+00:00	"[{""path"":""content/article-review/history/39ce342d3028549cb24375b2acc7b800015bc5d74292c0659b0dea0e9bfa6f9c.json"",""locator"":""display: complete published JSON baseline; contextual segmentation review only"",""checked"":true,""sha256"":""9fc7d7239f5b3f8f0e2649f6638d0af18b239bce7c40541d44da18cf645b8640""}]"	5c35658848f351520ea12e3084701e25f836f55fe579e84f9db4336befa388da	8ca46275adeb7fe0c7c1e2e60266a4f755586b9ba7b282f19d199c1ebf4d1f6e	0	0	0	json;immutable_fields;text_consistency;content_evidence;revision_replay;idempotence	海底探索；早期认知、测深研究进展、大陆架大陆坡地形三段。 text与bodyText同步；sentences对象及时间、角色、索引原样保留。
491	public/nce/lessons/nce4/031.json	nce	nce4-031	The Sculptor Speaks	passed_edited	Codex	2026-10-07T08:04:35+00:00	"[{""path"":""content/article-review/history/ffdfd52918fe1d57b158290722a173d868461bda12505463c1359dee8993da22.json"",""locator"":""display: complete published JSON baseline; contextual segmentation review only"",""checked"":true,""sha256"":""fbec137fcb9c42f24023f72cf97ed02a57d0b6ba287161566670f5ac02862a6a""}]"	99ec12f19376c2038018f930af97ff1dbbb4fd2d2b285b0097df14288d69f42c	ae19f77b481063da246873eb772cc9e37c08cccf24d2d5581707d45c94161f11	0	0	0	json;immutable_fields;text_consistency;content_evidence;revision_replay;idempotence	雕塑空间；普通人的形盲、雕塑家空间想象、观赏者纯形感受三段。中文2、4、8、12、13缺句末标点保留其后换行，其余同主题合段。 text与bodyText同步；sentences对象及时间、角色、索引原样保留。
492	public/nce/lessons/nce4/032.json	nce	nce4-032	Galileo Reborn	passed_edited	Codex	2026-10-07T08:04:35+00:00	"[{""path"":""content/article-review/history/4f6385a5bddd28b33336580a01c7dc53a67f9cf5ab9b7eec1aaf7849e73e23ea.json"",""locator"":""display: complete published JSON baseline; contextual segmentation review only"",""checked"":true,""sha256"":""1c300d245f20c91b591013f0564c565832286b8c71a82d5241d2d511b74c8066""}]"	17d42b3ccdb2dd3eed44007148183b0b9069619156ff63e87f03cf9a8474bd3c	50e2b4020eb01359a3fd90144ec95afc8b50c2178f6e1582c65e8c5a027afd42	0	0	0	json;immutable_fields;text_consistency;content_evidence;revision_replay;idempotence	重识伽利略；争议、旧英雄叙述、新史学观点、理解反对者四段。 text与bodyText同步；sentences对象及时间、角色、索引原样保留。
493	public/nce/lessons/nce4/033.json	nce	nce4-033	Education	passed_edited	Codex	2026-10-07T08:04:35+00:00	"[{""path"":""content/article-review/history/e13ebcb7bff02440c31d6607854685e15e613247f345ec26df6ed26cc25eb4ee.json"",""locator"":""display: complete published JSON baseline; contextual segmentation review only"",""checked"":true,""sha256"":""60d4b29f67b2bce55b6e4091c7f201fe92b057ca07779c2279299f7a33c5867d""}]"	d4f73d26d1ea02c1a1ef84d5fb4f51f4f9d1d27894d8b85a5e4d0af532f1de4c	64b33a3ea25c0a093314e32feb4b84e994b24ff6f6a3022b841e6c7c6c105a4d	0	0	0	json;immutable_fields;text_consistency;content_evidence;revision_replay;idempotence	教育；现代教育价值、部落普及与历史对比、平等亲职保障三段。 text与bodyText同步；sentences对象及时间、角色、索引原样保留。
494	public/nce/lessons/nce4/034.json	nce	nce4-034	Adolescence	passed_edited	Codex	2026-10-07T08:04:35+00:00	"[{""path"":""content/article-review/history/2b710528d4533035493c13bc905e79a989545ef1d4af50f9441eee1adf2c5169.json"",""locator"":""display: complete published JSON baseline; contextual segmentation review only"",""checked"":true,""sha256"":""78838e5f358641ebdaca1344ad7a961e9fd4fdc68b68e1215d7f3a2ddb4dbd1d""}]"	54d208120141479074e2655c69e57da6f9347e07a9f3e04f8db65d0ba81de801	9a3085721756e963dc03857d1a30217acbd7d608790a7e78612ccc0e39bb3db1	0	0	0	json;immutable_fields;text_consistency;content_evidence;revision_replay;idempotence	青春期；父母嫉妒导致隐瞒、失望是成长、坦诚承错与现实三段。 text与bodyText同步；sentences对象及时间、角色、索引原样保留。
495	public/nce/lessons/nce4/035.json	nce	nce4-035	Space Odyssey	passed_edited	Codex	2026-10-07T08:04:35+00:00	"[{""path"":""content/article-review/history/fba28d8b2359869dcd9b11db6f959f152d4cb8157422367c96e6255ecb4306d9.json"",""locator"":""display: complete published JSON baseline; contextual segmentation review only"",""checked"":true,""sha256"":""fbde6f45e62677bd14abb8a36d306b685fdc6bd2a3cfcbbccf967bfafc8f170d""}]"	8079e06e2cfc07130a2d65841bd76cd15fd6857bc6ced1134280a8de28208af9	4d53ebec3ba065e635c85bda1270d84ddf3268abf3c09fd36634df5506d38ad7	0	0	0	json;immutable_fields;text_consistency;content_evidence;revision_replay;idempotence	太空漫游；月球低能耗完整论述合段；Clark引出语和三条编号观点各行保留，火星殖民条件独立，火星吸引力合段。 text与bodyText同步；sentences对象及时间、角色、索引原样保留。
496	public/nce/lessons/nce4/036.json	nce	nce4-036	The Cost of Government	passed_edited	Codex	2026-10-07T08:04:36+00:00	"[{""path"":""content/article-review/history/26b12af4731f0010e93ff2345a238717cc8b93af135e70c300ec7d0dffb870a5.json"",""locator"":""display: complete published JSON baseline; contextual segmentation review only"",""checked"":true,""sha256"":""72c218e9c9a7b7580d7221456ac7a94237b7c0aad618214dacc705819c10bcaf""}]"	71b5df95872f437d141f667fe3727ff44b79fd50beca4cac990c24752dea2de9	7f4ae5df37b826055ce017e0a8d0aaff5d34a0199070308f98a80a764d77b21e	0	0	0	json;immutable_fields;text_consistency;content_evidence;revision_replay;idempotence	政府成本；不团结成本、企业类比、员工信任与开支、国家推论四段；中文15句末缺标点，保留结论16独立。 text与bodyText同步；sentences对象及时间、角色、索引原样保留。
497	public/nce/lessons/nce4/037.json	nce	nce4-037	The Process of Ageing	passed_edited	Codex	2026-10-07T08:04:36+00:00	"[{""path"":""content/article-review/history/1a2f907ceeddf1fbc0595b22a107ef81dfb92ec05feac08e02c539d4d8b75ea8.json"",""locator"":""display: complete published JSON baseline; contextual segmentation review only"",""checked"":true,""sha256"":""aa5401517811b4523d4469d54f34cf35534e4013650906f4c5465862f36b5090""}]"	f3701b2a90ebf77a769897175444510d348efa9c8d4af7149eb23e914f453277	731f64d10fa27c59bd2984820e0a10601cec1dfb41fbca4dd2fe9be0f1f7e067	0	0	0	json;immutable_fields;text_consistency;content_evidence;revision_replay;idempotence	衰老；活力下降寿限、常见耗损类比、手表与自修复差异三段。 text与bodyText同步；sentences对象及时间、角色、索引原样保留。
498	public/nce/lessons/nce4/038.json	nce	nce4-038	Water and the Traveller	passed_edited	Codex	2026-10-07T08:04:36+00:00	"[{""path"":""content/article-review/history/762634c975aea2eac7894fb88c2f73857537c47404956332f1a7a43a2b0aa959.json"",""locator"":""display: complete published JSON baseline; contextual segmentation review only"",""checked"":true,""sha256"":""d54e3207d5ae4ca69393265d1bef71915dbcd662114663339bcf113936c0460d""}]"	54933ebbee44085cd602f0abf81343a3e11c3494afb6e11de5ff6041a48578e0	68f49f4f8297fc3353f6bf13ff7a17115d3de2621e56ec94d7b02bdd2fcebfdf	0	0	0	json;immutable_fields;text_consistency;content_evidence;revision_replay;idempotence	旅行饮水；污染、瓶装饮品、煮沸、冷饮冰块、酒精、其他准备六个主题段，原建议与数字只做排版。 text与bodyText同步；sentences对象及时间、角色、索引原样保留。
499	public/nce/lessons/nce4/039.json	nce	nce4-039	What Every Writer Wants	passed_edited	Codex	2026-10-07T08:04:36+00:00	"[{""path"":""content/article-review/history/d48ffdc59724e70578c6e31c633b1edda7c6831af5f78ff8bbb25e4c3429eae9.json"",""locator"":""display: complete published JSON baseline; contextual segmentation review only"",""checked"":true,""sha256"":""e50941d2220a48053a64eed5cd954937a67069839c9ea5fc039d13ea475dad20""}]"	827dd923a24b721221061c59e20c9781b63b5390040440d38f08498603edddeb	3d13cd8d31a5ce49dd0b3f83a99bcf171b3bb3a2b35268fdc4e7cbf5aa03dc7f	0	0	0	json;immutable_fields;text_consistency;content_evidence;revision_replay;idempotence	作家追求；写作重塑自发现、求回应取悦风险、内在纪律三段。 text与bodyText同步；sentences对象及时间、角色、索引原样保留。
500	public/nce/lessons/nce4/040.json	nce	nce4-040	Waves	passed_edited	Codex	2026-10-07T08:04:36+00:00	"[{""path"":""content/article-review/history/776c908d4e78bdc38330d1d6544c9ff6d68d72fbc25d3e31056f9a85defd0dc8.json"",""locator"":""display: complete published JSON baseline; contextual segmentation review only"",""checked"":true,""sha256"":""3d2a9777962bdf0d33ba253d460a3d18eb0d65f5716cd11b80071905b9a7babb""}]"	c0a28f3753837a472989cd1a792404445d4de71e6f7a5fdd1f145be95283b7c1	2c9e6540038555e0aafd664c84a14b28c02c574df04ad9abdc8aef56c83f9ace	0	0	0	json;immutable_fields;text_consistency;content_evidence;revision_replay;idempotence	海浪；太阳风海诗性引入、波形与粒子运动、生成与重力三段。 text与bodyText同步；sentences对象及时间、角色、索引原样保留。
501	public/nce/lessons/nce4/041.json	nce	nce4-041	Training Elephants	passed_edited	Codex	2026-10-07T08:04:36+00:00	"[{""path"":""content/article-review/history/0d71d3aa01983c999c405d8353fd3dbe621bdb7ea3ca5deec96013b6d759012e.json"",""locator"":""display: complete published JSON baseline; contextual segmentation review only"",""checked"":true,""sha256"":""1ba20d7f442c34340958782630cdc7e1b39f43383db74b25fb3a5c8869271624""}]"	ee27ac2becc1a899f351bc0462247411de730273d3f8c301aaf4ce49c4622c42	0a1cc5f51e995726ee744de34c0f45cca168e90fd437145847e347a4c84fd5df	0	0	0	json;immutable_fields;text_consistency;content_evidence;revision_replay;idempotence	驯象；强硬温和法、单一驯象师、捕获适应、移往训练场、正式训练五段，步骤叙述各自完整。 text与bodyText同步；sentences对象及时间、角色、索引原样保留。
502	public/nce/lessons/nce4/042.json	nce	nce4-042	Recording an Earthquake	passed_edited	Codex	2026-10-07T08:04:36+00:00	"[{""path"":""content/article-review/history/0922dd07ba4f7e69bbb5b55f8d3278bfe6a968fb2157d88572bc0ef63cbb3b28.json"",""locator"":""display: complete published JSON baseline; contextual segmentation review only"",""checked"":true,""sha256"":""46cb88a49a85e6f863f92081644158ff7a492484e5252d789b64bb9e2ac01894""}]"	eab38a4257d8818333eba1ca39a9cf29664061fd425c3656905f0cf347f394de	c0e4a2598dc00c7a11014497fbe8218914356677f4553bc09e83fef1c573aef4	0	0	0	json;immutable_fields;text_consistency;content_evidence;revision_replay;idempotence	地震记录；简易倒杆、纸笔记录难题、惯性观察、悬重实验、滚筒与分量、三波六段，实验顺序保留。 text与bodyText同步；sentences对象及时间、角色、索引原样保留。
503	public/nce/lessons/nce4/043.json	nce	nce4-043	Are There Strangers in Space	passed_edited	Codex	2026-10-07T08:04:36+00:00	"[{""path"":""content/article-review/history/10814361798553696e4a0c9e1c26d764e7036fdc84a6aa94407c66358b2045c6.json"",""locator"":""display: complete published JSON baseline; contextual segmentation review only"",""checked"":true,""sha256"":""b39a68ba2272d89ed43b8c3bbd1d52451309de6d391c0c3158970096c092c965""}]"	08e4f20ac36b12e68c32d97d073434746f14cd5caf25a246ca3e8a606cf41c63	0ecd4a00ea25cd971a2d7e54056d9c893a81b86d4d1575954d840d213a923e26	0	0	0	json;immutable_fields;text_consistency;content_evidence;revision_replay;idempotence	星际智慧；存在概率、未访地球与信使、距离障碍、氢波通信四段，恢复破折号与书名We Are not Alone断行。 text与bodyText同步；sentences对象及时间、角色、索引原样保留。
504	public/nce/lessons/nce4/044.json	nce	nce4-044	Patterns of Culture	passed_edited	Codex	2026-10-07T08:04:37+00:00	"[{""path"":""content/article-review/history/e0cc4f2d9da9b749b342c4cdd8362ae28e1f50c84de34bf195841c3db75b3538.json"",""locator"":""display: complete published JSON baseline; contextual segmentation review only"",""checked"":true,""sha256"":""36f467b036df16b6d8358c9d7e90519b645e087b67fb84f06733d1527b5c68c9""}]"	286f51c141f11def9e5df2c0532a87fb0ac3c180ccea45b4602fae153ce98d7e	ce82f761e666d4da1dff595477c5401474db7463928f2ab80e2d10fc395f7a57	0	0	0	json;immutable_fields;text_consistency;content_evidence;revision_replay;idempotence	文化模式；习俗重要性、观看世界框架、成长塑造、科学比较方法、人类学克服偏见五段；中文误译原样。 text与bodyText同步；sentences对象及时间、角色、索引原样保留。
505	public/nce/lessons/nce4/045.json	nce	nce4-045	Of Men and Galaxies	passed_edited	Codex	2026-10-07T08:04:37+00:00	"[{""path"":""content/article-review/history/f7e84bab5f3a42a9fc2d887aeed2bf4d3efbdf0959336e70057423891c2f2117.json"",""locator"":""display: complete published JSON baseline; contextual segmentation review only"",""checked"":true,""sha256"":""9ece7099da315ccb21f9cc3868930332c79046a1b1170edfdd4c7e22481e7c92""}]"	6a897681f1da180687f2f43d9c1501b11c09b232b2d9a5c831e688213e03a278	f170150a2f4b2fc7f5a8ec10720bf214af3624951ea3c0aa9a4b4144e440bbd0	0	0	0	json;immutable_fields;text_consistency;content_evidence;revision_replay;idempotence	人与星系；动物竞争、观念塑造环境、思想破坏性、核弹类比与思维局限四段，恢复无现代武器从句。 text与bodyText同步；sentences对象及时间、角色、索引原样保留。
506	public/nce/lessons/nce4/046.json	nce	nce4-046	Hobbies	passed_edited	Codex	2026-10-07T08:04:37+00:00	"[{""path"":""content/article-review/history/cc4bad5402c34f2cf41fee879fd4529376512de62d011249efa29235965193f8.json"",""locator"":""display: complete published JSON baseline; contextual segmentation review only"",""checked"":true,""sha256"":""b0919e80a9d44925d9ed4f49aacff8f1d2ed6271648225659a42160bdf520794""}]"	512ca3cb7ba2ccf20a9cff6865b0b0710d96d6491b3b902ba7bcc47d51cb6b44	81a0234833eef0047031e461d9205ea29590c01c43795134983f18c274b056e3	0	0	0	json;immutable_fields;text_consistency;content_evidence;revision_replay;idempotence	爱好；转移忧虑、长期培养、真兴趣、三类人的休闲、工作娱乐二类、共同转换需求六段，译文补充和错误不改。 text与bodyText同步；sentences对象及时间、角色、索引原样保留。
507	public/nce/lessons/nce4/047.json	nce	nce4-047	The Great Escape	passed_edited	Codex	2026-10-07T08:04:37+00:00	"[{""path"":""content/article-review/history/48342ee2a98554a34c51ce2af0ad69c1a7bf011bcf20d96e684c2ea47eff80d1.json"",""locator"":""display: complete published JSON baseline; contextual segmentation review only"",""checked"":true,""sha256"":""9d2d648cbd890b26a805e2e0466bc17fc86520249d5ee29ec09cf517866ded1d""}]"	a101a23f7e1352ebc60b3467127ba5f802d1c4c42956777e11f857f0835977ec	e37a62df9f2e217044c07be2570a150f24e43350a25d1efd632be0e51e455561	0	0	0	json;immutable_fields;text_consistency;content_evidence;revision_replay;idempotence	露营；费用装备、摆脱酒店拘束、汽车自由、国际混居、守护自由五段。 text与bodyText同步；sentences对象及时间、角色、索引原样保留。
508	public/nce/lessons/nce4/048.json	nce	nce4-048	Planning a Share Portfolio	passed_edited	Codex	2026-10-07T08:04:37+00:00	"[{""path"":""content/article-review/history/1434fbe74e5010056c81ec89308dc8baf31516a064f71c64616d82d241d5398e.json"",""locator"":""display: complete published JSON baseline; contextual segmentation review only"",""checked"":true,""sha256"":""ad51aca0edc931c37b71cc1495e6fa8f92007f94cc871c3ccffa8dcb49daa184""}]"	55ccfcd1e5416514993979a8f66e151ff01d2df2d15a0bb38f545d8fe65700c4	d83ab3a447633fb81818181c2c7e6de30a536a95b31a395147754623211d38a5	0	0	0	json;immutable_fields;text_consistency;content_evidence;revision_replay;idempotence	投资组合；无统一方案、个人目标、年长者、年轻者、分散原则五段，恢复股票顾问答复后破折号限定。 text与bodyText同步；sentences对象及时间、角色、索引原样保留。
509	public/pep-english/lessons/pepj7a/001.json	pep-english	pepj7a-001	Do You Have a Soccer Ball?	passed_unchanged	Codex	2026-10-07T07:39:46+00:00	"[{""path"":""content/article-review/history/47c6fd69f5501ae4566ce32f880cb41396e863ca7fa9754c07fec52d0d4ffbbb.json"",""locator"":""display: complete published JSON baseline; contextual segmentation review only"",""checked"":true,""sha256"":""630fab9b9201f85c270fdae408aa645824f8474e20eabe66eb26344d2b510786""}]"	d89747c756d2b073eddb0987ffdd9c6f1b6755bdd4fd45d7b96235ff177adf30	d89747c756d2b073eddb0987ffdd9c6f1b6755bdd4fd45d7b96235ff177adf30	0	0	0	json;immutable_fields;text_consistency;content_evidence;revision_replay;idempotence	Frank、Gina、Wang Wei三份运动自述各为一个完整人物单元，保留姓名行和对应多句正文。
510	public/pep-english/lessons/pepj7a/002.json	pep-english	pepj7a-002	Sports Star Eats Well!	passed_edited	Codex	2026-10-07T07:39:46+00:00	"[{""path"":""content/article-review/history/2395ba6e7e16b5cc9b1385984ad11ff74deab515f22d5ad799cd83aaf8af2e32.json"",""locator"":""display: complete published JSON baseline; contextual segmentation review only"",""checked"":true,""sha256"":""6765c0949703d164994c277d60c63d9c40b619c78a0d12e3077711138d902be3""}]"	75ed330d4348f66748f86fef2b82db33fba7fa055545370ba0b5c32db82c003e	a0b8e27b5d43bd9d3b84f8bf31ebcd4796cbfdfd4ed76ec0d183919685e32821	0	1	0	json;immutable_fields;text_consistency;content_evidence;revision_replay;idempotence	Cindy饮食访谈引言独立，David/Cindy十轮对话拆块，早餐午餐晚餐冰激凌问答保持各轮。
511	public/pep-english/lessons/pepj7a/003.json	pep-english	pepj7a-003	Mr. Cool's Clothes Store	passed_unchanged	Codex	2026-10-07T07:39:46+00:00	"[{""path"":""content/article-review/history/87f09311e5c00c4a610fdf4eae937f2e7d06aca11b2b327a8c96955c2e230bb5.json"",""locator"":""display: complete published JSON baseline; contextual segmentation review only"",""checked"":true,""sha256"":""ff5277738c3df046b4f9e9b5dc17ef6bf18125a164b5f9293962cc1924501e40""}]"	2bfbe26590c7593397d5c2bb2f9dfc548e594c21e3b1a0c415e3c5c791e52acd	2bfbe26590c7593397d5c2bb2f9dfc548e594c21e3b1a0c415e3c5c791e52acd	0	0	0	json;immutable_fields;text_consistency;content_evidence;revision_replay;idempotence	Mr. Cool服装促销连续问答式广告为同一完整销售段，商品价格语句不误作角色对话拆分。
512	public/pep-english/lessons/pepj7a/004.json	pep-english	pepj7a-004	Dear Jenny	passed_unchanged	Codex	2026-10-07T07:39:46+00:00	"[{""path"":""content/article-review/history/ad0964c4168d7f6cd267f4aa6ce1dbdb7425e9bf11afa85925a710bbc6bc95e9.json"",""locator"":""display: complete published JSON baseline; contextual segmentation review only"",""checked"":true,""sha256"":""4fae23a6f3353d9aea763b48e51da56ed624bbebf7bfa995e90e0ebe68938260""}]"	eb65894c38c55ba3e4522009580a0db6f386f4d67673405998ad8c8c2e994f11	eb65894c38c55ba3e4522009580a0db6f386f4d67673405998ad8c8c2e994f11	0	0	0	json;immutable_fields;text_consistency;content_evidence;revision_replay;idempotence	Yu Mei给Jenny信保留称呼、完整周五课表叙述段、询问对方、落款，不按各时间拆碎。
513	public/pep-english/lessons/pepj7b/002.json	pep-english	pepj7b-002	Tony and Mary's Habits	passed_unchanged	Codex	2026-10-07T07:39:46+00:00	"[{""path"":""content/article-review/history/f857bf97f403d5cfc166179e45ef63b12ec0e2990ca95a1269e9c1c18ed02882.json"",""locator"":""display: complete published JSON baseline; contextual segmentation review only"",""checked"":true,""sha256"":""7e123f032b034290e081a1732c117b6ff108182182d9bd5b36f65afd69c02d88""}]"	1e5f95b8443bdcc6e51667724ca1d3107860df1e2c36e9a47c665ffaebd54d0d	1e5f95b8443bdcc6e51667724ca1d3107860df1e2c36e9a47c665ffaebd54d0d	0	0	0	json;immutable_fields;text_consistency;content_evidence;revision_replay;idempotence	Tony与Mary日常习惯各为完整人物段，时间顺序和对照边界保留。
514	public/pep-english/lessons/pepj7b/003.json	pep-english	pepj7b-003	Lisa and Jane's Commute	passed_edited	Codex	2026-10-07T07:39:46+00:00	"[{""path"":""content/article-review/history/1a372da03c029abb39a8b4e316a56526ec1d8cce0edf49cb3e66f66dffc9a46b.json"",""locator"":""display: complete published JSON baseline; contextual segmentation review only"",""checked"":true,""sha256"":""547a6d8bfdc904babdb2d76f0b9a3d005e08cae61f43bc58fccaeae4678aad14""}]"	02e5ea3bcaf2456d004d97a81fe7db34e19ca6a9c3876041f3668f804e93b18f	b6683804bc244024177a89e694791e744ee33438733faddcbbc338d2676fcbda	0	1	0	json;immutable_fields;text_consistency;content_evidence;revision_replay;idempotence	Lisa与Jane通学八轮对话拆为独立发言，距离和时长说明保持本轮。
515	public/pep-english/lessons/pepj7b/004.json	pep-english	pepj7b-004	Crossing the River to School	passed_unchanged	Codex	2026-10-07T07:39:46+00:00	"[{""path"":""content/article-review/history/1738be2a593871b0b36befc6f4b9f7f5f3c625068f1844290c9207638c34fbc6.json"",""locator"":""display: complete published JSON baseline; contextual segmentation review only"",""checked"":true,""sha256"":""2226abb3caabf07a85abaeb9ad7c6d8d07df8b321735587dfbe1c06ad4bfbbb5""}]"	b41c61d3d7ec656069dee2289822a562b5e3e5c337fa257c969d3aa0fd30a140	b41c61d3d7ec656069dee2289822a562b5e3e5c337fa257c969d3aa0fd30a140	0	0	0	json;immutable_fields;text_consistency;content_evidence;revision_replay;idempotence	上学过河文章三段分别困难、Liangliang感受、桥梁愿望；首块STUDENT LIFE日期栏以空行和正文分明，保持现有栏头排版。
516	public/pep-english/lessons/pepj7b/005.json	pep-english	pepj7b-005	John's First Day at School	passed_edited	Codex	2026-10-07T07:39:46+00:00	"[{""path"":""content/article-review/history/394b582497472035ea05a6fcdca720f594e7d719c6ad6e7e9faa996effa963e6.json"",""locator"":""display: complete published JSON baseline; contextual segmentation review only"",""checked"":true,""sha256"":""89e51252cd6f597566c91c39ebbd1a7f03cb6509df2902aca5a82ee3d2d76ee2""}]"	7c7cad7a5c0e4d71c5730106d7f67001615d931e5f9778eb900902e4104e77b4	4114079bbd6e3dcde5391064fff7e16562bac80d50dd331db8469c85560e09cf	0	1	0	json;immutable_fields;text_consistency;content_evidence;revision_replay;idempotence	John与Alice入校规则八轮对话逐轮拆分，音乐播放器及校服规则保持对应发言。
517	public/pep-english/lessons/pepj7b/006.json	pep-english	pepj7b-006	Molly and Dr. Know's Letters	passed_unchanged	Codex	2026-10-07T07:39:47+00:00	"[{""path"":""content/article-review/history/7f9ea4fa2cc9a12e04606c98b409b133dbacf9dda9fc291e6a3435fe267d2df8.json"",""locator"":""display: complete published JSON baseline; contextual segmentation review only"",""checked"":true,""sha256"":""0df5836e839a08e8247740fe85814ad8c0e02ec3ff87405cf9403102cb660788""}]"	e1fb4298f622a5b19341b6efdf1b4642302838161c5d00677f1532a6ce8d0658	e1fb4298f622a5b19341b6efdf1b4642302838161c5d00677f1532a6ce8d0658	0	0	0	json;immutable_fields;text_consistency;content_evidence;revision_replay;idempotence	Molly来信两段规则烦恼及Dr. Know回应完整，双方称呼和署名边界清楚保留。
518	public/pep-english/lessons/pepj7b/007.json	pep-english	pepj7b-007	Let's Save the Elephants	passed_unchanged	Codex	2026-10-07T07:39:47+00:00	"[{""path"":""content/article-review/history/86f897b06221cf1bb46cfd636280f99476bb3b8ef11bcec77cc717edd1afb376.json"",""locator"":""display: complete published JSON baseline; contextual segmentation review only"",""checked"":true,""sha256"":""36b9266f0d957f3b482fb0a25e4e960d818ecbb7007deac72a5e6a642f45f1fd""}]"	4e10bcfc43ce2b9974cdf93b6b785c30433b5094a5e84ceee15c0cb89e143fde	4e10bcfc43ce2b9974cdf93b6b785c30433b5094a5e84ceee15c0cb89e143fde	0	0	0	json;immutable_fields;text_consistency;content_evidence;revision_replay;idempotence	保护大象三段为泰国象征、能力、威胁和行动，保留完整自然段。
519	public/pep-english/lessons/pepj7b/009.json	pep-english	pepj7b-009	Zhu Hui's Dragon Boat Festival	passed_unchanged	Codex	2026-10-07T07:39:47+00:00	"[{""path"":""content/article-review/history/4c18979770306ae1b0d36f27442c5d7dbade5c2db76c57552fd5a1791121f48b.json"",""locator"":""display: complete published JSON baseline; contextual segmentation review only"",""checked"":true,""sha256"":""a83ec02139e807a175dbb01930e04dabc835df292ebe6bb9ec457259e5207bfa""}]"	d33870c822693b56195da11aa9d8310d0598436b205ccfb10007e1351713b8a7	d33870c822693b56195da11aa9d8310d0598436b205ccfb10007e1351713b8a7	0	0	0	json;immutable_fields;text_consistency;content_evidence;revision_replay;idempotence	Zhu Hui端午故事两段对照深圳早晨家人与纽约前夜寄宿家庭，完整场景段保留。
520	public/pep-english/lessons/pepj7b/011.json	pep-english	pepj7b-011	An Interesting Job	passed_unchanged	Codex	2026-10-07T07:39:47+00:00	"[{""path"":""content/article-review/history/f2550d61578c02cfd42c76b6a42fa4fb6b9f68875bc652a06dde3328decbc333.json"",""locator"":""display: complete published JSON baseline; contextual segmentation review only"",""checked"":true,""sha256"":""5c094e7291d76348e3016a55285085e8b6dac382b26b1e56b26b5f6e5bcfae88""}]"	02e428af84e0e9faa50edfdbf6d7d869f0056fb1f9e45c4fab78335f11bd2119	02e428af84e0e9faa50edfdbf6d7d869f0056fb1f9e45c4fab78335f11bd2119	0	0	0	json;immutable_fields;text_consistency;content_evidence;revision_replay;idempotence	警察画像师两段分别职业流程和证人描述差异，案例引语与结尾真实外貌保持同段。
521	public/pep-english/lessons/pepj7b/012.json	pep-english	pepj7b-012	Birthday Food Around the World	passed_unchanged	Codex	2026-10-07T07:39:47+00:00	"[{""path"":""content/article-review/history/b009abef60c2d765f9dc66dc53afd87b7335f573519b67402669733b5150ca64.json"",""locator"":""display: complete published JSON baseline; contextual segmentation review only"",""checked"":true,""sha256"":""2ff2736aeaeea2c8918be93c4ea766d1619f98604ef401807e8ad09a870468a1""}]"	df5804484dd6264b0dac6a2cef5c9d3365d84924e2674d7975c79b77ad6e2833	df5804484dd6264b0dac6a2cef5c9d3365d84924e2674d7975c79b77ad6e2833	0	0	0	json;immutable_fields;text_consistency;content_evidence;revision_replay;idempotence	生日食物四段总问、蛋糕、中国面条鸡蛋、共同寓意，保留段落。
522	public/pep-english/lessons/pepj7b/013.json	pep-english	pepj7b-013	Helen and Jim's School Trip Diaries	passed_unchanged	Codex	2026-10-07T07:39:47+00:00	"[{""path"":""content/article-review/history/49a6f41ee62eb8d2e45f3b388b54ac1889b6b02b1574ff6c5f53e2e4d885a7c2.json"",""locator"":""display: complete published JSON baseline; contextual segmentation review only"",""checked"":true,""sha256"":""49067111f9646a25f7623e091c2bbebc28cc9961d36811e37a267200a995ef40""}]"	fc2206df0bbb0cc56f7d3418b34415b62669a8e8abbc84bbe637dfed41d3ae77	fc2206df0bbb0cc56f7d3418b34415b62669a8e8abbc84bbe637dfed41d3ae77	0	0	0	json;immutable_fields;text_consistency;content_evidence;revision_replay;idempotence	Helen与Jim同日校游两篇日记各日期与完整评价段相连，保留两位作者独立单元。
523	public/pep-english/lessons/pepj7b/014.json	pep-english	pepj7b-014	A Weekend to Remember	passed_unchanged	Codex	2026-10-07T07:39:48+00:00	"[{""path"":""content/article-review/history/4b67622dc5c3ac0609e729aa6fe40095c84504fc15e225b2815d712ff2110308.json"",""locator"":""display: complete published JSON baseline; contextual segmentation review only"",""checked"":true,""sha256"":""6f962bdbf93ea081bddb7673dc5610f7395af2d99505b1eb1696d18db97183ad""}]"	a815778469ba804e51aa3d854fbce7b689091712bfaa677699a7e79b42b2ae7b	a815778469ba804e51aa3d854fbce7b689091712bfaa677699a7e79b42b2ae7b	0	0	0	json;immutable_fields;text_consistency;content_evidence;revision_replay;idempotence	印度周末三段引入、露营首夜、遇蛇及经验，保留完整叙事段与父亲解释。
524	public/pep-english/lessons/pepj8a/001.json	pep-english	pepj8a-001	Jane's Vacation Diaries	passed_unchanged	Codex	2026-10-07T07:39:48+00:00	"[{""path"":""content/article-review/history/21b19012809943fb1bc3ff4b5cd0f1b096833d83b6d173f0b7032f45892f6bb8.json"",""locator"":""display: complete published JSON baseline; contextual segmentation review only"",""checked"":true,""sha256"":""bdb93fd762ae2cbbcc786f069e4c054fc00bb55568c6091d6e4e6b9dd65d3bf1""}]"	fa4f9a278b7cef9107781ba077cc2a38f4ef307741637ae4351304c572252bf0	fa4f9a278b7cef9107781ba077cc2a38f4ef307741637ae4351304c572252bf0	0	0	0	json;immutable_fields;text_consistency;content_evidence;revision_replay;idempotence	Jane槟城两日日记各自日期加完整旅行段，海滩城镇与雨中登山两日体验边界保留。
525	public/pep-english/lessons/pepj8a/004.json	pep-english	pepj8a-004	Jack and Claire's Weekly Plans	passed_unchanged	Codex	2026-10-07T07:39:48+00:00	"[{""path"":""content/article-review/history/4792437f46ab4495cef4b91aaf4e08dd84e09f8dc021ff58f99be21a155ab39b.json"",""locator"":""display: complete published JSON baseline; contextual segmentation review only"",""checked"":true,""sha256"":""d2698943b5932f5b819601c5217d3529a9040bcbdab8fbeb30b6366b32a89692""}]"	1039897b37d925591b15c7170e600be487ae649503901fcd0a98deabcabfbf91	1039897b37d925591b15c7170e600be487ae649503901fcd0a98deabcabfbf91	0	0	0	json;immutable_fields;text_consistency;content_evidence;revision_replay;idempotence	Jack与Claire下周计划十一轮已分别成块，舞蹈钢琴网球问答多句轮次完整，无需改动。
526	public/pep-english/lessons/pepj8a/007.json	pep-english	pepj8a-007	Should Friends Be the Same or Different?	passed_unchanged	Codex	2026-10-07T07:39:48+00:00	"[{""path"":""content/article-review/history/36540c6e7868e01aec14b8c9b300154dd2ad1087481685f2d51191c4858b5cc7.json"",""locator"":""display: complete published JSON baseline; contextual segmentation review only"",""checked"":true,""sha256"":""32c428aa1f63b0d6682521190d28c545965233f6a6bca4473301de3bf5f60a14""}]"	1ce42e4741877887875ea2063b33f5e0f27b6be5a0ddad14f89cf134bfb368f2	1ce42e4741877887875ea2063b33f5e0f27b6be5a0ddad14f89cf134bfb368f2	0	0	0	json;immutable_fields;text_consistency;content_evidence;revision_replay;idempotence	Jeff、Huang Lei、Mary三人朋友观各为完整署名自述，保留人物边界与例证段。
527	public/pep-english/lessons/pepj8a/008.json	pep-english	pepj8a-008	Greg's New Neighborhood	passed_unchanged	Codex	2026-10-07T07:39:48+00:00	"[{""path"":""content/article-review/history/70df9f66cfc57148eb64c7da229c75adf1c3a9dd73e04e50fe1bfabfe9e115c8.json"",""locator"":""display: complete published JSON baseline; contextual segmentation review only"",""checked"":true,""sha256"":""9440213df57ff183484085e30597e9902a7f1700ed03960a9ebf6d5cbb4a2998""}]"	e68b224bc24bbc75cd1e9db4ed024ae23f56d12b4f52ae02d85f21f853d5b9ff	e68b224bc24bbc75cd1e9db4ed024ae23f56d12b4f52ae02d85f21f853d5b9ff	0	0	0	json;immutable_fields;text_consistency;content_evidence;revision_replay;idempotence	Greg新邻里八轮对话已经逐角色分块，超市及影院介绍完整保留。
528	public/pep-english/lessons/pepj8a/009.json	pep-english	pepj8a-009	Who's Got Talent?	passed_unchanged	Codex	2026-10-07T07:39:48+00:00	"[{""path"":""content/article-review/history/31a6b349ab2e649ffcb8f2aaf9fcd92c27fa48e75d931873f0296ca9ca63b690.json"",""locator"":""display: complete published JSON baseline; contextual segmentation review only"",""checked"":true,""sha256"":""7b4ee5c32ad21ed6e3ed4b10706b75094f4629dcc6502d5702d211ba346fba50""}]"	b88a7b7004459cd002389c352fe49a13e971b8c90bf6efe91ba483728a0b6c93	b88a7b7004459cd002389c352fe49a13e971b8c90bf6efe91ba483728a0b6c93	0	0	0	json;immutable_fields;text_consistency;content_evidence;revision_replay;idempotence	达人秀三段为流行概况、选拔投票、争议和好处，保留完整论述段。
529	public/pep-english/lessons/pepj8a/011.json	pep-english	pepj8a-011	Mickey Mouse: A Symbol of American Culture	passed_unchanged	Codex	2026-10-07T07:39:48+00:00	"[{""path"":""content/article-review/history/a311051463e891d27c3acc7f336e1fb1cb9084864c214ccb905dda3f134f56ed.json"",""locator"":""display: complete published JSON baseline; contextual segmentation review only"",""checked"":true,""sha256"":""dfbf1cd38357ccde2985e4a57af97a95d1f624a270a0706c0e183ea1e0228e2b""}]"	2bc3620a8ff179d525d26df5934e167d1d042df0baffedb461d0d9aa834be61e	2bc3620a8ff179d525d26df5934e167d1d042df0baffedb461d0d9aa834be61e	0	0	0	json;immutable_fields;text_consistency;content_evidence;revision_replay;idempotence	Mickey三段依诞生历史、受欢迎原因、星光大道与今日影响，保留多句自然段。
530	public/pep-english/lessons/pepj8a/015.json	pep-english	pepj8a-015	Do You Think You Will Have Your Own Robot?	passed_unchanged	Codex	2026-10-07T07:39:48+00:00	"[{""path"":""content/article-review/history/0599ba2928edec83c69845c698f118e02c9e336a57612694cef7340cfdb51321.json"",""locator"":""display: complete published JSON baseline; contextual segmentation review only"",""checked"":true,""sha256"":""99b56e9b752ac4886c3849918f871c38fc48674bd4ad46a95617aa7fad98cd93""}]"	afa728db84893d26f1e11f08006a18e296dfaaa6c58cf19f0e42cac4c1ffc5dd	afa728db84893d26f1e11f08006a18e296dfaaa6c58cf19f0e42cac4c1ffc5dd	0	0	0	json;immutable_fields;text_consistency;content_evidence;revision_replay;idempotence	机器人四段从电影想象到工厂应用、类人争议、未来形态，保留例证与观点同段。
531	public/pep-english/lessons/pepj8a/019.json	pep-english	pepj8a-019	How to Make Russian Soup	passed_unchanged	Codex	2026-10-07T07:39:48+00:00	"[{""path"":""content/article-review/history/fe8b25aea45f38630fff6ded31bd4f72bb000301ef8a2755083db6e1414806c3.json"",""locator"":""display: complete published JSON baseline; contextual segmentation review only"",""checked"":true,""sha256"":""2e396f259df0a96bff5cc849bd047b2e28e52655cf33e1bd61ee5199dd547dc2""}]"	825836dc5f452825ce9ef3e8fd870fc14f1cd3377ed2f2a586aaf71c2d292960	825836dc5f452825ce9ef3e8fd870fc14f1cd3377ed2f2a586aaf71c2d292960	0	0	0	json;immutable_fields;text_consistency;content_evidence;revision_replay;idempotence	俄式汤六轮Anna/Sam对话已分块，材料采购和烹饪多句步骤属于Sam整轮，保留。
532	public/pep-english/lessons/pepj8a/020.json	pep-english	pepj8a-020	Thanksgiving in North America	passed_unchanged	Codex	2026-10-07T07:39:48+00:00	"[{""path"":""content/article-review/history/7395fbfcc77db1447f446f854e918d1df7791aeafd171f202b3fdad0da99d517.json"",""locator"":""display: complete published JSON baseline; contextual segmentation review only"",""checked"":true,""sha256"":""b72f4f2b1f21039390d5dc2a08be35e9a9d3b46c1863163c9be8d9dc0fd9e0c4""}]"	d8ba692e5c7d20c553b8b88498d2922e855cec150fde9562b7e3e03afb654547	d8ba692e5c7d20c553b8b88498d2922e855cec150fde9562b7e3e03afb654547	0	0	0	json;immutable_fields;text_consistency;content_evidence;revision_replay;idempotence	感恩节日期意义、家庭餐两段后烤火鸡引导及五步分别成块，保留独立步骤。
533	public/pep-english/lessons/pepj8a/022.json	pep-english	pepj8a-022	Jeff Invites Nick to Meet Sam	passed_unchanged	Codex	2026-10-07T07:39:49+00:00	"[{""path"":""content/article-review/history/5e2df74bff0b37b9281ef9c0a5f415df0e4ceb0a820df3580753dde756f3056c.json"",""locator"":""display: complete published JSON baseline; contextual segmentation review only"",""checked"":true,""sha256"":""0e1534c49124393e62937c53d6dc39bffa4ec4784ab3c8bcb0c843aa73198d71""}]"	857c786db532ab5e75df853f0556fa8ad7fd2336a706878bd031ace5bde0a645	857c786db532ab5e75df853f0556fa8ad7fd2336a706878bd031ace5bde0a645	0	0	0	json;immutable_fields;text_consistency;content_evidence;revision_replay;idempotence	Jeff邀请Nick六轮已独立，周六与周一晚安排对应清楚保留。
534	public/pep-english/lessons/pepj8a/023.json	pep-english	pepj8a-023	Invitation to the New Library Opening	passed_unchanged	Codex	2026-10-07T07:39:49+00:00	"[{""path"":""content/article-review/history/1c78f1fda9d38b6fca345314c697509af6c201fed254c1a119874b8a32fe782c.json"",""locator"":""display: complete published JSON baseline; contextual segmentation review only"",""checked"":true,""sha256"":""58ea6f1f138a292af4889da6740d76c1e1b44109827fe7e1210d3b4a6a27340f""}]"	0ebfd319d10f387e8a0b007e730adcec914910850b2a76ab74a6c4760f3a420b	0ebfd319d10f387e8a0b007e730adcec914910850b2a76ab74a6c4760f3a420b	0	0	0	json;immutable_fields;text_consistency;content_evidence;revision_replay;idempotence	图书馆开幕邀请称呼、活动安排及回函要求的正文、校长落款三块合理。
535	public/pep-english/lessons/pepj8a/025.json	pep-english	pepj8a-025	Planning Food and Games for the Party	passed_unchanged	Codex	2026-10-07T07:39:49+00:00	"[{""path"":""content/article-review/history/8cdf5e8c57cf01ec68affda5a48154fced948f1977eb5071219eb5bef11dc1cf.json"",""locator"":""display: complete published JSON baseline; contextual segmentation review only"",""checked"":true,""sha256"":""5cd82b914207fa828b94055b662ff103242948ed17f7a60bd4c82c1cdd8c622b""}]"	185159d2d4a9fc83d593e69f39aaaea89781763e8c43621bb3761038d208ea1c	185159d2d4a9fc83d593e69f39aaaea89781763e8c43621bb3761038d208ea1c	0	0	0	json;immutable_fields;text_consistency;content_evidence;revision_replay;idempotence	Jeff与Ben派对食物游戏五轮已经独立，条件句解释保留本轮。
536	public/pep-english/lessons/pepj8a/027.json	pep-english	pepj8a-027	Talking Helps Solve Problems	passed_unchanged	Codex	2026-10-07T07:39:49+00:00	"[{""path"":""content/article-review/history/a09ee8691702a26ddb27c6d56a41a6905cd8afd40b62e65cbb34236136db2c93.json"",""locator"":""display: complete published JSON baseline; contextual segmentation review only"",""checked"":true,""sha256"":""9ea28918b694185abf8cbcfdf4e00f9ae31dc7515561ac09d82266561f809cca""}]"	5080b1c75f7b68f4c6bfc484231f583a3aab775f5a09df7aab3dfe69441fa2e8	5080b1c75f7b68f4c6bfc484231f583a3aab775f5a09df7aab3dfe69441fa2e8	0	0	0	json;immutable_fields;text_consistency;content_evidence;revision_replay;idempotence	倾诉解决问题三段为总观点、Laura丢钱包、Robert建议，各引语与论述段完整保留。
537	public/pep-english/lessons/pepj8b/001.json	pep-english	pepj8b-001	Bus Driver and Passengers Save an Old Man	passed_unchanged	Codex	2026-10-07T07:41:59+00:00	"[{""path"":""content/article-review/history/c1c39abec8454846a48935578c5b90a8e5678b44400f2c662b5798cf7352aeb8.json"",""locator"":""display: complete published JSON baseline; contextual segmentation review only"",""checked"":true,""sha256"":""b891afda9b709067ad44df8c730d8f67528cadc5c69d7ada89a3f3a1a953bce3""}]"	a87ffab2c5aa88e973bfcf14a28d064932a917de556a57c2f93ccab2a1314960	a87ffab2c5aa88e973bfcf14a28d064932a917de556a57c2f93ccab2a1314960	0	0	0	json;immutable_fields;text_consistency;content_evidence;revision_replay;idempotence	公交救人三段为发现、司机乘客行动、获救与评价，保留完整事件段。
538	public/pep-english/lessons/pepj8b/002.json	pep-english	pepj8b-002	Students Who Volunteer	passed_unchanged	Codex	2026-10-07T07:41:59+00:00	"[{""path"":""content/article-review/history/a4ee7bb8fc96610370d9b5b5bcdb475385164f575792d36ea26545bb0cce1829.json"",""locator"":""display: complete published JSON baseline; contextual segmentation review only"",""checked"":true,""sha256"":""10cceb12a720c38dc6d03d5cb09d9166b4ba4e2036d4b7b51d89d2f0809b4836""}]"	fef6f6fa457d58c51ed7044d751de591688be041608896d731f57ae3630a576c	fef6f6fa457d58c51ed7044d751de591688be041608896d731f57ae3630a576c	0	0	0	json;immutable_fields;text_consistency;content_evidence;revision_replay;idempotence	学生志愿者引言后Mario动物医院和Mary阅读项目各完整人物段，保留引语。
539	public/pep-english/lessons/pepj8b/003.json	pep-english	pepj8b-003	Ben Smith's Thank-You Letter to Miss Li	passed_unchanged	Codex	2026-10-07T07:41:59+00:00	"[{""path"":""content/article-review/history/678b386beb3af0f25f30c84b05679c8fb80ebfc584c62166f1d72bcb00cbfd98.json"",""locator"":""display: complete published JSON baseline; contextual segmentation review only"",""checked"":true,""sha256"":""e8aa1b0e1ca0442110a2412c8f4d23e58af32e53522c0c24d3182d14a95e0450""}]"	7a8744f7795f38082920f44d7ceb8e00dea47556d4b70324977b31a5845cdf2d	7a8744f7795f38082920f44d7ceb8e00dea47556d4b70324977b31a5845cdf2d	0	0	0	json;immutable_fields;text_consistency;content_evidence;revision_replay;idempotence	Ben感谢信按感谢、生活困难、Lucky训练与帮助、再次致谢分段，称呼落款完整。
540	public/pep-english/lessons/pepj8b/004.json	pep-english	pepj8b-004	Nancy Learns to Share the Housework	passed_unchanged	Codex	2026-10-07T07:41:59+00:00	"[{""path"":""content/article-review/history/bf761494d4157578e51bd36bb51793e17e5f82b191fa7f1489f1142f30e3c143.json"",""locator"":""display: complete published JSON baseline; contextual segmentation review only"",""checked"":true,""sha256"":""f575ee3e63a8c088046c39e5be7d45474742676d68bf0892df17725bd147a967""}]"	bfa1b5ebd8e858298233dfdeb432d875087044d73e5682eaebbabcf88bf31c4d	bfa1b5ebd8e858298233dfdeb432d875087044d73e5682eaebbabcf88bf31c4d	0	0	0	json;immutable_fields;text_consistency;content_evidence;revision_replay;idempotence	Nancy家务冲突九段含独立母女对白及停做家务叙事，轮次边界已清楚保留。
541	public/pep-english/lessons/pepj8b/005.json	pep-english	pepj8b-005	Should Young People Do Chores at Home?	passed_unchanged	Codex	2026-10-07T07:41:59+00:00	"[{""path"":""content/article-review/history/71d55156ffa80b5a8d48af3675d4b5ce012b39eff45368dfaf2ade0014092cd1.json"",""locator"":""display: complete published JSON baseline; contextual segmentation review only"",""checked"":true,""sha256"":""d01a605a5f2842bd1dae9d3262ddc7f6144803a3df62e9e07d2bfb1c3c5ca10a""}]"	3790c67a83d651aa79b513a430631b0782acd3230de101499e88383c10715618	3790c67a83d651aa79b513a430631b0782acd3230de101499e88383c10715618	0	0	0	json;immutable_fields;text_consistency;content_evidence;revision_replay;idempotence	Ms. Miller与Mr. Smith两封相反家务观来信各称呼正文署名明确，两篇多句论证保留完整段。
542	public/pep-english/lessons/pepj8b/006.json	pep-english	pepj8b-006	Kim's Problem with Her Sister	passed_unchanged	Codex	2026-10-07T07:41:59+00:00	"[{""path"":""content/article-review/history/b9ce34e0f2329f5bd84afef35ba33a001664594015cec25976ca9e5acc8ebd54.json"",""locator"":""display: complete published JSON baseline; contextual segmentation review only"",""checked"":true,""sha256"":""270fc5aa9b46f3403830a7e5af625fcac4b755fe395fb74aeed87e010e1e548e""}]"	bf8e0a9eb946919793947803938223c5c11ca3df4fd44608d15bb73d14e379e4	bf8e0a9eb946919793947803938223c5c11ca3df4fd44608d15bb73d14e379e4	0	0	0	json;immutable_fields;text_consistency;content_evidence;revision_replay;idempotence	Dave与Kim姐妹矛盾七轮已逐轮成块，建议的三句发言完整保留。
543	public/pep-english/lessons/pepj8b/007.json	pep-english	pepj8b-007	Maybe You Should Learn to Relax!	passed_unchanged	Codex	2026-10-07T07:42:00+00:00	"[{""path"":""content/article-review/history/3c230e69f4d47f16365b1e81b2f331129c999bb695477acc79e3e7577df36737.json"",""locator"":""display: complete published JSON baseline; contextual segmentation review only"",""checked"":true,""sha256"":""ca4278d6ae1369f98a6c29dd311286498ef33f062dd359d481e1a3fd297605ea""}]"	7e94ed213ffb10b0a42607eaca08b007d677307a96e742dcddd9100283da2560	7e94ed213ffb10b0a42607eaca08b007d677307a96e742dcddd9100283da2560	0	0	0	json;immutable_fields;text_consistency;content_evidence;revision_replay;idempotence	课外压力四段为中国概况、Taylor家庭、Linda观点、医生建议，各来源引语清楚保留。
544	public/pep-english/lessons/pepj8b/008.json	pep-english	pepj8b-008	The Storm Brought People Closer Together	passed_unchanged	Codex	2026-10-07T07:42:00+00:00	"[{""path"":""content/article-review/history/185161a477b186e549b34685e345cfd396d8d672d47408131eb5922de2f7ae4f.json"",""locator"":""display: complete published JSON baseline; contextual segmentation review only"",""checked"":true,""sha256"":""0609a307801849c54464cdd0e3e7bfb19f09e2a1db91a3af339669efd6b57bb9""}]"	b9e9bfbef69bc1ea97eba3dc536cb8590417437d2a69a84641fbd63148a42eb7	b9e9bfbef69bc1ea97eba3dc536cb8590417437d2a69a84641fbd63148a42eb7	0	0	0	json;immutable_fields;text_consistency;content_evidence;revision_replay;idempotence	暴风雨四段按预兆、准备、风暴中、雨后互助推进，末段事件和主题感悟连贯保留。
545	public/pep-english/lessons/pepj8b/009.json	pep-english	pepj8b-009	Do You Remember What You Were Doing?	passed_unchanged	Codex	2026-10-07T07:42:00+00:00	"[{""path"":""content/article-review/history/f6a795b434a7b3748342751b666fe96616b508991b4f47310a911aa0584193a6.json"",""locator"":""display: complete published JSON baseline; contextual segmentation review only"",""checked"":true,""sha256"":""5f0bf1886ed6dc99072e0846768e0f84f720b88572d32ef27e8f88d2715d344e""}]"	c14b1966286e8201ace04af8843b6b0e29e59ea9a43c3ab67d50fb6e16e11759	c14b1966286e8201ace04af8843b6b0e29e59ea9a43c3ab67d50fb6e16e11759	0	0	0	json;immutable_fields;text_consistency;content_evidence;revision_replay;idempotence	历史事件记忆四段中两事件背景及Robert/Kate回忆分别配对，人物引语完整保留。
546	public/pep-english/lessons/pepj8b/010.json	pep-english	pepj8b-010	The Monkey King	passed_unchanged	Codex	2026-10-07T07:42:00+00:00	"[{""path"":""content/article-review/history/483df0f80a31dbade6a2514bde1b235252071bede52abd721cc88b07b85a29e5.json"",""locator"":""display: complete published JSON baseline; contextual segmentation review only"",""checked"":true,""sha256"":""4076eda2df3120182f495047f69ed4f45cecbf306e3ede756fa8444009e18905""}]"	9532dedabdc4984c7bbd2f4298fad910af93a8bcc6c70a398bca1700c23b2f0b	9532dedabdc4984c7bbd2f4298fad910af93a8bcc6c70a398bca1700c23b2f0b	0	0	0	json;immutable_fields;text_consistency;content_evidence;revision_replay;idempotence	孙悟空三段为英国节目引入、七十二变金箍棒、影响和品质，各完整段保留。
547	public/pep-english/lessons/pepj8b/012.json	pep-english	pepj8b-012	Qomolangma — the Most Dangerous Mountain in the World?	passed_unchanged	Codex	2026-10-07T07:42:00+00:00	"[{""path"":""content/article-review/history/f7acfd30c3fd486901a0fe8b6ee03eba61401e86ac23d2e0e7b97c49e514900d.json"",""locator"":""display: complete published JSON baseline; contextual segmentation review only"",""checked"":true,""sha256"":""f4d695684e766882a50aa68db1aeb0fc972a0d4a2a691fdf0bb5a3605c3170b6""}]"	6aec1e670988d19881a0a71853041dac37c92b3552c89cab0fd0870ca4267f18	6aec1e670988d19881a0a71853041dac37c92b3552c89cab0fd0870ca4267f18	0	0	0	json;immutable_fields;text_consistency;content_evidence;revision_replay;idempotence	珠峰三段依自然风险、登顶历史、挑战精神展开，原高度等内容不做文本更新。
548	public/pep-english/lessons/pepj8b/013.json	pep-english	pepj8b-013	Pandas at the Chengdu Research Base	passed_unchanged	Codex	2026-10-07T07:42:00+00:00	"[{""path"":""content/article-review/history/0efff9c856001e79c2d1b68b32cd11f5cbf1b24875d51ec5517508db15e9b3ae.json"",""locator"":""display: complete published JSON baseline; contextual segmentation review only"",""checked"":true,""sha256"":""a3150d16408f7240a2d69ee7469510ab9c9eb3b458560988ff806277005686fb""}]"	3bc6d204fe12e789da86f4ad873651775a2fb82aab227a109b8eca6ae72bc5ca	3bc6d204fe12e789da86f4ad873651775a2fb82aab227a109b8eca6ae72bc5ca	0	0	0	json;immutable_fields;text_consistency;content_evidence;revision_replay;idempotence	熊猫四段为早晨照料、饲养员感情、数量和生存压力、保护措施，保留自然段。
549	public/pep-english/lessons/pepj8b/014.json	pep-english	pepj8b-014	Robinson Crusoe on the Island	passed_unchanged	Codex	2026-10-07T07:42:00+00:00	"[{""path"":""content/article-review/history/db9ece931f86d159d1fad09badb2f86d81cd6d5585243c52b09b658ad3a5070c.json"",""locator"":""display: complete published JSON baseline; contextual segmentation review only"",""checked"":true,""sha256"":""ad01b32a3dc1372f0c7663bdee7d7478d1bb0813480f0ce785cf34f5d2abafa5""}]"	71e628605f00ee4caab65449e47060335179402c09153acb18ff2e8b16717ebd	71e628605f00ee4caab65449e47060335179402c09153acb18ff2e8b16717ebd	0	0	0	json;immutable_fields;text_consistency;content_evidence;revision_replay;idempotence	鲁滨逊两段分别岛上生存及救Friday，完整经历与时间转折保持。
550	public/pep-english/lessons/pepj8b/015.json	pep-english	pepj8b-015	A Country Music Song Changed Her Life Forever	passed_unchanged	Codex	2026-10-07T07:42:00+00:00	"[{""path"":""content/article-review/history/504645e460cc4ff664d6a833ff56f527a30cf087c0eb8dce014d2d1d29b184a2.json"",""locator"":""display: complete published JSON baseline; contextual segmentation review only"",""checked"":true,""sha256"":""59fe08f6a1fc0f21596cd8614a258bb7c916c829249f45bad2aa90985767adbe""}]"	a1e4cd7e5bafa4f699816f260965c2171724fa31861c30420a10bc33c3e54c67	a1e4cd7e5bafa4f699816f260965c2171724fa31861c30420a10bc33c3e54c67	0	0	0	json;immutable_fields;text_consistency;content_evidence;revision_replay;idempotence	Sarah乡村音乐三段为个人改变、音乐精神、Nashville梦想，长引语仍归本段。
551	public/pep-english/lessons/pepj8b/016.json	pep-english	pepj8b-016	Three Interesting Museums	passed_unchanged	Codex	2026-10-07T07:42:00+00:00	"[{""path"":""content/article-review/history/85d1a273626804453a56cbf678bf386ed15c8e6297d9eb84f6e9c7583276036a.json"",""locator"":""display: complete published JSON baseline; contextual segmentation review only"",""checked"":true,""sha256"":""2ba5ce2aebc8e43bd52c2a06697c8143bb72e0d11d82b090329619f981f646ba""}]"	ce52bffcc47ee35eeb54ede56c5d80f626eed8ca35f2b8b6e97a558c09d01f56	ce52bffcc47ee35eeb54ede56c5d80f626eed8ca35f2b8b6e97a558c09d01f56	0	0	0	json;immutable_fields;text_consistency;content_evidence;revision_replay;idempotence	Ken、Amy、Linlin三个博物馆推荐各独立署名段，多句场馆体验完整保留。
552	public/pep-english/lessons/pepj8b/018.json	pep-english	pepj8b-018	Singapore — A Place You Will Never Forget!	passed_unchanged	Codex	2026-10-07T07:42:00+00:00	"[{""path"":""content/article-review/history/3ba9d7d2266884b7f94d6aa37227bb4246dd20d7c8f4b247fad35d224094ca87.json"",""locator"":""display: complete published JSON baseline; contextual segmentation review only"",""checked"":true,""sha256"":""f5968df344481b41fa1357a6318bf717190ad5a34f27c1bbc53464bf3194a393""}]"	7927649d8faa343145966edc657749869ffeec567f0b61124ffb72475b6d5029	7927649d8faa343145966edc657749869ffeec567f0b61124ffb72475b6d5029	0	0	0	json;immutable_fields;text_consistency;content_evidence;revision_replay;idempotence	新加坡四段语言、食物、夜间动物园、气候，保留问句引导与段内说明。
553	public/pep-english/lessons/pepj8b/019.json	pep-english	pepj8b-019	A Family's Yard Sale	passed_unchanged	Codex	2026-10-07T07:42:00+00:00	"[{""path"":""content/article-review/history/259d506df8cd46a819faaf58833e12cb0fed245d105682ab241bf2a075b602ef.json"",""locator"":""display: complete published JSON baseline; contextual segmentation review only"",""checked"":true,""sha256"":""8e34eba4fa52a1abbddef55e1cc6170014351d65378bca4a56e08da3cb7116a8""}]"	ce7e20eec6b344087ab060d7cdfe789394ae43380774737556b6b2cecd215fc4	ce7e20eec6b344087ab060d7cdfe789394ae43380774737556b6b2cecd215fc4	0	0	0	json;immutable_fields;text_consistency;content_evidence;revision_replay;idempotence	庭院义卖三段介绍动机、子女舍弃玩具、父亲球衣，保留完整家庭人物段。
554	public/pep-english/lessons/pepj8b/020.json	pep-english	pepj8b-020	Hometown Feelings	passed_unchanged	Codex	2026-10-07T07:42:01+00:00	"[{""path"":""content/article-review/history/a9deb8ba99b17d917095e5ee8c5669abb3e25b3b6439dc5074e46af441c53558.json"",""locator"":""display: complete published JSON baseline; contextual segmentation review only"",""checked"":true,""sha256"":""0661426bd4e65f19549ff33e0fab3b7a89d1217bd90a09b4445ebd48c50edb88""}]"	4a34b97eb980815931cb75db2c6676801aa7706d3868827561da8e3330b6c67d	4a34b97eb980815931cb75db2c6676801aa7706d3868827561da8e3330b6c67d	0	0	0	json;immutable_fields;text_consistency;content_evidence;revision_replay;idempotence	故乡四段为Zhong Wei打工、变化概况、学校更新、老树记忆，引语与叙述自然边界清楚。
555	public/pep-english/lessons/pepj8b/021.json	pep-english	pepj8b-021	Why Kate Missed the Basketball Competition	passed_edited	Codex	2026-10-07T07:42:01+00:00	"[{""path"":""content/article-review/history/d05ddffee7b3a2b2533a3717978fde3fad5c3f2ea1488ad19c790f30d9ac88f7.json"",""locator"":""display: complete published JSON baseline; contextual segmentation review only"",""checked"":true,""sha256"":""8811e9246a4d86b205cd85ce78b4a63d87dff60b8940a6e7c6a73545ec26e1a2""}]"	31c5190bbe4f95b4176f3f02269492c0e138b8fceacaeb973605a30ae7163a29	aa563b2e210971ed93b11e7351ce21472b53d53ff94cf0bdc39783f0e43ba6c5	0	1	0	json;immutable_fields;text_consistency;content_evidence;revision_replay;idempotence	Kate错过比赛原同块十二轮对话逐角色拆分，忘包及救狗的多句说明保持轮内。
556	public/pep-english/lessons/pepj9/001.json	pep-english	pepj9-001	Jack Asks Annie for Reading Advice	passed_edited	Codex	2026-10-07T07:42:01+00:00	"[{""path"":""content/article-review/history/dc7c461726982218eac5bc9b11ffc0ef964a15539572a93528def4ccdcee197d.json"",""locator"":""display: complete published JSON baseline; contextual segmentation review only"",""checked"":true,""sha256"":""7bf1142a9d7bcd0738cd4a4b43f67dde1708c89693103783c14b25cb2f52697c""}]"	7c92a653f7dcfd84a013c058a6ae7e02b83fae648ba77d482dd64445523e0519	f3610207fd09a102ffb33722e87fe8832367c2c81fd379c98a056e58f245f9f4	0	1	0	json;immutable_fields;text_consistency;content_evidence;revision_replay;idempotence	Jack向Annie求阅读建议八轮对话拆分，词群阅读猜词耐心建议各轮保持完整。
557	public/pep-english/lessons/pepj9/002.json	pep-english	pepj9-002	How I Learned to Learn English	passed_unchanged	Codex	2026-10-07T07:42:01+00:00	"[{""path"":""content/article-review/history/0e091a89e6020538b8ed52677cc9d6f4d685b5d8b9b9282245313e4b6c55dec4.json"",""locator"":""display: complete published JSON baseline; contextual segmentation review only"",""checked"":true,""sha256"":""63a6a5dd2e796c375be969ea019f4f7b9954da714177a0e5c347fdef0b6f0cdf""}]"	06c16d649e694dec860652dfb0b15de94b172ce3775d7a80ea4469f14d067b8a	06c16d649e694dec860652dfb0b15de94b172ce3775d7a80ea4469f14d067b8a	0	0	0	json;immutable_fields;text_consistency;content_evidence;revision_replay;idempotence	英语学习三段按过去困难、Toy Story启发与方法、现在目标推进，保留多句学习过程段。
558	public/pep-english/lessons/pepj9/003.json	pep-english	pepj9-003	How Can You Become a Successful Learner?	passed_unchanged	Codex	2026-10-07T07:42:01+00:00	"[{""path"":""content/article-review/history/5be3ec573abbca8f5dda42fa39d785ab9d4ffdcdd8559986e5f86f2e4b678c4f.json"",""locator"":""display: complete published JSON baseline; contextual segmentation review only"",""checked"":true,""sha256"":""129cc253db0e81dbe635418761a105a0ef46a85afcbe72f430e249c688b3629e""}]"	f4826c6608337fe26d9ac625c22edd1d05efdc1dae09d14802945c92d4abb41b	f4826c6608337fe26d9ac625c22edd1d05efdc1dae09d14802945c92d4abb41b	0	0	0	json;immutable_fields;text_consistency;content_evidence;revision_replay;idempotence	成功学习四个习惯小标题及解释段，首尾引言总结清楚，保持标题和整段例证。
559	public/pep-english/lessons/pepj9/004.json	pep-english	pepj9-004	The Water Festival in Chiang Mai	passed_edited	Codex	2026-10-07T07:42:01+00:00	"[{""path"":""content/article-review/history/3eb0b8d521fbca8321e5bc9d7ad2ecf8e8d2e19f8966cbf4b730fa08f20061eb.json"",""locator"":""display: complete published JSON baseline; contextual segmentation review only"",""checked"":true,""sha256"":""92c564eb37aeefe1f0e85ef3c44064b2aeb7d07d4342749800f4760868434212""}]"	3aaa4f5989d9b580abe1e5f0107f79564c61e85d27b8f9eb107856088b5e83db	f0a9ec6edbaa132f2fb7e53eeb069636550a05372699622089e0437f10227f08	0	1	0	json;immutable_fields;text_consistency;content_evidence;revision_replay;idempotence	Clara与Ben清迈泼水节七轮问答按角色拆分，日期习俗寓意留在对应轮次。
560	public/pep-english/lessons/pepj9/005.json	pep-english	pepj9-005	Full Moon, Full Feelings	passed_unchanged	Codex	2026-10-07T07:42:01+00:00	"[{""path"":""content/article-review/history/903b4c2dcf1cae9f56b1ff9f629fb13ca4a23b18173d28e64d791a140a6b931f.json"",""locator"":""display: complete published JSON baseline; contextual segmentation review only"",""checked"":true,""sha256"":""a864869bab4df500837c191741cd188dc162f8b9dc11b8229b69af2919ce53d3""}]"	5500d034bac1434cdb3818d7ea94f7a61a08e578a2d3d50f425a501b0ba7b85b	5500d034bac1434cdb3818d7ea94f7a61a08e578a2d3d50f425a501b0ba7b85b	0	0	0	json;immutable_fields;text_consistency;content_evidence;revision_replay;idempotence	中秋三段为月饼寓意、嫦娥完整故事、赏月传统，保留长故事自然段。
561	public/pep-english/lessons/pepj9/006.json	pep-english	pepj9-006	Mother's Day and Father's Day in America	passed_unchanged	Codex	2026-10-07T07:42:01+00:00	"[{""path"":""content/article-review/history/339423a63cdd52e31138faec56940b4baf8e3524b5f4671f4e32021a97c00ad5.json"",""locator"":""display: complete published JSON baseline; contextual segmentation review only"",""checked"":true,""sha256"":""837eacbb118238c3335f255d8a118a2c32da87b509469e4fbee86f2da2ccf921""}]"	3ddf02085d282ec65b8613d5ca1e4e8d6cac39f11c5408dfb1671c173c68009f	3ddf02085d282ec65b8613d5ca1e4e8d6cac39f11c5408dfb1671c173c68009f	0	0	0	json;immutable_fields;text_consistency;content_evidence;revision_replay;idempotence	June给Xia Yu父母节书信称呼、完整习俗建议段、署名清楚，保留。
562	public/pep-english/lessons/pepj9/007.json	pep-english	pepj9-007	A Christmas Carol	passed_unchanged	Codex	2026-10-07T07:42:01+00:00	"[{""path"":""content/article-review/history/d2eef158458a45ee213eaaa2a89a2eb813280741a17c019041c856fc4b3df0e7.json"",""locator"":""display: complete published JSON baseline; contextual segmentation review only"",""checked"":true,""sha256"":""b6d7ff0d727896263e1f0442eef5d6e59f28c35d1f064f3d24a49511db8a2972""}]"	c1bccbfdde336ef3b7e4485aa070c30fc7b5ffcd9ca7193d26bd98da47e5c0b3	c1bccbfdde336ef3b7e4485aa070c30fc7b5ffcd9ca7193d26bd98da47e5c0b3	0	0	0	json;immutable_fields;text_consistency;content_evidence;revision_replay;idempotence	圣诞颂歌四段为分享精神、Scrooge背景、三幽灵之旅、转变，完整故事段保留。
563	public/pep-english/lessons/pepj9/009.json	pep-english	pepj9-009	Asking for the Restrooms at Fun Times Park	passed_edited	Codex	2026-10-07T07:42:01+00:00	"[{""path"":""content/article-review/history/c73ca7d4153e3e75cde0d01fb945807376469a8e40ec707b6f21855089f823c2.json"",""locator"":""display: complete published JSON baseline; contextual segmentation review only"",""checked"":true,""sha256"":""aed9214591da297c150ef209dfd76f2d20dd02a43c5f9058cff6fc621a5233c8""}]"	df3854f92a4b58fa8570ac10d587778d89939ae97c3363dfd9a93a1e23c7fc11	5fb25f6e533ed9aed5f48fa3904b12829556501f6bc5b593aeae0787251468cb	0	1	0	json;immutable_fields;text_consistency;content_evidence;revision_replay;idempotence	游乐园restroom误解十一轮He Wei/Alice对话拆分，解释及道歉保持原轮。
564	public/pep-english/lessons/pepj9/010.json	pep-english	pepj9-010	Fun Times Park — Always a Fun Time!	passed_edited	Codex	2026-10-07T07:42:01+00:00	"[{""path"":""content/article-review/history/a8d38af2b7e9a4432f48c9cce85d5f08a1684c2bc5ffa1f173c8e402029332ac.json"",""locator"":""display: complete published JSON baseline; contextual segmentation review only"",""checked"":true,""sha256"":""3192f88e5cdc2c3337148392f05ea531e25fb5731e127573a7c1f49ea68010da""}]"	e751e5d8b22ed167eacd6352f2c609d10c5a4af34e9e9102bb52e35b3adb4331	991d575bb7527c2d597322dd3f6b69b765385d2220fa9268f8c395b8c0aa35cc	0	4	0	json;immutable_fields;text_consistency;content_evidence;revision_replay;idempotence	游乐园四场景原各混对白，现按场景指示与角色轮次拆分，保留每轮多句和场景先后。
565	public/pep-english/lessons/pepj9/011.json	pep-english	pepj9-011	Could You Please...?	passed_unchanged	Codex	2026-10-07T07:42:01+00:00	"[{""path"":""content/article-review/history/7c6c42d0b9ac2bf11c00e5b4c4fcd65a5aa468378e14f1aaa3b63d7ddf31df20.json"",""locator"":""display: complete published JSON baseline; contextual segmentation review only"",""checked"":true,""sha256"":""01e52fd0cd2543a1929f3321311e8f10379cfdd2cf8051f3fcae3b179059aff0""}]"	be8246ccb9273dcf369ed9b8b20231ee27c627c37ed45f007d9a2148caf6de59	be8246ccb9273dcf369ed9b8b20231ee27c627c37ed45f007d9a2148caf6de59	0	0	0	json;immutable_fields;text_consistency;content_evidence;revision_replay;idempotence	礼貌请求四段分别重要性、对象差异、表达长度与引入、总结，各对比例句归所属完整说明段。
566	public/pep-english/lessons/pepj9/013.json	pep-english	pepj9-013	Billy Has Changed So Much	passed_edited	Codex	2026-10-07T07:42:02+00:00	"[{""path"":""content/article-review/history/e4d993262d6d0262592498d89ae003be53ed472401751eccf680b4098f820d4f.json"",""locator"":""display: complete published JSON baseline; contextual segmentation review only"",""checked"":true,""sha256"":""fac205aea159325aa089a40b02e352af430d00da1e5605387a0a896d38df0508""}]"	dff41ad36d59a4359d80b27d699b9d444e2e18b09e54885ffe1b3cfcc3c0df4c	c61c6b4abbf9eb9e526d45ddcc25326da7e548cd6eda9d1dc5c356fdf39c300a	0	1	0	json;immutable_fields;text_consistency;content_evidence;revision_replay;idempotence	Alfred与Gina谈Billy变化十轮对话拆分，旧印象与现在表现保持每轮完整。
567	public/pep-english/lessons/pepj9/014.json	pep-english	pepj9-014	From Shy Girl to Pop Star	passed_unchanged	Codex	2026-10-07T07:42:02+00:00	"[{""path"":""content/article-review/history/440f1ceac2286f255c99a887c114cc5bc3e3d1d470c6c930cf5bb3e73d15113a.json"",""locator"":""display: complete published JSON baseline; contextual segmentation review only"",""checked"":true,""sha256"":""d03a19e0068386a37d061c7ac59b8fab00e246f1eb00092eeb65352480dced79""}]"	176a4d1bc6497989804e846eedd62336cee2ce0fac086bd8956a071074318646	176a4d1bc6497989804e846eedd62336cee2ce0fac086bd8956a071074318646	0	0	0	json;immutable_fields;text_consistency;content_evidence;revision_replay;idempotence	Candy采访报道三段为克服害羞、成名利弊、给年轻人建议，长引语与自然段完整保留。
568	public/pep-english/lessons/pepj9/015.json	pep-english	pepj9-015	He Studies Harder Than He Used to	passed_unchanged	Codex	2026-10-07T07:42:02+00:00	"[{""path"":""content/article-review/history/b9fb48160171eae42e58ed5961a76fe57e67b2e35369107c4c04893c79e94dac.json"",""locator"":""display: complete published JSON baseline; contextual segmentation review only"",""checked"":true,""sha256"":""d9249ad7ccf2de75c10dccde294b8fe78aced901cb35a5c18cab383b67d5777c""}]"	1bbe283239a675431126eb8b3516f175f9bdc2a32ebbcd5458470df04a99b81a	1bbe283239a675431126eb8b3516f175f9bdc2a32ebbcd5458470df04a99b81a	0	0	0	json;immutable_fields;text_consistency;content_evidence;revision_replay;idempotence	Li Wen四段从父母外出、学业困难、谈心、改善展开，保留完整事件段及引语。
569	public/pep-english/lessons/pepj9/016.json	pep-english	pepj9-016	The Difficult Search for American Products in the US	passed_unchanged	Codex	2026-10-07T07:42:02+00:00	"[{""path"":""content/article-review/history/fdb5497341e386be303a6c0e53d4125aa9a9375039820637eafb3b66eae302a9.json"",""locator"":""display: complete published JSON baseline; contextual segmentation review only"",""checked"":true,""sha256"":""f4baf65d86d0229cd65594f410defe67c8951d32a21fb83ac5d511291d2b9496""}]"	4f753241d936bd8d702784b01c90d625fb5d0a16840134343449e8a6cc45b312	4f753241d936bd8d702784b01c90d625fb5d0a16840134343449e8a6cc45b312	0	0	0	json;immutable_fields;text_consistency;content_evidence;revision_replay;idempotence	美国购物两段分别玩具和鞋等中国制造发现，并保留Kang Jian对未来的愿望与本段说明。
570	public/pep-english/lessons/pepj9/017.json	pep-english	pepj9-017	Beauty in Common Things	passed_unchanged	Codex	2026-10-07T07:42:02+00:00	"[{""path"":""content/article-review/history/a6f0ce38ee30aaddfaee37464d3ff155a653173643ca660f112f978eaacbe9c2.json"",""locator"":""display: complete published JSON baseline; contextual segmentation review only"",""checked"":true,""sha256"":""9fcdc4e9fc6d4cd660e85f61f4484e3a972e02325e6f23130dd749d22a944c94""}]"	1edf77ab4a8468a28855fc96c89dcb9a5dd6d16fd6182daf65c3e2c8ab36acbe	1edf77ab4a8468a28855fc96c89dcb9a5dd6d16fd6182daf65c3e2c8ab36acbe	0	0	0	json;immutable_fields;text_consistency;content_evidence;revision_replay;idempotence	传统艺术四段为总述、孔明灯、剪纸、泥塑，制作步骤留在各艺术完整段内。
571	public/pep-english/lessons/pepj9/018.json	pep-english	pepj9-018	The Invention of the Zipper	passed_edited	Codex	2026-10-07T07:42:02+00:00	"[{""path"":""content/article-review/history/67c4b0ea72102be28da1f0dd5c37bea1cee7b12d31c9c58fa298042c61dafeb6.json"",""locator"":""display: complete published JSON baseline; contextual segmentation review only"",""checked"":true,""sha256"":""219f071e4c333dae8ae3b5be5921a3bd8b2240fe0c67cb75eb1ecdb42961bd57""}]"	054d52d9b2fc676ae0d7166e94e07d82eb916a8c4284e2ee3c93781a307fce52	d2db1a2cbb70df48f69ca7252462850d30606b95c0d500d2bf1161b67a3da17a	0	1	0	json;immutable_fields;text_consistency;content_evidence;revision_replay;idempotence	Paul与Roy拉链发明八轮对话拆分，Roy历史说明多句完整保留。
572	public/pep-english/lessons/pepj9/020.json	pep-english	pepj9-020	Do You Know When Basketball Was Invented?	passed_unchanged	Codex	2026-10-07T07:42:02+00:00	"[{""path"":""content/article-review/history/2be1ac8c42f66ec6761cb52cd6741d6faa4f1e233397589efa45d2113c74762b.json"",""locator"":""display: complete published JSON baseline; contextual segmentation review only"",""checked"":true,""sha256"":""de8827d948cbe6f7125bf8dd63b5512ad51fd636c08cebb5cef7a21b13689272""}]"	a1076551fb850310418584c6e955b4692e9c196b6b954b0a76842d13d70704f9	a1076551fb850310418584c6e955b4692e9c196b6b954b0a76842d13d70704f9	0	0	0	json;immutable_fields;text_consistency;content_evidence;revision_replay;idempotence	篮球三段概述历史、Naismith发明和规则、当今流行，保留完整说明段。
573	public/pep-english/lessons/pepj9/022.json	pep-english	pepj9-022	Mom Knows Best	passed_unchanged	Codex	2026-10-07T07:42:02+00:00	"[{""path"":""content/article-review/history/4c7435e2efc47b7c7f81441a3498c09aa37e59c1d039a0cb4104cf5614c05e39.json"",""locator"":""display: complete published JSON baseline; contextual segmentation review only"",""checked"":true,""sha256"":""68a1d22580ca1ab7112d41cba1d5ef5d2a0dcb594b5449d6e08a3bce22a44463""}]"	b54ed9728753f2875a7c960b2323ebe6ae133f8e006e9aa6187c63496aff06d2	b54ed9728753f2875a7c960b2323ebe6ae133f8e006e9aa6187c63496aff06d2	0	0	0	json;immutable_fields;text_consistency;content_evidence;revision_replay;idempotence	Mom Knows Best四节成长反思诗，保持母亲劝告与回嘴的诗行及最后成人感悟诗节。
574	public/pep-english/lessons/pepj9/024.json	pep-english	pepj9-024	Should I Be Allowed to Make My Own Decisions?	passed_unchanged	Codex	2026-10-07T07:42:02+00:00	"[{""path"":""content/article-review/history/889432e72f9c9297d5a649e0c70cb37c976c86ae82896af2f83c4faa8d7941ab.json"",""locator"":""display: complete published JSON baseline; contextual segmentation review only"",""checked"":true,""sha256"":""88dfef983f4dca8f0b6a05c6b7562b4e95583392dd9fc6796e77e624af2b25fb""}]"	5323860456860fd9c53f32d833dbe3f4e695eca575541159fab49d9d216fef00	5323860456860fd9c53f32d833dbe3f4e695eca575541159fab49d9d216fef00	0	0	0	json;immutable_fields;text_consistency;content_evidence;revision_replay;idempotence	Liu Yu跑步选择五段引入及父母儿子交替观点，各采访长引语完整保留。
575	public/pep-english/lessons/pepj9/025.json	pep-english	pepj9-025	Where Is Linda's Schoolbag?	passed_edited	Codex	2026-10-07T07:42:02+00:00	"[{""path"":""content/article-review/history/2997c60917bd48fb0a47d5ea3ed3c50ffe388e531690ffa8ec9c0d2ab01cf114.json"",""locator"":""display: complete published JSON baseline; contextual segmentation review only"",""checked"":true,""sha256"":""240682fe2f50c19409ce9fc691f34771683d0fdaccd5d4db15730979e748fc99""}]"	ddb7651ec97a073560d0d2e005eb38786bc37c2b103fe4dae1af84a704bfbc72	0f3f6ce19e42deaa3356a9d15dda5760a35d32b330a4a08f96d03faf6778f253	0	1	0	json;immutable_fields;text_consistency;content_evidence;revision_replay;idempotence	Linda和妈妈找书包十一轮对话拆分，音乐会与野餐回忆保持完整发言。
576	public/pep-english/lessons/pepj9/026.json	pep-english	pepj9-026	Strange Happenings in My Town	passed_unchanged	Codex	2026-10-07T07:42:02+00:00	"[{""path"":""content/article-review/history/402da93c99adcce6fa0225dc5a78b7c4d8e696e5765f995309997f9edafa7487.json"",""locator"":""display: complete published JSON baseline; contextual segmentation review only"",""checked"":true,""sha256"":""9f80cf037208ec18aa1dc843a961e55cb037875760cc306493a51e9fa80a847e""}]"	cd7e972b290f978f4f80a76e3d4eaf7adc7728e5fd352d849b359a8a942219b5	cd7e972b290f978f4f80a76e3d4eaf7adc7728e5fd352d849b359a8a942219b5	0	0	0	json;immutable_fields;text_consistency;content_evidence;revision_replay;idempotence	小镇怪声三段为Victor及家人、Helen等邻居、整体不安，各猜测引语归属保持。
577	public/pep-english/lessons/pepj9/027.json	pep-english	pepj9-027	Jill and Scott Talk About Music and Movies	passed_edited	Codex	2026-10-07T07:42:02+00:00	"[{""path"":""content/article-review/history/feb58ff494722ba94a910835cd66f1a0c98b526be2320b3039fdf97a66d2a75b.json"",""locator"":""display: complete published JSON baseline; contextual segmentation review only"",""checked"":true,""sha256"":""a65d2ba3b1d8904130b8aa31f95876d6481e7c60b12f67a4682484a581c682d7""}]"	3b98e23a2c497d239e7eab7d93b41ed4915382c3af5af0ca8f44271403986058	0728fa243bd8b0992d0d41b523ceaa0ce71d98cd443beef6c80235fc4397886b	0	1	0	json;immutable_fields;text_consistency;content_evidence;revision_replay;idempotence	Jill与Scott音乐电影偏好九轮对话按角色拆分，放松音乐和电影理由留在本轮。
578	public/pep-english/lessons/pepj9/028.json	pep-english	pepj9-028	What Do You Feel Like Watching Today?	passed_unchanged	Codex	2026-10-07T07:42:02+00:00	"[{""path"":""content/article-review/history/94e3c95fa8bfc70ab327b77d58fbd1ffd5c036e8d8eae9b3c383aeadb8bae5a3.json"",""locator"":""display: complete published JSON baseline; contextual segmentation review only"",""checked"":true,""sha256"":""c8638d6e35170834179fdc4d7ceb5d5ec92ee708372827d747655338a3b2940b""}]"	12890186aac76b8ef013ebae80fda49cdf63dd0bc0cd6661f5c6b9e105b1c9b7	12890186aac76b8ef013ebae80fda49cdf63dd0bc0cd6661f5c6b9e105b1c9b7	0	0	0	json;immutable_fields;text_consistency;content_evidence;revision_replay;idempotence	观影偏好四段按总述、喜剧动画、剧情纪录动作片、恐怖片分主题，片名例子保持完整段。
579	public/pep-english/lessons/pepj9/029.json	pep-english	pepj9-029	Sad but Beautiful	passed_unchanged	Codex	2026-10-07T07:42:02+00:00	"[{""path"":""content/article-review/history/b0424eca1bd0226557adc5f9348f5ba9d051ef1ac100bcd8167d6dfb01c41383.json"",""locator"":""display: complete published JSON baseline; contextual segmentation review only"",""checked"":true,""sha256"":""3e88fa26e73dca35d33d27a32ee0e80cd49090e1b701978ffdfa03da72ae518f""}]"	44ef4631ffba634e77c76d721409d7d5b614063118ba86682618a73e37ecf6ac	44ef4631ffba634e77c76d721409d7d5b614063118ba86682618a73e37ecf6ac	0	0	0	json;immutable_fields;text_consistency;content_evidence;revision_replay;idempotence	二泉映月三段音乐体验、阿炳生平、艺术影响，多句叙述段和感受保持。
580	public/pep-english/lessons/pepj9/030.json	pep-english	pepj9-030	Greeting Customs in Japan and France	passed_edited	Codex	2026-10-07T07:42:03+00:00	"[{""path"":""content/article-review/history/f3cecec1e920ce56866237e8865cf0f7c9f053234f989914934c287d654ff4ad.json"",""locator"":""display: complete published JSON baseline; contextual segmentation review only"",""checked"":true,""sha256"":""981943bdb6749e2dfd73ea5253ec0868a4a68cfc7c725bf2bfd7f973fb558462""}]"	94f1fe14a1faa6ad239cbd065f2df43e9732e72b8fcb2cad6f6def606e6ef8f7	a8b553659c390f7481f0d595791d1bd972af728206d9211fd4d2a3f8b2cd0ce3	0	1	0	json;immutable_fields;text_consistency;content_evidence;revision_replay;idempotence	Katie与John日法问候九轮对话拆分，鞠躬和亲面颊故事各轮完整保留。
581	public/pep-english/lessons/pepj9/031.json	pep-english	pepj9-031	Time and Social Customs in Colombia and Switzerland	passed_unchanged	Codex	2026-10-07T07:42:03+00:00	"[{""path"":""content/article-review/history/df55b10bf4d5ea57a7fac461b497d3332cda19e27ba5d04f80e881ac8674b854.json"",""locator"":""display: complete published JSON baseline; contextual segmentation review only"",""checked"":true,""sha256"":""806fa89905aa3a1f65e8eec89b12b31bb3f52c47248ccc7f1e63c7fd5f6ea0a9""}]"	08a3a7cec762f6342ec933d0c97f7deb3d65837f702780d9d85eeeebcc3438fd	08a3a7cec762f6342ec933d0c97f7deb3d65837f702780d9d85eeeebcc3438fd	0	0	0	json;immutable_fields;text_consistency;content_evidence;revision_replay;idempotence	Teresa与Marc两个姓名城市标题及完整文化介绍段配对清楚，时间及拜访习俗对照保留。
582	public/pep-english/lessons/pepj9/032.json	pep-english	pepj9-032	Lin Yue's Student Exchange in France	passed_unchanged	Codex	2026-10-07T07:42:03+00:00	"[{""path"":""content/article-review/history/ad177a0aee4ae4bbca5f1fe4f1a0b0385fdbbfde7edb90e52cce45eed5ab6aae.json"",""locator"":""display: complete published JSON baseline; contextual segmentation review only"",""checked"":true,""sha256"":""d6deb4c16c821c927ab8c6af79e75ddb016168f545e653a35ee6ab27da9511ba""}]"	8f8a44c685fd45967da56f189867261d306a0d3d96313badcb10db7ea71fe577	8f8a44c685fd45967da56f189867261d306a0d3d96313badcb10db7ea71fe577	0	0	0	json;immutable_fields;text_consistency;content_evidence;revision_replay;idempotence	Lin Yue法国交换书信保留称呼、寄宿与语言、餐桌习俗、结语、落款，习俗长段例证连贯。
583	public/pep-english/lessons/pepj9/034.json	pep-english	pepj9-034	Nancy Asks Bert for Friendship Advice	passed_edited	Codex	2026-10-07T07:42:03+00:00	"[{""path"":""content/article-review/history/9e1019495873831502e21b8cf9ff1f41d2e420972cf3d30bea06a0a02a59f3b4.json"",""locator"":""display: complete published JSON baseline; contextual segmentation review only"",""checked"":true,""sha256"":""32429e06eac086c1c9c2db37bf1e934a9bacff61c4495078b88101048d6efbca""}]"	ff1ec4225491d67997598766a0bed06a0799082833d285bc26861dedb7396424	4cb2f98aa923449c64e6a581a1afe5d6181b7c6bec03c33746d3baafe640c91e	0	1	0	json;immutable_fields;text_consistency;content_evidence;revision_replay;idempotence	Nancy向Bert求友情建议九轮对话拆分，Julie与Alice关系说明和邀请建议保持整轮。
584	public/pep-english/lessons/pepj9/036.json	pep-english	pepj9-036	The Winning Team	passed_unchanged	Codex	2026-10-07T07:42:03+00:00	"[{""path"":""content/article-review/history/e4f9cdd171573c245a973b918df694267b8abc7feac1b60705be59afc47e0a96.json"",""locator"":""display: complete published JSON baseline; contextual segmentation review only"",""checked"":true,""sha256"":""e921ee0fccad2d78524f2c77e7365f402c1b9f637fbae378d4925d3d8fbc0360""}]"	2658cd2427369f2c3667f113495480d2e8ff6704dba6a5437c6bd0ffb5f8b5ed	2658cd2427369f2c3667f113495480d2e8ff6704dba6a5437c6bd0ffb5f8b5ed	0	0	0	json;immutable_fields;text_consistency;content_evidence;revision_replay;idempotence	Peter团队故事十一段按失误内心、回家、父子对白、训练道歉、队友回应和释怀组织，已分轮短段保留。
585	public/pep-english/lessons/pepj9/037.json	pep-english	pepj9-037	Why Kevin Was Late for Class	passed_edited	Codex	2026-10-07T07:42:03+00:00	"[{""path"":""content/article-review/history/536c1dd628d14a81c113c3f71bdb1d1c17b9c5cf66f59e6bb3389a4978cc35e4.json"",""locator"":""display: complete published JSON baseline; contextual segmentation review only"",""checked"":true,""sha256"":""3dde9703a2f61b34939d9652c46d14058f638215a75bcf552a16db0fd739150a""}]"	1e83df2e6130e109df86e6d890dad2c3257ae603ae8e36756a303a94ebfad7d4	ab7d50addfe179b1af6d80fbb6ae8fdad327733d91b291a517ea11390091a984	0	1	0	json;immutable_fields;text_consistency;content_evidence;revision_replay;idempotence	Matt与Kevin迟到缘由九轮对话拆分，起晚、错过公交、搭车每轮完整。
586	public/pep-english/lessons/pepj9/038.json	pep-english	pepj9-038	Life Is Full of the Unexpected	passed_unchanged	Codex	2026-10-07T07:42:03+00:00	"[{""path"":""content/article-review/history/92c6b51b69b954659fd9858eee3dc5f7f7830bf9482d64df35f95209bf27951e.json"",""locator"":""display: complete published JSON baseline; contextual segmentation review only"",""checked"":true,""sha256"":""798d766c3029b6b45f776e39de23ee195a5aeb5ac4dd15dde4822c014c2039e2""}]"	dd20afc8cb700d111bd08a3de8248cd4551e98b4a39fb474cc9ecb7c3dfea269	dd20afc8cb700d111bd08a3de8248cd4551e98b4a39fb474cc9ecb7c3dfea269	0	0	0	json;immutable_fields;text_consistency;content_evidence;revision_replay;idempotence	Unexpected两个段落各叙一次意外避灾，2001与2011事件独立完整，保留。
587	public/pep-english/lessons/pepj9/039.json	pep-english	pepj9-039	April Fool's Day Tricks	passed_unchanged	Codex	2026-10-07T07:42:03+00:00	"[{""path"":""content/article-review/history/519036bf4366077b53b29bdd5f73acde01dc70d09777ae139b6d1bf2e48d6263.json"",""locator"":""display: complete published JSON baseline; contextual segmentation review only"",""checked"":true,""sha256"":""a0c2bc98b405e67af681b9f2c544cc5a2eb2e64f1accf21a8fd3db4c8354a492""}]"	e41a6fccaf8b911d367d0cb933efb412c1adc98e85dc08e1476bbfb6a9bbda82	e41a6fccaf8b911d367d0cb933efb412c1adc98e85dc08e1476bbfb6a9bbda82	0	0	0	json;immutable_fields;text_consistency;content_evidence;revision_replay;idempotence	愚人节四段为总介、两则媒体骗局、求婚恶作剧、1938广播，现有主题自然段保持。
588	public/pep-english/lessons/pepj9/041.json	pep-english	pepj9-041	Ideas for Solving Pollution Problems	passed_edited	Codex	2026-10-07T07:42:03+00:00	"[{""path"":""content/article-review/history/b34d2be0fe9a311ffa6e103f4dbd36a692cb4f119f7027ed192314e53022bfa1.json"",""locator"":""display: complete published JSON baseline; contextual segmentation review only"",""checked"":true,""sha256"":""303807055c0e17e32c59efef3ae5181c82a9c1c63bdb7007d761cd7745f6f2c7""}]"	95fa6c7b7dae0f21e28f9feb9d6d2659ddd96058907c0adde000318a7625b79d	ed95b443519e08d63d89dffbfc689b402e023ae8c88b0d41c0058e1236e8ca06	0	1	0	json;immutable_fields;text_consistency;content_evidence;revision_replay;idempotence	Interviewer、Jason、Susan环保建议八轮逐发言拆分，公交骑行与减少垃圾建议保留整轮。
589	public/pep-english/lessons/pepj9/042.json	pep-english	pepj9-042	Save the Sharks!	passed_unchanged	Codex	2026-10-07T07:42:03+00:00	"[{""path"":""content/article-review/history/73f0784aa23e088504921a76956e3d4a410467542956c4290f5ccb52bea785bb.json"",""locator"":""display: complete published JSON baseline; contextual segmentation review only"",""checked"":true,""sha256"":""b9172d4ef59798c9b9135e12469dcae69634e70779215d79b7c26b396cdd975d""}]"	07df9bdd89d686429690c535c0b71f06b33045ce0a878dd05d40d5a57744cc15	07df9bdd89d686429690c535c0b71f06b33045ce0a878dd05d40d5a57744cc15	0	0	0	json;immutable_fields;text_consistency;content_evidence;revision_replay;idempotence	保护鲨鱼三段为鱼翅引入、危害及数量、保护行动，保留完整说明和呼吁。
590	public/pep-english/lessons/pepj9/043.json	pep-english	pepj9-043	Rethink, Reuse, Recycle!	passed_unchanged	Codex	2026-10-07T07:42:03+00:00	"[{""path"":""content/article-review/history/0caa22a590212bc451c5428be3a3a74959b32dafa9f9138788bbaaf47359cbf3.json"",""locator"":""display: complete published JSON baseline; contextual segmentation review only"",""checked"":true,""sha256"":""a5aad1a343f9b27b0d057436541cdb2f774e620c0827d1ddda252a5d904f9256""}]"	ce677e68b0a0860a784f2aa24738f01dc789f4f28f23c0322a297cfe3c8214a4	ce677e68b0a0860a784f2aa24738f01dc789f4f28f23c0322a297cfe3c8214a4	0	0	0	json;immutable_fields;text_consistency;content_evidence;revision_replay;idempotence	再利用四段为创意引入、Amy房屋、Jessica袋子、Wang Tao金属艺术，各案例段完整保留。
591	public/pep-english/lessons/pepj9/044.json	pep-english	pepj9-044	The Teachers Judy and Clara Will Miss	passed_edited	Codex	2026-10-07T07:42:03+00:00	"[{""path"":""content/article-review/history/fcbc73cbab9726aa70cffb3fcda81f138f14bc7b7626aee7020f31a8e5d6d32f.json"",""locator"":""display: complete published JSON baseline; contextual segmentation review only"",""checked"":true,""sha256"":""a9774b955913b22de82087978dc56755e8c91a22b7b3b6a69dc50fffc36660bf""}]"	59ecb4424cae9239ae47ff6493eed9fb23199cef23a7be365c1ad191903f6643	6cd4c2d33a523ec4e9d90fb3788b167e5c2cf9dc7da959e4a36b3a9e500035f5	0	1	0	json;immutable_fields;text_consistency;content_evidence;revision_replay;idempotence	Judy与Clara感恩老师七轮对话拆分，数学科学英语老师回忆各轮完整保留。
592	public/pep-english/lessons/pepj9/045.json	pep-english	pepj9-045	My Time in Junior High School	passed_unchanged	Codex	2026-10-07T07:42:04+00:00	"[{""path"":""content/article-review/history/2502137094ee7c50f5eea80645608b586212caf8c9910b1c1770e352a9784340.json"",""locator"":""display: complete published JSON baseline; contextual segmentation review only"",""checked"":true,""sha256"":""445ebadf609daa9dc08f741331b3ab2e0e54289649fa56d0ecd2d92c1079c4a2""}]"	880d54e548ddc6cc1d08b12de26c73f31a1ee71384097c1c7bcb91b1a654b60d	880d54e548ddc6cc1d08b12de26c73f31a1ee71384097c1c7bcb91b1a654b60d	0	0	0	json;immutable_fields;text_consistency;content_evidence;revision_replay;idempotence	初中回顾按年级叙述学习社团与高中愿望为连贯单段，保留完整回忆不按年度碎拆。
593	public/pep-english/lessons/pepj9/047.json	pep-english	pepj9-047	A Graduation Speech at No. 3 Junior High School	passed_unchanged	Codex	2026-10-07T07:42:04+00:00	"[{""path"":""content/article-review/history/247f00b84ccc277cd9d4d892c9926e11806dc823e6607dafb8680158501a7092.json"",""locator"":""display: complete published JSON baseline; contextual segmentation review only"",""checked"":true,""sha256"":""681e3ff7323bd749971b7fafdcfc9cd446c08f9a3b966af06ee73cdc99bbe5b3""}]"	d68b25bf94b94c6e17d4c9cc71bbba9529dd78f76bd61a7c9c894e7a6ce206d3	d68b25bf94b94c6e17d4c9cc71bbba9529dd78f76bd61a7c9c894e7a6ce206d3	0	0	0	json;immutable_fields;text_consistency;content_evidence;revision_replay;idempotence	毕业演讲称呼、祝贺成长、感恩、未来责任、祝福五块，保留长展望段及演讲结构。
594	public/pep-english/lessons/pephr1/001.json	pep-english	pephr1-001	First Impressions	passed_unchanged	Codex	2026-10-07T07:30:09+00:00	"[{""path"":""content/article-review/history/33be6cb6c2b474aeb04dd341d0644c7bae3151d0d07692032c7f87b11a879094.json"",""locator"":""display: complete published JSON baseline; contextual segmentation review only"",""checked"":true,""sha256"":""f84ba50950bf34a830c4efc779f3cfac9198758b106f590c56cef69dd4cc8e82""}]"	d7298c903e1d10b5a759af8f6b0ed77467a268b134b3b0361a7d7e17ae06262b	d7298c903e1d10b5a759af8f6b0ed77467a268b134b3b0361a7d7e17ae06262b	0	0	0	json;immutable_fields;text_consistency;content_evidence;revision_replay;idempotence	四个时间标签各引领一则完整校园日记，保留标签与对应多句段落。
595	public/pep-english/lessons/pephr1/002.json	pep-english	pephr1-002	Tim Studies on a Ship	passed_unchanged	Codex	2026-10-07T07:30:09+00:00	"[{""path"":""content/article-review/history/200bcba96c51ad9f499b4936101f411680cbcc4d3b0d60674f061b8abec7779b.json"",""locator"":""display: complete published JSON baseline; contextual segmentation review only"",""checked"":true,""sha256"":""65c7a9c44e837f5c2bbd5d7c7fc79a71cebd7af6a21e51c91ac5c4b1a4db7ded""}]"	b1fd823613c9bf870c971d8a513bea90055bcc5cb2b6f63141bf8cb4ff467ec7	b1fd823613c9bf870c971d8a513bea90055bcc5cb2b6f63141bf8cb4ff467ec7	0	0	0	json;immutable_fields;text_consistency;content_evidence;revision_replay;idempotence	Tim船上学习从课程、家书到观星为连贯介绍，完整单段保留。
596	public/pep-english/lessons/pephr1/003.json	pep-english	pephr1-003	Student Profiles: Ann and Thando	passed_unchanged	Codex	2026-10-07T07:30:10+00:00	"[{""path"":""content/article-review/history/fe34c994e384e7ee9e1d3f3d8027ce1eaec7ec00efb3a72a953d3a957d9270e6.json"",""locator"":""display: complete published JSON baseline; contextual segmentation review only"",""checked"":true,""sha256"":""612501d601e022815c8d28c814cc3793a2c1537139d1fea611c0594a9a644552""}]"	088681fae299eab9552f965e2711d214a67e156de4986b144dc8eb0a02fd3a33	088681fae299eab9552f965e2711d214a67e156de4986b144dc8eb0a02fd3a33	0	0	0	json;immutable_fields;text_consistency;content_evidence;revision_replay;idempotence	Ann与Thando简介各有姓名学校标题及完整自述，标题内部三行和两人边界保留。
597	public/pep-english/lessons/pephr1/004.json	pep-english	pephr1-004	Cheerleader Try-outs	passed_unchanged	Codex	2026-10-07T07:30:10+00:00	"[{""path"":""content/article-review/history/6c1cd392e97f0413971d2a4db4a58b4e7e3adb0b398ec730882a4b4727d3ad2d.json"",""locator"":""display: complete published JSON baseline; contextual segmentation review only"",""checked"":true,""sha256"":""daf358798ccd0be463ea2f11d61f79342db7e9495bbb2e762cc59829ad9be15b""}]"	6615aafbb187e5d592a60561e033ca6de7554ccc3180a19f4eebbed6b2651d50	6615aafbb187e5d592a60561e033ca6de7554ccc3180a19f4eebbed6b2651d50	0	0	0	json;immutable_fields;text_consistency;content_evidence;revision_replay;idempotence	啦啦队选拔按First、Second、Finally连续叙事并以担心结果收束，完整单段保留。
598	public/pep-english/lessons/pephr1/005.json	pep-english	pephr1-005	Advice for a Worried Friend	passed_unchanged	Codex	2026-10-07T07:30:10+00:00	"[{""path"":""content/article-review/history/72cb5a477be03f418e4d911f8f29c698afe1d59db60fbc9e79dfb4d4772c537b.json"",""locator"":""display: complete published JSON baseline; contextual segmentation review only"",""checked"":true,""sha256"":""1e6b2c3984b38a68183ddd2d1d28f1a7b9eef9b25cf94fc37b1428688e8914ea""}]"	0d43758ce74397fd188ebc05c742a019f3c5b4eaca5595059c62901e58ebb94c	0d43758ce74397fd188ebc05c742a019f3c5b4eaca5595059c62901e58ebb94c	0	0	0	json;immutable_fields;text_consistency;content_evidence;revision_replay;idempotence	劝慰信日期、称呼、说明问题、建议、落款五块结构清楚，Susan署名内部换行保留。
599	public/pep-english/lessons/pephr1/006.json	pep-english	pephr1-006	Make the Most of Your Education	passed_unchanged	Codex	2026-10-07T07:30:10+00:00	"[{""path"":""content/article-review/history/0e33348279f73e7ac7dd0c16cf8ddaff26db61b324e3c0ca63256d4874d4fba5.json"",""locator"":""display: complete published JSON baseline; contextual segmentation review only"",""checked"":true,""sha256"":""f11c3494d9a79bf52e3fe88fed35f5609135447e3a5d072f23c616af341a009e""}]"	a28753623d4ae4d75fe2e4f067ad145d01f584edad22e91dec11eb047602e36a	a28753623d4ae4d75fe2e4f067ad145d01f584edad22e91dec11eb047602e36a	0	0	0	json;immutable_fields;text_consistency;content_evidence;revision_replay;idempotence	失学比例引出珍惜教育机会，例证与劝告形成完整论述，现有段落不按句拆碎。
600	public/pep-english/lessons/pephr1/007.json	pep-english	pephr1-007	Peru: Geography and History	passed_unchanged	Codex	2026-10-07T07:30:10+00:00	"[{""path"":""content/article-review/history/bba0bc7348a18a45c99e033b8fe7fcbfe4349849fa7500d50f2c1b3e8fbddfe2.json"",""locator"":""display: complete published JSON baseline; contextual segmentation review only"",""checked"":true,""sha256"":""f0de5a11529645a5201baa26a7856abff1737d5b54eb2b162ad607854619bc57""}]"	169c259c34d134047e29cd762fe735201fe7ad23ffef88385efeb7ad136b6109	169c259c34d134047e29cd762fe735201fe7ad23ffef88385efeb7ad136b6109	0	0	0	json;immutable_fields;text_consistency;content_evidence;revision_replay;idempotence	秘鲁地理与印加及西班牙历史各自为完整自然段，保持两段。
601	public/pep-english/lessons/pephr1/008.json	pep-english	pephr1-008	Travel Peru: Four Package Tours	passed_unchanged	Codex	2026-10-07T07:30:10+00:00	"[{""path"":""content/article-review/history/dc8e41976346cd9bef9701009a51ea781124d845a498e68f51f5f7993c943caf.json"",""locator"":""display: complete published JSON baseline; contextual segmentation review only"",""checked"":true,""sha256"":""641e9b1343b9537d78e703dd0a49c577b6f2e17757c069526227790310038071""}]"	6a140ad5a34ef61598a494fb98d2a48f8d9b1997e4a03face7226be876edaab4	6a140ad5a34ef61598a494fb98d2a48f8d9b1997e4a03face7226be876edaab4	0	0	0	json;immutable_fields;text_consistency;content_evidence;revision_replay;idempotence	亚马孙、马丘比丘、Cusco和Titicaca四条行程各对应独立标题及介绍；末尾邀请和联系方式分块合理。
602	public/pep-english/lessons/pephr1/009.json	pep-english	pephr1-009	Amy and Jeremy's Weekend Plan	passed_edited	Codex	2026-10-07T07:30:10+00:00	"[{""path"":""content/article-review/history/8082e86980053bd7b6f8f14f229ca110f1ec24c2bd253c7b8dfd4d666657c15b.json"",""locator"":""display: complete published JSON baseline; contextual segmentation review only"",""checked"":true,""sha256"":""6e8b9e373f7768c567cafb15a0f0a7f1688f0f0546e54a06c9429ce4363610df""}]"	b52746569df7176ee87ed4337a7d6717cacc02cbf6d16e6986123eab1b56d08e	05386a0e01176ef06960955fbf342c48993ff616ac7be3d32cebbf81259bcdbf	0	1	0	json;immutable_fields;text_consistency;content_evidence;revision_replay;idempotence	Amy与Jeremy约定水上公园出行，六个具名轮次原被装在同块，逐轮拆分，保留轮内多句。
603	public/pep-english/lessons/pephr1/010.json	pep-english	pephr1-010	A Travel Plan to Xi'an	passed_unchanged	Codex	2026-10-07T07:30:10+00:00	"[{""path"":""content/article-review/history/30b18c07a172cd1becf00fb9dcbf3a0f812c15633027039fe89392676ebe2bd0.json"",""locator"":""display: complete published JSON baseline; contextual segmentation review only"",""checked"":true,""sha256"":""fea3268ec0b0ceba652b878027d88aa33a252eca827865e3e8068a8d2063bd85""}]"	d564867dd2187c5574ca0f092b0c44b238e4de5562672c521fb4b6787a6de84a	d564867dd2187c5574ca0f092b0c44b238e4de5562672c521fb4b6787a6de84a	0	0	0	json;immutable_fields;text_consistency;content_evidence;revision_replay;idempotence	西安旅行邮件保留地址主题、称呼、兵马俑、其他景点、交通、询问对方安排及落款，各段语义完整。
604	public/pep-english/lessons/pephr1/011.json	pep-english	pephr1-011	Terracotta Army	passed_unchanged	Codex	2026-10-07T07:30:10+00:00	"[{""path"":""content/article-review/history/2611f41da7a9aedb2b071a490c2c3d34e8b686fb8b4812b6acad2f02343c3193.json"",""locator"":""display: complete published JSON baseline; contextual segmentation review only"",""checked"":true,""sha256"":""d943419d3f93219297861e1f442f4fb6e592520fdde759f944c048f7627e1312""}]"	e1d17e34a37d9d2de3a7af291b961645d38f6df2dfefaa6ea01a647e65183a11	e1d17e34a37d9d2de3a7af291b961645d38f6df2dfefaa6ea01a647e65183a11	0	0	0	json;immutable_fields;text_consistency;content_evidence;revision_replay;idempotence	兵马俑介绍从雕像特点到陵墓建造和发现，完整段落连贯，无句内断行。
605	public/pep-english/lessons/pephr1/012.json	pep-english	pephr1-012	Paul Calls Meilin from Lijiang	passed_edited	Codex	2026-10-07T07:30:11+00:00	"[{""path"":""content/article-review/history/5cd3039d253f9893d039d742d16258dbf99e25ba21746e5ee53053c9f39d450c.json"",""locator"":""display: complete published JSON baseline; contextual segmentation review only"",""checked"":true,""sha256"":""eb53b7143f67073c61a299e934560ae3990706c6d5a24338e82a2aa9438da447""}]"	ffbdfbe1cfbbaf7c9b419772aaf8df0c77788d9b1a2c6b8f51116c1f560fc8eb	ebd3f7f969c06accf6cb1c29f075a5a1bca1464136914bd5fe65925ece39541e	0	1	0	json;immutable_fields;text_consistency;content_evidence;revision_replay;idempotence	Paul与Meilin丽江电话七轮对话逐轮拆分，Paul雪山行程的多句发言整体保留。
606	public/pep-english/lessons/pephr1/013.json	pep-english	pephr1-013	Dave Recommends the Spin Bike to Jack	passed_edited	Codex	2026-10-07T07:30:11+00:00	"[{""path"":""content/article-review/history/dfabca3a3119bbd200eb454caa996f66589ced9be7146e054e19909338e0c281.json"",""locator"":""display: complete published JSON baseline; contextual segmentation review only"",""checked"":true,""sha256"":""ba65fc12ed6aa6ceb41f65c9b97426499f868519bc8e4de667cd2342e08232c2""}]"	61d4bf5253e270c223388f230d5cb999d29dfaa38b0a548e9b02a65d96c34077	08110cdb14e672c91bd06610456feaff0965cb4f93266340ab0d8e631fc994ad	0	1	0	json;immutable_fields;text_consistency;content_evidence;revision_replay;idempotence	Dave与Jack健身问答十一轮逐轮拆分，附加问句仍保留在本轮。
607	public/pep-english/lessons/pephr1/014.json	pep-english	pephr1-014	Living Legends	passed_unchanged	Codex	2026-10-07T07:30:11+00:00	"[{""path"":""content/article-review/history/f2fad50fe58ab19c334ca4362f747bf4d74b28de3caf0bf66fbbe7c6cc9ce667.json"",""locator"":""display: complete published JSON baseline; contextual segmentation review only"",""checked"":true,""sha256"":""28a54d4a672230da64fa65c3217a4e32b3e569267b79afa2b8594f41cf6f7508""}]"	08df97dcb1183760b6d9bfe70f17929b65ab1d73a03b88f4a201748addc94027	08df97dcb1183760b6d9bfe70f17929b65ab1d73a03b88f4a201748addc94027	0	0	0	json;immutable_fields;text_consistency;content_evidence;revision_replay;idempotence	Living Legends总引言、郎平及乔丹标题与完整人物段落、征集地址结构明确。
608	public/pep-english/lessons/pephr1/015.json	pep-english	pephr1-015	Going Positive	passed_unchanged	Codex	2026-10-07T07:30:11+00:00	"[{""path"":""content/article-review/history/f41afed424a644ded6b6c44cc3d25c18bdba774785e4b89a1fce1d38a83f93f4.json"",""locator"":""display: complete published JSON baseline; contextual segmentation review only"",""checked"":true,""sha256"":""dbd78a9296249b5cbef331b7951d9ca026dc6bc906af4c442227e51650db112c""}]"	6281e9c59255f6c89b9cb59d10c2aba869d947c32ccc3b802491e942776b1dec	6281e9c59255f6c89b9cb59d10c2aba869d947c32ccc3b802491e942776b1dec	0	0	0	json;immutable_fields;text_consistency;content_evidence;revision_replay;idempotence	Going Positive由体重焦虑、转向体能、积极自我评价三段递进，保留多句自然段。
609	public/pep-english/lessons/pephr1/016.json	pep-english	pephr1-016	The Night the Earth Didn't Sleep	passed_unchanged	Codex	2026-10-07T07:30:11+00:00	"[{""path"":""content/article-review/history/c3fd7b791fa573a42e7afa7c710c9a67878d265d2d09b5bb68365864da160be8.json"",""locator"":""display: complete published JSON baseline; contextual segmentation review only"",""checked"":true,""sha256"":""15e286298ed021968bd724141dd0a1352fa8448e0d3e4b148222df4eb2c71b73""}]"	981e1d09b9727c08b7839b75380911b9367bbdbb039667de1c76335fbf7e8bb7	981e1d09b9727c08b7839b75380911b9367bbdbb039667de1c76335fbf7e8bb7	0	0	0	json;immutable_fields;text_consistency;content_evidence;revision_replay;idempotence	唐山地震按预兆、震发、破坏、救援、重建五个完整自然段推进，边界合理。
610	public/pep-english/lessons/pephr1/017.json	pep-english	pephr1-017	Tsunami Hits Asia: Over 6,500 Dead	passed_unchanged	Codex	2026-10-07T07:30:11+00:00	"[{""path"":""content/article-review/history/c32314188492dae71cffc3669296ac840df4074a2dfb4af7d5eb4ff7b45dc5c2.json"",""locator"":""display: complete published JSON baseline; contextual segmentation review only"",""checked"":true,""sha256"":""2e048038ea41aab7c0a7fe52c3531813e0093714029a6ea5d23954ad66877ebc""}]"	45d885a5b21f7b425faee0c6205b6aff0375509e860235abaa9c52f36c03e0a1	45d885a5b21f7b425faee0c6205b6aff0375509e860235abaa9c52f36c03e0a1	0	0	0	json;immutable_fields;text_consistency;content_evidence;revision_replay;idempotence	海啸报道署名日期独立，主体按事件、各国损失、当事人引语、救援障碍分段，保留现有结构。
611	public/pep-english/lessons/pephr1/018.json	pep-english	pephr1-018	Why Study French?	passed_edited	Codex	2026-10-07T07:30:11+00:00	"[{""path"":""content/article-review/history/12d25c0190ac5f6c51b1b565d3734d41afc850340a67dce3cad5976170e00778.json"",""locator"":""display: complete published JSON baseline; contextual segmentation review only"",""checked"":true,""sha256"":""222ea6984065e90b997e3ba417bae98c8b2510599a54ff650dc044b512c77699""}]"	bf19a8b87abb59d7dcbbaa88e880ae27562250a45660244dcd3b9739c349e3b7	305a35a4ae8d599c6d302e6b50f52a3229e0e60ce92e714690313be18dc40c1f	0	1	0	json;immutable_fields;text_consistency;content_evidence;revision_replay;idempotence	学习法语的A/B问答五轮逐轮拆分，理由解释维持在同一发言内。
612	public/pep-english/lessons/pephr1/019.json	pep-english	pephr1-019	Pants in American and British English	passed_edited	Codex	2026-10-07T07:30:11+00:00	"[{""path"":""content/article-review/history/fbbd8e3869d97454afa5effa75c5f5ba96a9ccd286e32a1dc13b56a1d0ac43ce.json"",""locator"":""display: complete published JSON baseline; contextual segmentation review only"",""checked"":true,""sha256"":""8922c68bcaadd92568d1ed32c1c52d28aca1308b1369c233ae7d45d32508de5a""}]"	f33965259314fe1576af52493dd6072d0c9b292ced8ab38d71c6cd9182e85975	38ed9156cebc2b0f60e1ef9f0f5149789c903956bbf5f5752521fa7286532249	0	1	0	json;immutable_fields;text_consistency;content_evidence;revision_replay;idempotence	pants英美差异九轮对话逐轮拆分，各角色解释和末尾省略号完整保留。
613	public/pep-english/lessons/pephr1/020.json	pep-english	pephr1-020	Learning English: Biggest Problems	passed_unchanged	Codex	2026-10-07T07:30:12+00:00	"[{""path"":""content/article-review/history/7388cbb5d1b2f4d212b0cc540ef82dcd096222584ddfb26a08288b22472d1cb2.json"",""locator"":""display: complete published JSON baseline; contextual segmentation review only"",""checked"":true,""sha256"":""a4ec362e48810e2fcf790ec453deb3a8e5647ca3fac9e4ddecf3ed4f7433006f""}]"	0eca40fa7fa4161e9676ff37bdf85dbd165258025112f1aefe30a9f4d77a1f8d	0eca40fa7fa4161e9676ff37bdf85dbd165258025112f1aefe30a9f4d77a1f8d	0	0	0	json;immutable_fields;text_consistency;content_evidence;revision_replay;idempotence	Wang Le提问及三位学习者的论坛回复按姓名标题独立，Jia Xin和Li Rui的多句讨论各保留完整回复。
614	public/pep-english/lessons/pephr1/021.json	pep-english	pephr1-021	A Difficult Chemistry Quiz	passed_edited	Codex	2026-10-07T07:30:12+00:00	"[{""path"":""content/article-review/history/e89858e99aec020e382bd41590a71ceb94413638961cea966c22ad7c384bde05.json"",""locator"":""display: complete published JSON baseline; contextual segmentation review only"",""checked"":true,""sha256"":""8b67ab26e30732019352c371c27e1f7eba19bc0c0b52e92aad264e0725e85737""}]"	6e65c18fc9f8caaef52cf03f1011f19e3540844ceee8ad2b98d003c1a51a477b	46a1a8bd0f6aa3bc6169342badd3bb0c8934cdfd5260bfb8ed065d3c72adb5bd	0	1	0	json;immutable_fields;text_consistency;content_evidence;revision_replay;idempotence	化学测验受挫及同伴鼓励九轮A/B对话，拆分轮次，安慰和建议各保持原发言。
615	public/pep-english/lessons/pephr1/022.json	pep-english	pephr1-022	A Daughter Who No Longer Asks for Advice	passed_unchanged	Codex	2026-10-07T07:30:12+00:00	"[{""path"":""content/article-review/history/9272d8c9bc84c238232a4dae34140b1294acb68aed1dda8cbf350bccebce6ccd.json"",""locator"":""display: complete published JSON baseline; contextual segmentation review only"",""checked"":true,""sha256"":""06bb01878ea9dc3e4d2bbcdee7c0c5917771433cfe8401b10e4c13c9ffdecbc8""}]"	7702453cf3ea9d3fe8e8ff3262e68e3a94b00bc5fa516d7ed04931fe8a47a80c	7702453cf3ea9d3fe8e8ff3262e68e3a94b00bc5fa516d7ed04931fe8a47a80c	0	0	0	json;immutable_fields;text_consistency;content_evidence;revision_replay;idempotence	母亲询问女儿不再征求意见，称呼、完整来信段、落款边界清楚。
616	public/pep-english/lessons/pephr1/023.json	pep-english	pephr1-023	A Son Who Wants a Girlfriend	passed_unchanged	Codex	2026-10-07T07:30:12+00:00	"[{""path"":""content/article-review/history/9df7b5073d4c34137193b84cf715bff85e792b36c19705366aa7afafbd121533.json"",""locator"":""display: complete published JSON baseline; contextual segmentation review only"",""checked"":true,""sha256"":""c0662d90c86d52be7a67059c9a1bb8dd82405240a5c30a7aeddb51d7ba0289a0""}]"	29fa93ab7d30cfb21f437f17abe710575b954cf443d68d4989f079d66002fb0f	29fa93ab7d30cfb21f437f17abe710575b954cf443d68d4989f079d66002fb0f	0	0	0	json;immutable_fields;text_consistency;content_evidence;revision_replay;idempotence	父亲询问十六岁儿子恋爱问题，正文单段及书信首尾独立保留。
617	public/pep-english/lessons/pephr1/024.json	pep-english	pephr1-024	A Birthday Gift for a Fifteen-Year-Old Son	passed_unchanged	Codex	2026-10-07T07:30:12+00:00	"[{""path"":""content/article-review/history/29f6e6d5bd2408a40bb57efec403d8a31972e3576b4b0e7b86c897b0a970201d.json"",""locator"":""display: complete published JSON baseline; contextual segmentation review only"",""checked"":true,""sha256"":""82dca478b7367520c2ce91ae982879630e9d1f754f240a3d9b3db07429e1721d""}]"	d5c6df89025a3ebda3b05d9b1cfcb56a5eb838012769d0f2f0485da10118b562	d5c6df89025a3ebda3b05d9b1cfcb56a5eb838012769d0f2f0485da10118b562	0	0	0	json;immutable_fields;text_consistency;content_evidence;revision_replay;idempotence	父亲求助十五岁生日礼物，完整求助段不按句拆分，称呼落款保留。
618	public/pep-english/lessons/pephr1/025.json	pep-english	pephr1-025	A Fourteen-Year-Old Who Wants to Study Abroad	passed_unchanged	Codex	2026-10-07T07:30:12+00:00	"[{""path"":""content/article-review/history/04b45c698fdab82fcd85335e15ca1fe0a528148f69f21d8203a7bccc56b3d142.json"",""locator"":""display: complete published JSON baseline; contextual segmentation review only"",""checked"":true,""sha256"":""31c5b8a109f77e1919f0b58afde2b21ddd948f358829ea8111e0a10eb3c7d8f8""}]"	fd4c43fb123c6f196bec2024aea181836c4b407bb9617bebe66c80698464883f	fd4c43fb123c6f196bec2024aea181836c4b407bb9617bebe66c80698464883f	0	0	0	json;immutable_fields;text_consistency;content_evidence;revision_replay;idempotence	云南母亲讨论十四岁出国留学，年龄费用和建议同属一段，信件边界合理。
619	public/pep-english/lessons/pephr1/026.json	pep-english	pephr1-026	Teenage Life Around the World	passed_unchanged	Codex	2026-10-07T07:30:13+00:00	"[{""path"":""content/article-review/history/343b36cd9de9a9b667420737515fc56f493caca74e66c8d211d774ad99c912d4.json"",""locator"":""display: complete published JSON baseline; contextual segmentation review only"",""checked"":true,""sha256"":""a765707f4cec79c0c217db7d7ee08a7c6afe2be96a3636c7a2408ade24ee29ba""}]"	39c4f65ffc57e8e6744907f169c1a42226a8de6c042ccee792e33a70c4004809	39c4f65ffc57e8e6744907f169c1a42226a8de6c042ccee792e33a70c4004809	0	0	0	json;immutable_fields;text_consistency;content_evidence;revision_replay;idempotence	Asha、Samika、Frieder三人各有国家姓名标题和独立生活自述，多句段落完整保留。
620	public/pep-english/lessons/pephr1/027.json	pep-english	pephr1-027	Be a Good Tourist	passed_unchanged	Codex	2026-10-07T07:30:13+00:00	"[{""path"":""content/article-review/history/4740ce3a79c76ed50ec32c5ff999c129801356704706efcb254adec545255a90.json"",""locator"":""display: complete published JSON baseline; contextual segmentation review only"",""checked"":true,""sha256"":""6d141d5e7bddb99c04ca958c238ceb7af25161926372021b6d908ad7c94e94d9""}]"	9be3439920aea61f4e663db5ea535c6d7ceb7838d531ab5fbc84706ed87f9532	9be3439920aea61f4e663db5ea535c6d7ceb7838d531ab5fbc84706ed87f9532	0	0	0	json;immutable_fields;text_consistency;content_evidence;revision_replay;idempotence	文明旅游论述由总起、破坏景点、打扰居民、总结建议四段组成，事例与评价属于同段。
621	public/pep-english/lessons/pephr1/028.json	pep-english	pephr1-028	A Letter About Pisa and the Improvisatori	passed_unchanged	Codex	2026-10-07T07:30:13+00:00	"[{""path"":""content/article-review/history/600f6165e32576c62fea32fb6f6a9261aca2324b9cc16f9437a575db24da765b.json"",""locator"":""display: complete published JSON baseline; contextual segmentation review only"",""checked"":true,""sha256"":""66f5f54bd3b1ab6a41ba88d9c23669011de65368aeb1be8111db3ee29acffe1b""}]"	3a347ea134ac0c746810fdb0eeb0b2e3891d9002d14df92997aed1586931cfd5	3a347ea134ac0c746810fdb0eeb0b2e3891d9002d14df92997aed1586931cfd5	0	0	0	json;immutable_fields;text_consistency;content_evidence;revision_replay;idempotence	Pisa书信保留称呼、城市概况、斜塔、即兴诗人及署名，三段说明边界明确。
622	public/pep-english/lessons/pephr1/029.json	pep-english	pephr1-029	What Great Athletes Have in Common	passed_unchanged	Codex	2026-10-07T07:30:13+00:00	"[{""path"":""content/article-review/history/66b667806e21ee5eb0b99ab2d7a506d90495ff1ff19ccab1ca8192c328797040.json"",""locator"":""display: complete published JSON baseline; contextual segmentation review only"",""checked"":true,""sha256"":""6eeab36f5d5a8937ba642b99f091dc1e606ad2cb4c10b7b24da5f4fa8068a1b5""}]"	9e0dbe3647ec15724ec0b26c6990a098c4b8f3318d057c22a2061c036cc725ab	9e0dbe3647ec15724ec0b26c6990a098c4b8f3318d057c22a2061c036cc725ab	0	0	0	json;immutable_fields;text_consistency;content_evidence;revision_replay;idempotence	优秀运动员四种共同特质用First、Second、Finally串联成完整短论述，保留现有段落。
623	public/pep-english/lessons/pephr1/030.json	pep-english	pephr1-030	Jumping Jacks	passed_edited	Codex	2026-10-07T07:30:13+00:00	"[{""path"":""content/article-review/history/311b130a25aadeb0d4181b784138dc6a5bd4c5927127d16db5159c833c82bc3a.json"",""locator"":""display: complete published JSON baseline; contextual segmentation review only"",""checked"":true,""sha256"":""6cb664b67174e7be567105fa742e80ffc76f268a66943404e069768bdef6cffc""}]"	b19fa29c93ebc88a950c1bac88d534096593542d25618cce911fba5a56f03768	b2f2a09d30ecd484aef7b518ebf6d4172640fec1f5c2af98e3939b0ba0077f48	0	1	0	json;immutable_fields;text_consistency;content_evidence;revision_replay;idempotence	开合跳介绍六轮A/B对话分块，动作说明的多句内容仍在同一B轮次。
624	public/pep-english/lessons/pephr1/031.json	pep-english	pephr1-031	Cool Cold Sports	passed_unchanged	Codex	2026-10-07T07:30:13+00:00	"[{""path"":""content/article-review/history/7aac04389633852b90e2b4325aa85689edc279371b68100367cfc49bd374b74c.json"",""locator"":""display: complete published JSON baseline; contextual segmentation review only"",""checked"":true,""sha256"":""e9ad546ceb732faff67a44261806e718504fa1a4d589f9cabbd36f214203a571""}]"	4af417002c0a99590852a7a7bf95fe93120bc13a9153edeb5e675cf55f688643	4af417002c0a99590852a7a7bf95fe93120bc13a9153edeb5e675cf55f688643	0	0	0	json;immutable_fields;text_consistency;content_evidence;revision_replay;idempotence	冬奥总介、滑雪、滑冰、俯式冰橇四段各有明确主题，完整保留。
625	public/pep-english/lessons/pephr1/032.json	pep-english	pephr1-032	Hot Tickets	passed_unchanged	Codex	2026-10-07T07:30:13+00:00	"[{""path"":""content/article-review/history/77dc208a385cf7afd7b595a6c52ece1c51e868c2f5f38c63a6658c8984464848.json"",""locator"":""display: complete published JSON baseline; contextual segmentation review only"",""checked"":true,""sha256"":""6f7e860f6311a4d4e816e7c476d7eea6cf0996c02c5192055d2a350fbe7369e4""}]"	a6192c4828e80d351cfc472b70995cff48df676c84c1a6a285704dba52c8562e	a6192c4828e80d351cfc472b70995cff48df676c84c1a6a285704dba52c8562e	0	0	0	json;immutable_fields;text_consistency;content_evidence;revision_replay;idempotence	Hot Tickets引言及棒球、板球、温网三个标题和介绍配对清楚，小吃说明仍归各项目段落。
626	public/pep-english/lessons/pephr1/033.json	pep-english	pephr1-033	The Story of an Eyewitness (Adapted)	passed_unchanged	Codex	2026-10-07T07:30:13+00:00	"[{""path"":""content/article-review/history/eb5b8351d474a9b1d471f9fafbf7d556d0767b23187e9139d49eb578f5639c3f.json"",""locator"":""display: complete published JSON baseline; contextual segmentation review only"",""checked"":true,""sha256"":""9de41d0a58d5673bde0059539b48139d19cf2b1d228b23583afc0583fff1945f""}]"	28435001b2e88ec7dee2d7297232c513ebf93380527c6813f0b9c6a98cb0c30a	28435001b2e88ec7dee2d7297232c513ebf93380527c6813f0b9c6a98cb0c30a	0	0	0	json;immutable_fields;text_consistency;content_evidence;revision_replay;idempotence	地震目击记署名日期独立，正文按总体破坏、周三清晨、下午、夜晚推进，保留段落。
627	public/pep-english/lessons/pephr1/034.json	pep-english	pephr1-034	China to the Rescue!	passed_unchanged	Codex	2026-10-07T07:30:14+00:00	"[{""path"":""content/article-review/history/9aa88085465459e6aee335c9ee677199862f534068957037a0179a9793749abd.json"",""locator"":""display: complete published JSON baseline; contextual segmentation review only"",""checked"":true,""sha256"":""6670d0246a7933e68fa4e5b72080e144701acbae99422314c02f3a38cdee467c""}]"	9d9f94b552e94fc2a0065e8c0f696b15d67736a269b8e94362b966263c1c82a6	9d9f94b552e94fc2a0065e8c0f696b15d67736a269b8e94362b966263c1c82a6	0	0	0	json;immutable_fields;text_consistency;content_evidence;revision_replay;idempotence	中国救援队按成立、首次任务、后续任务、工作要求、精神品质分五段，语义完整。
628	public/pep-english/lessons/pephr1/035.json	pep-english	pephr1-035	A Chinese Calligraphy Class	passed_edited	Codex	2026-10-07T07:30:14+00:00	"[{""path"":""content/article-review/history/5aadf3d9b750df417467341cad0561f5cd74e24bc30ef499fb81566398466582.json"",""locator"":""display: complete published JSON baseline; contextual segmentation review only"",""checked"":true,""sha256"":""8047f478b4fc0103055e94d1f8acbabaa800e3a9b0c351f55788ea53672c782b""}]"	ada1f9196d128cadfd2179a633759faf354ef29239886664a86091612fac3b21	148bd42cca6552a7085dc68e2690afccc8e3faa96d81beb6fceca47735290a2a	0	1	0	json;immutable_fields;text_consistency;content_evidence;revision_replay;idempotence	书法课程邀请四轮A/B问答拆分，学习动机与理由保留本轮内部。
629	public/pep-english/lessons/pephr1/036.json	pep-english	pephr1-036	Polyglots: What Are They and Who Can Be One?	passed_unchanged	Codex	2026-10-07T07:30:14+00:00	"[{""path"":""content/article-review/history/be843441b0230b2bfe2e5c22a501c6e363bfa8bea8c00f1ad5b8a457cf538dbc.json"",""locator"":""display: complete published JSON baseline; contextual segmentation review only"",""checked"":true,""sha256"":""a2bc89eff89549d34042ea94231f85c0340f103e4ec0f77aece5542e9d585aba""}]"	80480634a8453d78c738d3dd16a217691662c1a169957acba0ee6d81fec9246a	80480634a8453d78c738d3dd16a217691662c1a169957acba0ee6d81fec9246a	0	0	0	json;immutable_fields;text_consistency;content_evidence;revision_replay;idempotence	多语者文章以名人和Tim引入、Tim学习过程、语言文化意义三段组织，保留完整多句段。
630	public/pep-english/lessons/pephr1/037.json	pep-english	pephr1-037	The Book That Keeps on Growing	passed_unchanged	Codex	2026-10-07T07:30:14+00:00	"[{""path"":""content/article-review/history/035cd5e99782457a0da548668602d03176dcfe941f1513e90deb85b6442f79a7.json"",""locator"":""display: complete published JSON baseline; contextual segmentation review only"",""checked"":true,""sha256"":""9f4b9b6cfe3d712596ed1beebcf1ee52b49ee43b124fa5a192b1a9a407829064""}]"	50346a4a966552fcb29b17ee893ccb445a296e19e4e3a02262950df86695527a	50346a4a966552fcb29b17ee893ccb445a296e19e4e3a02262950df86695527a	0	0	0	json;immutable_fields;text_consistency;content_evidence;revision_replay;idempotence	OED文章由书籍引入到起源、Murray工作、出版、更新及文化价值六段展开，日期和引文没有错误断段。
631	public/pep-english/lessons/pephr2/001.json	pep-english	pephr2-001	From Problems to Solutions	passed_unchanged	Codex	2026-10-07T07:30:14+00:00	"[{""path"":""content/article-review/history/59e79a10807e84a0d9beeb32abc2f85b1a21f8d1d4b26a9d4106812b38dd1035.json"",""locator"":""display: complete published JSON baseline; contextual segmentation review only"",""checked"":true,""sha256"":""14434e0959707e249ee4afea9a478e400d9561476fe5f89013226f81f456a4a6""}]"	df4b319d7dee610bfe6d1c4f7c4de855fdc959e2d73f6c739d4c54025ba71235	df4b319d7dee610bfe6d1c4f7c4de855fdc959e2d73f6c739d4c54025ba71235	0	0	0	json;immutable_fields;text_consistency;content_evidence;revision_replay;idempotence	阿斯旺项目从保护与发展难题到倡议、筹备、搬迁、成果及国际合作精神六段，保持自然段。
632	public/pep-english/lessons/pephr2/002.json	pep-english	pephr2-002	Protecting African Elephants	passed_edited	Codex	2026-10-07T07:30:14+00:00	"[{""path"":""content/article-review/history/acc11619485a841b4e68febc09df346eb7956de6526645e0f082670eddf16e0a.json"",""locator"":""display: complete published JSON baseline; contextual segmentation review only"",""checked"":true,""sha256"":""198d611d88b93279243a2313ba3d0cec59774e4a303468cd88cbfdffaffc4830""}]"	d2d5983678b315745a56207af41e6519ffc507a37ff6fad55747509a57efebae	1b5fc6ce5dd030455601cbb63983ae157268d4ea8213ab1c49bc998575ff170d	0	1	0	json;immutable_fields;text_consistency;content_evidence;revision_replay;idempotence	非洲象威胁及保护措施A/B四轮逐轮拆分，栖息地解释保留同轮。
633	public/pep-english/lessons/pephr2/003.json	pep-english	pephr2-003	Give Ugly a Chance!	passed_unchanged	Codex	2026-10-07T07:30:14+00:00	"[{""path"":""content/article-review/history/ce62125a63a3ebde1ec6bf0225022498c27c2f6065d06fb973baa7a4b0599e90.json"",""locator"":""display: complete published JSON baseline; contextual segmentation review only"",""checked"":true,""sha256"":""490121bdfe2ce4a53e8c128763ff167794a4c7d55e8da7631bca52995174451d""}]"	2bf4b8bf59521c45c1ba19bdbd21d628acecd431edf091f6d4911f3199bbee36	2bf4b8bf59521c45c1ba19bdbd21d628acecd431edf091f6d4911f3199bbee36	0	0	0	json;immutable_fields;text_consistency;content_evidence;revision_replay;idempotence	Give Ugly a Chance海报从平等保护到物种多样性和呼吁构成完整短段，保留。
634	public/pep-english/lessons/pephr2/004.json	pep-english	pephr2-004	Don't Make Paper with My Home!	passed_unchanged	Codex	2026-10-07T07:30:15+00:00	"[{""path"":""content/article-review/history/c3ebcdc3cc10358d1ecbefbf06cf58d4daea24a90babba5bb058cc449b4c7516.json"",""locator"":""display: complete published JSON baseline; contextual segmentation review only"",""checked"":true,""sha256"":""a74a16d5be6f9318f99918a97e43a8099b894ee61d5db7e941b03ef4ee4718a0""}]"	91d5192bd24d4266f8fa8e03cbca98f8e7383ebbaffdc230654329993213edf5	91d5192bd24d4266f8fa8e03cbca98f8e7383ebbaffdc230654329993213edf5	0	0	0	json;immutable_fields;text_consistency;content_evidence;revision_replay;idempotence	考拉家园与造纸海报四句同一呼吁单元，保留完整段落。
635	public/pep-english/lessons/pephr2/005.json	pep-english	pephr2-005	Cyber Sense	passed_unchanged	Codex	2026-10-07T07:30:15+00:00	"[{""path"":""content/article-review/history/f3c9f2283ae7b9e4871cd2e0719e3c72ccadd374e92d7909409879a7425539c4.json"",""locator"":""display: complete published JSON baseline; contextual segmentation review only"",""checked"":true,""sha256"":""15f3530bcfc1203f12e6b5217fb7f43137ee382799f8120c79306eb3148e9e4b""}]"	0403639b9098dd6ec3362c47ae3fe5cf3c551ba9a624537dacfc59793097e991	0403639b9098dd6ec3362c47ae3fe5cf3c551ba9a624537dacfc59793097e991	0	0	0	json;immutable_fields;text_consistency;content_evidence;revision_replay;idempotence	Cyber Sense两节网络安全押韵诗，各节四行，保留诗节和行内换行不合并。
636	public/pep-english/lessons/pephr2/006.json	pep-english	pephr2-006	Stronger Together: How We Have Been Changed by the Internet	passed_unchanged	Codex	2026-10-07T07:30:15+00:00	"[{""path"":""content/article-review/history/b89ffacc48dee01c1a7f123a957d019974b49ca03f8c5ad6e5bdd96c5087daad.json"",""locator"":""display: complete published JSON baseline; contextual segmentation review only"",""checked"":true,""sha256"":""a4df2478180020c7f86a77a7120679bf088bf673b523607751dc98bbc6e69752""}]"	2f6590f1d786e019cfd0e178d6cb8be989fa969f8eaf3b609b4d606867f368be	2f6590f1d786e019cfd0e178d6cb8be989fa969f8eaf3b609b4d606867f368be	0	0	0	json;immutable_fields;text_consistency;content_evidence;revision_replay;idempotence	Jan故事按互联网作用、患病与社群、IT俱乐部、未来目标、总结五段展开，保留多句段落。
637	public/pep-english/lessons/pephr2/007.json	pep-english	pephr2-007	Choosing the Best App	passed_edited	Codex	2026-10-07T07:30:15+00:00	"[{""path"":""content/article-review/history/5bb9b6a1e10a6b14b726f1683291c4e738d5d05463112c0a56a9c088d7d72735.json"",""locator"":""display: complete published JSON baseline; contextual segmentation review only"",""checked"":true,""sha256"":""13c3a18fbe33baff3e42fca193aed0e218a1dc7f9a9dd481eb7ffb15b8ff2ad3""}]"	755cac7e09fff614cc94baa2e15b0c5fafc0aa1f411a925fd645412631ae39b5	31c5f86c610af97f0a53cae02c6e10477194a0d9b620e9c302476bc31e953883	0	1	0	json;immutable_fields;text_consistency;content_evidence;revision_replay;idempotence	两个说话者比较TV Me与Hear It First，每人完整论述为一轮，拆为两块。
638	public/pep-english/lessons/pephr2/008.json	pep-english	pephr2-008	How to Stay Safe Online	passed_unchanged	Codex	2026-10-07T07:30:15+00:00	"[{""path"":""content/article-review/history/20c9280342aa29286d107a6c6ecb901ce1e94f4a54012baf37d8dd9ae2fa03fa.json"",""locator"":""display: complete published JSON baseline; contextual segmentation review only"",""checked"":true,""sha256"":""d6b3e735990556a91dfcbb2e07ff5609055f6e029cbd4c7ab5338b42636eac0b""}]"	1d80598f779cf408609ad35b8add340180ab2506a4fe280a9043e885501f9597	1d80598f779cf408609ad35b8add340180ab2506a4fe280a9043e885501f9597	0	0	0	json;immutable_fields;text_consistency;content_evidence;revision_replay;idempotence	网络安全博客保留引入、三项规则的完整论述段、邀请评论及Boy579和Amy各自评论，不误并用户名。
639	public/pep-english/lessons/pephr2/009.json	pep-english	pephr2-009	What's in a Name?	passed_unchanged	Codex	2026-10-07T07:30:15+00:00	"[{""path"":""content/article-review/history/7fac36de685e02b1100e46b784de4d60d77deef7a5a505527cfdd892e7f08d7a.json"",""locator"":""display: complete published JSON baseline; contextual segmentation review only"",""checked"":true,""sha256"":""ed2b65be52c1607d7c816e38dfd69747e481249552182698e4641603be3c5cd2""}]"	c161c3ee79e969663826e0ecfe37b63da3b1ac3fecadf5644a042fd9d5ac127a	c161c3ee79e969663826e0ecfe37b63da3b1ac3fecadf5644a042fd9d5ac127a	0	0	0	json;immutable_fields;text_consistency;content_evidence;revision_replay;idempotence	英国名称文章由疑问、形成历史、四国关系、历史族群、游览建议五段组成，现有长段主题完整。
640	public/pep-english/lessons/pephr2/010.json	pep-english	pephr2-010	Beautiful Ireland and Its Traditions	passed_unchanged	Codex	2026-10-07T07:30:15+00:00	"[{""path"":""content/article-review/history/0a6460946483a9f489b8b755d47b705c7d5c19998afee357bc928e55ab9b6497.json"",""locator"":""display: complete published JSON baseline; contextual segmentation review only"",""checked"":true,""sha256"":""580cd41d0390fc2c8654f78625f8b4c66cd2e1ecc7a1688ed173a5a0842a6817""}]"	c1b0be24f769e4d64c0f1cff1a01d4c29fff37d87012329ab802189795802b1c	c1b0be24f769e4d64c0f1cff1a01d4c29fff37d87012329ab802189795802b1c	0	0	0	json;immutable_fields;text_consistency;content_evidence;revision_replay;idempotence	爱尔兰景观感官描写连至酒吧饮食歌舞体验，完整描写段没有机械按句切分。
641	public/pep-english/lessons/pephr2/011.json	pep-english	pephr2-011	Why I Like Techno Music	passed_edited	Codex	2026-10-07T07:30:16+00:00	"[{""path"":""content/article-review/history/128da069137e26d3a869ea4637136bb27b553ecd58c049103bcf793ad0198bbe.json"",""locator"":""display: complete published JSON baseline; contextual segmentation review only"",""checked"":true,""sha256"":""e6c3501a85039fc6fb2c1273397c6a340cc8ed013d14fbdb6f0a1fef0419af0f""}]"	a4afe664408d108cd8a51722515aae5f5892acf3cdf69a7ffe20cb893ddc4ddd	61fa63d22b67b4eeafdf1e519a8f744e25bd2980bb2215adc829c0efc57e7701	0	1	0	json;immutable_fields;text_consistency;content_evidence;revision_replay;idempotence	techno音乐喜好四轮短问答逐轮拆分。
642	public/pep-english/lessons/pephr2/012.json	pep-english	pephr2-012	The Virtual Choir	passed_unchanged	Codex	2026-10-07T07:30:16+00:00	"[{""path"":""content/article-review/history/cd375180984b63f34e07d202684c8144764c8febf20347d7d26b2e4da086109a.json"",""locator"":""display: complete published JSON baseline; contextual segmentation review only"",""checked"":true,""sha256"":""c0ad7cb11bee6fda3ec364ec56272bba9a5317356b2405011831c30563a3d929""}]"	cd1764e5526f7cc41558d1b0d9f67dc17c2feef27ad2153589a05c5ad8e02fb3	cd1764e5526f7cc41558d1b0d9f67dc17c2feef27ad2153589a05c5ad8e02fb3	0	0	0	json;immutable_fields;text_consistency;content_evidence;revision_replay;idempotence	虚拟合唱团定义、创办人生平、2009及2014项目、总结四段完整保留，引语属于所在段。
643	public/pep-english/lessons/pephr2/013.json	pep-english	pephr2-013	Planning a Music Festival	passed_edited	Codex	2026-10-07T07:30:16+00:00	"[{""path"":""content/article-review/history/6a6abef7478ef26cd3240031108d786b4d01b3a29d6d9b1d58cdf278b166a490.json"",""locator"":""display: complete published JSON baseline; contextual segmentation review only"",""checked"":true,""sha256"":""5948e02c1b239824d9c5a7ccfee4d416f1e11b7b7ad7bec7976a2aeeedf33914""}]"	36b6f60a0d41e253a4b109d28ebac0dfa623236dfc9ae6699a3160c0b816e321	ffcea213743a7d22488e9d401ca4be8b61e35e0659cafe852d3d0ddadb089cfd	0	1	0	json;immutable_fields;text_consistency;content_evidence;revision_replay;idempotence	Debbie、John、Frank筹备音乐节十轮对话逐轮拆分，演奏和募款安排保留发言完整。
644	public/pep-english/lessons/pephr2/014.json	pep-english	pephr2-014	How Music Helped Me Recover	passed_unchanged	Codex	2026-10-07T07:30:16+00:00	"[{""path"":""content/article-review/history/39f46f4ffef2422382f9237e4290ecb4f0f25877e0a21fdc78430bcfc3916c73.json"",""locator"":""display: complete published JSON baseline; contextual segmentation review only"",""checked"":true,""sha256"":""450e8b263416ccce6740f3475c112c491801a08447df82319dfd5a74c134148c""}]"	827b6da4b05d80b0ba04558ed96535d6139d3f98f720b356e1b4a503d550a89e	827b6da4b05d80b0ba04558ed96535d6139d3f98f720b356e1b4a503d550a89e	0	0	0	json;immutable_fields;text_consistency;content_evidence;revision_replay;idempotence	Sarah音乐康复演讲按开场、患病经历、音乐作用、听众建议、致谢分块，保留排比多句段。
645	public/pep-english/lessons/pephr2/015.json	pep-english	pephr2-015	Learning to Love the Piano	passed_unchanged	Codex	2026-10-07T07:30:16+00:00	"[{""path"":""content/article-review/history/d88e721458903b03a07940d390fe4bacc059660f40c7bb67e8b011e329980172.json"",""locator"":""display: complete published JSON baseline; contextual segmentation review only"",""checked"":true,""sha256"":""8e65edb4102e09688cf6447fe1cfb457fcd20e64790539332bfc538a42b44c4a""}]"	8d5e1db106aeed17c9aca2fca50acf66d20bf809f11b925f833ad6511ef7a290	8d5e1db106aeed17c9aca2fca50acf66d20bf809f11b925f833ad6511ef7a290	0	0	0	json;immutable_fields;text_consistency;content_evidence;revision_replay;idempotence	学琴经历从被动开始到演奏成功并爱上钢琴，是连贯个人短叙事，保留完整段落。
646	public/pep-english/lessons/pephr2/016.json	pep-english	pephr2-016	Ludwig van Beethoven	passed_unchanged	Codex	2026-10-07T07:30:16+00:00	"[{""path"":""content/article-review/history/463a8b761590f18750438576c537cb2bddccfeed5376046fc000382c0e4e6b47.json"",""locator"":""display: complete published JSON baseline; contextual segmentation review only"",""checked"":true,""sha256"":""d213c0169ead8cb49edb4893d8c7f7fb38c7c2ff320e938e1af7cc5e952a81bd""}]"	8a1a2bbb68dde2e2f011d9aba60b47d19601de45092234fd97b8b6dde37ece67	8a1a2bbb68dde2e2f011d9aba60b47d19601de45092234fd97b8b6dde37ece67	0	0	0	json;immutable_fields;text_consistency;content_evidence;revision_replay;idempotence	贝多芬生平按童年学习、成名、失聪创作与晚年连续叙述，现有单段不按年代机械拆分。
647	public/pep-english/lessons/pephr2/017.json	pep-english	pephr2-017	Relics from Ancient Greek Ship Rescued	passed_unchanged	Codex	2026-10-07T07:30:16+00:00	"[{""path"":""content/article-review/history/7245caf7f193bc0aa10d3b59aaa3a2c36710a82df65222ad50da88f8384736c4.json"",""locator"":""display: complete published JSON baseline; contextual segmentation review only"",""checked"":true,""sha256"":""9348b90bc132f82f71ecc48afdd12aa973aafc6eaefbd1d858f5260ec5166e32""}]"	b2f90dc9fd2d4427a94b4b036e218cc948e3ae1a6184caa579cc7094c06f74d2	b2f90dc9fd2d4427a94b4b036e218cc948e3ae1a6184caa579cc7094c06f74d2	0	0	0	json;immutable_fields;text_consistency;content_evidence;revision_replay;idempotence	希腊沉船文物简讯电头和发现抢救及引语连续成段，保留完整新闻短段。
648	public/pep-english/lessons/pephr2/018.json	pep-english	pephr2-018	Han Dynasty Treasures to Visit the Capital	passed_unchanged	Codex	2026-10-07T07:30:16+00:00	"[{""path"":""content/article-review/history/31bd6bd95793090e143544f931429e3464d5b57f455f38236cc65b0b91be8448.json"",""locator"":""display: complete published JSON baseline; contextual segmentation review only"",""checked"":true,""sha256"":""49e34dc481351f3d0f4bf076727ce8c56f789c46f54554af4291594216061de5""}]"	a49f3d27d1f124e87121d6bde37808799c890b9a2502e067357180d42be361bc	a49f3d27d1f124e87121d6bde37808799c890b9a2502e067357180d42be361bc	0	0	0	json;immutable_fields;text_consistency;content_evidence;revision_replay;idempotence	海昏侯文物展新闻从电头、展品、发掘和保护至展期构成完整简讯，保留。
649	public/pep-english/lessons/pephr2/019.json	pep-english	pephr2-019	World Cultural Heritage Sites	passed_unchanged	Codex	2026-10-07T07:30:16+00:00	"[{""path"":""content/article-review/history/c2408f46f391fc065b1036d682f4f0ad158053bc9532d4f5ac65dc67ca73b931.json"",""locator"":""display: complete published JSON baseline; contextual segmentation review only"",""checked"":true,""sha256"":""70fcced3b814cdd4f94e09768cd08f1e6dad5bf5224996e0d7511140375f31c3""}]"	ec2aee30d8a0de64e95f9bc2ef439bdf2832f2dfb400653675c3b18e01a7a7a2	ec2aee30d8a0de64e95f9bc2ef439bdf2832f2dfb400653675c3b18e01a7a7a2	0	0	0	json;immutable_fields;text_consistency;content_evidence;revision_replay;idempotence	世界遗产六段分别为计划概况、泰姬陵建造、爱情背景、明清陵总介、文化特点及总结，边界完整。
650	public/pep-english/lessons/pephr2/020.json	pep-english	pephr2-020	The Strange Tale of the Milu Deer	passed_unchanged	Codex	2026-10-07T07:30:17+00:00	"[{""path"":""content/article-review/history/777550ee33c58f00120f3d285da5cbcd384ae40661d61d7851923b238be869fc.json"",""locator"":""display: complete published JSON baseline; contextual segmentation review only"",""checked"":true,""sha256"":""84b043b319ea90af6a6db718ca3b08a43deec25c453066fbb46f649cd930cdc2""}]"	23e47255cb388ff987da8294f5a50c51a57c52e04cfbc3078e728ef8d2111a45	23e47255cb388ff987da8294f5a50c51a57c52e04cfbc3078e728ef8d2111a45	0	0	0	json;immutable_fields;text_consistency;content_evidence;revision_replay;idempotence	麋鹿外形、在华消失、欧洲保护与回归、保护区扩展、未来放归五段，保留叙述顺序和自然段。
651	public/pep-english/lessons/pephr2/021.json	pep-english	pephr2-021	Urban Wildlife	passed_unchanged	Codex	2026-10-07T07:30:17+00:00	"[{""path"":""content/article-review/history/a2adeedd9226f6288277a901e236499c8dbe946112b706bf20830dd5cdd7dd05.json"",""locator"":""display: complete published JSON baseline; contextual segmentation review only"",""checked"":true,""sha256"":""9182a86d7da8bc48910bb461ed9856d3ab73f360c86f13d5624d736ccd8324f5""}]"	41622af8ed1ee6f8f1dd06f5c97b2f6921e6c89761a4580da63c26221e8f08f0	41622af8ed1ee6f8f1dd06f5c97b2f6921e6c89761a4580da63c26221e8f08f0	0	0	0	json;immutable_fields;text_consistency;content_evidence;revision_replay;idempotence	城市野生动物按引入、栖息地问题、蝙蝠、北京森林公园、Birdscraper及总结分段，案例边界清晰。
652	public/pep-english/lessons/pephr2/022.json	pep-english	pephr2-022	E-Learning	passed_unchanged	Codex	2026-10-07T07:30:17+00:00	"[{""path"":""content/article-review/history/f17be9673d5080d34996a02f788b25ee3079ac5bbdf7244dcd16eefb9fd32398.json"",""locator"":""display: complete published JSON baseline; contextual segmentation review only"",""checked"":true,""sha256"":""24348bc92506e655fba9604446cb2557fbc4a517c4af7cef3b32397798f2aa42""}]"	cc4fc591d4e77db4eac5f3aacf8def49c2a5cdd4ab5bd6a69b128f1bc7201571	cc4fc591d4e77db4eac5f3aacf8def49c2a5cdd4ab5bd6a69b128f1bc7201571	0	0	0	json;immutable_fields;text_consistency;content_evidence;revision_replay;idempotence	E-Learning课程概况、新加坡课堂、韩国远程机器人与总结四段各自完整，保留。
653	public/pep-english/lessons/pephr2/023.json	pep-english	pephr2-023	Cleo's Email from Cairo	passed_unchanged	Codex	2026-10-07T07:30:17+00:00	"[{""path"":""content/article-review/history/566764f6d196bbf9e50b5189880c3f431084d5dad67553493fb0b07a2d061741.json"",""locator"":""display: complete published JSON baseline; contextual segmentation review only"",""checked"":true,""sha256"":""bc5035972d73cc98d7f6bb5919f0dad3e26835736f380a75852db1663e557471""}]"	9a7da6a898bd9f1dfed1dc521e1708b575988d052db4f2ad1098378838df80af	9a7da6a898bd9f1dfed1dc521e1708b575988d052db4f2ad1098378838df80af	0	0	0	json;immutable_fields;text_consistency;content_evidence;revision_replay;idempotence	Cleo开罗邮件称呼与落款独立，博物馆、金字塔、市场及食物在同一旅行叙述段完整保留。
654	public/pep-english/lessons/pephr2/024.json	pep-english	pephr2-024	Sally's Message from Athens	passed_unchanged	Codex	2026-10-07T07:30:18+00:00	"[{""path"":""content/article-review/history/ffd79f74496fa25b05ef80eaa1a8cb0cd27847f6f160ca867961549022cf6d2e.json"",""locator"":""display: complete published JSON baseline; contextual segmentation review only"",""checked"":true,""sha256"":""c002c21e9ebed8ae88405806dac4d36edfb84ee1bd3d3191990fc2d77809c11f""}]"	8c167492d9ac2494bafc44205e87a26b7222523859e514a3b9f8cabcb3fe5ca6	8c167492d9ac2494bafc44205e87a26b7222523859e514a3b9f8cabcb3fe5ca6	0	0	0	json;immutable_fields;text_consistency;content_evidence;revision_replay;idempotence	Sally雅典短讯正文从问候到景点、美食及次日计划连续，署名单独一块合理。
655	public/pep-english/lessons/pephr2/025.json	pep-english	pephr2-025	Samovar—the Special Teapot	passed_unchanged	Codex	2026-10-07T07:30:18+00:00	"[{""path"":""content/article-review/history/578c881965cb2be7a0cea5f027861cf249595962dd027a30974213f711973d6f.json"",""locator"":""display: complete published JSON baseline; contextual segmentation review only"",""checked"":true,""sha256"":""d6a3d3d12706202ea3f64eb131087f8edf9bcb3a4506054ea224e90d099ebc91""}]"	48072bbb725d58bca900ba3dcc02022f91f3588d48aa92a0956e69cdb641b32f	48072bbb725d58bca900ba3dcc02022f91f3588d48aa92a0956e69cdb641b32f	0	0	0	json;immutable_fields;text_consistency;content_evidence;revision_replay;idempotence	俄式茶炊演讲四段为家庭传承引入、祖先购置、泡茶步骤及结束语，步骤保留完整说明段。
656	public/pep-english/lessons/pephr2/026.json	pep-english	pephr2-026	Jill's Review of Cat's in the Cradle	passed_unchanged	Codex	2026-10-07T07:30:18+00:00	"[{""path"":""content/article-review/history/3276c25692869ded408cce663f7e319efa9c6d5472f520db8428930d355b5fa4.json"",""locator"":""display: complete published JSON baseline; contextual segmentation review only"",""checked"":true,""sha256"":""0a076c1e1a718bcbcd2edbfbe2e08d318ea82ab0bc844e93f0b4b35f6f7f6e76""}]"	7325dc655acfd96ab79c9a7edb34b64c8326580b0c77d428e1fa2ee7f610f53d	7325dc655acfd96ab79c9a7edb34b64c8326580b0c77d428e1fa2ee7f610f53d	0	0	0	json;immutable_fields;text_consistency;content_evidence;revision_replay;idempotence	Jill歌曲评论联系与父亲相处的愿望为完整一段，署名另块保留。
657	public/pep-english/lessons/pephr2/027.json	pep-english	pephr2-027	Dennis's Review of Cat's in the Cradle	passed_unchanged	Codex	2026-10-07T07:30:18+00:00	"[{""path"":""content/article-review/history/d46b6a5746c9177e042521990f9ef5313c397015291a04877f7551a34eb3ec52.json"",""locator"":""display: complete published JSON baseline; contextual segmentation review only"",""checked"":true,""sha256"":""9e6b18c76416ca731a8fbe79234170c05e3e209b9b6730d634d8806127a4db02""}]"	97bcdeb94b4bfc5cf1dd622c1d15adec86640d1d039430aa7e29d9a284f21dba	97bcdeb94b4bfc5cf1dd622c1d15adec86640d1d039430aa7e29d9a284f21dba	0	0	0	json;immutable_fields;text_consistency;content_evidence;revision_replay;idempotence	Dennis歌曲评论对照自己良好的父子关系成一段，署名另块保留。
658	public/pep-english/lessons/pephr2/028.json	pep-english	pephr2-028	Music Scores in Films	passed_unchanged	Codex	2026-10-07T07:30:18+00:00	"[{""path"":""content/article-review/history/fd11cd9d031468e9184c2078f6a759ba785c05d4363f5b97b4dd9d8e723c1400.json"",""locator"":""display: complete published JSON baseline; contextual segmentation review only"",""checked"":true,""sha256"":""1b19bc508fc1baec0cb9bdda9545dd1705d33b924b43f4c46686cf0f10dfcc9f""}]"	bf9517b24999293d76376373198192c355fc5a22824706a9d1c4936237b2164e	bf9517b24999293d76376373198192c355fc5a22824706a9d1c4936237b2164e	0	0	0	json;immutable_fields;text_consistency;content_evidence;revision_replay;idempotence	电影配乐博客开场后分别讨论Williams、Zimmer、谭盾再总结，电影名和引语保持各自论述段。
659	public/pep-english/lessons/pephr3/001.json	pep-english	pephr3-001	Why Do We Celebrate Festivals?	passed_unchanged	Codex	2026-10-07T07:30:18+00:00	"[{""path"":""content/article-review/history/efce75b8f32290b2445bef67f4b21a41dc09694105ef2a604b18e9c42efe2dc7.json"",""locator"":""display: complete published JSON baseline; contextual segmentation review only"",""checked"":true,""sha256"":""dca5bdfa387dba3d45318fe5a154f882667134d9561bf3a85cdfcda7985585ef""}]"	6a3d35545b968f5a74a733264960beedab2c7d9aa77efb72c5499d3250f7480a	6a3d35545b968f5a74a733264960beedab2c7d9aa77efb72c5499d3250f7480a	0	0	0	json;immutable_fields;text_consistency;content_evidence;revision_replay;idempotence	节日文章依次讨论共同精神、丰收节、习俗变化、商业化及社会意义，五段完整保留。
660	public/pep-english/lessons/pephr3/002.json	pep-english	pephr3-002	Which Festival Is the Best?	passed_unchanged	Codex	2026-10-07T07:30:19+00:00	"[{""path"":""content/article-review/history/b6c0ba084e5bb05e1ccd61311dd994234e2f23f158ef2de31bd0ac34ef240bee.json"",""locator"":""display: complete published JSON baseline; contextual segmentation review only"",""checked"":true,""sha256"":""155b1b2be385d8f1b8c0d94e234fa51c93f11b6d3c98944352184ef04c339126""}]"	e38f36bffdb6822a3075928ae90ff66c68d978366ddbb6dd2352a9fec23aea68	e38f36bffdb6822a3075928ae90ff66c68d978366ddbb6dd2352a9fec23aea68	0	0	0	json;immutable_fields;text_consistency;content_evidence;revision_replay;idempotence	四位网友分别谈嘉年华、春节、感恩节、圣诞节，每条用户名时间标题及回复完整保留。
661	public/pep-english/lessons/pephr3/003.json	pep-english	pephr3-003	Joe and Song Lin Talk About Chinese New Year	passed_edited	Codex	2026-10-07T07:30:19+00:00	"[{""path"":""content/article-review/history/36641bab1c27493dfb9f023ed1a6544ce134a1ba6a069ee9b67b922c51c98402.json"",""locator"":""display: complete published JSON baseline; contextual segmentation review only"",""checked"":true,""sha256"":""eb017bf33cb55d0b9dfa9a08a0c2af931ea5a5cb06014392cf8598dd1246e89b""}]"	12b1d41b9f0b632e3e166103be1e8260a20493722e21ef0d93cc85c87dc06164	b1ee278ca18fb0f0edc4dece83fbdfe7385b9e8d70bf40084f3eda8f5db147df	0	1	0	json;immutable_fields;text_consistency;content_evidence;revision_replay;idempotence	Joe与Song Lin春节体验五轮对话拆分，烟花感受及传统解释保持原轮次。
662	public/pep-english/lessons/pephr3/004.json	pep-english	pephr3-004	My Amazing Naadam Experience	passed_unchanged	Codex	2026-10-07T07:30:19+00:00	"[{""path"":""content/article-review/history/dc11b7b0aa3efe06f82eba78e0d560af6087dcd631b4cf4086e52ddd2c31908b.json"",""locator"":""display: complete published JSON baseline; contextual segmentation review only"",""checked"":true,""sha256"":""85d27b81dabbfb5feb213ba4bcd0ccadc53f53940dc40bf531d4b7faf6aa3f69""}]"	2b45be93323e241ff120a62c4bc53e234c5ab45763f6bf374260679ce1dc30bc	2b45be93323e241ff120a62c4bc53e234c5ab45763f6bf374260679ce1dc30bc	0	0	0	json;immutable_fields;text_consistency;content_evidence;revision_replay;idempotence	那达慕体验按背景、首日见闻、摔跤、赛马、回家感受五段组织，骑马引语不拆碎。
663	public/pep-english/lessons/pephr3/005.json	pep-english	pephr3-005	The Laba Festival and Laba Porridge	passed_unchanged	Codex	2026-10-07T07:30:19+00:00	"[{""path"":""content/article-review/history/07c0f6f076826173829e8fdef27f7056e66551fd41173ff7ce6141406ec6e18c.json"",""locator"":""display: complete published JSON baseline; contextual segmentation review only"",""checked"":true,""sha256"":""c267b448bf67e7fdc5cb48cae4f43f22f7ef5ffcc70387f57d54c5d874c419a2""}]"	db44a65226b8f5b2b96ea08e9f9b99673d86a1378650a17490ff26548775664e	db44a65226b8f5b2b96ea08e9f9b99673d86a1378650a17490ff26548775664e	0	0	0	json;immutable_fields;text_consistency;content_evidence;revision_replay;idempotence	腊八粥介绍、材料步骤标题、分号材料清单及四个编号步骤各自完整，保留独立步骤。
664	public/pep-english/lessons/pephr3/006.json	pep-english	pephr3-006	Mother of Ten Thousand Babies	passed_unchanged	Codex	2026-10-07T07:30:19+00:00	"[{""path"":""content/article-review/history/271e67e66f0082716ff263cd926b69eaf02b2ef369133de3c452b49e63368c4e.json"",""locator"":""display: complete published JSON baseline; contextual segmentation review only"",""checked"":true,""sha256"":""aba861a2765d592d7bbaf8072eb4f7f332f74509118ef33dbabe3acab8577e17""}]"	a22434daff11175aabc811969d1ae1b953aaa24ef566f3789b651aa23e2cdefd	a22434daff11175aabc811969d1ae1b953aaa24ef566f3789b651aa23e2cdefd	0	0	0	json;immutable_fields;text_consistency;content_evidence;revision_replay;idempotence	林巧稚传记六段从信念引语至求学、任职、战时行医、新中国贡献、晚年，保留自然段及原引语。
665	public/pep-english/lessons/pephr3/007.json	pep-english	pephr3-007	Henry Norman Bethune	passed_unchanged	Codex	2026-10-07T07:30:19+00:00	"[{""path"":""content/article-review/history/3d78f6a548b65c3c1113bcc06172984f59b4216e64c51a4a8eb5341fb24c9e74.json"",""locator"":""display: complete published JSON baseline; contextual segmentation review only"",""checked"":true,""sha256"":""fd25d93f23c477c4c49583ba408842081aa6655ccd6c5209ded015bfedc48b20""}]"	a0df67dd88ab1200c037b78ab373ed17c05e406e2205838899587f7dcc283d99	a0df67dd88ab1200c037b78ab373ed17c05e406e2205838899587f7dcc283d99	0	0	0	json;immutable_fields;text_consistency;content_evidence;revision_replay;idempotence	白求恩生平单段按学习、医疗创新、援华、去世与纪念连续叙述，保留完整段。
666	public/pep-english/lessons/pephr3/008.json	pep-english	pephr3-008	The Stone in the Road	passed_unchanged	Codex	2026-10-07T07:30:19+00:00	"[{""path"":""content/article-review/history/c1356967282b3342071bab41349a981b9f147b6a7f6e972954831755945d039b.json"",""locator"":""display: complete published JSON baseline; contextual segmentation review only"",""checked"":true,""sha256"":""43157a0f6d19a4a6e5df23da0f06c0e99b66fff216b8a8095300dffb55b8b8a6""}]"	b7b1ee5fd954dba2b1548561628ce4c3f449f0c6f13bfbdbe6c502a6ecca317f	b7b1ee5fd954dba2b1548561628ce4c3f449f0c6f13bfbdbe6c502a6ecca317f	0	0	0	json;immutable_fields;text_consistency;content_evidence;revision_replay;idempotence	路中石头寓言九段按国王设局、不同路人、小女孩行动和奖赏推进，叙述内引语保留，结尾人物发言分段合理。
667	public/pep-english/lessons/pephr3/009.json	pep-english	pephr3-009	Thankfulness	passed_unchanged	Codex	2026-10-07T07:30:20+00:00	"[{""path"":""content/article-review/history/dfd230de13d4ad4d082184bb7ee60f1c3431bfc13f4b0154bc52a7cbf78e2cb8.json"",""locator"":""display: complete published JSON baseline; contextual segmentation review only"",""checked"":true,""sha256"":""412475bca38fbc16cbf5a63d61ca92c5b4aa4e9a315a0d46a08012b18c02d1bd""}]"	16a96131372163f03c61dd3465eb3d5af4422d1b8159ef8d48ebb4cc53f17e3c	16a96131372163f03c61dd3465eb3d5af4422d1b8159ef8d48ebb4cc53f17e3c	0	0	0	json;immutable_fields;text_consistency;content_evidence;revision_replay;idempotence	感恩定义、三组小标题与各条谚语引文均为独立项目，保留标题与引文边界。
668	public/pep-english/lessons/pephr3/010.json	pep-english	pephr3-010	Native Americans in California	passed_unchanged	Codex	2026-10-07T07:30:20+00:00	"[{""path"":""content/article-review/history/8ce41cb9907440db6f188e3a3f47f732bb943912cb7d568c2077dfe32b67c133.json"",""locator"":""display: complete published JSON baseline; contextual segmentation review only"",""checked"":true,""sha256"":""9bc3c3d922f17000612e426f25cdbafe2b278c9cd19dd85517c565a2b07492d3""}]"	285fd34320ed3a27ade0a231734fd280c6ef55ad30b43fd2e640d58445c9f573	285fd34320ed3a27ade0a231734fd280c6ef55ad30b43fd2e640d58445c9f573	0	0	0	json;immutable_fields;text_consistency;content_evidence;revision_replay;idempotence	加州原住民迁徙、受迫害及今日分布构成完整历史说明短段，保留。
669	public/pep-english/lessons/pephr3/011.json	pep-english	pephr3-011	Wednesday, 21 June: San Francisco	passed_unchanged	Codex	2026-10-07T07:30:20+00:00	"[{""path"":""content/article-review/history/9906945bfe80b9640d4041677163413ff476a6136634f05c8f8001f282de5e81.json"",""locator"":""display: complete published JSON baseline; contextual segmentation review only"",""checked"":true,""sha256"":""ca1b7274503b1cffd52927ef5247c56021424fa962af822ddb60fd70a2cd5d1b""}]"	5fbd5b0e5cbd4963578080ba391e7dc2ac526c600e4b2621a8949dd24c17456d	5fbd5b0e5cbd4963578080ba391e7dc2ac526c600e4b2621a8949dd24c17456d	0	0	0	json;immutable_fields;text_consistency;content_evidence;revision_replay;idempotence	旧金山日记按回城、Mission区、下午博物馆、晚餐和次日计划五段组织，保留多句见闻段。
670	public/pep-english/lessons/pephr3/012.json	pep-english	pephr3-012	Recommendations for Visiting Guizhou	passed_edited	Codex	2026-10-07T07:30:20+00:00	"[{""path"":""content/article-review/history/38d64f7309095ad894d7ebf5087e1ddfe76341dee7c7412dbe1c77aaf95d1887.json"",""locator"":""display: complete published JSON baseline; contextual segmentation review only"",""checked"":true,""sha256"":""91c616237cbed6cf3a24ac0d230dbc203716149533dca8b83b100872bb772937""}]"	b6a3fae15c5a894f0938df35698c67508ff21c6e60ff0ecf50976fd2113f4784	b6b4bfaea7dfcd54e9f1d396d59cbfdb05a63463b7411dcef70749a8ef41705b	0	1	0	json;immutable_fields;text_consistency;content_evidence;revision_replay;idempotence	Justin与Linlin贵州建议九轮对话按角色拆分，黄果树与民族村寨介绍各留本轮。
671	public/pep-english/lessons/pephr3/013.json	pep-english	pephr3-013	Welcome to Chinatown!	passed_unchanged	Codex	2026-10-07T07:30:20+00:00	"[{""path"":""content/article-review/history/d90fe974cfc316afd8d58272767474d6bd5df0ca18d140a9a1ed85f7fb4e85a8.json"",""locator"":""display: complete published JSON baseline; contextual segmentation review only"",""checked"":true,""sha256"":""e1c3866df4fbb4917b1062d5f98f28d4c76dbdd1e52f1fdd402f38e6be946ffc""}]"	2c66fe54998baa6f8b2642f2fa3e281aa864b12e0565c512995123488d7edbdc	2c66fe54998baa6f8b2642f2fa3e281aa864b12e0565c512995123488d7edbdc	0	0	0	json;immutable_fields;text_consistency;content_evidence;revision_replay;idempotence	唐人街介绍六段分别总览、历史人口、建筑景点、购物、中餐、文化价值，边界完整。
672	public/pep-english/lessons/pephr3/014.json	pep-english	pephr3-014	Regional Music in the United States	passed_edited	Codex	2026-10-07T07:30:20+00:00	"[{""path"":""content/article-review/history/7cd9e1457e9c05d691138966e1d979f1a0626ea0e224ab7bbc22be7dc9299917.json"",""locator"":""display: complete published JSON baseline; contextual segmentation review only"",""checked"":true,""sha256"":""4217d92e9c87355ea99663dd72118f53c6aa7a064549408cdf95c9f20f04fead""}]"	6e849b07f04cad7ca91b8c163dab62ea7825870bf5aa71e63039154a25033fcb	2ae46993e7d9797233ec452a17333dc0c1054a1fa0b3c1ae6687e657cf50be4d	0	1	0	json;immutable_fields;text_consistency;content_evidence;revision_replay;idempotence	美国地方音乐九轮A/B问答拆分，南方文化与音乐类型清单保留发言内部。
673	public/pep-english/lessons/pephr3/015.json	pep-english	pephr3-015	Questions for Captain Brown	passed_edited	Codex	2026-10-07T07:30:20+00:00	"[{""path"":""content/article-review/history/4c15af90ae6aec1637a74495c0ca5e5c5049acac753bea3c6f9d1eb86ef0c026.json"",""locator"":""display: complete published JSON baseline; contextual segmentation review only"",""checked"":true,""sha256"":""69e1133a0b3ec3f3691ba62444118600e1a433f6b816638746a6ae902580903a""}]"	b5d7a103cb9decd6fdfe8ccd0b5cd4a6936b78ca0407dc7eb7995aa9ff69a628	e6091964de19c98854df1ee164966793f79cfc0528e3676cf165da48b7263f08	0	1	0	json;immutable_fields;text_consistency;content_evidence;revision_replay;idempotence	见宇航员前的A/B/C五轮讨论拆分，日常设施和睡眠提问保留各轮多句。
674	public/pep-english/lessons/pephr3/016.json	pep-english	pephr3-016	Is Exploring Space a Waste of Time and Money?	passed_unchanged	Codex	2026-10-07T07:32:21+00:00	"[{""path"":""content/article-review/history/d12db37215368224dc55df12ba9ad81f803fc8e65e71befdea69937120c608e7.json"",""locator"":""display: complete published JSON baseline; contextual segmentation review only"",""checked"":true,""sha256"":""e0a013224389270014078d2b5c95bc681359a15285b03d012aa9cf820ac795dd""}]"	b7f80f38e95c653dc9ceb1cf908bf6b821e4c31bb152de84ccc43f0d3425c4e7	b7f80f38e95c653dc9ceb1cf908bf6b821e4c31bb152de84ccc43f0d3425c4e7	0	0	0	json;immutable_fields;text_consistency;content_evidence;revision_replay;idempotence	太空探索论证按争议引入、粮食、技术、资源与移居、结论五段，保留论点和例证的完整段。
675	public/pep-english/lessons/pephr3/017.json	pep-english	pephr3-017	The Million Pound Bank Note — Act 1, Scene 3	passed_edited	Codex	2026-10-07T07:32:21+00:00	"[{""path"":""content/article-review/history/c77be1aae8da0399ef3b0b2c3c6a178a3f391e23d8916b9f358957d9380c3b17.json"",""locator"":""display: complete published JSON baseline; contextual segmentation review only"",""checked"":true,""sha256"":""ae8ee4622d5068d762e90f910e5cebf149327b23c71db0d920f9dd7a185a8693""}]"	0a4c0b7974239909ae4f916674ada32f34c2c15a2365d664cb06b84f16f0c667	b80aa2dcaab31ff0e0d2f94909e8410c192f7572ee1edfaae59ecd5581e4fce5	0	1	0	json;immutable_fields;text_consistency;content_evidence;revision_replay;idempotence	百万英镑第一幕第三场原一块含旁白、对话与独立舞台指示；依现有明确行界拆成独立戏剧单元，轮内动作说明不拆。
676	public/pep-english/lessons/pephr3/018.json	pep-english	pephr3-018	Should Roderick and Oliver Give Henry the Money?	passed_edited	Codex	2026-10-07T07:32:21+00:00	"[{""path"":""content/article-review/history/8ed78ae32ffaee5a4b49c77b89aa6fe4cf2436776a3dfa23d4736e0306027ffa.json"",""locator"":""display: complete published JSON baseline; contextual segmentation review only"",""checked"":true,""sha256"":""4154c3c5e49f9de284989f0745350f522768807b81acc747a9cdbf6a13293e20""}]"	59acf6c74b17127d47116436093dcf6e04eb9b6cf1532bdae361ee6a26f80b07	17eebd7b859376ae618047a7463249cf06d1da684e75ef80edca04f6e2a730f8	0	1	0	json;immutable_fields;text_consistency;content_evidence;revision_replay;idempotence	对给Henry钱的行为评价五轮问答逐轮拆分，保留末尾省略号。
677	public/pep-english/lessons/pephr3/019.json	pep-english	pephr3-019	The Million Pound Bank Note — Act 2, Scene 1	passed_edited	Codex	2026-10-07T07:32:21+00:00	"[{""path"":""content/article-review/history/a3f36004909940411d0b57c5502f7fa4c16919945db001faf5879e280ae8613b.json"",""locator"":""display: complete published JSON baseline; contextual segmentation review only"",""checked"":true,""sha256"":""b5201efda8d3f405d0185c81e127296d720404397bd33a33bfcb4b678c335262""}]"	e7bce5458bc4b1611f18c41a212d3dd6906f4092c6794df2fdec35375c708432	9987f68f2f50d18151b57017056e6177b64a6349396f4b99ce39100365e9c690	0	1	0	json;immutable_fields;text_consistency;content_evidence;revision_replay;idempotence	百万英镑裁缝店一场原同块包含旁白、店员与店主发言及转场指示；按现有行界拆分，各长轮完整保留。
678	public/pep-english/lessons/pephr3/020.json	pep-english	pephr3-020	The Chinese Spring Festival	passed_unchanged	Codex	2026-10-07T07:32:21+00:00	"[{""path"":""content/article-review/history/e298d48b963b07ca3665b9a99f420d819d249e02053b5fff5bb3fe6979cc4f1f.json"",""locator"":""display: complete published JSON baseline; contextual segmentation review only"",""checked"":true,""sha256"":""1316c8112fc66f02bf043bd91f68b2d0d5fe65926ebf2f67fa867f22c78f7e4e""}]"	b24270bdfdc33b3b97d47d10e28ecfe739015858f7608223fb43010906761a43	b24270bdfdc33b3b97d47d10e28ecfe739015858f7608223fb43010906761a43	0	0	0	json;immutable_fields;text_consistency;content_evidence;revision_replay;idempotence	春节介绍按总介、节前准备团圆、年内活动、文化意义四段，保留多句完整说明。
679	public/pep-english/lessons/pephr3/021.json	pep-english	pephr3-021	Winter Carnival in Quebec	passed_unchanged	Codex	2026-10-07T07:32:21+00:00	"[{""path"":""content/article-review/history/563aefd723707cf2ddd4b9ad7081bbf1abb1788b86aabcc1734d85d2e829b38e.json"",""locator"":""display: complete published JSON baseline; contextual segmentation review only"",""checked"":true,""sha256"":""e88a267b579a93e54eab164c43d9cfa5da6aaa3cfb2ccdaeb309abcdb65ffe20""}]"	1d9f643dc5f5123a18fca74bfaca27028887ced45cbe46a6bb1d3fda9c021ae6	1d9f643dc5f5123a18fca74bfaca27028887ced45cbe46a6bb1d3fda9c021ae6	0	0	0	json;immutable_fields;text_consistency;content_evidence;revision_replay;idempotence	魁北克冬季嘉年华由咖啡馆场景、总介及滑雪、划船、雪橇、冰屋、夜间、休息八段构成，各活动单元保留。
680	public/pep-english/lessons/pephr3/022.json	pep-english	pephr3-022	The Taxi Ride I'll Never Forget	passed_unchanged	Codex	2026-10-07T07:32:22+00:00	"[{""path"":""content/article-review/history/6f843ca59e9a7eca8bd391942d55c56fc80d818b7befc5e801edfe826de93ac1.json"",""locator"":""display: complete published JSON baseline; contextual segmentation review only"",""checked"":true,""sha256"":""76b0f0abba936a289262a95997144f10bdd626c340beab925abf303c75fe8b5f""}]"	dc0b021add6ac8274ca47241f76de413d337ef7076e6f2ed65b8828fdf8a32aa	dc0b021add6ac8274ca47241f76de413d337ef7076e6f2ed65b8828fdf8a32aa	0	0	0	json;immutable_fields;text_consistency;content_evidence;revision_replay;idempotence	出租车夜行故事十八段兼叙述与人物对白，短段有独立说话和情绪功能，保留原轮次及末尾感悟段。
681	public/pep-english/lessons/pephr3/023.json	pep-english	pephr3-023	Symbols of American Culture	passed_unchanged	Codex	2026-10-07T07:32:22+00:00	"[{""path"":""content/article-review/history/aab0c043acc3c7cf6c37e637b524954248319e7f089f7fc90c03f2af4fab6ce4.json"",""locator"":""display: complete published JSON baseline; contextual segmentation review only"",""checked"":true,""sha256"":""391b703b6a01ebdff7f16a38d639a9915a3f6b02b7723b05b082c10540022c12""}]"	920705c5d2ed939bf56bd0f638ccc52b136a62936e090170edeadaa0e6797913	920705c5d2ed939bf56bd0f638ccc52b136a62936e090170edeadaa0e6797913	0	0	0	json;immutable_fields;text_consistency;content_evidence;revision_replay;idempotence	美国文化符号五段为引言、快餐、棒球、爵士及其他符号，论述段与事例连贯保留。
682	public/pep-english/lessons/pephr3/024.json	pep-english	pephr3-024	New Zealand and Maori Culture — The Land of the Long White Cloud	passed_unchanged	Codex	2026-10-07T07:32:22+00:00	"[{""path"":""content/article-review/history/9b752fe5f766829c01c094bc041f19b1595aa7500783ea3fe4d43ebee68de882.json"",""locator"":""display: complete published JSON baseline; contextual segmentation review only"",""checked"":true,""sha256"":""eb68827718fd765c5701dfd8ffcc503f9a141030fb1b3faf03336f18e3731927""}]"	6fbe2827c014d40376e0d222b90cf9578391ac5f6e98c3b12f9032d937353800	6fbe2827c014d40376e0d222b90cf9578391ac5f6e98c3b12f9032d937353800	0	0	0	json;immutable_fields;text_consistency;content_evidence;revision_replay;idempotence	毛利文化以起源引入、雕刻工艺、舞蹈、纹身、总结五段，毛利词语序列保留在对应说明内。
683	public/pep-english/lessons/pephr3/025.json	pep-english	pephr3-025	Homes on Mars?	passed_unchanged	Codex	2026-10-07T07:32:22+00:00	"[{""path"":""content/article-review/history/ab8a972de4830ddf97ecbc716de09a90420060380117d90686b2e54dde72ea24.json"",""locator"":""display: complete published JSON baseline; contextual segmentation review only"",""checked"":true,""sha256"":""970af7fad7462f9fcde19d4050893ce3b8288ebd802c077bbda57b3294e0de86""}]"	78d7fdb5bbed8a9c539d09913e2819c157263bb7ffda1f4fe55ffba3d2707c12	78d7fdb5bbed8a9c539d09913e2819c157263bb7ffda1f4fe55ffba3d2707c12	0	0	0	json;immutable_fields;text_consistency;content_evidence;revision_replay;idempotence	火星居住四段分别论观点、环境改造、身心健康、组织计划与费用，保留自然段。
684	public/pep-english/lessons/pephr3/026.json	pep-english	pephr3-026	What Is the Big Bang Theory?	passed_unchanged	Codex	2026-10-07T07:32:22+00:00	"[{""path"":""content/article-review/history/afedaf9a4df706776d4b692f70e69c7076b434298df1998d937856b1b4017afa.json"",""locator"":""display: complete published JSON baseline; contextual segmentation review only"",""checked"":true,""sha256"":""9f2d1a6eafd649384579e45febef4d15c568e03a59872bc7ccda626ce73cde9e""}]"	c78bbcaed7daa77dcc873382e68ef9928e88971c5a5ad86abaeece3d1eaf812a	c78bbcaed7daa77dcc873382e68ef9928e88971c5a5ad86abaeece3d1eaf812a	0	0	0	json;immutable_fields;text_consistency;content_evidence;revision_replay;idempotence	大爆炸定义、初始状态、膨胀降温及意义为完整科普单段，保留。
685	public/pep-english/lessons/pephr3/027.json	pep-english	pephr3-027	What Is the Hubble Space Telescope?	passed_unchanged	Codex	2026-10-07T07:32:22+00:00	"[{""path"":""content/article-review/history/56d28aa317e601ede110ed903a102411f51e0c8e3b8874b3d61ac6ef4babf433.json"",""locator"":""display: complete published JSON baseline; contextual segmentation review only"",""checked"":true,""sha256"":""4f4ab065ddf3ab4674643c5c6f56946995c2f5fd4787d85ff626b09b058b21f7""}]"	cae9d0da8f47569944f1644c7bb58b11b08a3d66acceba1823d3cea3bbc7223d	cae9d0da8f47569944f1644c7bb58b11b08a3d66acceba1823d3cea3bbc7223d	0	0	0	json;immutable_fields;text_consistency;content_evidence;revision_replay;idempotence	哈勃望远镜设备、轨道优势、测量成就为完整说明单段，保留。
686	public/pep-english/lessons/pephr3/028.json	pep-english	pephr3-028	What Is FAST?	passed_unchanged	Codex	2026-10-07T07:32:22+00:00	"[{""path"":""content/article-review/history/70d215297e0e9336caac122a50d4fb24f49dfbfdbbada7b6c058856fda22b0c9.json"",""locator"":""display: complete published JSON baseline; contextual segmentation review only"",""checked"":true,""sha256"":""d34ea28c812cd9332338c35f504573dadbd59226c9a90839a65bc2116b139989""}]"	47661310fba6ce0f36f40b23d84f9c0067f51f824a9321edd3743ff086a4f3b5	47661310fba6ce0f36f40b23d84f9c0067f51f824a9321edd3743ff086a4f3b5	0	0	0	json;immutable_fields;text_consistency;content_evidence;revision_replay;idempotence	FAST地点、使用时间、口径与科学用途连贯成段，保留现有单段。
687	public/pep-english/lessons/pephr3/029.json	pep-english	pephr3-029	What Is a Quantum Satellite?	passed_unchanged	Codex	2026-10-07T07:32:22+00:00	"[{""path"":""content/article-review/history/8206eabc11896271e9a2430709f7c3acb7f6aea0e2a5afe0c07ed2cdef970931.json"",""locator"":""display: complete published JSON baseline; contextual segmentation review only"",""checked"":true,""sha256"":""fb1e3248abe8466deb04e3306bce78a12139b9f2cf628c03bb286d9f909ec385""}]"	8d0486101de72ba0405011f38a4318623450bcfac6442ecf7fac7f0e05c61948	8d0486101de72ba0405011f38a4318623450bcfac6442ecf7fac7f0e05c61948	0	0	0	json;immutable_fields;text_consistency;content_evidence;revision_replay;idempotence	量子卫星发射、粒子关联通信和安全性组成完整短说明，保留原文无事实改写。
688	public/pep-english/lessons/pephr3/030.json	pep-english	pephr3-030	The Million Pound Bank Note — Act 2, Scene 3	passed_edited	Codex	2026-10-07T07:32:23+00:00	"[{""path"":""content/article-review/history/8a9680c4b5cdb46648f5a2d9c959c247ae428f0b04ddc79e840c295677df0863.json"",""locator"":""display: complete published JSON baseline; contextual segmentation review only"",""checked"":true,""sha256"":""326f357d3cea03e937608d6256d8f32c8ec2287fbf7479ef2d3ebdec635c63ac""}]"	37d1fe7502a3068e3fe4a1fea841188958579979e6d2e631c24024cde489913c	a7acc3171e6e574834b7b7ac2f017a47d652b0c64d8a9342edbffa3b52c2ca32	0	1	0	json;immutable_fields;text_consistency;content_evidence;revision_replay;idempotence	百万英镑第二幕第三场含开结旁白、角色轮次和两处独立舞台指示，按已有行界拆块，保留求婚与结尾叙述。
689	public/pep-english/lessons/pephr3/031.json	pep-english	pephr3-031	My Uncle Jules (Adapted)	passed_unchanged	Codex	2026-10-07T07:32:23+00:00	"[{""path"":""content/article-review/history/9908095d8334c3950286652c4f6b1a6fd607ab3aa63e2e584b62c3323ca5d9d4.json"",""locator"":""display: complete published JSON baseline; contextual segmentation review only"",""checked"":true,""sha256"":""3644ad3572d4e14d71bc7d8713dd05b8af02f21ef418023bf42ee7c0573fbca4""}]"	8e2f5014d7bdc0113d9cfc2b371e71f6980966ca640f7cc47bc4d0829c8bae70	8e2f5014d7bdc0113d9cfc2b371e71f6980966ca640f7cc47bc4d0829c8bae70	0	0	0	json;immutable_fields;text_consistency;content_evidence;revision_replay;idempotence	于勒改编十六段分隔家庭背景、希望、旅途及相认时对话，叙述引语与人物轮次完整，保留原边界。
690	public/pep-english/lessons/pephs1/001.json	pep-english	pephs1-001	Tu Youyou Awarded Nobel Prize	passed_unchanged	Codex	2026-10-07T07:32:23+00:00	"[{""path"":""content/article-review/history/69624cc622e28d07d89c4dc0810e7521adafe68b6454b670abef3b6f14a79918.json"",""locator"":""display: complete published JSON baseline; contextual segmentation review only"",""checked"":true,""sha256"":""0f4f57c484e679978bfa6076f059052e24d8aada36a7610dea9605f603ab368c""}]"	77e95f645c82f3558a75efe84221da7f61de167c666962440a8c5e21848ef82e	77e95f645c82f3558a75efe84221da7f61de167c666962440a8c5e21848ef82e	0	0	0	json;immutable_fields;text_consistency;content_evidence;revision_replay;idempotence	屠呦呦报道五段依获奖意义、经历与团队研究、提取难题、成功试验、获奖感言组织，完整保留。
691	public/pep-english/lessons/pephs1/002.json	pep-english	pephs1-002	The Man Who Changed Our Understanding of the Universe	passed_unchanged	Codex	2026-10-07T07:32:23+00:00	"[{""path"":""content/article-review/history/ae2e59e9078fa8610436338716094ffaf7887406ff8282524958052a0c7b4d48.json"",""locator"":""display: complete published JSON baseline; contextual segmentation review only"",""checked"":true,""sha256"":""ad84683e84d75e504deb848119d4108f7dbe32482ad07a724682539b0d3f4df4""}]"	c2008856aa98a860526dec5d6ef36e1f89c524f5e755431cfb3c1b694839479f	c2008856aa98a860526dec5d6ef36e1f89c524f5e755431cfb3c1b694839479f	0	0	0	json;immutable_fields;text_consistency;content_evidence;revision_replay;idempotence	爱因斯坦传记六段概述、求学、职业科研、流亡、性格轶事与逝世各自完整，保留。
692	public/pep-english/lessons/pephs1/003.json	pep-english	pephs1-003	Cao Xueqin Biography	passed_unchanged	Codex	2026-10-07T07:32:23+00:00	"[{""path"":""content/article-review/history/404f8087b0defa9b14f3cbacb8cc32f3d696088ead176c9826d95a667a16de56.json"",""locator"":""display: complete published JSON baseline; contextual segmentation review only"",""checked"":true,""sha256"":""82cf7ded6bbc50f7651bf2b67e28043fda0c2caf6b51c1aebb6982cc8719df51""}]"	3f4f587f8d5a99b5c8572fa52a8523dbfd190666a8ab47e5d9bc5792fc220a86	3f4f587f8d5a99b5c8572fa52a8523dbfd190666a8ab47e5d9bc5792fc220a86	0	0	0	json;immutable_fields;text_consistency;content_evidence;revision_replay;idempotence	曹雪芹传简介从家境到红楼梦创作组成短单段，无需细拆。
693	public/pep-english/lessons/pephs1/004.json	pep-english	pephs1-004	The Story of My Life	passed_unchanged	Codex	2026-10-07T07:32:23+00:00	"[{""path"":""content/article-review/history/f65a63833f9a69c52a5631a1d1b4aa4f5e4132aec41385b77c5b615f5d662f83.json"",""locator"":""display: complete published JSON baseline; contextual segmentation review only"",""checked"":true,""sha256"":""3f2c39c6bc45e3bf9c141e760bb86d43349708c392b34c08dee61920ec3904bc""}]"	2d52a5a7c15d67b0d8e1ace07b6f7e559ab32babcbeee55b70cc64e513aa66b5	2d52a5a7c15d67b0d8e1ace07b6f7e559ab32babcbeee55b70cc64e513aa66b5	0	0	0	json;immutable_fields;text_consistency;content_evidence;revision_replay;idempotence	海伦凯勒自传简介两句构成完整推荐单元，保留。
694	public/pep-english/lessons/pephs1/005.json	pep-english	pephs1-005	Steve Jobs	passed_unchanged	Codex	2026-10-07T07:32:24+00:00	"[{""path"":""content/article-review/history/1cfd226ca0ee81add1f73ced8c57da29e9baccf554a6991573fc4b97f5a5759c.json"",""locator"":""display: complete published JSON baseline; contextual segmentation review only"",""checked"":true,""sha256"":""3b7d17d45d536116fa7a0376d987d4961f9c3b618647dcfce35abfc35e84f4e8""}]"	9f1e4d1f34dc32f119c164c02351b7a4da38dd5780e0495b4f9e0dcfd78470a2	9f1e4d1f34dc32f119c164c02351b7a4da38dd5780e0495b4f9e0dcfd78470a2	0	0	0	json;immutable_fields;text_consistency;content_evidence;revision_replay;idempotence	乔布斯传简介把访谈依据与人物评价保持同一短段。
695	public/pep-english/lessons/pephs1/006.json	pep-english	pephs1-006	Smart Homes to Make Life Easier	passed_unchanged	Codex	2026-10-07T07:32:24+00:00	"[{""path"":""content/article-review/history/bd02bf6c808c237c77ba9d8251a877af0867d4bc15818b648a9a21dffec9b5b3.json"",""locator"":""display: complete published JSON baseline; contextual segmentation review only"",""checked"":true,""sha256"":""e28acfe72e77d838540ff2003490b0cda4fea2d8b497584ee3495a9a93b649ac""}]"	b3edb893ae3e48e200f4ef3e3d0e104c7ba135c7adcca4cde3b609b15a493aa2	b3edb893ae3e48e200f4ef3e3d0e104c7ba135c7adcca4cde3b609b15a493aa2	0	0	0	json;immutable_fields;text_consistency;content_evidence;revision_replay;idempotence	智能家居文章五段为场景引入、自动控制、健康监控、事故预防及技术现状，各例证保留本段。
696	public/pep-english/lessons/pephs1/007.json	pep-english	pephs1-007	Should We Fight New Technology?	passed_unchanged	Codex	2026-10-07T07:32:24+00:00	"[{""path"":""content/article-review/history/088f37b7920304df7331a15a779a8e81d0ec7790890c03d6ee0089efd37afeb4.json"",""locator"":""display: complete published JSON baseline; contextual segmentation review only"",""checked"":true,""sha256"":""203ccdf8641686ca0f47c7bb7ffbcb4be9280eeec624098653d8df6708f24d8d""}]"	79966eebbef04cc8df4ae5b4d73e244309011039b7ee2ae3ee8d9c94fe645d17	79966eebbef04cc8df4ae5b4d73e244309011039b7ee2ae3ee8d9c94fe645d17	0	0	0	json;immutable_fields;text_consistency;content_evidence;revision_replay;idempotence	新技术争论依无人车新闻、Amish生活、技术利益、个人态度四段，保留完整正反论述。
697	public/pep-english/lessons/pephs1/008.json	pep-english	pephs1-008	A Letter from Future Bingbing	passed_unchanged	Codex	2026-10-07T07:32:24+00:00	"[{""path"":""content/article-review/history/bb8a05ce8b3e83ab987c1f93b0971f829fcd7086d72c4c70a02016fd2252feee.json"",""locator"":""display: complete published JSON baseline; contextual segmentation review only"",""checked"":true,""sha256"":""5ddb2ac216dbfa4b257f9698267ffd0821b374d97f283c5dce4da4f1723b2f75""}]"	b9924b5a3d16d409415270633ec5bdeac592bbc4acb6bfe30723a68458f864bb	b9924b5a3d16d409415270633ec5bdeac592bbc4acb6bfe30723a68458f864bb	0	0	0	json;immutable_fields;text_consistency;content_evidence;revision_replay;idempotence	未来Bingbing书信称呼、引入、职业变化、工作利弊、宽慰、祝语和署名清楚；落款两块合法，不任意合并。
698	public/pep-english/lessons/pephs1/009.json	pep-english	pephs1-009	Sarek National Park — Europe’s Hidden Natural Treasure	passed_unchanged	Codex	2026-10-07T07:32:24+00:00	"[{""path"":""content/article-review/history/7e05bb2cdef0372d017390047018adb29264869421ed5e1c6e58ff4bb3b057d0.json"",""locator"":""display: complete published JSON baseline; contextual segmentation review only"",""checked"":true,""sha256"":""fcb5167bcad7b81ca862dacbbd349eee7c162a3b47d1d206ff51718053f6a10f""}]"	a7a456d05abf55ba0503078ea58215f110002fa921f6050427bc194eb6d555a8	a7a456d05abf55ba0503078ea58215f110002fa921f6050427bc194eb6d555a8	0	0	0	json;immutable_fields;text_consistency;content_evidence;revision_replay;idempotence	Sarek游记四段按晨起景观、公园历史、Sami传统和早餐、启程感受展开，保留叙述内多句。
699	public/pep-english/lessons/pephs1/010.json	pep-english	pephs1-010	Theme Parks — Fun and More Than Fun	passed_unchanged	Codex	2026-10-07T07:32:24+00:00	"[{""path"":""content/article-review/history/cbee469220604ab151a00b52bd558284ef78745f3b69a4428cd5ddb893589b0d.json"",""locator"":""display: complete published JSON baseline; contextual segmentation review only"",""checked"":true,""sha256"":""3f42407311d50ec69c6a286769e43b0c1ff78e9d887e3ac29e30ddd10facd010""}]"	5ec4bb0091f0b032f1e8c3bcaf0af6b5398585a2b2bb603a5817aabba4dc835b	5ec4bb0091f0b032f1e8c3bcaf0af6b5398585a2b2bb603a5817aabba4dc835b	0	0	0	json;immutable_fields;text_consistency;content_evidence;revision_replay;idempotence	主题公园总介及Disneyland、Dollywood、长隆各自一段，项目描述保留完整，不按设施列表拆碎。
700	public/pep-english/lessons/pephs1/011.json	pep-english	pephs1-011	Listening to How Bodies Talk	passed_unchanged	Codex	2026-10-07T07:32:24+00:00	"[{""path"":""content/article-review/history/9d96acd2c55b1505cb0c30456fc95ef3f786bfc48e5941ddc106ac08793460fc.json"",""locator"":""display: complete published JSON baseline; contextual segmentation review only"",""checked"":true,""sha256"":""7387c1e1a04e3dd2aee2b3a05243d37224b2f4b877b1915fc93b370b6bda6db9""}]"	245786fdaf357f662064a4abe07e131d811bc17b7909fb330b4f20f97f6fbcee	245786fdaf357f662064a4abe07e131d811bc17b7909fb330b4f20f97f6fbcee	0	0	0	json;immutable_fields;text_consistency;content_evidence;revision_replay;idempotence	肢体语言六段按总引、眼神、OK、点头接触、共同手势、微笑用途组织，保留比较与例证。
701	public/pep-english/lessons/pephs1/012.json	pep-english	pephs1-012	Life Is a Stage	passed_unchanged	Codex	2026-10-07T07:32:25+00:00	"[{""path"":""content/article-review/history/36ee60ffa1d6589428be596b8a6b8b4bdcbaf88873e6c06bdcfea1b6c535d324.json"",""locator"":""display: complete published JSON baseline; contextual segmentation review only"",""checked"":true,""sha256"":""8d0923ff0610434967ff701fc5bb74ac04b04e4f92ad63c1156534bd908cc60b""}]"	e8a4905831f4bf6060fe6e206f9f911b182277bab7a88d4475ac202ce710d9ab	e8a4905831f4bf6060fe6e206f9f911b182277bab7a88d4475ac202ce710d9ab	0	0	0	json;immutable_fields;text_consistency;content_evidence;revision_replay;idempotence	Life Is a Stage通过买牛肉故事说明动作沟通，例证与观点同一短段完整保留。
702	public/pep-english/lessons/pephs1/013.json	pep-english	pephs1-013	How Do I Know My Students?	passed_unchanged	Codex	2026-10-07T07:32:25+00:00	"[{""path"":""content/article-review/history/9897eb6c58fee67894e3e7fb8da56494988d5eb5de50af05d92f09bdbad9fd8f.json"",""locator"":""display: complete published JSON baseline; contextual segmentation review only"",""checked"":true,""sha256"":""bac0b4ede4bdebfaedb5e8074e7a8d4bde8d6dc560b5df2b1c877323ccf9b850""}]"	3115b45dd1a5812eaa50487233e16cb303287964e85f3fbb6c172f68251dbb51	3115b45dd1a5812eaa50487233e16cb303287964e85f3fbb6c172f68251dbb51	0	0	0	json;immutable_fields;text_consistency;content_evidence;revision_replay;idempotence	课堂肢体语言六段中短答My answer具有独立强调功能；兴趣、走神、困扰及教师职责各段完整保留。
703	public/pep-english/lessons/pephs1/014.json	pep-english	pephs1-014	A Pioneer for All People	passed_unchanged	Codex	2026-10-07T07:32:25+00:00	"[{""path"":""content/article-review/history/45ce761fd314f9ee7ea084bad9da3c3ef32b2959d13f079de7f0471b778cf451.json"",""locator"":""display: complete published JSON baseline; contextual segmentation review only"",""checked"":true,""sha256"":""bc7468dfd18cd11020ceb142dcd54d1b3d3131a06f99c957cafdb1f398b7ec04""}]"	2e63c3feabd4439eb6701d8554069bfbf566aa1c307b9705d2802ee3891c078b	2e63c3feabd4439eb6701d8554069bfbf566aa1c307b9705d2802ee3891c078b	0	0	0	json;immutable_fields;text_consistency;content_evidence;revision_replay;idempotence	袁隆平六段依人物概述、求学动机、杂交研发、成果、淡泊名利与梦想展开，保留完整自然段。
704	public/pep-english/lessons/pephs1/015.json	pep-english	pephs1-015	A Green Life in the Countryside	passed_unchanged	Codex	2026-10-07T07:32:25+00:00	"[{""path"":""content/article-review/history/181d56eb44ab5588cd97601a561473e5459f0f16b53ed6749fe6acc87650e63b.json"",""locator"":""display: complete published JSON baseline; contextual segmentation review only"",""checked"":true,""sha256"":""63a467cd1de2c3a93c90a511e904fbe44f3cd681239825278d0c8b2d01285cb6""}]"	5c103a36629a05acf45b0ba1d06ba7d100a7add52aa91dfcdd62fe406d6d3a74	5c103a36629a05acf45b0ba1d06ba7d100a7add52aa91dfcdd62fe406d6d3a74	0	0	0	json;immutable_fields;text_consistency;content_evidence;revision_replay;idempotence	祖父母因蔬菜品质考虑搬乡下，原因、退休决定及绿色生活同一连贯短段，保留。
705	public/pep-english/lessons/pephs1/016.json	pep-english	pephs1-016	Chemical Versus Organic Farming	passed_unchanged	Codex	2026-10-07T07:32:25+00:00	"[{""path"":""content/article-review/history/1e3c6cb76d6877d80fd739d3db3a3e08ad14b8c90c8024e273ce7a44d9bd6c9b.json"",""locator"":""display: complete published JSON baseline; contextual segmentation review only"",""checked"":true,""sha256"":""8af95f12d20a0bfe0b8209ff2b584b9bc4217e1bb49580779928dca7c85d69af""}]"	9546a45a8c3110d74438779cedf99b2ae88ea1ea295ac3d25c61cebc266c3489	9546a45a8c3110d74438779cedf99b2ae88ea1ea295ac3d25c61cebc266c3489	0	0	0	json;immutable_fields;text_consistency;content_evidence;revision_replay;idempotence	化学与有机农业五段按现状、影响、有机替代、轮作等方式及粮食需求矛盾组织，保留完整论述。
706	public/pep-english/lessons/pephs1/017.json	pep-english	pephs1-017	Huang Danian	passed_unchanged	Codex	2026-10-07T07:32:25+00:00	"[{""path"":""content/article-review/history/da1910c8cdd212a50a04bd736b0bfa409af25e4d30dbf58efa3ee3138c94a1dd.json"",""locator"":""display: complete published JSON baseline; contextual segmentation review only"",""checked"":true,""sha256"":""da0f6bff724feff361b9818ea389af17d085ba95d48637ac4b13cad449a3cfa0""}]"	476677a477ec8576a8f02ef85e88c23e8854cb22103047ea8fb0a31e8a198cd2	476677a477ec8576a8f02ef85e88c23e8854cb22103047ea8fb0a31e8a198cd2	0	0	0	json;immutable_fields;text_consistency;content_evidence;revision_replay;idempotence	黄大年三段为敬佩总述、回国科研、牺牲与评价，保留段落。
707	public/pep-english/lessons/pephs1/018.json	pep-english	pephs1-018	The Teachers of Changyu Island	passed_unchanged	Codex	2026-10-07T07:32:26+00:00	"[{""path"":""content/article-review/history/4cf29778c1a67ba1694f769934aca65268acb9c327466898bd16780e609898ac.json"",""locator"":""display: complete published JSON baseline; contextual segmentation review only"",""checked"":true,""sha256"":""c60f7e8d675e3e2f405713feb51c9316168d9b2e180631b98b2d614cd1acd913""}]"	8b70bc22dcf56af714c2fcec72519e1256cbdc4f773b1c29033efd4c0bba0a7c	8b70bc22dcf56af714c2fcec72519e1256cbdc4f773b1c29033efd4c0bba0a7c	0	0	0	json;immutable_fields;text_consistency;content_evidence;revision_replay;idempotence	长屿岛教师短文引入、岛屿困难及二十三年坚守、致谢三段明确。
708	public/pep-english/lessons/pephs1/019.json	pep-english	pephs1-019	My Mother, Liu Shurong	passed_unchanged	Codex	2026-10-07T07:32:26+00:00	"[{""path"":""content/article-review/history/903dea44ecfbbf3ad728a71b772e931de487e1e4f4aecda3e533aaac9db7a273.json"",""locator"":""display: complete published JSON baseline; contextual segmentation review only"",""checked"":true,""sha256"":""f126450867a58ea2ef9be43f479dee73ea9f3972886fc400c0caa10c0ffa0575""}]"	d3195350e36bc1219f6221d2e1c3328157e4537f0bda6e807023c1edd4bb4a78	d3195350e36bc1219f6221d2e1c3328157e4537f0bda6e807023c1edd4bb4a78	0	0	0	json;immutable_fields;text_consistency;content_evidence;revision_replay;idempotence	母亲Liu Shurong职业、为家庭付出、工作态度和影响三段自然连贯，保留。
709	public/pep-english/lessons/pephs1/020.json	pep-english	pephs1-020	Three Days to See (Adapted)	passed_unchanged	Codex	2026-10-07T07:32:26+00:00	"[{""path"":""content/article-review/history/e51ddafa8415c1c63575d1bbac8db307c0f5f0cf6d219f926683161fa84a4610.json"",""locator"":""display: complete published JSON baseline; contextual segmentation review only"",""checked"":true,""sha256"":""452493ac099cab601632e381d4a294a2992368c0903b10a0cb15ca26756341da""}]"	02c19bf36b99ce30f75c41a898f3193fc7e4c65c8546d96c6e990bceb677412e	02c19bf36b99ce30f75c41a898f3193fc7e4c65c8546d96c6e990bceb677412e	0	0	0	json;immutable_fields;text_consistency;content_evidence;revision_replay;idempotence	假如给我三天光明十二段从感官珍惜、触觉体验到三日设想和劝告，保留各论述转折及首日多个自然段。
710	public/pep-english/lessons/pephs1/021.json	pep-english	pephs1-021	Cloning: Where Is It Leading Us?	passed_unchanged	Codex	2026-10-07T07:32:26+00:00	"[{""path"":""content/article-review/history/54e8ba1dc2d2b3cee74bbd1742dddb01fafb587f496998780f63e0f832173db9.json"",""locator"":""display: complete published JSON baseline; contextual segmentation review only"",""checked"":true,""sha256"":""434b6144df4f7100dcdbbd810b29be4b60fc1d4c805a9465327de96e9c50d755""}]"	875870304f4ef1d324d4543fcbd376cae4d6a174ca49ee8b68150312b54ece53	875870304f4ef1d324d4543fcbd376cae4d6a174ca49ee8b68150312b54ece53	0	0	0	json;immutable_fields;text_consistency;content_evidence;revision_replay;idempotence	克隆六段介绍定义、用途、羊克隆步骤、未来用途、伦理问题、总结；过程多句为完整说明段，保留。
711	public/pep-english/lessons/pephs1/022.json	pep-english	pephs1-022	Our Greatest Adventure	passed_unchanged	Codex	2026-10-07T07:32:26+00:00	"[{""path"":""content/article-review/history/450f07eb08cbf3a9a7fde3059a8e88d9c522e0e080e641642eda277f30e6b8ee.json"",""locator"":""display: complete published JSON baseline; contextual segmentation review only"",""checked"":true,""sha256"":""2e966a11f589973578cd07575c94961d05acd1792dd324c74f01ba369e5f31a9""}]"	9f2e28a9e0d61830f0c0f6825f5a44ab8da01c5e03d2843939872b43845744aa	9f2e28a9e0d61830f0c0f6825f5a44ab8da01c5e03d2843939872b43845744aa	0	0	0	json;immutable_fields;text_consistency;content_evidence;revision_replay;idempotence	未来科技八段从预测局限到穿戴、虚拟现实、医疗、意念机械、延寿和总结，保留完整主题段。
712	public/pep-english/lessons/pephs1/023.json	pep-english	pephs1-023	A Holiday in Shangri-La	passed_unchanged	Codex	2026-10-07T07:32:27+00:00	"[{""path"":""content/article-review/history/67c73cb31f597349658f5c17585113fb505ff2564cf5dbac31b6ef6cc71a7975.json"",""locator"":""display: complete published JSON baseline; contextual segmentation review only"",""checked"":true,""sha256"":""09771a87a2abcd093076c1f9c1ad02f3f71f6546df0fd5a2b8ef011eddf4ded9""}]"	6754b5747abc8b19d8f59422df7338fe588c3fb7e8b56386152c9136528b17f2	6754b5747abc8b19d8f59422df7338fe588c3fb7e8b56386152c9136528b17f2	0	0	0	json;immutable_fields;text_consistency;content_evidence;revision_replay;idempotence	香格里拉书信全文复核含Potatso全景及生物多样性段，称呼、行程、两湖、次日计划、落款十一块均合理。
713	public/pep-english/lessons/pephs1/024.json	pep-english	pephs1-024	National Parks—A Treasure House for Future Generations	passed_unchanged	Codex	2026-10-07T07:32:27+00:00	"[{""path"":""content/article-review/history/018b0a1f1f8a61c3b8aba1b25606cbcd0442058c547320ab145876678e48ab27.json"",""locator"":""display: complete published JSON baseline; contextual segmentation review only"",""checked"":true,""sha256"":""230361004a8f178f1269ed1db9aaca1743e81512c834ab0d806290addf6dc71a""}]"	6aef76ba653c212cd7ce0f8cf030f0a524acdd08ddc2cfb67fcfe772d78735d7	6aef76ba653c212cd7ce0f8cf030f0a524acdd08ddc2cfb67fcfe772d78735d7	0	0	0	json;immutable_fields;text_consistency;content_evidence;revision_replay;idempotence	国家公园六段总述及黄石、Serengeti、大堡礁、三江源和保护结论；各公园长段保持完整。
714	public/pep-english/lessons/pephs1/025.json	pep-english	pephs1-025	Animal Body Language	passed_unchanged	Codex	2026-10-07T07:32:27+00:00	"[{""path"":""content/article-review/history/d0dd0735650ae9a10a098b230b7445c732a0177d5aaf189f5839843ccd8e2e8e.json"",""locator"":""display: complete published JSON baseline; contextual segmentation review only"",""checked"":true,""sha256"":""8362804c3a0479a1deefd7c52c8ac26e3cc0ca94dbf402b072db9b06e5501589""}]"	ae176aaeabdc42e51344ce901bb95d2e4fe1246575904a9d6529e1af2bccc489	ae176aaeabdc42e51344ce901bb95d2e4fe1246575904a9d6529e1af2bccc489	0	0	0	json;immutable_fields;text_consistency;content_evidence;revision_replay;idempotence	动物肢体语言引言后按狗、大象、海豚各为完整介绍段，动作与情绪例证不拆碎。
715	public/pep-english/lessons/pephs1/026.json	pep-english	pephs1-026	Being Funny Without Saying a Word	passed_unchanged	Codex	2026-10-07T07:32:28+00:00	"[{""path"":""content/article-review/history/966a11a3edbd454f0429a30cc0b6b8d6f2ba50883267cd9c1df4a68d46654f0c.json"",""locator"":""display: complete published JSON baseline; contextual segmentation review only"",""checked"":true,""sha256"":""3e3738d40a493c4738a52d41a60c7ad85f62fb3e69a19d7596ae4994af62a6f2""}]"	d210792e1749ab83aea738f652fd1aaa2f9b1bc0d7eea02c5f41210cfc8a8d90	d210792e1749ab83aea738f652fd1aaa2f9b1bc0d7eea02c5f41210cfc8a8d90	0	0	0	json;immutable_fields;text_consistency;content_evidence;revision_replay;idempotence	卓别林七段依影响、童年、流浪汉形象、The Kid、Gold Rush、有声电影、荣誉晚年，保留影片叙述段。
716	public/pep-english/lessons/pephs1/027.json	pep-english	pephs1-027	Better, Greener Lives Away from the City	passed_unchanged	Codex	2026-10-07T07:32:28+00:00	"[{""path"":""content/article-review/history/fab35578e620b8addac1e33945c228ef4f82791e81a2bd929869ba6d0bfefaed.json"",""locator"":""display: complete published JSON baseline; contextual segmentation review only"",""checked"":true,""sha256"":""f91cf624098edd19420e5172421b27810bc59bda91fdb937aebae4ec24a1d8c1""}]"	5e828887ba5c7046468aaa341536b3857d757615fb258caf791570fc49a0b330	5e828887ba5c7046468aaa341536b3857d757615fb258caf791570fc49a0b330	0	0	0	json;immutable_fields;text_consistency;content_evidence;revision_replay;idempotence	返乡创业四段由趋势、Li Dan案例、政府支持、家乡网络优势构成，引语与分析同段保留。
717	public/pep-english/lessons/pephs1/028.json	pep-english	pephs1-028	Amazing Methods of Agriculture	passed_unchanged	Codex	2026-10-07T07:32:28+00:00	"[{""path"":""content/article-review/history/cb8fc2a2eba5662cd72cda30b636095fdaeb910959b7d15722ffdfb815b028cc.json"",""locator"":""display: complete published JSON baseline; contextual segmentation review only"",""checked"":true,""sha256"":""1139f3cd6b2941d7851f421c063877bc35656e4ade147b4eddc31d9bc8e528ea""}]"	3e566572541715405f6388c3069e934cf0122c9ffba4f7898f683c07828db8d2	3e566572541715405f6388c3069e934cf0122c9ffba4f7898f683c07828db8d2	0	0	0	json;immutable_fields;text_consistency;content_evidence;revision_replay;idempotence	农业创新八段为传统困难、科技引入、滴灌及发现效果、水培、机械化、展望，保留技术说明的完整段落。
718	public/pep-english/lessons/pephs2/001.json	pep-english	pephs2-001	John Snow Defeats ‘King Cholera’	passed_unchanged	Codex	2026-10-07T07:32:28+00:00	"[{""path"":""content/article-review/history/34156ebbff3b3fbc2ecfc7971657d92a1ff848116209816c2f01a8dbd609f791.json"",""locator"":""display: complete published JSON baseline; contextual segmentation review only"",""checked"":true,""sha256"":""a9f87c6e454db5e109bd5c8f1f4d03b68184b0a62d7bde59de85606514b60f3d""}]"	6bc61e81bbbdac88d4f35044178dbb708a2a9b66c347e8b1c7f9cd577ab05cda	6bc61e81bbbdac88d4f35044178dbb708a2a9b66c347e8b1c7f9cd577ab05cda	0	0	0	json;immutable_fields;text_consistency;content_evidence;revision_replay;idempotence	John Snow霍乱调查五段依背景、理论、地图证据、供水证据、贡献展开，完整调查过程段保留。
719	public/pep-english/lessons/pephs2/002.json	pep-english	pephs2-002	A Non-Newtonian Fluid	passed_unchanged	Codex	2026-10-07T07:32:28+00:00	"[{""path"":""content/article-review/history/8089a530f94e4846bf24a09e52ea7aaa4adcf9f20b5d6ed9f31536c0337dfe57.json"",""locator"":""display: complete published JSON baseline; contextual segmentation review only"",""checked"":true,""sha256"":""cdb69ebfb2c7e2857c233db800195e98357bd2781ae6da3829373db4462633db""}]"	cb6ace485591cf8734e1c1bd3562a226df17bfb2197373e1fff7307081a18cd5	cb6ace485591cf8734e1c1bd3562a226df17bfb2197373e1fff7307081a18cd5	0	0	0	json;immutable_fields;text_consistency;content_evidence;revision_replay;idempotence	非牛顿流体演示从配制到压力与状态变化为一个完整发言段，不按实验步骤机械拆分。
720	public/pep-english/lessons/pephs2/003.json	pep-english	pephs2-003	The Father of China’s Aerospace	passed_unchanged	Codex	2026-10-07T07:32:29+00:00	"[{""path"":""content/article-review/history/2c3ae7398be56fd7fc778e42716d51592cfc9bfe8cbf2b2535d3c5d5522cb685.json"",""locator"":""display: complete published JSON baseline; contextual segmentation review only"",""checked"":true,""sha256"":""b9eceedd2cc6b10c97824c01199284b2530bb18d6520d01f2ef34feaff5e667a""}]"	80ead8048ca0c52944378786a816616bf87b15f2f03d0a80d5211958300b970c	80ead8048ca0c52944378786a816616bf87b15f2f03d0a80d5211958300b970c	0	0	0	json;immutable_fields;text_consistency;content_evidence;revision_replay;idempotence	钱学森七段概述、教育转向、留美、回国困难、航天成就、艺术素养及逝世边界完整。
721	public/pep-english/lessons/pephs2/004.json	pep-english	pephs2-004	A World of Pure Thought	passed_unchanged	Codex	2026-10-07T07:32:29+00:00	"[{""path"":""content/article-review/history/5bb8282f22986b58f862b41e699a241ec784f74bb72e5f68bcf1abc230e446e3.json"",""locator"":""display: complete published JSON baseline; contextual segmentation review only"",""checked"":true,""sha256"":""8617f54ff2f926e72ec7b1b724b38e475a8f2d78f5ba4e682d57fd8f485347a1""}]"	51871bd1406e984c3d97c08c5e371fbd19751f5e580632a8cece0257b5124a95	51871bd1406e984c3d97c08c5e371fbd19751f5e580632a8cece0257b5124a95	0	0	0	json;immutable_fields;text_consistency;content_evidence;revision_replay;idempotence	霍金三段为人物处境、大爆炸理论轶事、品质分析，长轶事保留为完整段。
722	public/pep-english/lessons/pephs2/005.json	pep-english	pephs2-005	Goldfish Shark-Fin	passed_edited	Codex	2026-10-07T07:32:29+00:00	"[{""path"":""content/article-review/history/d21984236b8f53915b8c82148144ef3d16f34ae0dd5104c20eb8052762476e1b.json"",""locator"":""display: complete published JSON baseline; contextual segmentation review only"",""checked"":true,""sha256"":""897562bbc2b14bf7344bf6389206f436a5097ad765b0ab4964ddc1ded05c867c""}]"	09959df7d0effd2b073878e1942c4ff6e75c1c20c08401dcc642f0033f998a5a	70483da6eab27881f3ba211192b900cd4ab69d515f7a51d8328feb188a109fca	0	1	0	json;immutable_fields;text_consistency;content_evidence;revision_replay;idempotence	Goldfish Shark-Fin广告含主持人、顾客、主持人三轮，拆分明确角色轮次。
723	public/pep-english/lessons/pephs2/006.json	pep-english	pephs2-006	‘Welcome, Xie Lei!’ Business Student Building Bridges	passed_unchanged	Codex	2026-10-07T07:32:29+00:00	"[{""path"":""content/article-review/history/346d7163b8d24d8072b9ea88756cb19a448ce319cafb2db36e3efa9739f0a867.json"",""locator"":""display: complete published JSON baseline; contextual segmentation review only"",""checked"":true,""sha256"":""7486c4bd1d403f93bb6abf69268f8876d75a54d9d9ac341b1e179b7aff3699cb""}]"	e29accd544a9a510be0fb02cf6801ff815970765055afcd1f196dffdfc01f8e9	e29accd544a9a510be0fb02cf6801ff815970765055afcd1f196dffdfc01f8e9	0	0	0	json;immutable_fields;text_consistency;content_evidence;revision_replay;idempotence	谢蕾交流学习八段按出国、目标、生活适应、寄宿家庭、论文、课堂、文化交流、祝愿展开，引语保持所在段。
724	public/pep-english/lessons/pephs2/007.json	pep-english	pephs2-007	Learning to Use Weak Forms	passed_edited	Codex	2026-10-07T07:32:29+00:00	"[{""path"":""content/article-review/history/289cf67deb597d4f701c422ad81ce76d226086f46d6a014984b91c3595be35b3.json"",""locator"":""display: complete published JSON baseline; contextual segmentation review only"",""checked"":true,""sha256"":""80a9c3d92bfeedc4944ace9fce7a93d6e3bedbfdc82c00d64f2db0159dd5c088""}]"	48d5c4976d295ddaa57e8ed8c1418d76aa62c52250e21f2a41a1fbfcf4c6fd4d	6f7d566a2d05ce1cf9485c60f758aca02ee2466a76a827d355b9e5282584baef	0	1	0	json;immutable_fields;text_consistency;content_evidence;revision_replay;idempotence	Lu Yao与Miss Conner九轮弱读讨论按角色拆分，音标与例句保留整轮。
725	public/pep-english/lessons/pephs2/008.json	pep-english	pephs2-008	Studying Abroad: The Disadvantages Are Greater	passed_unchanged	Codex	2026-10-07T07:32:29+00:00	"[{""path"":""content/article-review/history/e3d5292f4d468c0e8af85a78e08978edc8b0296beec3e47450c6ddedefc938a7.json"",""locator"":""display: complete published JSON baseline; contextual segmentation review only"",""checked"":true,""sha256"":""a436095874e42cc6a1f36a64ad86ff8714e731a934c5cb7d2eed32a2d31e2acb""}]"	6142ad803cd7d61c304b01c9618ea4162c0e7d891ac4fceef58d705c3ee9f986	6142ad803cd7d61c304b01c9618ea4162c0e7d891ac4fceef58d705c3ee9f986	0	0	0	json;immutable_fields;text_consistency;content_evidence;revision_replay;idempotence	反对留学来信保留称呼、立场、经济压力、适应压力、国内机会、结论及落款，论据完整。
726	public/pep-english/lessons/pephs2/009.json	pep-english	pephs2-009	Studying Abroad: The Advantages Are Much Greater	passed_unchanged	Codex	2026-10-07T07:32:29+00:00	"[{""path"":""content/article-review/history/51529641dda513269eabb459a9fbf2d2ac595286c923a2c2796700c0f4f6175b.json"",""locator"":""display: complete published JSON baseline; contextual segmentation review only"",""checked"":true,""sha256"":""bcd6353225cf397dd6ead1e7821af8d1169d3d69889b96e4afff41d5873d2a7a""}]"	39083f72e7a476efccaa4cb1ae785b0e64092c6113cb11e4340b83e31f1665bd	39083f72e7a476efccaa4cb1ae785b0e64092c6113cb11e4340b83e31f1665bd	0	0	0	json;immutable_fields;text_consistency;content_evidence;revision_replay;idempotence	支持留学来信保留称呼、立场、个人成长、文化交流、报国机会、总结及落款，未碎拆论述段。
727	public/pep-english/lessons/pephs2/010.json	pep-english	pephs2-010	Culture and Cuisine	passed_unchanged	Codex	2026-10-07T07:32:30+00:00	"[{""path"":""content/article-review/history/89c73783aafee1026f33a77245a6ab5cf94124fa7e7caa27482feb88a2c18452.json"",""locator"":""display: complete published JSON baseline; contextual segmentation review only"",""checked"":true,""sha256"":""47e87a093db9635bb62bd359f5f3c04794c2d80b17e5976f4934ab4550ef5f6a""}]"	af8219405dcccf38ee209a7fba89c32bf037b2edb961a6b4286b041472b86aac	af8219405dcccf38ee209a7fba89c32bf037b2edb961a6b4286b041472b86aac	0	0	0	json;immutable_fields;text_consistency;content_evidence;revision_replay;idempotence	饮食文化七段随美国、北京、山东、新疆、南方中原行程展开并总结，文化分析与食物例证各段连贯。
728	public/pep-english/lessons/pephs2/011.json	pep-english	pephs2-011	Healthy Eating	passed_unchanged	Codex	2026-10-07T07:32:30+00:00	"[{""path"":""content/article-review/history/65d3a5dc0650f28e4f225dc5839ceea4e89f823de69be5f19c8673898fc52c60.json"",""locator"":""display: complete published JSON baseline; contextual segmentation review only"",""checked"":true,""sha256"":""e15979a4a38f46e161cc214bdf5d6295bcf6405dc5d82a5eccb51003bc86d24e""}]"	1aee7ee3439dba1281037553fdc28d00bdf2e42713a4c493c60cc0bd86c7b2f7	1aee7ee3439dba1281037553fdc28d00bdf2e42713a4c493c60cc0bd86c7b2f7	0	0	0	json;immutable_fields;text_consistency;content_evidence;revision_replay;idempotence	健康饮食五段为糖问题、限糖、新鲜均衡饮食、进食习惯、态度总结，各多句论述保持。
729	public/pep-english/lessons/pephs2/012.json	pep-english	pephs2-012	Seeing the True North via Rail: Vancouver and the Heart of Canada	passed_unchanged	Codex	2026-10-07T07:32:30+00:00	"[{""path"":""content/article-review/history/b4248cf8f071624ab2d0e8421893bb554471480f4e866ff662fa19315fb0753d.json"",""locator"":""display: complete published JSON baseline; contextual segmentation review only"",""checked"":true,""sha256"":""2275b76e75183b7e08c9cb44b6082470725bc02e8559f496a41787b30aa4db2c""}]"	ce391d3193206f7543ffbc5b769ae6251de2a06f955760eafc7f240b828c6764	ce391d3193206f7543ffbc5b769ae6251de2a06f955760eafc7f240b828c6764	0	0	0	json;immutable_fields;text_consistency;content_evidence;revision_replay;idempotence	加拿大铁路游记按启程、温哥华、落基山、Edmonton、草原、Winnipeg到Toronto六段，行程顺序与段落完整。
730	public/pep-english/lessons/pephs2/013.json	pep-english	pephs2-013	Seeing the True North via Rail: Toronto and Montreal	passed_unchanged	Codex	2026-10-07T07:35:45+00:00	"[{""path"":""content/article-review/history/e68e0bf0d3cead888dd3e9fc4fd3ebf6e9e2c66144d842f9b5e5cfbb79d0c53b.json"",""locator"":""display: complete published JSON baseline; contextual segmentation review only"",""checked"":true,""sha256"":""46a48563e31f686faf6410dc35b09524b3dab79c635fa539d5e2b97d67c5939f""}]"	c5501b28f7ca5850853842e204071e5ec92bf14a21aac92cb77af4aaba98b916	c5501b28f7ca5850853842e204071e5ec92bf14a21aac92cb77af4aaba98b916	0	0	0	json;immutable_fields;text_consistency;content_evidence;revision_replay;idempotence	Toronto及Montreal游记十段含参观、会友及摄影师对话，人物引语与叙事自然分段，保持。
731	public/pep-english/lessons/pephs2/014.json	pep-english	pephs2-014	First Aid for Burns	passed_unchanged	Codex	2026-10-07T07:35:46+00:00	"[{""path"":""content/article-review/history/891daf0829146ef7087be8b0728d160b6203177221387423aa3160cf27fe6f57.json"",""locator"":""display: complete published JSON baseline; contextual segmentation review only"",""checked"":true,""sha256"":""08c2f2ac37537b08d4259e6cf2962674a61d1e295648257abbb8f2fb6f96ad34""}]"	1b2e2a59038974b0e0a42ac4036c1e5d8066289d4e1f84887e4b749574417392	1b2e2a59038974b0e0a42ac4036c1e5d8066289d4e1f84887e4b749574417392	0	0	0	json;immutable_fields;text_consistency;content_evidence;revision_replay;idempotence	烧伤文本皮肤介绍、原因、三级分类及症状、六项编号急救步骤边界清晰，全部独立项目保持。
732	public/pep-english/lessons/pephs2/015.json	pep-english	pephs2-015	AI and Human Beings	passed_unchanged	Codex	2026-10-07T07:35:46+00:00	"[{""path"":""content/article-review/history/730c051059a7ba896e5bc2ae908e63d00566d13bce6cbfdc2352ff81b2ab16f5.json"",""locator"":""display: complete published JSON baseline; contextual segmentation review only"",""checked"":true,""sha256"":""79cab9e5764bd090bc4e522d0a683bb36ab40fc5f8e6fb2ac4fa9afd6aa0f6ad""}]"	df7d111bf3720d851aa7aa3f9731a40e471ee527999260e1e3ac2957e11f93e2	df7d111bf3720d851aa7aa3f9731a40e471ee527999260e1e3ac2957e11f93e2	0	0	0	json;immutable_fields;text_consistency;content_evidence;revision_replay;idempotence	AI与人类五段为思考能力、恐惧、陪伴需求、应用、开放问题，保留完整论述段。
733	public/pep-english/lessons/pephs2/016.json	pep-english	pephs2-016	Da Vinci’s World	passed_unchanged	Codex	2026-10-07T07:35:46+00:00	"[{""path"":""content/article-review/history/abbc2c0f2797028a38227a20151222d96cd3e088e6a618dd179229e2863e57c6.json"",""locator"":""display: complete published JSON baseline; contextual segmentation review only"",""checked"":true,""sha256"":""f4ae42ae264b6c35eec6904f53352e04702c5c6cc891458aa7cbc7f435f04b89""}]"	93256114e8998543448be233f25d0c422bb7140822e1a446ce70eac5b067e7e4	93256114e8998543448be233f25d0c422bb7140822e1a446ce70eac5b067e7e4	0	0	0	json;immutable_fields;text_consistency;content_evidence;revision_replay;idempotence	达芬奇八段从观画、蒙娜丽莎、生平、笔记到艺术科学关系与启发，长描述段完整保留。
734	public/pep-english/lessons/pephs2/017.json	pep-english	pephs2-017	Life in China	passed_unchanged	Codex	2026-10-07T07:35:46+00:00	"[{""path"":""content/article-review/history/47762a2bf279298e94e6c09fd455538c830e0d58f9679446afe7513184c307de.json"",""locator"":""display: complete published JSON baseline; contextual segmentation review only"",""checked"":true,""sha256"":""bd019d4a58ec100af04020faa884eb6493655bc8b1fef89cfe322ad6f88e1535""}]"	4aade0fc495c55c4ba3b0811ec940dbfb92599f605bafa92fbd665c669b3e10a	4aade0fc495c55c4ba3b0811ec940dbfb92599f605bafa92fbd665c669b3e10a	0	0	0	json;immutable_fields;text_consistency;content_evidence;revision_replay;idempotence	Jim中国生活邮件地址主题及称呼独立，留学动机、城市印象、日常、寄宿计划、邀请与落款结构清楚。
735	public/pep-english/lessons/pephs2/018.json	pep-english	pephs2-018	Zhan Tianyou: The Father of China’s Railroad	passed_unchanged	Codex	2026-10-07T07:35:46+00:00	"[{""path"":""content/article-review/history/4b91879bc51a25eff3f2f8ba31f8e727f7acda995397ae2b067f1486435e0413.json"",""locator"":""display: complete published JSON baseline; contextual segmentation review only"",""checked"":true,""sha256"":""14048c5c9c98f6fb0a8da068cc39e5127c9d353dc6daa92ab115e598b0842ec2""}]"	4ccb800414916a33b5f1c4046718a1ca16dbbf713f9258cdc2010cd3652e9226	4ccb800414916a33b5f1c4046718a1ca16dbbf713f9258cdc2010cd3652e9226	0	0	0	json;immutable_fields;text_consistency;content_evidence;revision_replay;idempotence	詹天佑十段按留学招募、旅途、寄宿、活动、学业、见闻、专业、耶鲁、回国建设推进，保留连续叙事自然段。
736	public/pep-english/lessons/pephs2/019.json	pep-english	pephs2-019	Convenience Food or Fresh Food?	passed_unchanged	Codex	2026-10-07T07:35:47+00:00	"[{""path"":""content/article-review/history/493796f0b62af55a168fca11155d7097bd899c9105976e84f94c1ab0afe49c55.json"",""locator"":""display: complete published JSON baseline; contextual segmentation review only"",""checked"":true,""sha256"":""a7cf1becca3c7493ee1f8b9e9c0e4c07448056542951dc6238eb92b2c2cfc5e1""}]"	24f2772211556878a946799ad5e06190b1eba76a794b08cdc6168df94a3b1f1b	24f2772211556878a946799ad5e06190b1eba76a794b08cdc6168df94a3b1f1b	0	0	0	json;immutable_fields;text_consistency;content_evidence;revision_replay;idempotence	新鲜食物四段分别呈现Mei Lin、Su Bo、忙碌时例外、趋势判断，访谈引语归属完整。
737	public/pep-english/lessons/pephs2/020.json	pep-english	pephs2-020	Farm-to-Table	passed_unchanged	Codex	2026-10-07T07:35:47+00:00	"[{""path"":""content/article-review/history/fd34dcc6870e333be1202a37513d249c42f461a2e2a22f28c39d780a4abf5171.json"",""locator"":""display: complete published JSON baseline; contextual segmentation review only"",""checked"":true,""sha256"":""ccc2d43f4e45a38f8d260291111bc1db9122e4a9545abae16022567ea0472df8""}]"	26cc3323706765e23e63f37188e7e2c9d0f3a82b75f40029bb6e5d4538c98c48	26cc3323706765e23e63f37188e7e2c9d0f3a82b75f40029bb6e5d4538c98c48	0	0	0	json;immutable_fields;text_consistency;content_evidence;revision_replay;idempotence	Farm-to-Table九段依餐馆场景、起源、标签、慢食、时令、有机、欺诈、质疑、趋势组织，保留长说明段。
738	public/pep-english/lessons/pephs2/021.json	pep-english	pephs2-021	Xu Xiake’s Guilin	passed_unchanged	Codex	2026-10-07T07:35:47+00:00	"[{""path"":""content/article-review/history/5666b307cb7e3fee46085f32d7b7fd9390ab3a7816f0bea74afd6646343decce.json"",""locator"":""display: complete published JSON baseline; contextual segmentation review only"",""checked"":true,""sha256"":""67f38bd38a0b4e4e45c12bafae3164bd06c4534af93636a4985a6b0b38b551a5""}]"	4dfb59ec348236944ca97bdbe1e282ae1562ce096107d884d278889cad81b4e5	4dfb59ec348236944ca97bdbe1e282ae1562ce096107d884d278889cad81b4e5	0	0	0	json;immutable_fields;text_consistency;content_evidence;revision_replay;idempotence	徐霞客桂林游记八段交织筏行、喀斯特、急流、旅行动机、明代旅游、远行、洞穴和幽默收尾，短段有叙事功能保留。
739	public/pep-english/lessons/pephs2/022.json	pep-english	pephs2-022	Journeys by Dog Sled	passed_unchanged	Codex	2026-10-07T07:35:47+00:00	"[{""path"":""content/article-review/history/2fff6882895c1a4601a4a147a5fdfd12f66b2228566bdd951e4c11892eb0302c.json"",""locator"":""display: complete published JSON baseline; contextual segmentation review only"",""checked"":true,""sha256"":""87b50a77c8d2f1da451dd9d557d993f08a667f983bbf3e83eb4da264bde1a437""}]"	3e3336d68ad5c595ad9e7e73bf8134ecebef374a64575f3a79bfdbb89877ce33	3e3336d68ad5c595ad9e7e73bf8134ecebef374a64575f3a79bfdbb89877ce33	0	0	0	json;immutable_fields;text_consistency;content_evidence;revision_replay;idempotence	狗拉雪橇九段含淘金背景、创作、两组引文引入及完整小说摘录、分析、结局与作者影响，引用段边界保留。
740	public/pep-english/lessons/pephs2/023.json	pep-english	pephs2-023	Is Your Home Safe?	passed_unchanged	Codex	2026-10-07T07:35:48+00:00	"[{""path"":""content/article-review/history/61d6b654b71c00dec80d44560f08a4faf8e02466c3d151b346726e438d09022d.json"",""locator"":""display: complete published JSON baseline; contextual segmentation review only"",""checked"":true,""sha256"":""731ddf914c62a8fd056344a916fd4683ffa51dbe804e0f6176fa7fcfdc61aac4""}]"	fd3483d861e8fa5d39ef03303079c425af8355f62dbdbcb2cdd43436012c2947	fd3483d861e8fa5d39ef03303079c425af8355f62dbdbcb2cdd43436012c2947	0	0	0	json;immutable_fields;text_consistency;content_evidence;revision_replay;idempotence	居家安全六类小标题和各项建议、概述独立保留，厨房卧室浴室消防儿童老人项目不能因短句而合并。
741	public/pep-english/lessons/pephs2/024.json	pep-english	pephs2-024	How One Man Made a Difference	passed_unchanged	Codex	2026-10-07T07:35:48+00:00	"[{""path"":""content/article-review/history/2352770bee5997ec2236e9ffb20211b74605af032031dd405bc7154df969a9a8.json"",""locator"":""display: complete published JSON baseline; contextual segmentation review only"",""checked"":true,""sha256"":""89ee3692c36121c63cd90d1669bb6f6874fb38d67f28b00cf204a7f60871804f""}]"	2cfd660488aca7958f044cc2fbf962d3c11ff7da27772c1ff4135ff5cdee22b4	2cfd660488aca7958f044cc2fbf962d3c11ff7da27772c1ff4135ff5cdee22b4	0	0	0	json;immutable_fields;text_consistency;content_evidence;revision_replay;idempotence	Dunant和红十字九段从索尔费里诺经历到组织成立、救援范围、工作风险、受助者及晚年，段落完整。
742	public/pep-english/lessons/pephs3/001.json	pep-english	pephs3-001	A Short History of Western Painting	passed_unchanged	Codex	2026-10-07T07:35:48+00:00	"[{""path"":""content/article-review/history/a100d442eb0806d6568f317ddc95454457a3ee12d87c4ac2a63cc307b1fd6935.json"",""locator"":""display: complete published JSON baseline; contextual segmentation review only"",""checked"":true,""sha256"":""a79c799c7a12a40f0ee294118ddc77194280ec05885868d675b9654cf5ed60be""}]"	df58e5704551eb8736e2bcd035c84cbd689781402059f1299f6b9c806b013a87	df58e5704551eb8736e2bcd035c84cbd689781402059f1299f6b9c806b013a87	0	0	0	json;immutable_fields;text_consistency;content_evidence;revision_replay;idempotence	西方绘画史的中世纪、文艺复兴、印象派、现代四标题清楚；文艺复兴透视油画题材分段完整，保留。
743	public/pep-english/lessons/pephs3/002.json	pep-english	pephs3-002	Ancient Chinese Art on Show	passed_unchanged	Codex	2026-10-07T07:35:49+00:00	"[{""path"":""content/article-review/history/1ebdcaf2eb398b8022f55692ab87d0ab10df54074e4f341a98b1be15190e9a8f.json"",""locator"":""display: complete published JSON baseline; contextual segmentation review only"",""checked"":true,""sha256"":""ba886b4873e3bd033c316cb695002cb428710f475a6fb81be2dae67e0e582c38""}]"	3aaecd7faa2694d051f89cb5c0376d9b78b3479f55f38264af6e80dd797ed9df	3aaecd7faa2694d051f89cb5c0376d9b78b3479f55f38264af6e80dd797ed9df	0	0	0	json;immutable_fields;text_consistency;content_evidence;revision_replay;idempotence	古代中国艺术展依总介、唐寅画、商青铜、唐雕塑、邀请和展期开放时间票价规则分块，信息项目独立保留。
744	public/pep-english/lessons/pephs3/003.json	pep-english	pephs3-003	Habits for a Healthy Lifestyle	passed_unchanged	Codex	2026-10-07T07:35:49+00:00	"[{""path"":""content/article-review/history/96220402d362e793d2cef67eedded3f9e5160fbcc7da5be34986ea55a59766c2.json"",""locator"":""display: complete published JSON baseline; contextual segmentation review only"",""checked"":true,""sha256"":""1d3e97a4943b20865f252af481d1384fdccb4d793e5ff773ebde5e9e4b0cbb86""}]"	cb229c1c906971e3badc6297ae90854e4a7a18938cd36d2ea97c45ab8db06300	cb229c1c906971e3badc6297ae90854e4a7a18938cd36d2ea97c45ab8db06300	0	0	0	json;immutable_fields;text_consistency;content_evidence;revision_replay;idempotence	健康习惯说明保留习惯循环的cue、routine、reward三独立条目；实例、改变方法、渐进建议及结论保持完整段。
745	public/pep-english/lessons/pephs3/004.json	pep-english	pephs3-004	Changing My Lifestyle: Wang Lu’s Letter	passed_unchanged	Codex	2026-10-07T07:35:49+00:00	"[{""path"":""content/article-review/history/b1554c72522cdbae0e4eac2bd74a1d353252f0475e7538a559f16e5538a0eb61.json"",""locator"":""display: complete published JSON baseline; contextual segmentation review only"",""checked"":true,""sha256"":""eda80861bc818bb92e9c626d3309ce7bbd2ebab64ec2eaf73785d4659e63625c""}]"	c6fd60162d204ef04d491df09665e35152868873d59d613259648078aee0d615	c6fd60162d204ef04d491df09665e35152868873d59d613259648078aee0d615	0	0	0	json;immutable_fields;text_consistency;content_evidence;revision_replay;idempotence	Wang Lu来信以身体问题、改变决心、减糖、运动、成果五个正文段展开，信件首尾保留。
746	public/pep-english/lessons/pephs3/005.json	pep-english	pephs3-005	Changing My Lifestyle: George Fielding’s Letter	passed_unchanged	Codex	2026-10-07T07:35:49+00:00	"[{""path"":""content/article-review/history/e52c427bb69e364e9448983efcc229ff08a65cd27425be76996547eb9f3117c4.json"",""locator"":""display: complete published JSON baseline; contextual segmentation review only"",""checked"":true,""sha256"":""ec82f7151111e1b8711dc5d0c3be8e72a1296b2dbdf5d36bc5c78baa79eaa057""}]"	8f4f882672018d866d436abe84858c981fbab5c1c0f78160b01646b927a97c3c	8f4f882672018d866d436abe84858c981fbab5c1c0f78160b01646b927a97c3c	0	0	0	json;immutable_fields;text_consistency;content_evidence;revision_replay;idempotence	George来信按营地反思、游戏问题、替代活动、攀岩、改善感悟分段，署名与祝语清楚。
747	public/pep-english/lessons/pephs3/006.json	pep-english	pephs3-006	Climate Change Requires the World’s Attention	passed_unchanged	Codex	2026-10-07T07:35:49+00:00	"[{""path"":""content/article-review/history/de867cee94ddcfb4ebb360f03ed54cf51e7f28a7da4ffa13e96163e7ae57b66c.json"",""locator"":""display: complete published JSON baseline; contextual segmentation review only"",""checked"":true,""sha256"":""cd116efcccbf1b4070fb38883559e2d3ee2abff86d3d76b554de4b2b98eebbc7""}]"	bdf933128d6cde801154a27d0f490a7c2a3baa2342d450fb7aca77eac39f78bb	bdf933128d6cde801154a27d0f490a7c2a3baa2342d450fb7aca77eac39f78bb	0	0	0	json;immutable_fields;text_consistency;content_evidence;revision_replay;idempotence	气候变化五段为证据、北极熊案例、温室效应机制、后果和行动，保留完整机制说明及呼吁段。
748	public/pep-english/lessons/pephs3/007.json	pep-english	pephs3-007	Reducing Water Pollution in the Li River	passed_unchanged	Codex	2026-10-07T07:35:49+00:00	"[{""path"":""content/article-review/history/767a3e59b1eecef58c5da1ab2842088293edcce525adba0a344ebdb40b462c9f.json"",""locator"":""display: complete published JSON baseline; contextual segmentation review only"",""checked"":true,""sha256"":""0c0e36e1ffda68ab242c57f619ab7ccefedd8134127bd94d880206422794f840""}]"	0f75eeca90562d963a8dd129ad43431b8dee6fe61861cf19a0d9c3454fca5737	0f75eeca90562d963a8dd129ad43431b8dee6fe61861cf19a0d9c3454fca5737	0	0	0	json;immutable_fields;text_consistency;content_evidence;revision_replay;idempotence	漓江污染报告四段问题引入、成因、综合措施、全国计划，措施并列句属于完整说明段不碎拆。
749	public/pep-english/lessons/pephs3/008.json	pep-english	pephs3-008	A Successful Failure	passed_unchanged	Codex	2026-10-07T07:35:49+00:00	"[{""path"":""content/article-review/history/c9409df76ae750d7b2cb617f2fb93a2adb6a7a988c06230718b62f11e9a84b4f.json"",""locator"":""display: complete published JSON baseline; contextual segmentation review only"",""checked"":true,""sha256"":""ac7fb691a6677f9ad65569f412a2ae0c2e048603abd6fe0210aa2bf15c671fc0""}]"	2d3d55ae55d6230242e1eb1830afa7978bb454ca9ba1d1233fccae0a5b10b8f4	2d3d55ae55d6230242e1eb1830afa7978bb454ca9ba1d1233fccae0a5b10b8f4	0	0	0	json;immutable_fields;text_consistency;content_evidence;revision_replay;idempotence	Endurance日记保留三个日期标题、各日完整叙事、末段对白与短感悟段，不把有意短段误并。
750	public/pep-english/lessons/pephs3/009.json	pep-english	pephs3-009	The Reward for Perseverance	passed_unchanged	Codex	2026-10-07T07:35:50+00:00	"[{""path"":""content/article-review/history/3b1fad72902ba276146af1b489e407c974fa2e8cdf6177ca0ef09df232f14cb8.json"",""locator"":""display: complete published JSON baseline; contextual segmentation review only"",""checked"":true,""sha256"":""0693e9f2aba561699ae989d19c85f803bcd70949e36a17c6bdec7ca57592d29b""}]"	8806d67beeec373bc8f930560973c53eab216e0bb6f460551a812c72661116d1	8806d67beeec373bc8f930560973c53eab216e0bb6f460551a812c72661116d1	0	0	0	json;immutable_fields;text_consistency;content_evidence;revision_replay;idempotence	象岛求生六段按离别、饮水燃料、食物、健康、团队、获救推进，保留自然段与引语。
751	public/pep-english/lessons/pephs3/010.json	pep-english	pephs3-010	A Few Simple Forms of English Poems	passed_unchanged	Codex	2026-10-07T07:35:50+00:00	"[{""path"":""content/article-review/history/8f92322357f9fe406cb582738cee45d48d5aa815d02a74c946dabe0b8b99b6db.json"",""locator"":""display: complete published JSON baseline; contextual segmentation review only"",""checked"":true,""sha256"":""b23d1e4673b4d8a3ae23a6b92fe4ed001f7d2abc393521a8b0cdf094d3babc88""}]"	bf0e3b794260851085202938d5b5ee0744fb1c7f2c1a45632687c0e6afa0bfb9	bf0e3b794260851085202938d5b5ee0744fb1c7f2c1a45632687c0e6afa0bfb9	0	0	0	json;immutable_fields;text_consistency;content_evidence;revision_replay;idempotence	英语诗体介绍中童谣、Only One Mother、LIFE、五行诗、俳句、望夫石译诗均保留原诗行及作者署名；讲解段和作品单元界限清晰。
752	public/pep-english/lessons/pephs3/011.json	pep-english	pephs3-011	Robert and Elizabeth Barrett Browning	passed_unchanged	Codex	2026-10-07T07:35:50+00:00	"[{""path"":""content/article-review/history/fa1ad28991d6c57b4a53d869b0a6499577a5da1b2679eabb74a45be62beedd3c.json"",""locator"":""display: complete published JSON baseline; contextual segmentation review only"",""checked"":true,""sha256"":""151fd360253837746011a4c714bc75ffcb0c743c5d25ff45326440a11c222156""}]"	7cf63dd1c3c8b723038e6cec62ded9517d8b9c584805882a2b2c2dd3c3b8e36c	7cf63dd1c3c8b723038e6cec62ded9517d8b9c584805882a2b2c2dd3c3b8e36c	0	0	0	json;immutable_fields;text_consistency;content_evidence;revision_replay;idempotence	勃朗宁夫妇从诗歌吸引、通信、探访、秘密婚姻至意大利与十四行诗为连贯人物短史，完整单段保留。
753	public/pep-english/lessons/pephs3/012.json	pep-english	pephs3-012	The Arrow and the Song (H. W. Longfellow)	passed_unchanged	Codex	2026-10-07T07:35:51+00:00	"[{""path"":""content/article-review/history/74769d4edbfae686a285388ce44f6a5de21f69a4830f330884fec9f7a86a859b.json"",""locator"":""display: complete published JSON baseline; contextual segmentation review only"",""checked"":true,""sha256"":""a65af8f53633ed57abcd22c78f1993854069717a9239eede35c1d131c7eeafc2""}]"	114293ffc2845e44e0204641754c5cd1c6566902fbf4d9339cd419ec45e08d28	114293ffc2845e44e0204641754c5cd1c6566902fbf4d9339cd419ec45e08d28	0	0	0	json;immutable_fields;text_consistency;content_evidence;revision_replay;idempotence	The Arrow and the Song三节各四行，保留诗节及跨行句法如sight/Could和oak/I found。
754	public/pep-english/lessons/pephs3/013.json	pep-english	pephs3-013	Night (William Blake)	passed_unchanged	Codex	2026-10-07T07:35:51+00:00	"[{""path"":""content/article-review/history/fbd5604ac76a1cd015db5a2693d0f7c01c8ed61e18a28f9dfd686756a4d0a2f5.json"",""locator"":""display: complete published JSON baseline; contextual segmentation review only"",""checked"":true,""sha256"":""b2fe0b06f70046728624ba985303157c6c5a2ac1f2087a59b76ddd13f2ca0472""}]"	da241716b8003d22e6bbb3c373651503e9b790e2f3bc7305e2b037fb3d03524d	da241716b8003d22e6bbb3c373651503e9b790e2f3bc7305e2b037fb3d03524d	0	0	0	json;immutable_fields;text_consistency;content_evidence;revision_replay;idempotence	Night两节各八行，保留韵律行界和跨行表达，不按句号合并。
755	public/pep-english/lessons/pephs3/014.json	pep-english	pephs3-014	Wind on the Hill (A. A. Milne)	passed_unchanged	Codex	2026-10-07T07:35:51+00:00	"[{""path"":""content/article-review/history/db44db10e606accfbc52f19d2eb145822f1fb7d6db09d0cef1fe56c55d29eb7b.json"",""locator"":""display: complete published JSON baseline; contextual segmentation review only"",""checked"":true,""sha256"":""c5d3468f592797fbba97c4e50931b7fb208dcb2d366e16eeae18e795856c5eb9""}]"	433eebc725ed1de6921d5bda989a6531cc4b9263ccb137a402048f2886a6132c	433eebc725ed1de6921d5bda989a6531cc4b9263ccb137a402048f2886a6132c	0	0	0	json;immutable_fields;text_consistency;content_evidence;revision_replay;idempotence	Wind on the Hill二十行连续诗作，现有诗行明确，保留整体诗块及全部行界。
756	public/pep-english/lessons/pephs3/015.json	pep-english	pephs3-015	Dream (Langston Hughes)	passed_unchanged	Codex	2026-10-07T07:35:51+00:00	"[{""path"":""content/article-review/history/d6c2d50de387fb39a0f91d0fb2e36582e3aba19dbb4fcdffe36bf45c4a769b56.json"",""locator"":""display: complete published JSON baseline; contextual segmentation review only"",""checked"":true,""sha256"":""6eff95ef23edd04b6e4f2900da61c1918eb67a1491acd2a66c1c1f1d10215d69""}]"	4818a1bbdda9e8353a8c2f4e218686a2712d8b6acc918d550fdbd92a70478d90	4818a1bbdda9e8353a8c2f4e218686a2712d8b6acc918d550fdbd92a70478d90	0	0	0	json;immutable_fields;text_consistency;content_evidence;revision_replay;idempotence	Dream两节各四行并列重复Hold fast to dreams，保留鸟与荒田两组意象诗节。
757	public/pep-english/lessons/pephs3/016.json	pep-english	pephs3-016	A Match (A. C. Swinburne)	passed_unchanged	Codex	2026-10-07T07:35:51+00:00	"[{""path"":""content/article-review/history/a28d41f33007d6e12e01af2fd5702339a1c922048ba387fdae207bc639f53507.json"",""locator"":""display: complete published JSON baseline; contextual segmentation review only"",""checked"":true,""sha256"":""b581e861f95004d75ff2d33817a23206a5270dbae5eb0d29e2437fd2dcc83e7c""}]"	050c0ea173875719ec0bfc2db11e1931d4783ff2d74fcb033a342ddb4770169a	050c0ea173875719ec0bfc2db11e1931d4783ff2d74fcb033a342ddb4770169a	0	0	0	json;immutable_fields;text_consistency;content_evidence;revision_replay;idempotence	A Match八行玫瑰叶子比喻诗，保留现有行界及首尾重复句。
758	public/pep-english/lessons/pephs3/017.json	pep-english	pephs3-017	Appreciating the Poem Dream	passed_unchanged	Codex	2026-10-07T07:35:51+00:00	"[{""path"":""content/article-review/history/db2fdc5a72ddb215619ee75cc03f7e4ad9fab6d233b551961316231751b10a8a.json"",""locator"":""display: complete published JSON baseline; contextual segmentation review only"",""checked"":true,""sha256"":""9822a210dd8e194733f2d732740a8320300f40a9903c6beb6d13126898d1350f""}]"	e9ad34bb5409d28f6532509c5630b9062ce20d0e898731187179ff48bce1904f	e9ad34bb5409d28f6532509c5630b9062ce20d0e898731187179ff48bce1904f	0	0	0	json;immutable_fields;text_consistency;content_evidence;revision_replay;idempotence	Dream赏析四段分别韵脚、意象、词义、主题理解，完整段落及词义例子保留。
759	public/pep-english/lessons/pephs3/018.json	pep-english	pephs3-018	What Is Free Verse?	passed_edited	Codex	2026-10-07T07:35:51+00:00	"[{""path"":""content/article-review/history/903437980a4ff306ec0639972a576d93fc18627d7c9dc3289f71b52564dfe5be.json"",""locator"":""display: complete published JSON baseline; contextual segmentation review only"",""checked"":true,""sha256"":""8febc1ee325b7262e823f9921f52d5afa657e3ea9841796d85d89572b11e23c7""}]"	dfd85004a147c67643f7f84577487c52522194b1f1018464b28b60030f773c61	a4ea62f63815a45b12965ad34c8992b39f479f4e312472907d5820e39915b6d3	0	1	0	json;immutable_fields;text_consistency;content_evidence;revision_replay;idempotence	自由诗定义五轮A/B问答逐轮拆分，两句定义仍为B的一轮。
760	public/pep-english/lessons/pephs3/019.json	pep-english	pephs3-019	Who Was Langston Hughes?	passed_edited	Codex	2026-10-07T07:35:51+00:00	"[{""path"":""content/article-review/history/012866815ea18de63e2236fa6029ee6beeebac97df85ca171a436cc69ff52484.json"",""locator"":""display: complete published JSON baseline; contextual segmentation review only"",""checked"":true,""sha256"":""1eb8dc426772bcde71cdb9a3a44427b7be825f88238dbcc5bdf63ecac8c89983""}]"	26e4cf0fda2698fe0dc897d45d0dcc7ce850fe6cd686ef47bb1db86c8e24aaed	396a5fa2d8d13bf109a826368dedfec3fda482e3d81464468fd10995488c3063	0	1	0	json;immutable_fields;text_consistency;content_evidence;revision_replay;idempotence	Langston Hughes介绍六轮问答逐轮拆分，Dream Variation解释的多句发言完整保留。
761	public/pep-english/lessons/pephs3/020.json	pep-english	pephs3-020	The Starry Night	passed_unchanged	Codex	2026-10-07T07:35:51+00:00	"[{""path"":""content/article-review/history/bed097094deaec7757a699636cb378a9780d6d5ff9cf8a973349942bc5391297.json"",""locator"":""display: complete published JSON baseline; contextual segmentation review only"",""checked"":true,""sha256"":""293438817692cbf586e2ff0d87e3852a40aae3050bb378c95a51b56e9aee515b""}]"	11abf7383ee47abd464f33cce4f7044513912a828f8b44f1cf8c6d03dcdc8e47	11abf7383ee47abd464f33cce4f7044513912a828f8b44f1cf8c6d03dcdc8e47	0	0	0	json;immutable_fields;text_consistency;content_evidence;revision_replay;idempotence	星夜三段为梵高创作背景、画面观察、非写实解读，保留各完整长段和引文。
762	public/pep-english/lessons/pephs3/021.json	pep-english	pephs3-021	Michelangelo’s David	passed_unchanged	Codex	2026-10-07T07:35:51+00:00	"[{""path"":""content/article-review/history/e6b961cafd2faf047274930bbf6d0d48759eaaacadd77b6e264ebbb316bbe595.json"",""locator"":""display: complete published JSON baseline; contextual segmentation review only"",""checked"":true,""sha256"":""2666ff4d2393a0930c735e0b98aaf05516c4f241ee5fa2d956fddc90d320d5c1""}]"	d7e4644c03473b3a5de5cc533eca98fedbc3473bd775c71af8a1e5038d2efd25	d7e4644c03473b3a5de5cc533eca98fedbc3473bd775c71af8a1e5038d2efd25	0	0	0	json;immutable_fields;text_consistency;content_evidence;revision_replay;idempotence	David八段涉及英雄背景、石料困难、承接创作、方法、揭幕、艺术评价、比例和安置，完整长段保留。
763	public/pep-english/lessons/pephs3/022.json	pep-english	pephs3-022	Planning a Balanced Diet	passed_unchanged	Codex	2026-10-07T07:35:52+00:00	"[{""path"":""content/article-review/history/857ecba29d674079e5206bf9e592c52c92830901e86db2dac74d82a655821c4b.json"",""locator"":""display: complete published JSON baseline; contextual segmentation review only"",""checked"":true,""sha256"":""888a618348f3a826006376aeb766b10a8d77a060acdc44a582a187989a585529""}]"	001111e2cc339ebf3645a7947a7dfb086e93c897afef5cd104b237c75c21d656	001111e2cc339ebf3645a7947a7dfb086e93c897afef5cd104b237c75c21d656	0	0	0	json;immutable_fields;text_consistency;content_evidence;revision_replay;idempotence	均衡饮食建议从口味问题到食物金字塔及健康益处连贯成短段，保留。
764	public/pep-english/lessons/pephs3/023.json	pep-english	pephs3-023	My Experiences with Computer Games	passed_unchanged	Codex	2026-10-07T07:35:52+00:00	"[{""path"":""content/article-review/history/6c0dafd53707d1836e4ca0ee145855eb600187ee78c5192928e656b6abcd6041.json"",""locator"":""display: complete published JSON baseline; contextual segmentation review only"",""checked"":true,""sha256"":""52fe7942259c255a36e8e619052cd1bc1b0e93afe18d728938685f1e814f3e5c""}]"	281415f06577ffbeca9ed6194f2b1a5c772394ba8b55e1806e4cc84e7b2a084a	281415f06577ffbeca9ed6194f2b1a5c772394ba8b55e1806e4cc84e7b2a084a	0	0	0	json;immutable_fields;text_consistency;content_evidence;revision_replay;idempotence	游戏经历五段依初玩、发展、成瘾、重遇朋友、平衡反思组织，完整叙事段保留。
765	public/pep-english/lessons/pephs3/024.json	pep-english	pephs3-024	The Experiment (adapted from Little Women by Louisa May Alcott)	passed_unchanged	Codex	2026-10-07T07:35:52+00:00	"[{""path"":""content/article-review/history/eab60e7aad2b4694ba6f91417ad8f255e6d3c54179d58e9f741aec9fd6829f37.json"",""locator"":""display: complete published JSON baseline; contextual segmentation review only"",""checked"":true,""sha256"":""dca8670abc1430da24b8dbe37df45477f885275df610aa8d6967c546b665c00f""}]"	4994ded98b76a97c015aa6f28a7353470cf80b8a72c4efc1013a49a6f29ca24e	4994ded98b76a97c015aa6f28a7353470cf80b8a72c4efc1013a49a6f29ca24e	0	0	0	json;immutable_fields;text_consistency;content_evidence;revision_replay;idempotence	小妇人实验改编37块按人物对白与日常叙事分段，开头姐妹轮流发言、晚间母亲教诲边界清晰，无需合并短轮次。
766	public/pep-english/lessons/pephs3/025.json	pep-english	pephs3-025	Small Waste, Big Problem	passed_unchanged	Codex	2026-10-07T07:35:52+00:00	"[{""path"":""content/article-review/history/fe95f9d56bc7f4c71ba963b2c0de7bcdf38019c2a1de6480253c8b1c4367c373.json"",""locator"":""display: complete published JSON baseline; contextual segmentation review only"",""checked"":true,""sha256"":""a2e791d12d3ef5ca75de9097e69c3561bced717cfdb4e9299e890536d49ae141""}]"	e83568927a3be9105ec72793f5d170ca7bf2473f54c63efd21d6dfab473b7e9f	e83568927a3be9105ec72793f5d170ca7bf2473f54c63efd21d6dfab473b7e9f	0	0	0	json;immutable_fields;text_consistency;content_evidence;revision_replay;idempotence	Small Waste五段为问题引入、烟头、塑料袋、收费方法、总结，保留完整说明。
767	public/pep-english/lessons/pephs3/026.json	pep-english	pephs3-026	A Clean, Green Energy Future	passed_unchanged	Codex	2026-10-07T07:35:53+00:00	"[{""path"":""content/article-review/history/5a2dfe9b6740b4c9e72686f4ae61558265bf51663dbf90c2a3138652538bfd6e.json"",""locator"":""display: complete published JSON baseline; contextual segmentation review only"",""checked"":true,""sha256"":""cbec0beeb42b51a83b730b5b8f8052140017f8c564228ca745ac352a83e6ea62""}]"	d2fbdebd59c91d1348559b2509ef18ab8cff8f8244e99949a33e5e92ec38f648	d2fbdebd59c91d1348559b2509ef18ab8cff8f8244e99949a33e5e92ec38f648	0	0	0	json;immutable_fields;text_consistency;content_evidence;revision_replay;idempotence	绿色能源11块含总介、转型理由、类型引入、五种能源独立介绍及利弊展望；类型名仍保留各项开头，不合并不同能源。
768	public/pep-english/lessons/pephs3/027.json	pep-english	pephs3-027	Fan Zhongyan	passed_unchanged	Codex	2026-10-07T07:35:53+00:00	"[{""path"":""content/article-review/history/04ea39d667fa81a3d82968f9d15edf73d6b390a91d9c43316c987c18c0ca7682.json"",""locator"":""display: complete published JSON baseline; contextual segmentation review only"",""checked"":true,""sha256"":""bfd54a97d9a9c92238143090efa78a88162fec62cb54959cdb136d15cd76921d""}]"	594609cc6b0efefb10e566cd5d1365198b43fbab7dc572fe9e7c12bb9a2ac7ea	594609cc6b0efefb10e566cd5d1365198b43fbab7dc572fe9e7c12bb9a2ac7ea	0	0	0	json;immutable_fields;text_consistency;content_evidence;revision_replay;idempotence	范仲淹七段依名言、少时求学、任职、改革、岳阳楼记、退休济民、评价展开，引文与本段说明完整。
769	public/pep-english/lessons/pephs3/028.json	pep-english	pephs3-028	An Excerpt from The Old Man and the Sea (adapted from Ernest Hemingway)	passed_unchanged	Codex	2026-10-07T07:35:53+00:00	"[{""path"":""content/article-review/history/5c38a22bb47b6d7559355a3682647824d9af017997081437c9c4bdd9684557fc.json"",""locator"":""display: complete published JSON baseline; contextual segmentation review only"",""checked"":true,""sha256"":""68e22ae4dd5fee4e766056608525c98d5e682a67e5950a7c6014a3577425d22f""}]"	72886e5023dcf0c7d0231e0710d080f3cb24bebe5354500f5742cb02e1d0ca4f	72886e5023dcf0c7d0231e0710d080f3cb24bebe5354500f5742cb02e1d0ca4f	0	0	0	json;immutable_fields;text_consistency;content_evidence;revision_replay;idempotence	老人与海十九段按鲨鱼来袭、战斗、损失、独白和重新武装展开；短独白与动作各有叙事作用，保持原段。
770	public/pep-english/lessons/pephs3/029.json	pep-english	pephs3-029	Auld Lang Syne (excerpt by Robert Burns)	passed_unchanged	Codex	2026-10-07T07:35:53+00:00	"[{""path"":""content/article-review/history/9794e73d72c08da41a9f976185afce9cd110e64de96907f1819c6f09880e4a17.json"",""locator"":""display: complete published JSON baseline; contextual segmentation review only"",""checked"":true,""sha256"":""314220f43c2a08ea9b13d28067861cee854b20c3736d965361dee35435815a13""}]"	6e5fd6b752292ce513ea73bfccc2f60634893509aa16d57459de3658599d5352	6e5fd6b752292ce513ea73bfccc2f60634893509aa16d57459de3658599d5352	0	0	0	json;immutable_fields;text_consistency;content_evidence;revision_replay;idempotence	友谊地久天长两节各八行含副歌，保留be/forgot等现有歌词跨行与重复副歌。
771	public/pep-english/lessons/pephs3/030.json	pep-english	pephs3-030	Exploring Poetry in China	needs_source_check	Codex	2026-10-07T07:35:53+00:00	"[{""path"":""content/article-review/history/c6b3486fe601ccfe214ab604f0bc9bc3e0befb798931d25549fc6d38614edb8e.json"",""locator"":""display: complete published JSON baseline; contextual segmentation review only"",""checked"":true,""sha256"":""c8d04ac1310f015f5b5c6465b89768946cdce120f425c5334e9b304fbcd0dac8""}]"	a0808e409d210bae49326c951f295504e4f558ccc2a375f9ce15ae95d8f40312	ca43a6f8087c1d4f40d8fe11af270f40fa03695989729e988e8d0c4c3bcdcd9c	0	1	0	json;immutable_fields;text_consistency;content_evidence;revision_replay;idempotence	中国诗歌六个论述段主题完整；末段冒号后的穆旦引诗另起作品单元，仍保留原引诗一行，内部行界疑点单列。; 末尾穆旦引诗现为一行 Quietly, we embrace In a world lit up by words.；In在句中大写，可能丢失诗行边界，仅凭JSON不能确定，未猜测另加诗内换行。
772	public/pep-english/lessons/pephs3/031.json	pep-english	pephs3-031	Spring Morning (Meng Haoran; translated by Xu Yuanchong)	passed_unchanged	Codex	2026-10-07T07:35:54+00:00	"[{""path"":""content/article-review/history/426eaa6002d61da20c3f557e90e840c511e2457b5ec6c962e8bb01c2d092d2db.json"",""locator"":""display: complete published JSON baseline; contextual segmentation review only"",""checked"":true,""sha256"":""be1e409bfbfb060315c90f18e11405f172c5cf9c2d1f1222ad838d6c8a49e37d""}]"	440502a2a3fb1d75c43aba612fd6453d7a8af8c8d40e27012dd14bfa018a3e2f	440502a2a3fb1d75c43aba612fd6453d7a8af8c8d40e27012dd14bfa018a3e2f	0	0	0	json;immutable_fields;text_consistency;content_evidence;revision_replay;idempotence	春晓译诗四行完整，末问号与前行意象连贯，保留诗行。
773	public/pep-english/lessons/pephs3/032.json	pep-english	pephs3-032	On the Stork Tower (Wang Zhihuan; translated by Xu Yuanchong)	passed_unchanged	Codex	2026-10-07T07:35:54+00:00	"[{""path"":""content/article-review/history/3907900cd66d586c0db70740f666b00aaed754896d7f47125f6cea294bb9eae1.json"",""locator"":""display: complete published JSON baseline; contextual segmentation review only"",""checked"":true,""sha256"":""5e1c9ef11d6ecc22b7c2034edde4f7754d8fc12a5036ee4007501294c4709fe8""}]"	9a1142adc8c722cd69fe785142e2ff6f1ed91668c8e67e5cb1bdf1e52cc3eca1	9a1142adc8c722cd69fe785142e2ff6f1ed91668c8e67e5cb1bdf1e52cc3eca1	0	0	0	json;immutable_fields;text_consistency;content_evidence;revision_replay;idempotence	登鹳雀楼译诗四行，第三四行跨行句法按诗行保留。
774	public/pep-english/lessons/pephs3/033.json	pep-english	pephs3-033	The Road Not Taken (Robert Frost)	passed_unchanged	Codex	2026-10-07T07:35:54+00:00	"[{""path"":""content/article-review/history/e508c5c6165f8746a62ddd8f21408989cb461abb0d6169f01a8933d697ab82f9.json"",""locator"":""display: complete published JSON baseline; contextual segmentation review only"",""checked"":true,""sha256"":""ea5a7c9cb48d2c4855e9ca0b165f2ffa2f443fbb3f6a4d54d42fb1efd42893f8""}]"	b4fa431475d9757d3aba4366b60bd046bb91017b373c0ad43f812196ac85382a	b4fa431475d9757d3aba4366b60bd046bb91017b373c0ad43f812196ac85382a	0	0	0	json;immutable_fields;text_consistency;content_evidence;revision_replay;idempotence	The Road Not Taken二十行连续诗块，保留全部现有诗行，不凭外部版本推定空白诗节。
775	public/pep-english/lessons/pephs3/034.json	pep-english	pephs3-034	The Gift (Tagore)	passed_unchanged	Codex	2026-10-07T07:35:54+00:00	"[{""path"":""content/article-review/history/2b0837018aa42f43405f5ac0fb85d9260b0e49047295fa79fb236f785f539992.json"",""locator"":""display: complete published JSON baseline; contextual segmentation review only"",""checked"":true,""sha256"":""c833bace2f37e01f05a3064e4ea54eb80499fad6d250f9bbe94dc352b5990177""}]"	7ba4b8e2b8670259405d31c124ca90a4853b24e44e1abe1c821e8cc477ba3df3	7ba4b8e2b8670259405d31c124ca90a4853b24e44e1abe1c821e8cc477ba3df3	0	0	0	json;immutable_fields;text_consistency;content_evidence;revision_replay;idempotence	The Gift七行散文诗各行可含多句，按原诗行整体保留，不按句子拆碎。
776	public/pep-english/lessons/pephs3/035.json	pep-english	pephs3-035	On Children (Kahlil Gibran)	passed_unchanged	Codex	2026-10-07T07:35:54+00:00	"[{""path"":""content/article-review/history/9e34a58f6154160aae81a3dd34cb5136ee2e20cd1a7a2fdd7bebb349e409d637.json"",""locator"":""display: complete published JSON baseline; contextual segmentation review only"",""checked"":true,""sha256"":""7afda06d046d0391dc8813100870cd1ddac4e9a3146b19240db5419cf10cfae1""}]"	e9781ed45a109a79b06df6c2e483690b2c7e3de470d3922317385fb3ecd5776e	e9781ed45a109a79b06df6c2e483690b2c7e3de470d3922317385fb3ecd5776e	0	0	0	json;immutable_fields;text_consistency;content_evidence;revision_replay;idempotence	On Children二十行保留children/as、might/that等跨行句法及弓箭意象整体，不合并成普通说明段。
777	public/pep-english/lessons/pephs4/001.json	pep-english	pephs4-001	Satisfaction Guaranteed (Adapted from Isaac Asimov)	passed_unchanged	Codex	2026-10-07T07:35:54+00:00	"[{""path"":""content/article-review/history/6506190b3ccb01008bc4bf3fffeda08591a1ed83f46c9dc20b219447cd2db3ff.json"",""locator"":""display: complete published JSON baseline; contextual segmentation review only"",""checked"":true,""sha256"":""596420c25c2db96391092a1198c03d3be6d9e5da308f047962f9b6dd5202cb57""}]"	40d92d32dc4271fde4f261804ff9580e821cd401891d1a8f627e8afb913df43f	40d92d32dc4271fde4f261804ff9580e821cd401891d1a8f627e8afb913df43f	0	0	0	json;immutable_fields;text_consistency;content_evidence;revision_replay;idempotence	Satisfaction Guaranteed九段按机器人试用、相遇、日常照料、心理信任、改造、购物误会、安慰、意外、聚会组织，保留完整叙事段。
778	public/pep-english/lessons/pephs4/002.json	pep-english	pephs4-002	The Time Machine (Adapted from H. G. Wells)	passed_unchanged	Codex	2026-10-07T07:35:54+00:00	"[{""path"":""content/article-review/history/fcb9f548fa097593c685814c3e7e685ca8b5c360952ab0a4cf62ad4db137861d.json"",""locator"":""display: complete published JSON baseline; contextual segmentation review only"",""checked"":true,""sha256"":""711651b3d8f5af4d4fbd1037f1966914078ce8a48061ce1c5bc2effd386167d5""}]"	f98de3740c5f158a1460d9abe74397a5c1ca99b73d3b638586db1dd0cf842e0a	f98de3740c5f158a1460d9abe74397a5c1ca99b73d3b638586db1dd0cf842e0a	0	0	0	json;immutable_fields;text_consistency;content_evidence;revision_replay;idempotence	时间机器五段为初次试验、加速、感受景象、停车危险、到达，保留多句叙述和内心活动。
779	public/pep-english/lessons/pephs4/003.json	pep-english	pephs4-003	Experience the Iconic Features of Australia	passed_edited	Codex	2026-10-07T07:35:54+00:00	"[{""path"":""content/article-review/history/d22181af51efa0223ee3d2384813350ad6ec6fccc120ff0be6c760c989572274.json"",""locator"":""display: complete published JSON baseline; contextual segmentation review only"",""checked"":true,""sha256"":""cf40f8714972a2076bc083237fda6a889acf47f4f028e817efe4c33834088481""}]"	0b8c16f0df8981667eaf42dc7879597eb674182f4bf51b12a659dccb3907f1fb	846c29b57e75076242d4e6535a0ceb4e3b963d563b20ef2f3a567ba4f7aa067b	0	3	0	json;immutable_fields;text_consistency;content_evidence;revision_replay;idempotence	澳大利亚博客四个日期原块内含多个自然段；9月25日分背景和兴趣，10月3日分原住民、音乐、乐器，10月6日分文化、居民、结语，按现有换行拆开。
780	public/pep-english/lessons/pephs4/004.json	pep-english	pephs4-004	The Amazing Animals of Australia	passed_edited	Codex	2026-10-07T07:35:55+00:00	"[{""path"":""content/article-review/history/f2b2683d0d28a5fd2b8c83a68ecf8787ad899d83a9333873dc6691fcde73be01.json"",""locator"":""display: complete published JSON baseline; contextual segmentation review only"",""checked"":true,""sha256"":""050cd816124aae3e2918e802a2413e808aec779b2b4d37dfd5b6bce1c0fbea39""}]"	f1e4cc6852780f4cb3f056b7622c3a656a38b86f8e6f816782af3b4560178ed1	751b32b082c16bbee5f0496709aa26c5ca056fc934697131d56bac4caeb2946f	0	4	0	json;immutable_fields;text_consistency;content_evidence;revision_replay;idempotence	澳大利亚动物访谈四组问题和专家回答原同块，按现有问答换行分别分块，袋鼠考拉袋獾鸭嘴兽长回答各保持完整。
781	public/pep-english/lessons/pephs4/005.json	pep-english	pephs4-005	Dujiangyan	passed_unchanged	Codex	2026-10-07T07:35:55+00:00	"[{""path"":""content/article-review/history/bb0c6d38c8eb869e257289f17a095ea6c71c73c5510028f49c4cec8b4b806722.json"",""locator"":""display: complete published JSON baseline; contextual segmentation review only"",""checked"":true,""sha256"":""e9ed34adee47d1f8829b6491eab95555b4da8e16f512e8b66ee84f38537d9df9""}]"	f02f7ba872d45978da7eda10f149dff6b50ed0df0b508eaadcd76e0302feed93	f02f7ba872d45978da7eda10f149dff6b50ed0df0b508eaadcd76e0302feed93	0	0	0	json;immutable_fields;text_consistency;content_evidence;revision_replay;idempotence	都江堰从历史建造、治水工程到鱼嘴及持续作用为完整说明单段，保留。
782	public/pep-english/lessons/pephs4/006.json	pep-english	pephs4-006	Reaching Out Across the Sea	passed_unchanged	Codex	2026-10-07T07:35:55+00:00	"[{""path"":""content/article-review/history/165a0e05f8845fe73e3958685fd716392798127f409c6aa4dbe51818fcfc3337.json"",""locator"":""display: complete published JSON baseline; contextual segmentation review only"",""checked"":true,""sha256"":""73110713403412328a5219bed53ed855cba7e608d1222445c89179e0b0f5acfc""}]"	c7ef1724c2a5edcd4298c265836a610463b31562d0e7c1a9ea93a82757a7aece	c7ef1724c2a5edcd4298c265836a610463b31562d0e7c1a9ea93a82757a7aece	0	0	0	json;immutable_fields;text_consistency;content_evidence;revision_replay;idempotence	海上交流七段含古丝路、郑和、现代倡议及其目的、北极合作和展望；倡议引入及阐述各完整段保留。
783	public/pep-english/lessons/pephs4/007.json	pep-english	pephs4-007	The Case Against More Sea Exploration	passed_unchanged	Codex	2026-10-07T07:35:55+00:00	"[{""path"":""content/article-review/history/a14ebd5b3e6cc31fef5b75b9c81906925e61ee563961f5a2cb8fa14bf882f4cb.json"",""locator"":""display: complete published JSON baseline; contextual segmentation review only"",""checked"":true,""sha256"":""140c95010a9b0469dcee1c784d947dab9636bbeb91aa8465b27f947b274a3eee""}]"	dec1681f1da67f1cd33c7d3052b2ebe41608cd5f7a8ef36fa3afeaffa836bc54	dec1681f1da67f1cd33c7d3052b2ebe41608cd5f7a8ef36fa3afeaffa836bc54	0	0	0	json;immutable_fields;text_consistency;content_evidence;revision_replay;idempotence	反对海洋探索五段为立场、污染、采矿、过捕、保护呼吁，论点边界清晰。
784	public/pep-english/lessons/pephs4/008.json	pep-english	pephs4-008	The Case for Sea Exploration	passed_unchanged	Codex	2026-10-07T07:35:55+00:00	"[{""path"":""content/article-review/history/73cf510aa19bd82361a09f8a0253cb74b0c566277408599294832300bba354f2.json"",""locator"":""display: complete published JSON baseline; contextual segmentation review only"",""checked"":true,""sha256"":""781fe6020b8f88761c947a884d471428e29fd7c4f7316261007db393ba0c3df2""}]"	a67379d85a1e41efc254c9149b822feb45070a0363834621ba9d689169ad2699	a67379d85a1e41efc254c9149b822feb45070a0363834621ba9d689169ad2699	0	0	0	json;immutable_fields;text_consistency;content_evidence;revision_replay;idempotence	支持海洋探索四段为科研、资源认识、发展需求、风险平衡，保留多句论述段。
785	public/pep-english/lessons/pephs4/009.json	pep-english	pephs4-009	World Oceans Day	passed_unchanged	Codex	2026-10-07T07:35:55+00:00	"[{""path"":""content/article-review/history/19fcde21fdbe762500e46c09c3623be6f8cbead7ee5c860068112696ba746c77.json"",""locator"":""display: complete published JSON baseline; contextual segmentation review only"",""checked"":true,""sha256"":""463f573d3893714d0072947b67221a22b359469f6b35f6f4beb3c688d00f0302""}]"	87a6bf755cbe8fd6ef409b3ff6a4aa47f404c46a9acae84a2bc5612703392bd4	87a6bf755cbe8fd6ef409b3ff6a4aa47f404c46a9acae84a2bc5612703392bd4	0	0	0	json;immutable_fields;text_consistency;content_evidence;revision_replay;idempotence	世界海洋日三段依活动概况、青年参与、年度主题组织，保留。
786	public/pep-english/lessons/pephs4/010.json	pep-english	pephs4-010	Volunteering in the Bush	passed_unchanged	Codex	2026-10-07T07:35:56+00:00	"[{""path"":""content/article-review/history/1b612afd222fca497e0e58186730bac078da1830fce97ab8d0d0c9b6265a312e.json"",""locator"":""display: complete published JSON baseline; contextual segmentation review only"",""checked"":true,""sha256"":""d03b1e39e070b1afd405a20eab2157ff2c75d24e8ca54c04d71cab6b4a0be110""}]"	9123eaba47f37f91363fcc2916041dff0010f7b724c320991fe7c99afd5bfc9f	9123eaba47f37f91363fcc2916041dff0010f7b724c320991fe7c99afd5bfc9f	0	0	0	json;immutable_fields;text_consistency;content_evidence;revision_replay;idempotence	丛林志愿日记保留两日期标题，学校状况及化学课、多段村庄访问、饮食风俗和返程自然段清楚。
787	public/pep-english/lessons/pephs4/011.json	pep-english	pephs4-011	Volunteering at an Animal Shelter	passed_edited	Codex	2026-10-07T07:39:41+00:00	"[{""path"":""content/article-review/history/ed8476336976d7e6b10751277754ea38158c15ad2cb8173620a65d9c777a07f2.json"",""locator"":""display: complete published JSON baseline; contextual segmentation review only"",""checked"":true,""sha256"":""d9bf65c10b90d08bd77712a4e7b3110d9b7b4822e32b11583d8940cf50d14795""}]"	5d433df0fc04a3ce293839300c57cb94e1d54fd47063f6b9c792d861ddfc09f2	c83b3b28d0bd25b6f258aa986f478ba6fc1a305c8fcae84ea506f85dc8abde25	0	1	0	json;immutable_fields;text_consistency;content_evidence;revision_replay;idempotence	Jessie与Susan动物收容所志愿服务八轮对话拆块，笼子分工、时间与过敏担心保持本轮。
788	public/pep-english/lessons/pephs4/012.json	pep-english	pephs4-012	Is China’s Aid to Other Countries Worth It?	passed_unchanged	Codex	2026-10-07T07:39:41+00:00	"[{""path"":""content/article-review/history/81843ec1fd6750233d31273c5d6855df11c0cd97352ba258aa5b7ce6e49aeac7.json"",""locator"":""display: complete published JSON baseline; contextual segmentation review only"",""checked"":true,""sha256"":""549acdc80b5e6a558c2e16b5556a7deacc5d464f564906194516b918752148c2""}]"	4966b872fac0f2ab07fc0d378ba7904e3134022fc1f33f94b74a25cc9e5274cd	4966b872fac0f2ab07fc0d378ba7904e3134022fc1f33f94b74a25cc9e5274cd	0	0	0	json;immutable_fields;text_consistency;content_evidence;revision_replay;idempotence	援外演讲开场后从疑问、母亲支援、个人情绪到医疗贡献、认同和全球责任，八段完整保留。
789	public/pep-english/lessons/pephs4/013.json	pep-english	pephs4-013	People’s Shoes	passed_unchanged	Codex	2026-10-07T07:39:41+00:00	"[{""path"":""content/article-review/history/ef3f9a5292a92e6db1d0a7c2bcd992807fe7a8881ad1a41694858eb127f70489.json"",""locator"":""display: complete published JSON baseline; contextual segmentation review only"",""checked"":true,""sha256"":""e1c9e2fdbe6928b13701a0bea0b472491799451676b22e00cb6290af596bee7f""}]"	6fc47624e3d1d1d51ca489222a3345977690667b20ad7d4f241e9062bc9de2be	6fc47624e3d1d1d51ca489222a3345977690667b20ad7d4f241e9062bc9de2be	0	0	0	json;immutable_fields;text_consistency;content_evidence;revision_replay;idempotence	People’s Shoes四个问句小标题及对应回答各自独立，保留公司使命、项目、范围与支持方式。
790	public/pep-english/lessons/pephs4/014.json	pep-english	pephs4-014	China Exchange	passed_unchanged	Codex	2026-10-07T07:39:41+00:00	"[{""path"":""content/article-review/history/49e90e688aa53d2c04af77356f29c1c9f132c5188488b042bf7f4b15c7f9351b.json"",""locator"":""display: complete published JSON baseline; contextual segmentation review only"",""checked"":true,""sha256"":""81871c2975aa8f4bef1d046f7fb005b7dc4da19822c43fb64ae54f632784c0f2""}]"	a901bc99941e1a473f9e0252083e978d1fbd33c8b13ebcb0dfb6f909cb2fa2f1	a901bc99941e1a473f9e0252083e978d1fbd33c8b13ebcb0dfb6f909cb2fa2f1	0	0	0	json;immutable_fields;text_consistency;content_evidence;revision_replay;idempotence	China Exchange四组标题问答说明组织、人员交换、工作地区、参与，结构清楚。
791	public/pep-english/lessons/pephs4/015.json	pep-english	pephs4-015	Working Out What You Want to Do	passed_unchanged	Codex	2026-10-07T07:39:41+00:00	"[{""path"":""content/article-review/history/0cef3ce261df3c9e1efffc19c903a2caf4b026698e18339844235b8330abdd43.json"",""locator"":""display: complete published JSON baseline; contextual segmentation review only"",""checked"":true,""sha256"":""e1643ce5ebcce6a8a572e53b51a981407546f812e08864e04e33fab0ff407767""}]"	940ce32c943c2905a11d9738c50c3aa62f442a8fff76bb21d17487b10949a20c	940ce32c943c2905a11d9738c50c3aa62f442a8fff76bb21d17487b10949a20c	0	0	0	json;immutable_fields;text_consistency;content_evidence;revision_replay;idempotence	职业测评七段按职业意义、时机、工具、类型、评分、建议层级和结论组织，保留自然段。
792	public/pep-english/lessons/pephs4/016.json	pep-english	pephs4-016	Build up your vocabulary	passed_edited	Codex	2026-10-07T07:39:41+00:00	"[{""path"":""content/article-review/history/319445f6010961243d806f32821833fa0d7369b63c50d1e0405a6e4d3276b5f2.json"",""locator"":""display: complete published JSON baseline; contextual segmentation review only"",""checked"":true,""sha256"":""191499d8da146c5ff426dd371c9284008daadaeb38604103f73dde2fec6c9e05""}]"	18b3ea8936e27a9d352b5353d9609633996570bd3e03ce1213d9505317d4efd0	be33fe595af4b3977dab935e41a5d4d92b39756ac0762226418bf16b5bfd15b8	1	0	0	json;immutable_fields;text_consistency;content_evidence;revision_replay;idempotence	职业词汇填词短文整体论述保留；dr eams的词内空格明确修复为dreams；多处语法缺口无可见占位符，不能仅凭JSON补词。 旁注：现有JSON的填词缺口无占位符，属于文字层面疑点，不作为句段待确认；保持原文。
793	public/pep-english/lessons/pephs4/017.json	pep-english	pephs4-017	Summer Camp Helpers Wanted!	passed_edited	Codex	2026-10-07T07:39:42+00:00	"[{""path"":""content/article-review/history/1b37d6042dc3f7d8e5f9d60b1fc37e835643dc739a600cb5a43c6acfdf5e93f9.json"",""locator"":""display: complete published JSON baseline; contextual segmentation review only"",""checked"":true,""sha256"":""21baf3c5265269eb98b59151c6aa4216901cd0bbb1a0532c1645c22ea2b9f6d9""}]"	54c500c647c5d412e98311f13f421eb7e0fe4db1def8025f02fddb2569bc5e20	aa73d303307fb17cecfdc6a504d9c1573d4602450cfcb41ad8c637c3eb72d930	0	1	0	json;immutable_fields;text_consistency;content_evidence;revision_replay;idempotence	夏令营招聘三段说明后资格清单原混在一个段块，按引导句及五条明确圆点项目拆分，申请地址保持独立。
794	public/pep-english/lessons/pephs4/018.json	pep-english	pephs4-018	Kelly Xu’s Cover Letter	passed_unchanged	Codex	2026-10-07T07:39:42+00:00	"[{""path"":""content/article-review/history/393ca69e3a5f13607f99f0368a1bbc5092ee74841fc63c7030b2bc9062f90707.json"",""locator"":""display: complete published JSON baseline; contextual segmentation review only"",""checked"":true,""sha256"":""6e0c755be34a6bd40c0245ef870260b27fa03d3afd238631d776df1466ab3c9c""}]"	8ea0e50b0e993bd8a6922d36723d160f9b36fe0158c7d9eae0530108b43dfc15	8ea0e50b0e993bd8a6922d36723d160f9b36fe0158c7d9eae0530108b43dfc15	0	0	0	json;immutable_fields;text_consistency;content_evidence;revision_replay;idempotence	Kelly申请信正文按申请、英语组织能力、动物志愿经验、书法、期待及回信要求分段，落款内部换行保留。
795	public/pep-english/lessons/pephs4/019.json	pep-english	pephs4-019	Kelly Xu’s CV	passed_edited	Codex	2026-10-07T07:39:42+00:00	"[{""path"":""content/article-review/history/a164eb88916d2130856755068cb63f929502d53e01ddb8f46693c607f0862c2e.json"",""locator"":""display: complete published JSON baseline; contextual segmentation review only"",""checked"":true,""sha256"":""abaf119aaa3421ca45a19b4ad97911df8415ea941b07cff4b53745bbe3c431fd""}]"	53f15ea28e6b1a6eba7676991c911ff210c8ab17d569ef559639891089311f4c	4339d40eaecc870b111ee0b1a2b2417ed645f3b9abf077af97a1540cfb51a131	0	4	0	json;immutable_fields;text_consistency;content_evidence;revision_replay;idempotence	Kelly简历保留姓名地址联系方式整体及四个分区标题，经历和圆点说明、教育两项、技能两项、兴趣六项依现有行界分别分块。
796	public/pep-english/lessons/pephs4/020.json	pep-english	pephs4-020	Make High School Count!	passed_unchanged	Codex	2026-10-07T07:39:42+00:00	"[{""path"":""content/article-review/history/598ba0a0ad6a281e861da44ac386e24c7d4e861476ea966f052a28c1f2b24c95.json"",""locator"":""display: complete published JSON baseline; contextual segmentation review only"",""checked"":true,""sha256"":""8cd4e1d763e696442cbae847170344d74b8e7b5f1480226440f81ac1a89f872f""}]"	4879f4200806b953f21ad5315d03266ce435d426f1b0b3c6617c8d547445c97b	4879f4200806b953f21ad5315d03266ce435d426f1b0b3c6617c8d547445c97b	0	0	0	json;immutable_fields;text_consistency;content_evidence;revision_replay;idempotence	高中努力的劝告为单一完整演讲短段，重复It doesn’t matter和You need强调保留，不逐句拆碎。
797	public/pep-english/lessons/pephs4/021.json	pep-english	pephs4-021	Using Words and Expressions	needs_source_check	Codex	2026-10-07T07:39:42+00:00	"[{""path"":""content/article-review/history/c00e0dabc50e7f2ea530e1b640bfe5f13580726c104e3235ba799bd944e4ab3d.json"",""locator"":""display: complete published JSON baseline; contextual segmentation review only"",""checked"":true,""sha256"":""fe1875598dffac54fae2ada0b0c7fbb2d7a90efae5cfdea514f2e83db9f60dfe""}]"	846f4d656d2b034427ea3c55b1ab07ddf08aa85489a3d7a06510808ab1b289c1	846f4d656d2b034427ea3c55b1ab07ddf08aa85489a3d7a06510808ab1b289c1	0	0	0	json;immutable_fields;text_consistency;content_evidence;revision_replay;idempotence	完整读到末尾opinions on；时间旅行科幻段与chairman/policeman等词表及性别语言说明交叉插入，不能保序合并成合理自然段，保持原文待确认。; 全文将科幻说明与性别语言词表/练习交叉穿插，如artificial与intelligence间夹chairman policeman chairperson；后文亦持续双内容交织且句尾截断。需重排或补字才可恢复句段，超出只调空白边界权限。
798	public/pep-english/lessons/pephs4/022.json	pep-english	pephs4-022	Previously on The Evos	passed_unchanged	Codex	2026-10-07T07:39:42+00:00	"[{""path"":""content/article-review/history/c2d4edad6733156049895df63ad86cc50468cfd8e5502995eff65c38048543ee.json"",""locator"":""display: complete published JSON baseline; contextual segmentation review only"",""checked"":true,""sha256"":""d8dc7b21328df597a21a00bd492b6aeb94016a7dcfaa6e14cc9cf2e42c368bd9""}]"	4ebc4faaf02083d218c8a4c3063ce2d457a3b14bea7166496a3f116965890e2a	4ebc4faaf02083d218c8a4c3063ce2d457a3b14bea7166496a3f116965890e2a	0	0	0	json;immutable_fields;text_consistency;content_evidence;revision_replay;idempotence	The Evos前情回顾从陨石新闻、三人发现昏睡到逃走和陨石被带走，单段叙事完整保留。
799	public/pep-english/lessons/pephs4/023.json	pep-english	pephs4-023	Journey to the Centre of the Earth	passed_edited	Codex	2026-10-07T07:39:42+00:00	"[{""path"":""content/article-review/history/140a5a469aa445d09734b840816d2584b561df975975981786c41cf110300b11.json"",""locator"":""display: complete published JSON baseline; contextual segmentation review only"",""checked"":true,""sha256"":""7b105f528cb9440c90f9982d20e9e7f55ddb105faea8032a6fc486121fa7fba4""}]"	f67c6ae4f33d30eefdb905d689576e4426ac48ccc7687ad0aae56aee30672ef3	70923167ebff3a316b2f18668b353cb1c3c8981eaa4f718c847cdb5d7870f588	0	3	0	json;immutable_fields;text_consistency;content_evidence;revision_replay;idempotence	地心游记自然描写段完整，三个原块内叔侄对白按现有换行明确轮次拆开，其余叙述不细拆。
800	public/pep-english/lessons/pephs4/024.json	pep-english	pephs4-024	Science Fiction or Science Fact?	passed_unchanged	Codex	2026-10-07T07:39:42+00:00	"[{""path"":""content/article-review/history/6137621874341212d9344025540c1e250645cfc63d331855f7e5f28021f9a28a.json"",""locator"":""display: complete published JSON baseline; contextual segmentation review only"",""checked"":true,""sha256"":""cd059713a48b57e78e6c444407115b2b6cd8d455df3ba2853963790605963029""}]"	3f019a9a9bac0b2c3cacf48af91113a6d2cf8c924a424d2fa1d9ef7ce35a09ca	3f019a9a9bac0b2c3cacf48af91113a6d2cf8c924a424d2fa1d9ef7ce35a09ca	0	0	0	json;immutable_fields;text_consistency;content_evidence;revision_replay;idempotence	科幻与科学六段围绕星际穿越、现实寻星、虫洞、时间差、创作取舍完整展开，保留论述自然段。
801	public/pep-english/lessons/pephs4/025.json	pep-english	pephs4-025	"In the film, such a ""wormhole"" mysteriously appears near"	needs_source_check	Codex	2026-10-07T07:39:43+00:00	"[{""path"":""content/article-review/history/6e06b5c2f49b4a8011ab4ce3039945b805380a282687c9fff28c787821d8adcb.json"",""locator"":""display: complete published JSON baseline; contextual segmentation review only"",""checked"":true,""sha256"":""0a036565a834383679c488be8c01c8d114727e4946cb7b84064a2146d5f570cd""}]"	4d17db0d109cb4d712e15263bab770899b46d265a7c46e0a9562b670a95b0b72	c48cb722283ab86617b8d9271c5cde23f46c366fc31562f79cc26f56291a265a	0	1	0	json;immutable_fields;text_consistency;content_evidence;revision_replay;idempotence	原单块内四行分别为寻星结尾、时空虫洞、电影穿越、科幻现实总结，按现有主题换行拆段；开头pass by为截断句，边界问题保留待确认。; 首段以pass by.起始，缺少主语及句首，且标题也是In the film...near截断句；仅凭该JSON无法确认首段应从何处接续，不能仅靠空白恢复完整首段。
802	public/pep-english/lessons/pephs4/026.json	pep-english	pephs4-026	Using Structures	needs_source_check	Codex	2026-10-07T07:39:43+00:00	"[{""path"":""content/article-review/history/288268ea6e7bfeb9aed3ee6152478ba30d6e654b8156c7965f58eca8051084a9.json"",""locator"":""display: complete published JSON baseline; contextual segmentation review only"",""checked"":true,""sha256"":""1c2f3d01d79bb67790b17a56ac2b710bd7f5e485de5d32d7fa0cf0ff37289ccf""}]"	e6e2eba94e0c00fafaeb6a1dff1fc9eed956867282b31e7e5cbb26d543756c47	e6e2eba94e0c00fafaeb6a1dff1fc9eed956867282b31e7e5cbb26d543756c47	0	0	0	json;immutable_fields;text_consistency;content_evidence;revision_replay;idempotence	完整读到末尾Aboriginal life；语法练习词组选项和原住民岩画说明在单块交织，不能保序拆成合理独立项目，未猜测处理。; myself my time burn tidy等练习词组与person who can provide explanations...及岩画段连续交叉插入，例句亦与岩画年代交织。恢复词表、例句与说明自然段需要重排，无法仅调空白安全修复。
803	public/pep-english/lessons/pephs4/027.json	pep-english	pephs4-027	What’s Cooking in Australia?	passed_unchanged	Codex	2026-10-07T07:39:43+00:00	"[{""path"":""content/article-review/history/dfc9c9114d0a8b1162dbd6b96aa0a9aee99d1ff9b76be50fd56fe41afb77e115.json"",""locator"":""display: complete published JSON baseline; contextual segmentation review only"",""checked"":true,""sha256"":""68f6e8d5172f53f5fa47a4ef01666c01a12bc71b569ede62f1fb340ef72b4007""}]"	ffab3533ca8b871fbe5d2769f550fad3b2c45d8e103d67c1084d46e3138a6aa4	ffab3533ca8b871fbe5d2769f550fad3b2c45d8e103d67c1084d46e3138a6aa4	0	0	0	json;immutable_fields;text_consistency;content_evidence;revision_replay;idempotence	澳洲饮食五段为地理、袋鼠肉、海鲜、烧烤、文化多样性，保留各完整介绍段。
804	public/pep-english/lessons/pephs4/028.json	pep-english	pephs4-028	Pavlova	passed_edited	Codex	2026-10-07T07:39:43+00:00	"[{""path"":""content/article-review/history/7596fd030b0693c709198e96fc164d65effadac683b7e13a655fe6febcbba3e2.json"",""locator"":""display: complete published JSON baseline; contextual segmentation review only"",""checked"":true,""sha256"":""15d502641b462dec1670ab8964246d6574a7932b3cc2dea08282fb67b12f786a""}]"	5d8c86c1dea51c27820c7eb61751c8fc0bd99d429865230f2c87192a0b89a4c9	259701075038cc993df5e9a845d2359687a7e824f65f86f047b9fc0c64cbe469	8	1	0	json;immutable_fields;text_consistency;content_evidence;revision_replay;idempotence	Pavlova简介及烹饪过程保持完整段；原材料段标题和八项配料黏在一行，按清晰剂量/名称边界拆为独立材料项目。
805	public/pep-english/lessons/pephs4/029.json	pep-english	pephs4-029	outside. Casual friendliness is the key to such meals. It is a	needs_source_check	Codex	2026-10-07T07:39:43+00:00	"[{""path"":""content/article-review/history/dbe0acffcdc984eb33de8bf5b119c7d74b4579f95755a81f7a1e166064acc2cb.json"",""locator"":""display: complete published JSON baseline; contextual segmentation review only"",""checked"":true,""sha256"":""b0deeee529c600d3abbd667a986d6c92a7e5d26a8aad9e25854479eb3f6655bc""}]"	426178c4c91d52dd806ba53cfce14b22f59e477ca1fc258aa5f68964f79ae495	43902911e39453e13d6c44185c20464ccb245798647c3268c5972fa5b96557bd	0	1	0	json;immutable_fields;text_consistency;content_evidence;revision_replay;idempotence	原文由烧烤说明尾段及Pavlova制作组成，按已有换行拆分不同主题；首句outside为句尾片段，保留待确认。; 首段从outside.句尾起始且标题为同一截断片段，无法仅凭本JSON补全首句或确定缺失的首段边界。
806	public/pep-english/lessons/pephs4/030.json	pep-english	pephs4-030	The Kiwi	passed_unchanged	Codex	2026-10-07T07:39:43+00:00	"[{""path"":""content/article-review/history/49b259e093fbe74c5f382aa7be7376cbed283a81a07bba3dbbb6351c456c14c3.json"",""locator"":""display: complete published JSON baseline; contextual segmentation review only"",""checked"":true,""sha256"":""b349f508f9000f8b143c32cb3ea9443b26f92707d9b7f809f76e21ef6f601daf""}]"	b8aafcd8dc7a61d61783c16123d9b56532fcd29970dbccb358c7ae10192c4e1a	b8aafcd8dc7a61d61783c16123d9b56532fcd29970dbccb358c7ae10192c4e1a	0	0	0	json;immutable_fields;text_consistency;content_evidence;revision_replay;idempotence	Kiwi总介后按水果、人、鸟及保护展开，Fruit/People/Bird标签与各自完整说明同块且项目界限清楚，保留。
807	public/pep-english/lessons/pephs4/031.json	pep-english	pephs4-031	The Thorn Birds (Adapted)	passed_unchanged	Codex	2026-10-07T07:39:43+00:00	"[{""path"":""content/article-review/history/45b97ae4e85f172cb12d1ef48acc659662277ed1863e2867381fa121255ea41c.json"",""locator"":""display: complete published JSON baseline; contextual segmentation review only"",""checked"":true,""sha256"":""c3134ebd3dcf04401866a0db2a2236c7cc95f610e3e4512b52944d091be19cf7""}]"	ca28442df71dbabe04a2863478a18a7447bebd97019d5c82b0696336b36e7d96	ca28442df71dbabe04a2863478a18a7447bebd97019d5c82b0696336b36e7d96	0	0	0	json;immutable_fields;text_consistency;content_evidence;revision_replay;idempotence	荆棘鸟节选六段分别骑行、陆地动物、鸟类、爬行类、昆虫和感叹，分号物种列举保留各主题自然段。
808	public/pep-english/lessons/pephs4/032.json	pep-english	pephs4-032	Using Structures 3 Complete the news report below	needs_source_check	Codex	2026-10-07T07:39:44+00:00	"[{""path"":""content/article-review/history/b57757b07e06e9c235740b9fad09f1575ed1527e0a33b8ad4cb4a4d6fd558145.json"",""locator"":""display: complete published JSON baseline; contextual segmentation review only"",""checked"":true,""sha256"":""96df7cf28fe72ff324e51f33edfcfe5b135dc9c23d7ff320b0a7ca16875069df""}]"	4955de43811ebbd3cc4adc8f5275cb8f06f9fd769978074979f1053ded1503b8	4955de43811ebbd3cc4adc8f5275cb8f06f9fd769978074979f1053ded1503b8	0	0	0	json;immutable_fields;text_consistency;content_evidence;revision_replay;idempotence	完整读到this field；计算机之父问答和深海科考任务句子交错，不仅是物理断行，保留原文等待边界确认。; Charles Babbage等人物问答与母船Deep Sea No.1及survey深海任务两条内容逐片交织，恢复独立题干和段落需要重排非空白字符，无法在本次权限内安全修复。
809	public/pep-english/lessons/pephs4/033.json	pep-english	pephs4-033	Man Lucky to Be Alive After Shallow-Water Shark Attack	passed_unchanged	Codex	2026-10-07T07:39:44+00:00	"[{""path"":""content/article-review/history/4b4f9099d80e05d71d5bb349c15214c083296479e68f20d58069794c4c05057b.json"",""locator"":""display: complete published JSON baseline; contextual segmentation review only"",""checked"":true,""sha256"":""b01e0ecc48a2f9fa16758276a443cfd272e18412106ec021cff8469e26339529""}]"	33e0cfb98fd3e8f8ccefdd8597c5c246500f6e8db1b160e72b077b8b1ab4b6b8	33e0cfb98fd3e8f8ccefdd8597c5c246500f6e8db1b160e72b077b8b1ab4b6b8	0	0	0	json;immutable_fields;text_consistency;content_evidence;revision_replay;idempotence	浅水鲨袭三句新闻为完整事件与伤势单元，保留单段。
810	public/pep-english/lessons/pephs4/034.json	pep-english	pephs4-034	Sherry Wilson’s Shark Attack	passed_unchanged	Codex	2026-10-07T07:39:44+00:00	"[{""path"":""content/article-review/history/73651cb95934648bf7924e20a507081a5d56c4456c34b8b52764d87c064c815b.json"",""locator"":""display: complete published JSON baseline; contextual segmentation review only"",""checked"":true,""sha256"":""53718abbd2ad53656bc1ae940b9087150d30bb01d7f72d75a572eed66d4c3b9d""}]"	b0ec1421bdbf1b88338613e019e2c332b42a4adc17918058c33904bee6a331a6	b0ec1421bdbf1b88338613e019e2c332b42a4adc17918058c33904bee6a331a6	0	0	0	json;immutable_fields;text_consistency;content_evidence;revision_replay;idempotence	Sherry鲨袭简讯地点、伤情和父亲说明三句同一完整新闻段，保留。
811	public/pep-english/lessons/pephs4/035.json	pep-english	pephs4-035	Two-Metre Shark Attack While Snorkelling	passed_unchanged	Codex	2026-10-07T07:39:44+00:00	"[{""path"":""content/article-review/history/e3df0f87cf26133440f8ba109390b63ef67cd867d1a0961396648a1bbfe9775d.json"",""locator"":""display: complete published JSON baseline; contextual segmentation review only"",""checked"":true,""sha256"":""302875fcec77d2e623a2045b9ae0af122d7db399025c8b23eeb807b089b6a4fd""}]"	52d6bdfb2aaabe6a9fc1827d20ede0f7299cd8f1cd61a74774cc3120bc414af2	52d6bdfb2aaabe6a9fc1827d20ede0f7299cd8f1cd61a74774cc3120bc414af2	0	0	0	json;immutable_fields;text_consistency;content_evidence;revision_replay;idempotence	浮潜遇袭两句新闻交代人、地点场景、伤情及转院，保留短段。
812	public/pep-english/lessons/pephs4/036.json	pep-english	pephs4-036	A Sea of Plastic	passed_unchanged	Codex	2026-10-07T07:39:44+00:00	"[{""path"":""content/article-review/history/a747f3fe33dcc711e5493f71ae7e034d4c88ad64aaf785d9be7550d801cb2b6f.json"",""locator"":""display: complete published JSON baseline; contextual segmentation review only"",""checked"":true,""sha256"":""e8ca35af16dd605cab61a12a9263943a3f995f88609e9b8472d0a6dd60d3dda1""}]"	991108eaffeeb9ef6cce5b06df55fb9848c19c3e856fe0a799706ec712ede040	991108eaffeeb9ef6cce5b06df55fb9848c19c3e856fe0a799706ec712ede040	0	0	0	json;immutable_fields;text_consistency;content_evidence;revision_replay;idempotence	海洋塑料五段为Henderson发现、垃圾带、微塑料、Ocean Cleanup和呼吁，引语与说明各段完整。
813	public/pep-english/lessons/pephs4/037.json	pep-english	pephs4-037	Sea Fever	passed_unchanged	Codex	2026-10-07T07:39:44+00:00	"[{""path"":""content/article-review/history/546bf3825693776168cf5d7acbd12630bcc89124640339e888aa335bbb1b45d1.json"",""locator"":""display: complete published JSON baseline; contextual segmentation review only"",""checked"":true,""sha256"":""0f9d3e4c2fe6ca1b7588f602c834f9f19e7222ffa098fa4f017cad0ec31ca897""}]"	90e275d889149e43f7e501e08026bfa89a6d758bf0c3c2168a495955e4964a5d	90e275d889149e43f7e501e08026bfa89a6d758bf0c3c2168a495955e4964a5d	0	0	0	json;immutable_fields;text_consistency;content_evidence;revision_replay;idempotence	Sea Fever三节各四行，保留重复开头、跨行句法和诗节，不转换为普通段落。
814	public/pep-english/lessons/pephs4/038.json	pep-english	pephs4-038	On the Seashore	passed_unchanged	Codex	2026-10-07T07:39:44+00:00	"[{""path"":""content/article-review/history/de7961f66d5526ec272c8ae6be6519eaa6275c8b315897d2186ac7603fc0e3d4.json"",""locator"":""display: complete published JSON baseline; contextual segmentation review only"",""checked"":true,""sha256"":""50d8494c325848a54b74d459ca5cb61aab7e1d594118f09688096a8de17fd2e6""}]"	648214e8827e0f5066f8a97074e50b258058e2227684574ff5ed71d2f25244a7	648214e8827e0f5066f8a97074e50b258058e2227684574ff5ed71d2f25244a7	0	0	0	json;immutable_fields;text_consistency;content_evidence;revision_replay;idempotence	On the Seashore五诗节，海滩儿童意象与跨行句法保留，诗行不按句合并。
815	public/pep-english/lessons/pephs4/039.json	pep-english	pephs4-039	As I Grew Older	passed_unchanged	Codex	2026-10-07T07:39:44+00:00	"[{""path"":""content/article-review/history/2ceeb0cd1764e053b9db0086a8531b8eb0b4d6a03107a5681219edbb7dce597f.json"",""locator"":""display: complete published JSON baseline; contextual segmentation review only"",""checked"":true,""sha256"":""11ae48274ed978b00c64bdaecf4da5bd30e99102bf54766d77d5bc0a4c31d85a""}]"	f03d36573129e7992ddb8f4269bd09ee8a9fd44f7fe00183e33847d5963484c2	f03d36573129e7992ddb8f4269bd09ee8a9fd44f7fe00183e33847d5963484c2	0	0	0	json;immutable_fields;text_consistency;content_evidence;revision_replay;idempotence	As I Grew Older五诗节含两行Shadow/I am black短节，保留墙、影与破壁意象的行节节奏。
816	public/pep-english/lessons/pephs4/040.json	pep-english	pephs4-040	The World’s Most Useful Gifts	passed_edited	Codex	2026-10-07T07:39:44+00:00	"[{""path"":""content/article-review/history/032bf375a3cd71bd53633c888052a691086fa513d229e1bef25de5aa37fd2a74.json"",""locator"":""display: complete published JSON baseline; contextual segmentation review only"",""checked"":true,""sha256"":""6795dea46efcd3e6dd4f4fd4d28a60549c831ca46d0111d7ce6ceb4275242f5a""}]"	b227390ad085a842cd5e1adcf04b62edef8f8ea88d0602f16d89d5f6742912c4	b75f6507893f6b27742d30beb1997911e0fbc07990260c4a84f4e68634982f25	0	1	0	json;immutable_fields;text_consistency;content_evidence;revision_replay;idempotence	捐赠礼物总介和流程段保持，AUD标题后21个礼物价格条目按现有换行拆块，项目金额完整对应。
817	public/pep-english/lessons/pephs4/041.json	pep-english	pephs4-041	For the Children (Adapted)	passed_unchanged	Codex	2026-10-07T07:39:45+00:00	"[{""path"":""content/article-review/history/33eddcac361c4205422448182418b40cf747abb21ac4300e11d14c1f16289f71.json"",""locator"":""display: complete published JSON baseline; contextual segmentation review only"",""checked"":true,""sha256"":""dc34f2fa57495fd71d82f603ecfedb697017b259d39c56af6e9f4e42cd8f8a04""}]"	237fac4a6a963f3973eccf1a1861c65581b256f83bc5d6f37c58a0ac7f3ec45b	237fac4a6a963f3973eccf1a1861c65581b256f83bc5d6f37c58a0ac7f3ec45b	0	0	0	json;immutable_fields;text_consistency;content_evidence;revision_replay;idempotence	UNICEF演讲九段依志愿经历、贫困债务、职责、营养、个人受助、贫困隐蔽性、儿童代价、呼吁和致谢，长段完整。
818	public/pep-english/lessons/pephs4/042.json	pep-english	pephs4-042	in over 100 developing nations, UNICEF is brought up against the face of today's international	passed_edited	Codex	2026-10-07T07:39:45+00:00	"[{""path"":""content/article-review/history/2bed269f3c53c817051e10ac714fb5b8693d2d16f7c9c5add70ba57ba0514571.json"",""locator"":""display: complete published JSON baseline; contextual segmentation review only"",""checked"":true,""sha256"":""0d2b692621f46a1ea130a81b4159f68adc36a18e04e42a52c268ed73c2eaa270""}]"	f466d2037faab8f3fdbece9f81fd7707408d53804fb36ff83aed7e2df9c1224c	8780883b40993ed2cd95a60427309b67518f2c2332536bd7a76ff3d03260d4da	0	1	0	json;immutable_fields;text_consistency;content_evidence;revision_replay;idempotence	正文两个完整论述单元被放同块，按现有换行拆开UNICEF儿童处境与呼吁；标题是正文片段但不改元数据。
819	public/pep-english/lessons/pephs4/043.json	pep-english	pephs4-043	Being a Reporter	passed_unchanged	Codex	2026-10-07T07:39:45+00:00	"[{""path"":""content/article-review/history/3062ba5e51f0f6d106eb2ac41c3a00a1b296e5309a7becb931be8a59d8ceb575.json"",""locator"":""display: complete published JSON baseline; contextual segmentation review only"",""checked"":true,""sha256"":""d46ca40129891e22c2f3fd065c5d919ebcd958e0948b21a218a249d3646a9e31""}]"	401b7da73828bf1d317a507cdb0d3cafe4e71cb3e3a1b7ab7cc0615dec3e8e40	401b7da73828bf1d317a507cdb0d3cafe4e71cb3e3a1b7ab7cc0615dec3e8e40	0	0	0	json;immutable_fields;text_consistency;content_evidence;revision_replay;idempotence	记者职业兴趣从场所、沟通写作要求到个人志向组成连贯介绍段，保留。
820	public/pep-english/lessons/pephs4/044.json	pep-english	pephs4-044	Does Practice Really Make Perfect?	passed_unchanged	Codex	2026-10-07T07:39:45+00:00	"[{""path"":""content/article-review/history/7702e4674f65329f1147d650755272016aa148a225d2ad837377bd1a8582a232.json"",""locator"":""display: complete published JSON baseline; contextual segmentation review only"",""checked"":true,""sha256"":""8f2f35d94884ffff343cd50870d1003c9d9f0e339e1476536936ce5e8910994f""}]"	db5ffd3773baea4a275ad3ebb022289bc582ae9fc9af8033c5ee1635a2bb0785	db5ffd3773baea4a275ad3ebb022289bc582ae9fc9af8033c5ee1635a2bb0785	0	0	0	json;immutable_fields;text_consistency;content_evidence;revision_replay;idempotence	练习与专家七段介绍一万小时理论、Ericsson纠正、其他因素、天赋、社会因素、刻意练习建议，保留完整论述。
821	public/pep-english/lessons/pephs4/045.json	pep-english	pephs4-045	The Summer Break That Could Change Your Life	passed_unchanged	Codex	2026-10-07T07:39:45+00:00	"[{""path"":""content/article-review/history/61f21ddaecaa6d5bc5594c13f0cde73f5259e512ed9d9aafc72f4365345495a4.json"",""locator"":""display: complete published JSON baseline; contextual segmentation review only"",""checked"":true,""sha256"":""bee52e49442d99f38efeb77635eaf554c306acf06a0c2a21c5d148900cd77a6a""}]"	f48eb70c2513e5b0978e5f9a501ecbab479542c552b86011c3a0f7f06ca45386	f48eb70c2513e5b0978e5f9a501ecbab479542c552b86011c3a0f7f06ca45386	0	0	0	json;immutable_fields;text_consistency;content_evidence;revision_replay;idempotence	暑假选择四类小标题与TOP TIPS保留，六条圆点建议已在list块内明确逐行独立，保持列表类型与项目行界，不改成散文。
822	public/college-english/lessons/rw1/rw1-u01-a.json	college-english	rw1-u01-a	Toward a brighter future for all	passed_unchanged	Codex	2026-10-07T07:29:59+00:00	"[{""path"":""content/article-review/history/f4f506e8b3649dc9d115329caa1753b5f5bbd240d7c7f9292c7339a9e0cc3591.json"",""locator"":""display: complete published JSON baseline; contextual segmentation review only"",""checked"":true,""sha256"":""112a802bf46d7c7c46f3c340867ee5332b440fbba638be629b6254e4c98ab0d0""}]"	c071aab3284113b2d27b3e49dc3116f99b749c8e206195b768cd82f68bc081bb	c071aab3284113b2d27b3e49dc3116f99b749c8e206195b768cd82f68bc081bb	0	0	0	json;immutable_fields;text_consistency;content_evidence;revision_replay;idempotence	全文及未改动输出复核：迎新致辞按欢迎、毕业回忆、大学资源、选课建议、宿舍体验、传承责任和结语展开；达芬奇例证属于选课段内部，多句段落完整，保留八段。
823	public/college-english/lessons/rw1/rw1-u01-b.json	college-english	rw1-u01-b	What we wish	passed_unchanged	Codex	2026-10-07T07:29:59+00:00	"[{""path"":""content/article-review/history/38443e7bfd7a1c2ddb294d9faa1c6b6755072c3678c9dc9f699ba5ab73c744c3.json"",""locator"":""display: complete published JSON baseline; contextual segmentation review only"",""checked"":true,""sha256"":""6b3dd63fdcfcd1ab6d3f015b98b57f096b41dbc7de8772a204eb315c452e0969""}]"	d70059a26daf602732a31b61ca495ea7d5864fbb9540643f6d7670a88a5c04cf	d70059a26daf602732a31b61ca495ea7d5864fbb9540643f6d7670a88a5c04cf	0	0	0	json;immutable_fields;text_consistency;content_evidence;revision_replay;idempotence	全文及未改动输出复核：家书称呼独立；学习、选课、成绩、交友、青春各为完整建议段；College is the time下四行并列和Love/Your father落款为有意换行，保留其独立行及原段。
824	public/college-english/lessons/rw1/rw1-u01-c.json	college-english	rw1-u01-c	The post-00s looking forward to a colorful life	passed_unchanged	Codex	2026-10-07T07:29:59+00:00	"[{""path"":""content/article-review/history/32e819a201ec24c3561c4b9a73cf0febf836a364d47f6527471f360f31c917c0.json"",""locator"":""display: complete published JSON baseline; contextual segmentation review only"",""checked"":true,""sha256"":""50bd674846889ee255e61cc78abc70ee4b3660ab9ef7727d9eda6f8395441b80""}]"	3187cf0ba0a0f5f4564058386c51f20fa4f098a8ac4e9b348d23c831337e5e19	3187cf0ba0a0f5f4564058386c51f20fa4f098a8ac4e9b348d23c831337e5e19	0	0	0	json;immutable_fields;text_consistency;content_evidence;revision_replay;idempotence	全文及未改动输出复核：行李总起后张悦如传统文化、梁艺欣舞蹈、艺术兴趣、学习准备、农业理想、甘肃支教各自成段；括号中文词注随词保留，无物理断行。
825	public/college-english/lessons/rw1/rw1-u02-a.json	college-english	rw1-u02-a	A child’s clutter awaits an adult’s return	passed_unchanged	Codex	2026-10-07T07:29:59+00:00	"[{""path"":""content/article-review/history/05f94ff4a1c5fa33203276d45e0b05386be0482e6bdd6bffc9982a1ba7ebfffa.json"",""locator"":""display: complete published JSON baseline; contextual segmentation review only"",""checked"":true,""sha256"":""5fca3e46d6c683a50d64fd649add2a4efcf1391e6c4cf6c58e26ef0d4ded218b""}]"	bbe87cd040a7805047efcf3fdee93975a86a9628a36536ae5ccbb7ea3f2dea12	bbe87cd040a7805047efcf3fdee93975a86a9628a36536ae5ccbb7ea3f2dea12	0	0	0	json;immutable_fields;text_consistency;content_evidence;revision_replay;idempotence	全文及未改动输出复核：女儿离家、逐项收拾、信封发现、撤回清理、夫妻对话、等待归来叙述连续；DO NOT THROW AWAY为独立强调，末部对话轮次保持独立，不把短段机械合并。
826	public/college-english/lessons/rw1/rw1-u02-b.json	college-english	rw1-u02-b	Time slows down	passed_unchanged	Codex	2026-10-07T07:29:59+00:00	"[{""path"":""content/article-review/history/b168027c9e9b17aff6d46f2d8f697df6b6438c4293037091f01b4dfd699d0616.json"",""locator"":""display: complete published JSON baseline; contextual segmentation review only"",""checked"":true,""sha256"":""abd09d5547dc8cd98c62b2ba002950e7c1a6e109de3085b92a533d0b0deaac1d""}]"	2cf10cacd2fcfe3a06fd75c5ed95059cfebb5994c7d4d20f76e11dd7b884ab3a	2cf10cacd2fcfe3a06fd75c5ed95059cfebb5994c7d4d20f76e11dd7b884ab3a	0	0	0	json;immutable_fields;text_consistency;content_evidence;revision_replay;idempotence	全文及未改动输出复核：护理院与幼年芝加哥及富士山回忆之间转场明确；买鳗鱼、拒食、劝步、野餐对话独立；The eel has vanished和Nor would I是叙事强调，保留34段。
827	public/college-english/lessons/rw1/rw1-u02-c.json	college-english	rw1-u02-c	Bonds of love	passed_unchanged	Codex	2026-10-07T07:30:00+00:00	"[{""path"":""content/article-review/history/3b5422455c16a7a9a00ce38cf2409a80eed49b2733d3c850a4cc875706c4e017.json"",""locator"":""display: complete published JSON baseline; contextual segmentation review only"",""checked"":true,""sha256"":""0a9aa2c07690f103563b106bb1bb404be5c8c956622c8d2cf8c2618c45d4b5c0""}]"	b6a0ac6bc80b9bab987cccf42ac11e2fe6385a4f10593a5bcfe9ef3ed844eb9d	b6a0ac6bc80b9bab987cccf42ac11e2fe6385a4f10593a5bcfe9ef3ed844eb9d	0	0	0	json;immutable_fields;text_consistency;content_evidence;revision_replay;idempotence	全文及未改动输出复核：归家怀旧、童年物件、留学独立、亚洲教养刻板印象、母女回忆、新式教养、感恩总结为七个完整语义段；中文词注没有切断句子。
828	public/college-english/lessons/rw1/rw1-u03-a.json	college-english	rw1-u03-a	To feed the world	passed_unchanged	Codex	2026-10-07T07:30:00+00:00	"[{""path"":""content/article-review/history/f53d260eae0494546c5799bfe645f15c6e72ba0c3829a40a40a5239f04eb9c0b.json"",""locator"":""display: complete published JSON baseline; contextual segmentation review only"",""checked"":true,""sha256"":""cee52550c83504bce0022550bfa423ee6dcaa36444745479f90fea01b0421309""}]"	950d9ae7f2e8d4faaa4ac59009a927c22e37f7587d7ecabc82bca553cd248ce5	950d9ae7f2e8d4faaa4ac59009a927c22e37f7587d7ecabc82bca553cd248ce5	0	0	0	json;immutable_fields;text_consistency;content_evidence;revision_replay;idempotence	全文及未改动输出复核：禾下乘凉梦、杂交成果、产量影响、荣誉、学农、嫁接转向、寻种、未来愿景、悼念依次成段；每段多句围绕同一主题，保留九段。
829	public/college-english/lessons/rw1/rw1-u03-b.json	college-english	rw1-u03-b	Heroes among us	passed_unchanged	Codex	2026-10-07T07:30:00+00:00	"[{""path"":""content/article-review/history/d04776112fc79de91dd3d3f3808e0940020e60f30620e1cbbc7b9ac54aedb2e1.json"",""locator"":""display: complete published JSON baseline; contextual segmentation review only"",""checked"":true,""sha256"":""73b9f5951230769670d0c850442f14a115d5b56b086a8a6b0351c3bf7862b532""}]"	f63acc6e29ca3953d24c855e9a0dcf08c0683c85d4e29ccd2854428a4f2ccfc6	f63acc6e29ca3953d24c855e9a0dcf08c0683c85d4e29ccd2854428a4f2ccfc6	0	0	0	json;immutable_fields;text_consistency;content_evidence;revision_replay;idempotence	全文及未改动输出复核：英雄设问、Stoddard事迹、急救人员转折、Russell事迹、传统与日常英雄、质疑、McMahon访谈与总结完整；引语与引述语同段合理，十一段无截断。
830	public/college-english/lessons/rw1/rw1-u03-c.json	college-english	rw1-u03-c	Cering Dandar, a grassroots hero	passed_unchanged	Codex	2026-10-07T07:30:00+00:00	"[{""path"":""content/article-review/history/27c089e4baae78eac0c8901e760bd12dee84f251f24b270791a127566626e1c8.json"",""locator"":""display: complete published JSON baseline; contextual segmentation review only"",""checked"":true,""sha256"":""cbd40f755b4f7bf565073fa03ace60cc88cf9e6b536febd214fb8516716da390""}]"	773d5388b723a96a82fcbabb9cb116890858191e7ea1f170bf52f47a6b2cbff3	773d5388b723a96a82fcbabb9cb116890858191e7ea1f170bf52f47a6b2cbff3	0	0	0	json;immutable_fields;text_consistency;content_evidence;revision_replay;idempotence	全文及未改动输出复核：珠峰垃圾任务、拉环危险、向导经历、环境队清理、海拔风险、获奖感言六段清晰；清理统计与同段背景相关，保留自然段和中文释义。
831	public/college-english/lessons/rw1/rw1-u04-a.json	college-english	rw1-u04-a	Social media: How much is too much	passed_unchanged	Codex	2026-10-07T07:30:00+00:00	"[{""path"":""content/article-review/history/15d33bf21cdb7a4630ff005a588b634fecf66920a86e5a6fc344ef1acb7ae2ad.json"",""locator"":""display: complete published JSON baseline; contextual segmentation review only"",""checked"":true,""sha256"":""c78bc94483b9686bf9a084a41dcb9af01beec2f20a76e6935d7a281d0bf1c729""}]"	2edb62a12b6c7e09b530c47cd45ba9e6b7a459494028cbe13536268de1f89ce2	2edb62a12b6c7e09b530c47cd45ba9e6b7a459494028cbe13536268de1f89ce2	0	0	0	json;immutable_fields;text_consistency;content_evidence;revision_replay;idempotence	全文及未改动输出复核：Zoey病例三段后转社交连接、抑郁比较、面对面交往及新奇需求，末段回扣家庭；研究例证未被拆成单句，保留九段。
832	public/college-english/lessons/rw1/rw1-u04-b.json	college-english	rw1-u04-b	Staying connected	passed_unchanged	Codex	2026-10-07T07:30:00+00:00	"[{""path"":""content/article-review/history/262acd987704075725beceb39c1c285abe0be26eaa472e71874562a7644265ff.json"",""locator"":""display: complete published JSON baseline; contextual segmentation review only"",""checked"":true,""sha256"":""70076601d51bba8bda80ccf947a8ebd98b6a3dc0d9f7566dc055c0a16d096686""}]"	12eb498f2520087a89d53cfa72613940e2b5de7cd0609c6be8e2a904b0fd73d5	12eb498f2520087a89d53cfa72613940e2b5de7cd0609c6be8e2a904b0fd73d5	0	0	0	json;immutable_fields;text_consistency;content_evidence;revision_replay;idempotence	全文及未改动输出复核：Tommy即时联系、寻找失童报道、Jenny与Ryan对社交媒体的矛盾反应、咖啡店观察和工具观七段逻辑完整；同段采访引语属于论证例子，未机械拆句。
833	public/college-english/lessons/rw1/rw1-u04-c.json	college-english	rw1-u04-c	Chinese people love their social media apps	passed_unchanged	Codex	2026-10-07T07:30:01+00:00	"[{""path"":""content/article-review/history/6729a501ed46ea0619dc731466597d172b1f9c791a8d986c805a0804f4f61c03.json"",""locator"":""display: complete published JSON baseline; contextual segmentation review only"",""checked"":true,""sha256"":""488103b8da856ec98a3032450baa174520bd51d7a46f1a334e0828f0d3f9d804""}]"	a24896bb5c5b61ddccc3f5d49a509041473bbd30ef6e7dccba95c3d66de5def4	a24896bb5c5b61ddccc3f5d49a509041473bbd30ef6e7dccba95c3d66de5def4	0	0	0	json;immutable_fields;text_consistency;content_evidence;revision_replay;idempotence	全文及未改动输出复核：网络统计、使用时长、Jia Zhu依赖、Kong Yiying自律、农产品直播、报告结语六段完整；人物采访与后文农业应用边界明确。
834	public/college-english/lessons/rw1/rw1-u05-a.json	college-english	rw1-u05-a	Firm belief, eternal friendship	passed_unchanged	Codex	2026-10-07T07:30:01+00:00	"[{""path"":""content/article-review/history/4833f56d4a455ab80001b231c78607a4fb1d45600b3b14b1c432a316d1664032.json"",""locator"":""display: complete published JSON baseline; contextual segmentation review only"",""checked"":true,""sha256"":""f43557a790782cb7e14e85e57c12d6bdb3e4e8b70b4db1b0f5ecb2e6d0e4e521""}]"	ced4e113554e0df4eb9b288c4838716c279ef91ff7c028699811bc5806f5437f	ced4e113554e0df4eb9b288c4838716c279ef91ff7c028699811bc5806f5437f	0	0	0	json;immutable_fields;text_consistency;content_evidence;revision_replay;idempotence	全文及未改动输出复核：授勋回忆、1947来华、土改记录、留校任教、融入村民、共度困难、同志友谊、留华奉献与总结九段连贯，长引文没有硬断行。
835	public/college-english/lessons/rw1/rw1-u05-b.json	college-english	rw1-u05-b	Gender variables in friendship: Contradiction or not?	passed_unchanged	Codex	2026-10-07T07:30:01+00:00	"[{""path"":""content/article-review/history/a3d66f77d682483a72ff935def261eddcb7c71e861b68c2be46960661e744378.json"",""locator"":""display: complete published JSON baseline; contextual segmentation review only"",""checked"":true,""sha256"":""50b3c471a1f0611b2b90db15b2e18e2188f7c5a768e6cc43b55adb23f2ca0daf""}]"	a986ece886bfcc4aabe33d50ff6818f89db7c2efe6c6d7a10174080d15c8d722	a986ece886bfcc4aabe33d50ff6818f89db7c2efe6c6d7a10174080d15c8d722	0	0	0	json;immutable_fields;text_consistency;content_evidence;revision_replay;idempotence	全文及未改动输出复核：电影化男女友谊、Donald童年飞机游戏及离别、Jessica海泳、性别表达困惑和研究释然六段各有中心；游戏和海泳中的多轮短引语嵌入连续叙事，保留自然段。
836	public/college-english/lessons/rw1/rw1-u05-c.json	college-english	rw1-u05-c	Picture this: Friends forever	passed_unchanged	Codex	2026-10-07T07:30:01+00:00	"[{""path"":""content/article-review/history/737516b3a2fbd696ff4126a4c41351f0f34ed195cf5e7a3473f70da7d2e23481.json"",""locator"":""display: complete published JSON baseline; contextual segmentation review only"",""checked"":true,""sha256"":""882f6e13898ffc898b94c534160e4800eccd24b5ad0227514a7a1ca150e0642c""}]"	3817aabac29085a2bf00455f79532226f11c9924bf6b4d70f7db0dc4dff260f1	3817aabac29085a2bf00455f79532226f11c9924bf6b4d70f7db0dc4dff260f1	0	0	0	json;immutable_fields;text_consistency;content_evidence;revision_replay;idempotence	全文及未改动输出复核：年度合影总起、年度坚持、同窗、离别缘起、1977首照、轮流组织、照相馆见证、纪录认证八段清楚；引语和上下文完整相连。
837	public/college-english/lessons/rw1/rw1-u06-a.json	college-english	rw1-u06-a	Cliff Young, an extraordinary runner	passed_unchanged	Codex	2026-10-07T07:30:01+00:00	"[{""path"":""content/article-review/history/7efc60b07f8269e38603b5d5b6a21f4cb17d8056d985e03a572b663ddfe7ad94.json"",""locator"":""display: complete published JSON baseline; contextual segmentation review only"",""checked"":true,""sha256"":""e6076aded5717b472d9f86defc34421e80fad26ba5b4b61c456f82e4abded6d6""}]"	5a3e081b78a2c548e16783fefd8a74a5b9ec08fc97260a5dd9787c314c3bdb45	5a3e081b78a2c548e16783fefd8a74a5b9ec08fc97260a5dd9787c314c3bdb45	0	0	0	json;immutable_fields;text_consistency;content_evidence;revision_replay;idempotence	全文及未改动输出复核：赛制、Cliff出场、记者提问及回答、起跑、追赶、夺冠、捐奖金、晚年和精神总结完整；记者与Cliff三轮独立对话保留，长比赛叙述段无机械断句。
838	public/college-english/lessons/rw1/rw1-u06-b.json	college-english	rw1-u06-b	Shaping young lives with sports	passed_unchanged	Codex	2026-10-07T07:30:02+00:00	"[{""path"":""content/article-review/history/2015076ebc41f13332b2716547057db1084e00704987342faad7550b42158ecb.json"",""locator"":""display: complete published JSON baseline; contextual segmentation review only"",""checked"":true,""sha256"":""cfd5ab41ce4c77548a21a86bd6c32acfb2adf0afb3a009d57f5fecce6e1de7fa""}]"	f2757ad1424eafddc5823e4387cf85e3b46cdfdacb4c9288d69eec121409040a	f2757ad1424eafddc5823e4387cf85e3b46cdfdacb4c9288d69eec121409040a	0	0	0	json;immutable_fields;text_consistency;content_evidence;revision_replay;idempotence	全文及未改动输出复核：青少年身心、团队技能、经验学习、天赋、勤奋、过度争胜风险和全面收益七段自然；柠檬蜂蜜比喻及两处体育格言均与所在论证同段合理。
839	public/college-english/lessons/rw1/rw1-u06-c.json	college-english	rw1-u06-c	Lessons China can teach us about fitness	passed_unchanged	Codex	2026-10-07T07:30:02+00:00	"[{""path"":""content/article-review/history/9d6791a95d63958415dfd364e6f1c17b312512edfd81370b03b8679bb48dbf7f.json"",""locator"":""display: complete published JSON baseline; contextual segmentation review only"",""checked"":true,""sha256"":""264d8c5f45f7975e7125d3b43878a0f4ea881f4aa4b72d389658a7afd1dc4ec4""}]"	c4947fb9391e43d94a03063bc2fb40f5fce9bd8da97e3a2dda2f34f845087541	c4947fb9391e43d94a03063bc2fb40f5fce9bd8da97e3a2dda2f34f845087541	0	0	0	json;immutable_fields;text_consistency;content_evidence;revision_replay;idempotence	全文及未改动输出复核：美国健身对比后，四个独立小标题依次讲太极、集体、踢毽趣味和器材；现有paragraph类型虽用于小标题，边界正确，保留各自独立，不并入正文。
840	public/college-english/lessons/rw2/rw2-u01-a.json	college-english	rw2-u01-a	An impressive English lesson	passed_unchanged	Codex	2026-10-07T07:30:02+00:00	"[{""path"":""content/article-review/history/d31a3173d082cdcfb38ea466a998ce96c9b42121a0e7b964c6a103639ba29032.json"",""locator"":""display: complete published JSON baseline; contextual segmentation review only"",""checked"":true,""sha256"":""95b7fee5d2d92185e1815d4abc271a355aa222a0ecbbbbe973f8845909d5186d""}]"	f6d1482c430d256f198c9bccb7319d0d55118b06671c1c3e73344b8ec856c5d7	f6d1482c430d256f198c9bccb7319d0d55118b06671c1c3e73344b8ec856c5d7	0	0	0	json;immutable_fields;text_consistency;content_evidence;revision_replay;idempotence	全文及未改动输出复核：语言衰退例子、学校责任、开车教词性、地图汽车比喻、早餐虚拟语气对话层次完整；尾部三轮对话及whoa独立收束保留，语法例句不拆碎。
841	public/college-english/lessons/rw2/rw2-u01-b.json	college-english	rw2-u01-b	The great journey of learning	passed_unchanged	Codex	2026-10-07T07:30:03+00:00	"[{""path"":""content/article-review/history/b1d3a2225f3a91a0fce7011f7bfa6a6aa26b4d3e54d6c6ac1fbf65f018c2a676.json"",""locator"":""display: complete published JSON baseline; contextual segmentation review only"",""checked"":true,""sha256"":""987e325c3dca5d14b3a77333a793a530c0ba1fb014416f2956cfbd6848969005""}]"	911c0ab88d55bbb25708fa64364b235606e82aab2b31aae3577ab132d17c735b	911c0ab88d55bbb25708fa64364b235606e82aab2b31aae3577ab132d17c735b	0	0	0	json;immutable_fields;text_consistency;content_evidence;revision_replay;idempotence	全文及未改动输出复核：Malcolm X生平、表达困难、读书障碍、求字典、抄写朗读、次日感受、持续积累、阅读自由、采访和总结十段连贯；词根例证和引语随叙述原段保留。
842	public/college-english/lessons/rw2/rw2-u01-c.json	college-english	rw2-u01-c	What challenges learners of Chinese?	passed_unchanged	Codex	2026-10-07T07:30:03+00:00	"[{""path"":""content/article-review/history/93295baea890e09315cf7a9db0364717f17ce68d417997e623405ee75e853518.json"",""locator"":""display: complete published JSON baseline; contextual segmentation review only"",""checked"":true,""sha256"":""3ec686de26f806e57f689ff521d99238e3581855655374f695499ea4fe0d9125""}]"	8b1788be03bca528bf19ad316ab5ba2b3b5310a306a19e9293744f6e0f7fe139	8b1788be03bca528bf19ad316ab5ba2b3b5310a306a19e9293744f6e0f7fe139	0	0	0	json;immutable_fields;text_consistency;content_evidence;revision_replay;idempotence	全文及未改动输出复核：来华学习总起、声调睡觉水饺、表意文字、量词、学习乐趣和展望六段明确；汉字拼音及英文释义留在例子同段，未误作跨段译文。
843	public/college-english/lessons/rw2/rw2-u02-a.json	college-english	rw2-u02-a	The road to my major	passed_unchanged	Codex	2026-10-07T07:30:03+00:00	"[{""path"":""content/article-review/history/bd25ae313df4126d0b760686ddc5dfc1d970c7ba6cb86cb19b26a8422b223057.json"",""locator"":""display: complete published JSON baseline; contextual segmentation review only"",""checked"":true,""sha256"":""7baa320f965b79a2babb85c7a9e86d25e36eeb758399488b1510854638594f4e""}]"	62b221aa01ff7a243f20e270db75d107ab1415c21a6ee65fc0b072b9f5185b3c	62b221aa01ff7a243f20e270db75d107ab1415c21a6ee65fc0b072b9f5185b3c	0	0	0	json;immutable_fields;text_consistency;content_evidence;revision_replay;idempotence	全文及未改动输出复核：三只熊粥喻贯穿工程、平面设计、新闻专业三个尝试；父亲电话点醒、写作能力回顾、新闻专业综合优势和结局自然分段，保留十段。
844	public/college-english/lessons/rw2/rw2-u02-b.json	college-english	rw2-u02-b	The humanities: out of date?	passed_unchanged	Codex	2026-10-07T07:30:04+00:00	"[{""path"":""content/article-review/history/ac142cb0aa65b20248e7aa268f62b3ac45856272584ca58abef258b403575961.json"",""locator"":""display: complete published JSON baseline; contextual segmentation review only"",""checked"":true,""sha256"":""7e4476a2217d43e3ba2d70cba708ba6803e09b976bad6805fbe48f56b16412a1""}]"	8a3308133a808e92635bf181aa7b77b6d09bcff6c12b4d4a08253e4171dd46ae	8a3308133a808e92635bf181aa7b77b6d09bcff6c12b4d4a08253e4171dd46ae	0	0	0	json;immutable_fields;text_consistency;content_evidence;revision_replay;idempotence	全文及未改动输出复核：就业压力、人文学科衰落、内在驱动力、文明艺术、读写、创造力、职业范围、技术结合、价值总结十段完整，Sally Ride与李小龙例证同段合理。
845	public/college-english/lessons/rw2/rw2-u02-c.json	college-english	rw2-u02-c	From a security guard to a university teacher	passed_unchanged	Codex	2026-10-07T07:30:04+00:00	"[{""path"":""content/article-review/history/34534789175456fed9c24ff06a9c65fe3dfd813fb8cfe57ce41867880bd7f025.json"",""locator"":""display: complete published JSON baseline; contextual segmentation review only"",""checked"":true,""sha256"":""a370c5658b0955d2daaa0f067ccd795b785178d7ca691c379d0086a30bd3438c""}]"	f88302c17bd7c94ccfa88147626f4c5c97d5d4508423ede4a75e38f220b52bc2	f88302c17bd7c94ccfa88147626f4c5c97d5d4508423ede4a75e38f220b52bc2	0	0	0	json;immutable_fields;text_consistency;content_evidence;revision_replay;idempotence	全文及未改动输出复核：李明勇人生概述、辍学、养鸭还债、保安返学、本科、硕士、博士、坚持总结八段按阶段展开；成绩学历与工作转折无机械换行。
846	public/college-english/lessons/rw2/rw2-u03-a.json	college-english	rw2-u03-a	The young generation – the future of China	passed_unchanged	Codex	2026-10-07T07:30:04+00:00	"[{""path"":""content/article-review/history/759f91fae75d798fa5efa21a8a8865e8425d01dfae8d67f35296acca28d7234f.json"",""locator"":""display: complete published JSON baseline; contextual segmentation review only"",""checked"":true,""sha256"":""084658499285d059872c777e31acf86622eb38e0e4d22933844892b32c333a3a""}]"	32af901ba7d679bdb2b8c1277d662614c2a1018d456f5420e5299c32b1dd6f55	32af901ba7d679bdb2b8c1277d662614c2a1018d456f5420e5299c32b1dd6f55	0	0	0	json;immutable_fields;text_consistency;content_evidence;revision_replay;idempotence	全文及未改动输出复核：即时通信应用、年轻创造者、创业热情、Shake团队创造、弹性工时、志向、未来影响七段中心完整；口号和操作例子随论述段保留。
847	public/college-english/lessons/rw2/rw2-u03-b.json	college-english	rw2-u03-b	Understanding the young generation	passed_unchanged	Codex	2026-10-07T07:30:04+00:00	"[{""path"":""content/article-review/history/6290db9a285095226aa9bac575b4e2211856fab1bc3e9ce45c23b9987b8d8b58.json"",""locator"":""display: complete published JSON baseline; contextual segmentation review only"",""checked"":true,""sha256"":""9692d02e54f29fa1140d58287fedecbdc35efcc132a469a0894359b610df3a80""}]"	5062167b0f343bd7b159bc0574a10decf4826345e7393491dde54b9f81719803	5062167b0f343bd7b159bc0574a10decf4826345e7393491dde54b9f81719803	0	0	0	json;immutable_fields;text_consistency;content_evidence;revision_replay;idempotence	全文及未改动输出复核：耐心、沟通、理解三主题以女孩烧引火柴、聚餐多领主菜、年龄冲突展开，例子和解释分别成自然段；十二段论证连贯无续句碎段。
848	public/college-english/lessons/rw2/rw2-u03-c.json	college-english	rw2-u03-c	Aiming to bring agriculture online	passed_unchanged	Codex	2026-10-07T07:30:05+00:00	"[{""path"":""content/article-review/history/7d08df57ab2fc6af9bac849511d5cf4b4c9ade44f79a2fad36a5a941332519ea.json"",""locator"":""display: complete published JSON baseline; contextual segmentation review only"",""checked"":true,""sha256"":""d957d5e8694ef1a4329fb1c1248f0b29ee707bab932f0e21a9a9c2f30e69f8bf""}]"	d878d674e3c03a9932232441c17ea93a387f7b3c563c5c091273af1fbb7a1ddf	d878d674e3c03a9932232441c17ea93a387f7b3c563c5c091273af1fbb7a1ddf	0	0	0	json;immutable_fields;text_consistency;content_evidence;revision_replay;idempotence	全文及未改动输出复核：95后创业者背景、采访印象、咖啡屋启发、农业直供业务、摄像透明生产、品牌志向六段完整；括号词注与采访引语保持原有对应。
849	public/college-english/lessons/rw2/rw2-u04-a.json	college-english	rw2-u04-a	Huang Danian, a strategic scientist	passed_unchanged	Codex	2026-10-07T07:30:05+00:00	"[{""path"":""content/article-review/history/f4b1ce485c54ace30e5079b547d765f2d643d6969eeab23b7a5dee8785c6dce2.json"",""locator"":""display: complete published JSON baseline; contextual segmentation review only"",""checked"":true,""sha256"":""7c7a2f08bf26261acc34252df52c9bdf88cba21a87e34177c22771c55cbb75b0""}]"	a272e170603e6ff763cd079a4ab3ebbc4354796a211339035f2e7a2b42f3798b	a272e170603e6ff763cd079a4ab3ebbc4354796a211339035f2e7a2b42f3798b	0	0	0	json;immutable_fields;text_consistency;content_evidence;revision_replay;idempotence	全文及未改动输出复核：电影引入、黄大年求学、英国经历、归国、项目任务、勤奋、lunatic自许、成果、患病、离世、抉择、爱国结语十二段清楚；长引语与人物叙事未硬拆。
850	public/college-english/lessons/rw2/rw2-u04-b.json	college-english	rw2-u04-b	Journey through the odyssey years	passed_unchanged	Codex	2026-10-07T07:30:05+00:00	"[{""path"":""content/article-review/history/00407767fff5a30ec134b5decea8c7e77c97d74dbd854d83b59d0dc13f24ff14.json"",""locator"":""display: complete published JSON baseline; contextual segmentation review only"",""checked"":true,""sha256"":""acebe83971350265202588d91edc2a416c1ff825544820ae87f4b6b1d9f4caac""}]"	f09ccabde0995c10c23f752168af0d6e648d5840bdb8ecee24650e583b5f72c1	f09ccabde0995c10c23f752168af0d6e648d5840bdb8ecee24650e583b5f72c1	0	0	0	json;immutable_fields;text_consistency;content_evidence;revision_replay;idempotence	全文及未改动输出复核：人生阶段旧观、新奥德赛阶段、稳定观变化、青年压力、父母焦虑、性别与婚恋、全球趋势和坚持建议十一段合理；第二段短转折承担总领功能，应独立。
851	public/college-english/lessons/rw2/rw2-u04-c.json	college-english	rw2-u04-c	The May Fourth spirit alive in China	passed_unchanged	Codex	2026-10-07T07:30:06+00:00	"[{""path"":""content/article-review/history/3a119d87c4f37dd39d184a058ebbadd6e3d5be9eba05eb8fe35dd2321e634779.json"",""locator"":""display: complete published JSON baseline; contextual segmentation review only"",""checked"":true,""sha256"":""098f0f80188d8e2486eb3b052604afdfd4e38fbf71349e202f4d031e0b6a54ca""}]"	8c4d31691dd6ed0d2889c1f13a7c7ec6fe5f9559421d6ff6373a5bc0070ad285	8c4d31691dd6ed0d2889c1f13a7c7ec6fe5f9559421d6ff6373a5bc0070ad285	0	0	0	json;immutable_fields;text_consistency;content_evidence;revision_replay;idempotence	全文及未改动输出复核：五四历史、当代青年标签、抗疫责任、志愿抗震、乡村支教、精神传承六段清楚；史实说明与内嵌词注保留，不改字或重排。
852	public/college-english/lessons/rw2/rw2-u05-a.json	college-english	rw2-u05-a	Spend or save – the student’s dilemma	passed_unchanged	Codex	2026-10-07T07:30:06+00:00	"[{""path"":""content/article-review/history/b8d527102c2fe02cb2f54b070feda1094979dd8f144fdec957de7a19742b8937.json"",""locator"":""display: complete published JSON baseline; contextual segmentation review only"",""checked"":true,""sha256"":""a1cca3ebefae5c8a324680e5722761e72bb7582025f17b00287cae9714a57546""}]"	8ed9a618b738f644480d059be1188342450c8bfac63839f23d71e99dc30d0bb0	8ed9a618b738f644480d059be1188342450c8bfac63839f23d71e99dc30d0bb0	0	0	0	json;immutable_fields;text_consistency;content_evidence;revision_replay;idempotence	全文及未改动输出复核：储蓄消费矛盾、信用卡邮件、节制与广告、心理影响、学生财务和求助建议九段完整；广告长引语为论据，与上下文保持同段。
853	public/college-english/lessons/rw2/rw2-u05-b.json	college-english	rw2-u05-b	A $3,000 dictionary	passed_unchanged	Codex	2026-10-07T07:30:06+00:00	"[{""path"":""content/article-review/history/2024bd6e96f854bbe511450883236cebdb924678cefc020f91c967bce4fa7249.json"",""locator"":""display: complete published JSON baseline; contextual segmentation review only"",""checked"":true,""sha256"":""e4482db00c13f24a879f4962d93382add3dd7cc5c0304ca651da00cb37ef49d4""}]"	e427326f0ddcbf7b87a45056406298bd057098541570443eb8a980e88a3c93b5	e427326f0ddcbf7b87a45056406298bd057098541570443eb8a980e88a3c93b5	0	0	0	json;immutable_fields;text_consistency;content_evidence;revision_replay;idempotence	全文及未改动输出复核：免费字典诱惑、获卡、消费膨胀、失业、羞愧、社交退缩、向母亲坦白、普遍问题、制度建议十段连续，债务转折没有碎裂。
854	public/college-english/lessons/rw2/rw2-u05-c.json	college-english	rw2-u05-c	Project Hope	passed_unchanged	Codex	2026-10-07T07:30:07+00:00	"[{""path"":""content/article-review/history/a0ae0aaa6f40ddf9aa333d56fa6383e250560a676a792d7d29b4a26a22bc5ac4.json"",""locator"":""display: complete published JSON baseline; contextual segmentation review only"",""checked"":true,""sha256"":""5e381c66504b89717e82bf3e2c83dc54bf76e3e17381d9dfd30cbe06d592ccef""}]"	5087372a0e4f5b3aecfbb64479bf779c896b8ac066ec3f4d3eff66fdf045890e	5087372a0e4f5b3aecfbb64479bf779c896b8ac066ec3f4d3eff66fdf045890e	0	0	0	json;immutable_fields;text_consistency;content_evidence;revision_replay;idempotence	全文及未改动输出复核：希望工程宗旨、支持项目、覆盖比例、金寨首校捐赠、孙老师教学、余老师回忆、义务教育投入七段完整；长回忆引语保留独立段。
855	public/college-english/lessons/rw2/rw2-u06-a.json	college-english	rw2-u06-a	Door closer, are you?	passed_unchanged	Codex	2026-10-07T07:30:07+00:00	"[{""path"":""content/article-review/history/f1a95c40358400bc69cc16841c5b6d682d98d110742112177627bad8dca5bdb0.json"",""locator"":""display: complete published JSON baseline; contextual segmentation review only"",""checked"":true,""sha256"":""343fac1f0704c1ab34535e5f0f4e604ad2cad177996ed505a7250e781d7ba55c""}]"	f4727f41e9e684b62eb3a726bf03bb5ece8be43965ca1860691a5ecc8d203c2c	f4727f41e9e684b62eb3a726bf03bb5ece8be43965ca1860691a5ecc8d203c2c	0	0	0	json;immutable_fields;text_consistency;content_evidence;revision_replay;idempotence	全文及未改动输出复核：项羽破釜沉舟、MIT三门实验、点击规则、舍不得关门心理、生活机会成本、减少选项建议和结尾设问十三段自然；实验说明不按句拆分。
856	public/college-english/lessons/rw2/rw2-u06-b.json	college-english	rw2-u06-b	When enough is enough	passed_unchanged	Codex	2026-10-07T07:30:07+00:00	"[{""path"":""content/article-review/history/3bd03d9cf23adf3f107059c86794d90a5b9d90956acbff88fd0e4823b5e42251.json"",""locator"":""display: complete published JSON baseline; contextual segmentation review only"",""checked"":true,""sha256"":""43e2958eed222044ca3db67cbc95836e3f5b67e506c21bda109928d994333ef6""}]"	cfa33425f59ed5dcceb1604dcc1daa3ac0d79a35fab46604580c666667b8fb46	cfa33425f59ed5dcceb1604dcc1daa3ac0d79a35fab46604580c666667b8fb46	0	0	0	json;immutable_fields;text_consistency;content_evidence;revision_replay;idempotence	全文及未改动输出复核：买牛仔裤的顾客与店员对话独立，继而选项膨胀、幸福下降、最大化者、压力、老子引言和大学建议逐层推进；保留十六段。
857	public/college-english/lessons/rw2/rw2-u06-c.json	college-english	rw2-u06-c	A boom in shopping malls	passed_unchanged	Codex	2026-10-07T07:30:08+00:00	"[{""path"":""content/article-review/history/863324d02ab1aba53f946926156b761269132ba6809aa704583b92d085c09391.json"",""locator"":""display: complete published JSON baseline; contextual segmentation review only"",""checked"":true,""sha256"":""a32f94461e110fa72b80bc8272c54a19442d127c2ed1bddfb2d5c4c5c04c712c""}]"	b36beab04219bf2ccd57ca28076ee60e556e08821caa0f8b67fee41090ac6a97	b36beab04219bf2ccd57ca28076ee60e556e08821caa0f8b67fee41090ac6a97	0	0	0	json;immutable_fields;text_consistency;content_evidence;revision_replay;idempotence	全文及未改动输出复核：购物中心增长、线上线下衔接、生鲜经营、促销工具、儿童娱乐、创新前景六段；儿童娱乐短段语义完整，不并入促销例举。
858	public/college-english/lessons/rw3/rw3-u01-a.json	college-english	rw3-u01-a	Connection or conversation	passed_unchanged	Codex	2026-10-07T07:30:08+00:00	"[{""path"":""content/article-review/history/75ef26ed578512834c52faa063281250fbb386c6155340f05d7f745034374138.json"",""locator"":""display: complete published JSON baseline; contextual segmentation review only"",""checked"":true,""sha256"":""de542cb2b1e4db481dab592193b89119e5293e5d6db4d402e0fd54869518daaa""}]"	d2547a47bb092a88358c0ae8b71e9dde900da92a48e2cd65d365362caf8ffb98	d2547a47bb092a88358c0ae8b71e9dde900da92a48e2cd65d365362caf8ffb98	0	0	0	json;immutable_fields;text_consistency;content_evidence;revision_replay;idempotence	全文及未改动输出复核：家庭离线日、在线孤岛、律师办公室、连接幻觉、碎片与交谈、耐心、自省、家庭职场建议、回归对话十二段逻辑完整。
859	public/college-english/lessons/rw3/rw3-u01-b.json	college-english	rw3-u01-b	Living in the digital world	passed_unchanged	Codex	2026-10-07T07:30:08+00:00	"[{""path"":""content/article-review/history/91354532a6cc9b675f275e45ebe85e8d2b907f79465a8a4d7eed6072f90ddc8b.json"",""locator"":""display: complete published JSON baseline; contextual segmentation review only"",""checked"":true,""sha256"":""881c71ba87bc10ab385454fe78b916d08c30829a74c425358b100f09f6931c08""}]"	28ab0434f01528f4f2717151b1055911b644f8113ab6910e215730006180cbba	28ab0434f01528f4f2717151b1055911b644f8113ab6910e215730006180cbba	0	0	0	json;immutable_fields;text_consistency;content_evidence;revision_replay;idempotence	全文及未改动输出复核：数字革命总起后按教学、儿童、家庭、职场、旅游、日常事务、社交和未来分为九段；排比While句保留同一日常事务段。
860	public/college-english/lessons/rw3/rw3-u01-c.json	college-english	rw3-u01-c	A smartphone is all you need	passed_unchanged	Codex	2026-10-07T07:30:09+00:00	"[{""path"":""content/article-review/history/024816cbc174f59f7b8ee75de553f9dfada45ec5ce432dd45514a6de2cd7f378.json"",""locator"":""display: complete published JSON baseline; contextual segmentation review only"",""checked"":true,""sha256"":""ac6f6317bfdf75d914c5ee05f6c7bf2d76f3d99639fb7329e99f149cd71b2beb""}]"	4e81f32cc7024b44c71791302567c7f49e06f5600462803f7b285b61eb15626a	4e81f32cc7024b44c71791302567c7f49e06f5600462803f7b285b61eb15626a	0	0	0	json;immutable_fields;text_consistency;content_evidence;revision_replay;idempotence	全文及未改动输出复核：北京无钱包体验依早餐、超市、交通、商店优惠、缴费理财和总结展开；短转场与招牌引语完整独立，保留八段。
861	public/college-english/lessons/rw3/rw3-u02-a.json	college-english	rw3-u02-a	Zheng He, the great ancient Chinese explorer	passed_unchanged	Codex	2026-10-07T07:30:09+00:00	"[{""path"":""content/article-review/history/8742a4b71062d9a79d51f87a685378109b94550273e6650d6164230e044c7612.json"",""locator"":""display: complete published JSON baseline; contextual segmentation review only"",""checked"":true,""sha256"":""77b7029c8a68c3cbf1c17f78d514d954055619e74dc89d45ab2ea6aa517f9fb5""}]"	9d2c79af9cc35dff3d9489a179167f2fb0bba164ddc634ad906e77ed597c5c5f	9d2c79af9cc35dff3d9489a179167f2fb0bba164ddc634ad906e77ed597c5c5f	0	0	0	json;immutable_fields;text_consistency;content_evidence;revision_replay;idempotence	全文及未改动输出复核：Pate后裔线索、船队规模、七航概述、郑和生平、船体技术、贸易外交、第七次远航、海军收缩、贡献和历史评价十一段完整；长引入未强行拆句。
862	public/college-english/lessons/rw3/rw3-u02-b.json	college-english	rw3-u02-b	Audrey Hepburn – a true angel in this world	passed_unchanged	Codex	2026-10-07T07:32:12+00:00	"[{""path"":""content/article-review/history/b041babd9a1f8f07a9f346caf0e05ef84020f0c5d9203349f7a2a7867a46e421.json"",""locator"":""display: complete published JSON baseline; contextual segmentation review only"",""checked"":true,""sha256"":""7ff2a81beea5050ea3f05e5ef71759e48a89818c71e847134a1a55c85c2c4e59""}]"	9364e3f9e19c3b64b337543b9ebe03a4ab204b22789f8565e1e1b9755b7f317c	9364e3f9e19c3b64b337543b9ebe03a4ab204b22789f8565e1e1b9755b7f317c	0	0	0	json;immutable_fields;text_consistency;content_evidence;revision_replay;idempotence	全文及未改动输出复核：赫本电影、母亲与慈善角色、战时童年、成名、家庭、UNICEF使命、癌症及精神遗产十五段完整；末段格言为同一遗产主题，不拆为逐句段。
863	public/college-english/lessons/rw3/rw3-u02-c.json	college-english	rw3-u02-c	Mei Lanfang – a Peking Opera legend	passed_unchanged	Codex	2026-10-07T07:32:12+00:00	"[{""path"":""content/article-review/history/1b4a413b4d3decd4eedf3d14a603f55f8e48617bc11c24ad5f0e6e61437a58b1.json"",""locator"":""display: complete published JSON baseline; contextual segmentation review only"",""checked"":true,""sha256"":""7faf437acd8badc8438b1fd329ed7fd512c8034a4b843865c5a9e03d34c3f69d""}]"	a0c99968c7d7b091661d59e4daea59838eb92f6c0d9b7501eca64d64f264fde8	a0c99968c7d7b091661d59e4daea59838eb92f6c0d9b7501eca64d64f264fde8	0	0	0	json;immutable_fields;text_consistency;content_evidence;revision_replay;idempotence	全文及未改动输出复核：梅兰芳身份、幼年学戏、京剧盛期、四大名旦、改革交流、抗战蓄须六段；作品中文名与dan释义相连，保留各自然段。
864	public/college-english/lessons/rw3/rw3-u03-a.json	college-english	rw3-u03-a	The surprising purpose of travel	passed_unchanged	Codex	2026-10-07T07:32:12+00:00	"[{""path"":""content/article-review/history/f5f15e5d4378274274c8e8b5df3dc56dc170d0eab57fffb13f1eadea5b3a35a7.json"",""locator"":""display: complete published JSON baseline; contextual segmentation review only"",""checked"":true,""sha256"":""70fd1d2ff7e9f15e011274726977eb40f40ca8cbe0c43b45f5a4eb3cfb5b8f3b""}]"	58ae47acf0b08ddcd6466fb53eea898130e3223bedba49d55244e9809f7f216c	58ae47acf0b08ddcd6466fb53eea898130e3223bedba49d55244e9809f7f216c	0	0	0	json;immutable_fields;text_consistency;content_evidence;revision_replay;idempotence	全文及未改动输出复核：赶机受挫、旅行必要与自愿、创造性目的、熟悉与距离、保加利亚点头例子、文化差异、回家变化九段完整；Because排比属于同段论证不机械拆句。
865	public/college-english/lessons/rw3/rw3-u03-b.json	college-english	rw3-u03-b	Traveling solo – a blessing overall!	passed_unchanged	Codex	2026-10-07T07:32:12+00:00	"[{""path"":""content/article-review/history/6a660eda68a6c8b910e6b2a81b0acb7cf299de6e9a05eaca1d5c6c47dda0d511.json"",""locator"":""display: complete published JSON baseline; contextual segmentation review only"",""checked"":true,""sha256"":""6e34ca6fd46f34d6caaf948ebb2c0090abdba18db27b1968b4acf07d43481a4d""}]"	52f231ef50270930ee2c67a40e9a08ebee7bfa86eca2474d3cd401e360d61ae0	52f231ef50270930ee2c67a40e9a08ebee7bfa86eca2474d3cd401e360d61ae0	0	0	0	json;immutable_fields;text_consistency;content_evidence;revision_replay;idempotence	全文及未改动输出复核：赴华愿望、出行困难、缺同伴、独行选择、他人反应、助人经历、风险、交往机会、谨慎和鼓励十四段完整，各地经历按上下文保留。
866	public/college-english/lessons/rw3/rw3-u03-c.json	college-english	rw3-u03-c	Touring the world after 60	passed_unchanged	Codex	2026-10-07T07:32:12+00:00	"[{""path"":""content/article-review/history/461c6b309b5e49f739cd3bf6db4f7b29b3aef71c8ba9dcaf703075e6deb8493e.json"",""locator"":""display: complete published JSON baseline; contextual segmentation review only"",""checked"":true,""sha256"":""65e52f9088837e4a0ac3d5202fb31884cbf22bc6194acee7f7ff220730f7ad74""}]"	a9130936a4ebae7f5911b025807553f45c8f56c0cab031051e66d1173197d953	a9130936a4ebae7f5911b025807553f45c8f56c0cab031051e66d1173197d953	0	0	0	json;immutable_fields;text_consistency;content_evidence;revision_replay;idempotence	全文及未改动输出复核：退休夫妇环球足迹、退休决定、虎跳峡启发、欧洲首旅、半年旅行习惯及社会背景六段；长旅行感言和引述语同段连续。
867	public/college-english/lessons/rw3/rw3-u04-a.json	college-english	rw3-u04-a	Will you be a worker or a laborer?	passed_unchanged	Codex	2026-10-07T07:32:13+00:00	"[{""path"":""content/article-review/history/b69cfa800846ac042dfe9bbae8a9d5aca2978c879e0a0ab49c06cb9221e2a3d4.json"",""locator"":""display: complete published JSON baseline; contextual segmentation review only"",""checked"":true,""sha256"":""e9a6fdb7fddef950a396ca37a7d41aaf58add3cd591d49c01e0e55674c5850e6""}]"	c809c31ea6d53a446d044e3f42d4e22c743723d0212da30841a71272f64864ca	c809c31ea6d53a446d044e3f42d4e22c743723d0212da30841a71272f64864ca	0	0	0	json;immutable_fields;text_consistency;content_evidence;revision_replay;idempotence	全文及未改动输出复核：幸福前提、labor/play/work定义、休闲态度、满足感、自动化、终身学习、态度与选择九段对比清晰；园丁市长例证和排比未拆碎。
868	public/college-english/lessons/rw3/rw3-u04-b.json	college-english	rw3-u04-b	The joy of a prideful tradition	passed_unchanged	Codex	2026-10-07T07:32:13+00:00	"[{""path"":""content/article-review/history/da19b30e982d9d8190044f8c9c308bd38be9963591ff0352cc529b77f2724dff.json"",""locator"":""display: complete published JSON baseline; contextual segmentation review only"",""checked"":true,""sha256"":""39f2b5862e5e45d27ae95b7820817e6cd15c1e08335cc6cb8c2c7449fae6ae2b""}]"	37ed1880bdc95a84c3e826547c5da443b6eeae531848c841e88ec9144a56871c	37ed1880bdc95a84c3e826547c5da443b6eeae531848c841e88ec9144a56871c	0	0	0	json;immutable_fields;text_consistency;content_evidence;revision_replay;idempotence	全文及未改动输出复核：初识鞋匠、催促与传统对话、友谊、邻里形象、油漆工抱怨、传承回答、死亡和遗训十九段自然；问答轮次及叙事短段完整保留。
869	public/college-english/lessons/rw3/rw3-u04-c.json	college-english	rw3-u04-c	Glassware on fire	passed_unchanged	Codex	2026-10-07T07:32:13+00:00	"[{""path"":""content/article-review/history/984270d11efa41c175aaf341309c2b0b011a4ba4b2b6628e6ba96b0e1f4c7f01.json"",""locator"":""display: complete published JSON baseline; contextual segmentation review only"",""checked"":true,""sha256"":""c97df386d19659db423c09c6e5e1a2be2de34019539e935d5a1fce658eeee518""}]"	538c5b7a66639102decdf6a994ecb7000c1d9102a4dbf8013d45476b92ae6de1	538c5b7a66639102decdf6a994ecb7000c1d9102a4dbf8013d45476b92ae6de1	0	0	0	json;immutable_fields;text_consistency;content_evidence;revision_replay;idempotence	全文及未改动输出复核：邢兰香入行、拜师与技术、工厂盛期、传承困难、推广玻璃艺术五段完整；学徒/全盛时期等中文词注仍在词后。
870	public/college-english/lessons/rw3/rw3-u05-a.json	college-english	rw3-u05-a	No limit for China’s astronauts in their space exploration endeavors	passed_unchanged	Codex	2026-10-07T07:32:13+00:00	"[{""path"":""content/article-review/history/6b3571b8103b2b3a0c14480e593b9e854304b7d6fdbae5786914c8539955fb74.json"",""locator"":""display: complete published JSON baseline; contextual segmentation review only"",""checked"":true,""sha256"":""fcc48116692d79c73771c97eee2150b4477f06ece64bef4c1f8e92a379761a59""}]"	3b52556f882c2030adf0cb3d7a696f77627940593f9897d96b2306353a271673	3b52556f882c2030adf0cb3d7a696f77627940593f9897d96b2306353a271673	0	0	0	json;immutable_fields;text_consistency;content_evidence;revision_replay;idempotence	全文及未改动输出复核：神舟十二里程碑、选拔、杨利伟、任务成就、训练、课程、体能、险情、宇宙感受、奖章、青年激励和未来十二段；任务引语没有续行断裂。
871	public/college-english/lessons/rw3/rw3-u05-b.json	college-english	rw3-u05-b	Chang’e-4 kicked off a new space odyssey	passed_unchanged	Codex	2026-10-07T07:32:14+00:00	"[{""path"":""content/article-review/history/9f8c2137a2698ae3fa94b36afc59889e5053cd31433162670e1536a1fa143577.json"",""locator"":""display: complete published JSON baseline; contextual segmentation review only"",""checked"":true,""sha256"":""2831936782a0528652ecb86760c3c393e8350ad52e2cfe828c09fd41233e232f""}]"	c968691e7c54b1c3504705971eaf9c23c2640d84d648a1c38b6e844c1d6378c8	c968691e7c54b1c3504705971eaf9c23c2640d84d648a1c38b6e844c1d6378c8	0	0	0	json;immutable_fields;text_consistency;content_evidence;revision_replay;idempotence	全文及未改动输出复核：月背着陆、月亮吸引、地月历史、早期任务、探月竞赛、中国规划、嫦娥成果、鹊桥、合作、生物圈、未来和启发十二段清晰；技术名与解释同段保留。
872	public/college-english/lessons/rw3/rw3-u05-c.json	college-english	rw3-u05-c	China aims for peaceful use of space exploration	passed_unchanged	Codex	2026-10-07T07:32:14+00:00	"[{""path"":""content/article-review/history/7dfc876e089bcda3e75d0618bb9acdf4596f22a2059103bb52cf2a7df13351d7.json"",""locator"":""display: complete published JSON baseline; contextual segmentation review only"",""checked"":true,""sha256"":""b6639f24d4f1dd26f618aa8b98cc4f3efe33cc4444612896bd769260228ebd34""}]"	ede4db703fca4e6bcdf9bc545639fd941a4c921491cb3bc3f5eda31b624f4840	ede4db703fca4e6bcdf9bc545639fd941a4c921491cb3bc3f5eda31b624f4840	0	0	0	json;immutable_fields;text_consistency;content_evidence;revision_replay;idempotence	全文及未改动输出复核：探月火星与空间站成果、和平愿景、太空资源、民用改变、未来科研与合作六段完整；短未来科研段为概括，不与相邻主题强并。
873	public/college-english/lessons/rw3/rw3-u06-a.json	college-english	rw3-u06-a	Surviving an economic crisis	passed_unchanged	Codex	2026-10-07T07:32:14+00:00	"[{""path"":""content/article-review/history/909961423e379594fa6173e4d29eeabf17460135966846c4476877bcd38f9b52.json"",""locator"":""display: complete published JSON baseline; contextual segmentation review only"",""checked"":true,""sha256"":""2e9181403ed783e055ed5d4ea8b3b67885ad0e5770bc732e63caf8f895038469""}]"	18ae2f75f97a9241166ef829e544a4132dec60dde652fa7034e96d1feaa3e168	18ae2f75f97a9241166ef829e544a4132dec60dde652fa7034e96d1feaa3e168	0	0	0	json;immutable_fields;text_consistency;content_evidence;revision_replay;idempotence	全文及未改动输出复核：危机背景与Sue失业、搬离、99ers、福利终止、过去工作、求职、朋友帮助、返乡、旅馆困境和300美元结尾十七段清楚；独立自述与生活叙事保留。
874	public/college-english/lessons/rw3/rw3-u06-b.json	college-english	rw3-u06-b	Economic bubbles: causes and conditions	passed_unchanged	Codex	2026-10-07T07:32:14+00:00	"[{""path"":""content/article-review/history/efbf9f26109bfe1e2f1cecdfa12a89ad1184cc6fc4294af6b4017331d5ef873f.json"",""locator"":""display: complete published JSON baseline; contextual segmentation review only"",""checked"":true,""sha256"":""535f2879652f46c429853c41ed2bfc967e058aff71646f92c0b8b9f368f6e277""}]"	e9555dcdcc3c4c6400492ceae1e5e925a41c476f959252ca49f0337730854774	e9555dcdcc3c4c6400492ceae1e5e925a41c476f959252ca49f0337730854774	0	0	0	json;immutable_fields;text_consistency;content_evidence;revision_replay;idempotence	全文及未改动输出复核：泡沫定义、正负反馈、郁金香、房屋净值案例、股市、互联网泡沫、玩具收藏八段完整；计算金额例证与推演同段，不拆为逐句。
875	public/college-english/lessons/rw3/rw3-u06-c.json	college-english	rw3-u06-c	The sharing economy turns a new page with books	passed_unchanged	Codex	2026-10-07T07:32:15+00:00	"[{""path"":""content/article-review/history/6a4cd0a5a422611b797ecb4c77d83f31878e5d811fdf275655c7e2e2aafa0206.json"",""locator"":""display: complete published JSON baseline; contextual segmentation review only"",""checked"":true,""sha256"":""77ec045c2136349f0a579026bd0a80d936a172e5868b8c81454ce7394c45171f""}]"	2608bcdfdb066b671204791ed9cdb506c8f96dcdd9d05bb7c9ba8dc89c7dfcfd	2608bcdfdb066b671204791ed9cdb506c8f96dcdd9d05bb7c9ba8dc89c7dfcfd	0	0	0	json;immutable_fields;text_consistency;content_evidence;revision_replay;idempotence	全文及未改动输出复核：共享书店、合肥案例、银行、读者支持、阅读调查、定义问题、押金质疑、流动书摊比较、开放总结九段完整，保留多方观点边界。
876	public/college-english/lessons/rw4/rw4-u01-a.json	college-english	rw4-u01-a	From urbanization to smart cities	passed_unchanged	Codex	2026-10-07T07:32:15+00:00	"[{""path"":""content/article-review/history/8e299ec899ab6e1abec613834813eb12178a24a5392516a1f53dba09b2a7735d.json"",""locator"":""display: complete published JSON baseline; contextual segmentation review only"",""checked"":true,""sha256"":""d181164373f578f7aef077e83ecd374f03d6a2c7dff17252bac9eea77cdb1f69""}]"	773ec5ca8c178d2da1d532f4527bc23f5a76af9d9ee8c59435c186b4dcf9416d	773ec5ca8c178d2da1d532f4527bc23f5a76af9d9ee8c59435c186b4dcf9416d	0	0	0	json;immutable_fields;text_consistency;content_evidence;revision_replay;idempotence	全文及未改动输出复核：城市化、传统局限、智慧城市定义、居民视角、增长与技术因素、功能、假设、火灾实例、目标、中国投入及城市实例十二段完整。
877	public/college-english/lessons/rw4/rw4-u01-b.json	college-english	rw4-u01-b	Embrace the trend of deurbanization	passed_unchanged	Codex	2026-10-07T07:32:15+00:00	"[{""path"":""content/article-review/history/f4317450e6a4dcdf878bbba06b4c1b544b7d126d6cc341cd62a10762290fadb8.json"",""locator"":""display: complete published JSON baseline; contextual segmentation review only"",""checked"":true,""sha256"":""430cb64d9d443f478d505b993fd0fe2de63362d34eca05cc5e754853da1f2c16""}]"	a3e298403949820b50391022735d078d5334a9ecdce0b9a54267abcda2715491	a3e298403949820b50391022735d078d5334a9ecdce0b9a54267abcda2715491	0	0	0	json;immutable_fields;text_consistency;content_evidence;revision_replay;idempotence	全文及未改动输出复核：逆城市化主张、城市邻近优势、工业革命、远程与分散供给、通信、自动化、生活压力、热岛、萎缩城市、反问和结语十二段逻辑清晰。
878	public/college-english/lessons/rw4/rw4-u01-c.json	college-english	rw4-u01-c	Limited space, unlimited growth	passed_unchanged	Codex	2026-10-07T07:32:15+00:00	"[{""path"":""content/article-review/history/c0efcd9edf14a0d853aed8a37d7f8337eb52cb68087ab9ea29a40c572aa90496.json"",""locator"":""display: complete published JSON baseline; contextual segmentation review only"",""checked"":true,""sha256"":""ade30d5a1be68e99fdeb83103401ab12c3963a8d71b0d65e6e6de18f1324439b""}]"	0c0080e289decc3050d1268745c4a489e95806ca884a0bdea0c4c123714c36ab	0c0080e289decc3050d1268745c4a489e95806ca884a0bdea0c4c123714c36ab	0	0	0	json;immutable_fields;text_consistency;content_evidence;revision_replay;idempotence	全文及未改动输出复核：杭州景观工业、数字产业、扫码生活、钱塘江基础设施、智慧管理、井盖、居家养老、官员总结八段；每个实例语义完整且中文词注贴合。
879	public/college-english/lessons/rw4/rw4-u02-a.json	college-english	rw4-u02-a	Making the choice to be truly beautiful	passed_unchanged	Codex	2026-10-07T07:32:16+00:00	"[{""path"":""content/article-review/history/251999d2264f76be9e1b93a9965dd37a0ce70f385f40d93cd543e703aeaa5460.json"",""locator"":""display: complete published JSON baseline; contextual segmentation review only"",""checked"":true,""sha256"":""c300bfc4356f5590ef7d9903e10dbe67588453290d5b26b87bf1cb3de4a3427d""}]"	b336519f7160f4529fb7db6dcdafa62d1a34dfa6b2c3d175ea44cb959f51252e	b336519f7160f4529fb7db6dcdafa62d1a34dfa6b2c3d175ea44cb959f51252e	0	0	0	json;immutable_fields;text_consistency;content_evidence;revision_replay;idempotence	全文及未改动输出复核：外貌追求、内在美、丈夫、心理咨询、消费误区、感受与关系、共同成长、可见精神、选择及未来十二段自然；情感叙事和长排比保留完整段。
880	public/college-english/lessons/rw4/rw4-u02-b.json	college-english	rw4-u02-b	The exploration of beauty	passed_unchanged	Codex	2026-10-07T07:32:16+00:00	"[{""path"":""content/article-review/history/255190585d56f9e5c7f83e572d502d46b632804ec5df41eb325469748939bf92.json"",""locator"":""display: complete published JSON baseline; contextual segmentation review only"",""checked"":true,""sha256"":""98b5c0a0172ed53a36b7fe150bae88895285ebe65ae319ff6d37fed4ea97a4bb""}]"	a6a68398f94e45c3ccd1ef8b574ff14c4f4c1919decc8506591fbdef84f23de1	a6a68398f94e45c3ccd1ef8b574ff14c4f4c1919decc8506591fbdef84f23de1	0	0	0	json;immutable_fields;text_consistency;content_evidence;revision_replay;idempotence	全文及未改动输出复核：花卉摄影、微距视角、朋友疑问、感知过滤、心态、感恩、理解、观察、生命奇迹与探索结语十段完整；内嵌问句没有错切成碎段。
881	public/college-english/lessons/rw4/rw4-u02-c.json	college-english	rw4-u02-c	A beautiful heart that has made a difference	passed_unchanged	Codex	2026-10-07T07:32:16+00:00	"[{""path"":""content/article-review/history/462a54fdfb216c87f2e3e6f4a0a1ca2290b587819ebe47abb70200991d9c9095.json"",""locator"":""display: complete published JSON baseline; contextual segmentation review only"",""checked"":true,""sha256"":""49e4fc38bc496a27a4eed032046b3a42175bc72c2e4d32cd8effe53381ea3686""}]"	e2af7f0fe6ac8dd0791bf9b57640069fe06a700d531fb3a4f3523056e4954103	e2af7f0fe6ac8dd0791bf9b57640069fe06a700d531fb3a4f3523056e4954103	0	0	0	json;immutable_fields;text_consistency;content_evidence;revision_replay;idempotence	全文及未改动输出复核：马军返乡、学校环境、摔跤梦想受伤、任教选择、教师母亲角色、课程改革、演出、学校成长八段按事迹推进，无异常边界。
882	public/college-english/lessons/rw4/rw4-u03-a.json	college-english	rw4-u03-a	China’s new wave of young innovators	passed_unchanged	Codex	2026-10-07T07:32:17+00:00	"[{""path"":""content/article-review/history/20d7c5b6d12b7f8abd3dfe27587470207e9ad4d99ac33274815bcf30dbe7ed32.json"",""locator"":""display: complete published JSON baseline; contextual segmentation review only"",""checked"":true,""sha256"":""dc21c84f6e2a42e862575c9e704647200f2b8d0b6972841191a48a53ee7a5406""}]"	97d7b20927ef330aab7ec23579a8f6b39579b160c897b66abb0b58909bbd8014	97d7b20927ef330aab7ec23579a8f6b39579b160c897b66abb0b58909bbd8014	0	0	0	json;immutable_fields;text_consistency;content_evidence;revision_replay;idempotence	全文及未改动输出复核：新车间工作坊、创客起源、政府支持、深圳Seeed、创始人解释、创新社群、黑客松、北京创客、资金与草根关系十四段自然；连续引语各按主题成段。
883	public/college-english/lessons/rw4/rw4-u03-b.json	college-english	rw4-u03-b	Culture makes the business world go round	passed_unchanged	Codex	2026-10-07T07:32:17+00:00	"[{""path"":""content/article-review/history/a2e19bc99c0f34406c2964cf9d730b8486c0b61e78d00f83bb36b4c5668c159c.json"",""locator"":""display: complete published JSON baseline; contextual segmentation review only"",""checked"":true,""sha256"":""40ba023ced8b742e9cd52784d64843c92d5dc5881dcfc097223eebea6af74b56""}]"	cfa44750b2a62b4eef4ff65f9cdfb382f9f833b396bb95e86502341db8a8e22e	cfa44750b2a62b4eef4ff65f9cdfb382f9f833b396bb95e86502341db8a8e22e	0	0	0	json;immutable_fields;text_consistency;content_evidence;revision_replay;idempotence	全文及未改动输出复核：文化商业影响，以Kevin阿联酋建立关系失败和Ann新加坡当众批评两案例论述关系与面子；案例经过、分析、建议边界清楚，保留十四段。
884	public/college-english/lessons/rw4/rw4-u03-c.json	college-english	rw4-u03-c	The rise of modern entrepreneurship in China	passed_unchanged	Codex	2026-10-07T07:32:17+00:00	"[{""path"":""content/article-review/history/29569205a6dee33e059a0aa1964e03c3b6d5e4d7c492cedd70c39c5e73067e15.json"",""locator"":""display: complete published JSON baseline; contextual segmentation review only"",""checked"":true,""sha256"":""1888f51481f95ffeeea787edce1002e220aca5dbe160a2b629668ffe8b0271dd""}]"	b3bbff1fb361ce2cc965e5991031d7a51d8e14bb5183006c18a391e36568e1d1	b3bbff1fb361ce2cc965e5991031d7a51d8e14bb5183006c18a391e36568e1d1	0	0	0	json;immutable_fields;text_consistency;content_evidence;revision_replay;idempotence	全文及未改动输出复核：中国创业概述、八九十年代浪潮、互联网创业、90后00后试错、时代活力五段分期清晰；行业列举属于互联网段内延伸。
885	public/college-english/lessons/rw4/rw4-u04-a.json	college-english	rw4-u04-a	Save the earth, save life	passed_unchanged	Codex	2026-10-07T07:32:18+00:00	"[{""path"":""content/article-review/history/b9ea7aba232f81c2311bfb63bb37ee9241c7f0ab7c2d902a7a1c76067396f8fe.json"",""locator"":""display: complete published JSON baseline; contextual segmentation review only"",""checked"":true,""sha256"":""9a821e5aa59d9e92ea2780986a910275ea7ec224482e66e6526482e89b84e74f""}]"	7eb8d541c306ee4ad5b8391c7ea6fe943628c2fe2923a7adee2d986346bbbb79	7eb8d541c306ee4ad5b8391c7ea6fe943628c2fe2923a7adee2d986346bbbb79	0	0	0	json;immutable_fields;text_consistency;content_evidence;revision_replay;idempotence	全文及未改动输出复核：环境日、生物多样性、资源破坏、排放、生态后果、行动、国家政策、保护区、回收、利益冲突、可行性与承诺十二段完整。
886	public/college-english/lessons/rw4/rw4-u04-b.json	college-english	rw4-u04-b	What nature is telling you	passed_unchanged	Codex	2026-10-07T07:32:18+00:00	"[{""path"":""content/article-review/history/569ca03208125dcd10f6fd1efc6987b56edd534d542e09790c328a3bfd673d14.json"",""locator"":""display: complete published JSON baseline; contextual segmentation review only"",""checked"":true,""sha256"":""777be486327311169d619ae62455e8dd3db33c72541c489f7499a8cb7312217c""}]"	fff4cbdbbf2f20e6a09f79ba49ce50007ab382d2bccb8e7864e36e8ec7fff7b9	fff4cbdbbf2f20e6a09f79ba49ce50007ab382d2bccb8e7864e36e8ec7fff7b9	0	0	0	json;immutable_fields;text_consistency;content_evidence;revision_replay;idempotence	全文及未改动输出复核：草原体验、倾听空气、自然污染、动物驯化、鸡笼、人类自我改变、家庭禁令、户外感官、除菌执念、恐惧和笼居十一段；长禁令引语保持一段例证。
887	public/college-english/lessons/rw4/rw4-u04-c.json	college-english	rw4-u04-c	A green finish line	passed_unchanged	Codex	2026-10-07T07:32:18+00:00	"[{""path"":""content/article-review/history/4666798ea128418b2550bb755bf5222c4d6bef368eabfd0e9332bb2b47b5a0a5.json"",""locator"":""display: complete published JSON baseline; contextual segmentation review only"",""checked"":true,""sha256"":""e67ab87a7f5c3eda5b3b255ab2f1062aec7fe7c4f981a4916aa5897386b2e136""}]"	28a431982969a696e3acdd0127027c6b89a0b80141fed86a11197a5c302ce821	28a431982969a696e3acdd0127027c6b89a0b80141fed86a11197a5c302ce821	0	0	0	json;immutable_fields;text_consistency;content_evidence;revision_replay;idempotence	全文及未改动输出复核：王文彪与库布齐、盐厂、运输、道路被沙吞、甘草模式、农民收益、产业与获奖八段逻辑完整；植物土壤解释未断句。
888	public/college-english/lessons/rw4/rw4-u05-a.json	college-english	rw4-u05-a	A meaningful life	passed_unchanged	Codex	2026-10-07T07:32:18+00:00	"[{""path"":""content/article-review/history/239d4dfbf4d7c12070b8a007370780ce273a2bcf3fc104a5af021167380690d6.json"",""locator"":""display: complete published JSON baseline; contextual segmentation review only"",""checked"":true,""sha256"":""f73fdc64d341cacd927c288d3849ea4a34e68d6062d74e0f6903eca7919b536e""}]"	41edd58a468e0f3f3bbe184827eb6bd1f7015eb42aaff928f21747de124b0762	41edd58a468e0f3f3bbe184827eb6bd1f7015eb42aaff928f21747de124b0762	0	0	0	json;immutable_fields;text_consistency;content_evidence;revision_replay;idempotence	全文及未改动输出复核：Spira逝世引入、课堂相识、动物实验运动、化妆品行动、策略、个人力量疑问、实践、传记邀请、癌症、乐观、完成出版、意义反思十三段完整。
889	public/college-english/lessons/rw4/rw4-u05-b.json	college-english	rw4-u05-b	A turning point in my life	passed_unchanged	Codex	2026-10-07T07:32:19+00:00	"[{""path"":""content/article-review/history/6eb291dd078f7f41f7b758a672b17182d7c4eea5a05519dbdab0caa4456101fe.json"",""locator"":""display: complete published JSON baseline; contextual segmentation review only"",""checked"":true,""sha256"":""cf545ad347db60c930e5b04de042fb2422edcb6ab481d6dfdddd1fedb728e896""}]"	c1b36836a34027b2cf3a9bab573eda59db3f6a9ba159e068135f9a2c6dab475f	c1b36836a34027b2cf3a9bab573eda59db3f6a9ba159e068135f9a2c6dab475f	0	0	0	json;immutable_fields;text_consistency;content_evidence;revision_replay;idempotence	全文及未改动输出复核：消防员为叶芝爱尔兰身份辩护、写信、投稿经历、发表反响、采访成书、激情解释、子女选择与建议十四段清楚；结尾回扣独立短段合理。
890	public/college-english/lessons/rw4/rw4-u05-c.json	college-english	rw4-u05-c	Passion and dedication have propelled China’s space science to new heights	passed_unchanged	Codex	2026-10-07T07:32:19+00:00	"[{""path"":""content/article-review/history/6ab1ab89a586e104f3b67cbe8715a53774b69a7e42af0c05c51aff963f24851f.json"",""locator"":""display: complete published JSON baseline; contextual segmentation review only"",""checked"":true,""sha256"":""6cb963b245cbcdbfa7be09f3aca61413e0136793089085282fc71ea03f010062""}]"	cba178f37a96f6b234dbfa1a677cf99eb9c5bd36e892afd21e8b2623e67c9d2c	cba178f37a96f6b234dbfa1a677cf99eb9c5bd36e892afd21e8b2623e67c9d2c	0	0	0	json;immutable_fields;text_consistency;content_evidence;revision_replay;idempotence	全文及未改动输出复核：温博四张照片、嫦娥四号月背、张熇感言、研发测试、不可修复性、艰苦试验、家庭牺牲和奉献九段自然；着陆器巡视器词注与技术描述连续。
891	public/college-english/lessons/rw4/rw4-u06-a.json	college-english	rw4-u06-a	The coming energy crisis	passed_unchanged	Codex	2026-10-07T07:32:19+00:00	"[{""path"":""content/article-review/history/67df75ff7505b9dd4dbf4bbdf6222783f02310adffb5447eeb0e4a6e814147a5.json"",""locator"":""display: complete published JSON baseline; contextual segmentation review only"",""checked"":true,""sha256"":""d2a2d8e5c7b426d1fa9d2abc53c1e0a60c15d5145f6634948da870c58cff52c4""}]"	d02a1b59a90d3aca5877dadd8855dd2fe1a57d6f0410b5c554733618485ba147	d02a1b59a90d3aca5877dadd8855dd2fe1a57d6f0410b5c554733618485ba147	0	0	0	json;immutable_fields;text_consistency;content_evidence;revision_replay;idempotence	全文及未改动输出复核：能源革命、化石与核能局限、资源耗竭、再生能源挑战、太阳风力水力生物质四类、综合方案九段完整；不同能源各独立，多句分析段保留。
892	public/college-english/lessons/rw4/rw4-u06-b.json	college-english	rw4-u06-b	A worldwide food crisis?	passed_unchanged	Codex	2026-10-07T07:32:20+00:00	"[{""path"":""content/article-review/history/deeac3374f485729e458a699ea52a538b8ecb59fbadcd59129c70f6d56399859.json"",""locator"":""display: complete published JSON baseline; contextual segmentation review only"",""checked"":true,""sha256"":""a9c54723726931fc53d80789b221cc2acd8bc6593d5b6ea7932b464e31c7d410""}]"	36fd4964d76af1d326eb1bc867574f06b0d5877ac66a5fac3276fb7fbcb277b1	36fd4964d76af1d326eb1bc867574f06b0d5877ac66a5fac3276fb7fbcb277b1	0	0	0	json;immutable_fields;text_consistency;content_evidence;revision_replay;idempotence	全文及未改动输出复核：粮价风险、短期储备、长期趋势、农业忽视、市场过度反应、结构问题、供需两侧、资金时间、人口、合作投资和稳步预防十二段完整。
893	public/college-english/lessons/rw4/rw4-u06-c.json	college-english	rw4-u06-c	An important milestone in China’s solar energy development	passed_unchanged	Codex	2026-10-07T07:32:20+00:00	"[{""path"":""content/article-review/history/e2645a4b7080a69758c9534a357d8ebe6b8c5edd228c422c987013044117dbcb.json"",""locator"":""display: complete published JSON baseline; contextual segmentation review only"",""checked"":true,""sha256"":""18506c15d0602ca24c92311b4897a21b7416f76183259e8d46f89391c9771c1d""}]"	9395c5190fb0a359425c3fdfd395c48ffd241d4c9648b71b33ddc2d52b1a9a10	9395c5190fb0a359425c3fdfd395c48ffd241d4c9648b71b33ddc2d52b1a9a10	0	0	0	json;immutable_fields;text_consistency;content_evidence;revision_replay;idempotence	全文及未改动输出复核：熔盐塔技术、敦煌百兆瓦、全天发电、选址、反射聚热、减排效益、产业示范、海外展望八段完整；中文技术释义与英文逐项相连。
894	public/cet/lessons/cet4/cet4-20180601.json	cet	cet4-20180601	2018年6月英语四级真题第1套	passed_edited	Codex	2026-10-07T07:54:00+00:00	"[{""path"":""content/article-review/history/2d6c4de32bf9e9b8275ac3d08a7b5730a6713c52cd54b2f09500e9cab310e9f6.json"",""locator"":""display: complete published JSON baseline; contextual segmentation review only"",""checked"":true,""sha256"":""86ee14f7b62f7a1a27b99682c0b2924e193218a9c5bb159ed28bd4bb76970e37""}]"	ea658399ee460a6c184a38cd19f6fe6002edad2a3542400d4f7f49a997203848	61a07882706e69a36c7c8e250c3f813fa61026ed8dd3013d5f5cd22d0d3c26fa	28	12	0	json;immutable_fields;text_consistency;content_evidence;revision_replay;idempotence	201806四级第1套：太阳能写字楼、数字教材收费、记忆力及达尔文信件四篇均逐段通读。拆开题号选项、词库、考试分部及正文粘连；H段跨页续句合并。重复Passage One/Two提示和OCR文字不删除；中文航空译题保留原有两段。
895	public/cet/lessons/cet4/cet4-20180602.json	cet	cet4-20180602	2018年6月英语四级真题第2套	passed_edited	Codex	2026-10-07T07:54:06+00:00	"[{""path"":""content/article-review/history/e53208b4c8d07c3bde7ee8f01144f2dab478cc6bf0bfc5eabc990acffca07a5b.json"",""locator"":""display: complete published JSON baseline; contextual segmentation review only"",""checked"":true,""sha256"":""62ec451c993771d56b68a5799a6c41cae70d34abd9167065cc6edf4f9e283070""}]"	3c86e771f3d32e0b00bf71351eb8524802e4fa551d3acac2e14f04c3cf5ae07c	d547094f405a497728b3fea62e1e5727d489b48d1bdbd0f0c71e2d7cf2d90fc0	27	11	0	json;immutable_fields;text_consistency;content_evidence;revision_replay;idempotence	201806四级第2套全文：写作、听力、加州污染监测、威尼斯旅游、绿地幸福研究、Olympic船队与公交翻译。H段政治化引语及船队事故段跨页合并；题目、词库和考试分部拆开，原有list题块内选项换行保留。U.N.、St.、Dr.、269.13及HTML实体均保持，缺字与重复提示不校改。
896	public/cet/lessons/cet4/cet4-20180603.json	cet	cet4-20180603	2018年6月英语四级真题第3套	passed_edited	Codex	2026-10-07T07:54:12+00:00	"[{""path"":""content/article-review/history/688dcb2740e7b322e75070dc1e970e7fd59314b48a0ae17e7a8cfabf7d2e2906.json"",""locator"":""display: complete published JSON baseline; contextual segmentation review only"",""checked"":true,""sha256"":""f1e384dd653ee8a40fe8a7dc59c67c44099ce69feebdb9941f9592f40a58a539""}]"	2b6f9979d43e0a1c212733216d729444dce720cb5251d94ec902723fcd6b87de	c97f191e009aa49ec590a72051c1b29fcb2297444fae4a6c680d753ca152bb7b	30	8	0	json;immutable_fields;text_consistency;content_evidence;revision_replay;idempotence	201806四级第3套全文及修后复核：口语作文、听力省略说明、香港霓虹、学业压力族群分歧、教学相长和千禧女性职场、地铁翻译。明确拆分A..O词库及A..K标记段、粘连I/K段，恢复glow when与teachers are motivated跨页续句；题号和选项独立，Oct.与数字、引语原文不变。
897	public/cet/lessons/cet4/cet4-20181201.json	cet	cet4-20181201	2018年12月英语四级真题第1套	needs_source_check	Codex	2026-10-07T07:56:35+00:00	"[{""path"":""content/article-review/history/9170d038fc2a143e7a65e6a05043dcf87a220ea814d545c09dcf70f0a205b911.json"",""locator"":""display: complete published JSON baseline; contextual segmentation review only"",""checked"":true,""sha256"":""d1876a18bc242cfb9a9df822ccbfc7660e3744faeff2ab2bdb6c81d7636d023f""}]"	258167d1dc4350e1efa23bd46152edd990c562a982a47dd6375b33599a77d1e3	2fa6c2b92420b35a296772b70e763b057bd8693b798b143887a16dc8c6748f4c	37	20	0	json;immutable_fields;text_consistency;content_evidence;revision_replay;idempotence	201812四级第1套全文复核：城市作文、25道听力、空气污染、食物作治疗、加州深井、AI伦理与手机阅读翻译。按标签恢复题目选项、词库和阅读自然段，保留原有A/K/B/L交错词库顺序，所有NUL页码原样保留且独立；医学说法、Taylor及中文缺字不校改。; 原blocks[5..6]：听力Section B指令在Answer Sheet 1 / with a single line间插有带NUL的页码标记；不删除或重排非空白字符无法续成完整指令，已隔离页码并保留续行待确认。
898	public/cet/lessons/cet4/cet4-20181202.json	cet	cet4-20181202	2018年12月英语四级真题第2套	passed_edited	Codex	2026-10-07T07:56:41+00:00	"[{""path"":""content/article-review/history/89fc302bf455a7cbe2ea7594ec30e7c79924dffc0c83f8545877f2786d03728e.json"",""locator"":""display: complete published JSON baseline; contextual segmentation review only"",""checked"":true,""sha256"":""89dfde58dc317bb8c538d1941f47b2e53b8ec3e790d19b476fcb216de37709f9""}]"	be292106d8c2d98d56fe4ad85cf6344bae7d6c479275077f9a1e285249f8cceb	9d56ef62be9437f27e01af240773db02baa004036c68b9d03081592a9a8ecc13	33	20	0	json;immutable_fields;text_consistency;content_evidence;revision_replay;idempotence	201812四级第2套：通读留学作文、听力1..25、沟通方式选词、Carême生平A..N、家庭摄像头、百事产品调整及手机依赖译题。拆独立题号选项、词库和大项，D/H/I/J标记段内连续论述衔接；各页码含NUL原样独立保留，本篇未插入句中，不需跨过页码合段。历史拼写及数据不修改。
899	public/cet/lessons/cet4/cet4-20181203.json	cet	cet4-20181203	2018年12月英语四级真题第3套	passed_edited	Codex	2026-10-07T07:58:36+00:00	"[{""path"":""content/article-review/history/3b5b6b969e1391540d1c691cc172925246558b273538a14d2340c0c02731f5cd.json"",""locator"":""display: complete published JSON baseline; contextual segmentation review only"",""checked"":true,""sha256"":""ca5e5de2fc0924886eb4f767ed78cd7c19a0917e29efe0ad5b926398cfe0ce28""}]"	79375a51c712719a2df76729e030f7897a38ffb04557b4a21da8187a71075af5	ce8dabbeb7931e3292983f9ef44dc483ce9b97bb8383fe3b5856831649ffff24	22	15	0	json;immutable_fields;text_consistency;content_evidence;revision_replay;idempotence	201812四级第3套全文复核：毕业就业作文、听力省略提示、刮痧选词、落地食物五秒规则、猫的因果判断、无人驾驶就业和移动支付译题。拆分题号选项/词库/分部，各标记自然段E/I/M连续文字归同段，驾驶段分号续句恢复；原JSON的Top Chef错题头、重复micro-organism、缺词等仅记文字疑义，页码NUL保持原样。
900	public/cet/lessons/cet4/cet4-20190601.json	cet	cet4-20190601	2019年6月英语四级真题第1套	needs_source_check	Codex	2026-10-07T07:58:42+00:00	"[{""path"":""content/article-review/history/70fa854a551321e26ff9577613a172a2160bda7590fae684b68b1206d4a50c25.json"",""locator"":""display: complete published JSON baseline; contextual segmentation review only"",""checked"":true,""sha256"":""b1889b8a8f2a53eda1a83cb2ed56507582922f48688c4c10600144ad4ee750e2""}]"	2f65e7e8f7aa5ad699adae729dc7b795bd1c190bf669ec327545f0b9115348d7	53e8321bed70e6027e23f7db4e13ad19c6bcf8c41269218dbd7731f6deeafe0c	35	7	0	json;immutable_fields;text_consistency;content_evidence;revision_replay;idempotence	201906四级第1套全文及修后复核：养老志愿活动作文、全部听力、自动驾驶选词、长寿多阶段生活、疾病婚姻、误叫名字及灯笼翻译。H段your skills、婚姻population Karraker及found that跨页续接；词库/匹配题/选项/正文分离。保留原有错字、数字、重复句和题号空格。; 原blocks[0..1]听力第6/7、8..10、12..15选项出现列交错：第6题D插在第7题中；8..10和12..15的C/D成组落在后题乃至Section C之后。已按现有标签各选项独立成块，但不允许重排非空白字符，无法恢复各题完整选项归属顺序，待确认。
901	public/cet/lessons/cet4/cet4-20190602.json	cet	cet4-20190602	2019年6月英语四级真题第2套	passed_edited	Codex	2026-10-07T07:58:51+00:00	"[{""path"":""content/article-review/history/b1e345f8c368c969967e057b4d70be13023b1d50cac59b5b18e6d90b686e6914.json"",""locator"":""display: complete published JSON baseline; contextual segmentation review only"",""checked"":true,""sha256"":""c4ddb47c52f4de6d256187225e1907d2b75e4fe5e0b464c92f8734083835e535""}]"	3ddb3ca28716111f08654d0a4c7457eb4fa9a5dd28308247d43c5f6f0c866139	c0530d44db70804b9abc55caaeeae02b14b950ccad25ac2f200558274075343f	75	5	0	json;immutable_fields;text_consistency;content_evidence;revision_replay;idempotence	201906四级第2套完整复核：农场参观作文、听力、虎鲸文化、年轻人与父母同住、女性领导、全球身高和舞狮译题。保留原A/C/B/D选项顺序但各自独立；续接In other words、young adults、economic storm、United States及第39题parents’ home。身高段原Latvian women. Meanwhile标点可疑但不改字符，仅保持同一比较段。其余原始缺词重复不校改。
902	public/cet/lessons/cet4/cet4-20190603.json	cet	cet4-20190603	2019年6月英语四级真题第3套	passed_edited	Codex	2026-10-07T08:01:28+00:00	"[{""path"":""content/article-review/history/eb789591c652aa7b0ede2839acdef72772c4c48d07abf35b0f7ac6cf3105a45e.json"",""locator"":""display: complete published JSON baseline; contextual segmentation review only"",""checked"":true,""sha256"":""4c4841bdf2617ae94535c88745c8104a906ad2b457e489c215c517f505206601""}]"	df5c7b8ff24b9ad97c0ed243041cb1030cdf147d6bcc88edd9cd889586b9c9f6	7f7bfd05e5264e023cac8d32535d737a4d0a6fc129f00cf9ff53b62fa7b23302	21	4	0	json;immutable_fields;text_consistency;content_evidence;revision_replay;idempotence	201906四级第3套完整复核：希望小学新闻写作、重复听力说明、A300人工礁选词、创客A..O、Governor’s Island涂鸦、在线CBT和剪纸翻译。恢复H段idea及human interaction跨页续句，G段项目例子同段；题号、词库及正文分离，多句段保留。第53题两个C标签和原拼写/医学论述不校改，无剩余边界疑义。
903	public/cet/lessons/cet4/cet4-20191201.json	cet	cet4-20191201	2019年12月英语四级真题第1套	needs_source_check	Codex	2026-10-07T08:04:01+00:00	"[{""path"":""content/article-review/history/3ae6ae99a1f4c8a9826bb1593703b2be2db3950fa97b8accf2a9e9c24495d8c4.json"",""locator"":""display: complete published JSON baseline; contextual segmentation review only"",""checked"":true,""sha256"":""1fa471179face8c3996d6b3d84ad3f5494d8178a25272a0e7a18456016297030""}]"	bbf3aa28f9f16965dd6cf4df65af1064f55c206e330d0dc2f681b689ed61f87a	1b29e3f8ad0452cf2dfdb9538276b4b7a2d6604e71b3c96633856de9a82efae3	78	8	0	json;immutable_fields;text_consistency;content_evidence;revision_replay;idempotence	全文覆盖推荐任教城市作文、全部听力选项、塑料瓶水、邮递灾后恢复A-K、Jill Watson助教、科研众筹和家庭教育翻译。按明确题号、段标及主题转折分块；保留乱码、缺标点、选项原序及页脚。; blocks[0..2]听力3/4、5..7、8..11、12..15、16..18、24/25及blocks[5]48/49选项跨题交错，只能拆界不能调序归题。; blocks[0..1]Section B说明和blocks[3..4]段F续句中夹有非空白页脚，无法仅凭空白恢复连续语句；blocks[2]开头e ram…与20题选项倒置。
904	public/cet/lessons/cet4/cet4-20191202.json	cet	cet4-20191202	2019年12月英语四级真题第2套	needs_source_check	Codex	2026-10-07T08:04:12+00:00	"[{""path"":""content/article-review/history/242964b4723ff0c2c3c1c5e856bcc40a7647afe06df7d49d84f5e6e22e960c34.json"",""locator"":""display: complete published JSON baseline; contextual segmentation review only"",""checked"":true,""sha256"":""c979b118cf35fa82dfbe4d76dbea07d6c4e5a9d6c13bb72d366f2bd91d0556b0""}]"	889a789af3b762b1786969e8670d038fbd289d87b6d2da05abb7fb41a88d35fe	5e03964b178d110c0d7828e9779915f10352c17a46fa1e3d97a2632f5815922c	72	7	0	json;immutable_fields;text_consistency;content_evidence;revision_replay;idempotence	全文通读推荐学中文地点作文、听力、机舱流感、早餐A-K、教材出版、海蛞蝓和家庭同住翻译。恢复题干/选项/段标和主题自然段；乱码和词句缺损不改字。; blocks[0..2]听力3/4、5..7、8..11、12..15、17/18、20/21及22..25选项跨题错列；blocks[5..6]47/48、51..53、54/55同样交错，保持现有字序并逐项分块。; blocks[3..4]段H引语及blocks[5..6]海蛞蝓using hijacked句中夹入非空白页码，仅改空白不能恢复正常连续语句。
905	public/cet/lessons/cet4/cet4-20191203.json	cet	cet4-20191203	2019年12月英语四级真题第3套	needs_source_check	Codex	2026-10-07T08:06:24+00:00	"[{""path"":""content/article-review/history/28a5d670a11a31b565a0441f08a7c6cf3157ed1c5e92e1f8a1ca1fa0c2bd76d7.json"",""locator"":""display: complete published JSON baseline; contextual segmentation review only"",""checked"":true,""sha256"":""c77dd12010900c25247d2df20dfb041cfbe6f96deaad49b2781dbdec055ab36c""}]"	6fa67f8e25e23fdbc29f18c18d8f06ed3b8ba4250841411ec115e37989193b4f	bccca15b5b55d2712e2582b6f502f737346520d4deb4ca918dc1767cf0c08b59	65	6	0	json;immutable_fields;text_consistency;content_evidence;revision_replay;idempotence	逐块全文通读推荐大学作文、免听力说明、飞机生理反应、松岛城市A-J、汽水税、微波炉碳排放及汉族姓名翻译。明确分部/选项/段标分开，保留自然段多句。未修乱码和缺少年份；保留原来Part II/III错位顺序。; blocks[1..2]段G的high-tech underground及blocks[3..4]微波炉And the problem is growing跨页句中夹入非空白页脚，不能保序仅改空白恢复完整句。
906	public/cet/lessons/cet4/cet4-20200700.json	cet	cet4-20200700	2020年7月英语四级真题全套合卷	passed_edited	Codex	2026-10-07T08:06:29+00:00	"[{""path"":""content/article-review/history/a32b15fe8df0b109a2989a1975e7a34778abf8a802a3ef1a106e03bd2280013b.json"",""locator"":""display: complete published JSON baseline; contextual segmentation review only"",""checked"":true,""sha256"":""cce4e8c31cc11454e11e820342c6b4c92db55feedd3939fe97f3f18a5f11e7c3""}]"	b7d4adf9b64bd6a51762d9b275f7df5bc5d00b3a487d033abed4dabf80946bd0	65be62f68ef0bffb3336353425e222bf18f74e4070d16a6f026139a3917c8c3e	29	8	0	json;immutable_fields;text_consistency;content_evidence;revision_replay;idempotence	全文及答案复核：翻译APP作文、全部听力题、女性科学事业、家庭烹饪A-P、钱包、梦境学习、火锅翻译及参考答案范文。合并工资差距/外包烹饪/分号续句/商店食材的跨页行，保留题项与多句自然段。13重复和随后14编号、OCR大小写等原字不改。
907	public/cet/lessons/cet4/cet4-20201201.json	cet	cet4-20201201	2020年12月英语四级真题第1套	needs_source_check	Codex	2026-10-07T08:06:38+00:00	"[{""path"":""content/article-review/history/4d1ae3368eaa761942edd49963813fd3db70880c5ff1a60cde2af03f0d8e6d24.json"",""locator"":""display: complete published JSON baseline; contextual segmentation review only"",""checked"":true,""sha256"":""0a4faa8ab0b9b9b34a4a23de2f00c1b49de92f873ee1b604966ed72346b9bb3d""}]"	6dcb7046c8e4cc8404d8bd52a612b77a33c893d88041242886f0348981b58653	20fbb6d4931bc9ecb0e026937e8433a4c55d0d256ec8043646a8045d6f643912	31	7	0	json;immutable_fields;text_consistency;content_evidence;revision_replay;idempotence	全文复核教育方式作文、全部听力、信任完形、San Jose社会流动A-K、学校心理健康、诱饵价格及翻译现存乱码。拆整页粘连，合并fear and 27、in 2014及The digital subscription跨行；保留所有文字错误和不可解翻译原字。; blocks[0..2]听力5..7、8..10、12..14、19..21选项跨题交错，8..11及22..25说明尾句也插在选项后，仅改边界无法归位。; blocks[2..3]half of all administrative以及blocks[5..6]studies have shown句中含非空白页码，无法仅改空白保序恢复连续句。
908	public/cet/lessons/cet4/cet4-20201202.json	cet	cet4-20201202	2020年12月英语四级真题第2套	needs_source_check	Codex	2026-10-07T08:06:45+00:00	"[{""path"":""content/article-review/history/c8264e59a9483202967c8f6f1a0db4f9fe54b25b85cb3152a9020aae59e8d615.json"",""locator"":""display: complete published JSON baseline; contextual segmentation review only"",""checked"":true,""sha256"":""956aa86702fef78dd91aa3aed5ba23e7579dd7d731328b1bc974cb61369ad981""}]"	c7419d32afe0f31a1d8779bf6c9c99698e566fe4b25f1b53920ebefd1a1e80b9	4b180f8048f65487469cee4c284f20742cd20d6ddb26a81e7a68da69815ab2ed	36	8	0	json;immutable_fields;text_consistency;content_evidence;revision_replay;idempotence	全文复核交通方式作文、听力各题、赞扬孩子、贫困认知A-P、无聊与创造力、森林增长及末尾翻译栏。按各题项和自然行边界拆整页粘连；原乱码与缺失翻译内容不补写。; blocks[0..2]听力1/2、8..11、14/15、19/20、22..25选项跨题交错；3/4说明尾句及3A的mainland分离且夹在其他题后，无法保序归位。; blocks[2..3]praise人称句、[3..4]贫困E、[4..5]O、[5..6]combat boredom及[6..7]Throughout history句内插入非空白页码，保持分离待确认。
909	public/cet/lessons/cet4/cet4-20201203.json	cet	cet4-20201203	2020年12月英语四级真题第3套	needs_source_check	Codex	2026-10-07T08:08:06+00:00	"[{""path"":""content/article-review/history/915653ef3874106e913deb452060e9b07530487a5d185b925989a80b6e3bee08.json"",""locator"":""display: complete published JSON baseline; contextual segmentation review only"",""checked"":true,""sha256"":""88d025e39069b26ee30ad8d2d0d779656b430cd463ad30c1a6baaaed498b3310""}]"	365f69f20fb5a013ca09e5b6d9f09c122bbef9c6d1aeddfec5e98bb187da1764	485c28675108a5add855d315b309c17c28c913aa085cd77ac59145d15dddde24	24	5	0	json;immutable_fields;text_consistency;content_evidence;revision_replay;idempotence	全文复核交流方式作文、听力占位、工厂数字化、饭盒历史A-P、电动自行车、全球变暖术语以及翻译占位。修复Now of course跨页、引语灯亮与后句的机械换行及perfectly usable词组断行；保留原双句点和译文缺失不作文字校勘。; blocks[1..2]饭盒J段节目名单The Partridge Family与the Addams Family之间夹非空白页码，已隔离页码，无法仅改空白恢复完整引语。
910	public/cet/lessons/cet4/cet4-20210601.json	cet	cet4-20210601	2021年6月英语四级真题第1套	needs_source_check	Codex	2026-10-07T08:08:10+00:00	"[{""path"":""content/article-review/history/20d421a4d9fdcf30d1762d503ef51db4f5212593f5399bb6621d270ff9d60c0b.json"",""locator"":""display: complete published JSON baseline; contextual segmentation review only"",""checked"":true,""sha256"":""266fdaaa4b9477df77ca8ec876571ab4b2c50c3e3e174880dd115779daf38847""}]"	92344940309e90f9f96a6bd2754cefd2aabf93f91140ca37e20a77096a86b547	4ab65167f416f73e3c2ca9d627d21d4eee5070e3bb75c117092508d181c30113	40	8	0	json;immutable_fields;text_consistency;content_evidence;revision_replay;idempotence	全文复核技术成瘾作文、听力、银蚁隔热、九年级成长心态A-J、STEM玩耍、IT工作体验和铁观音翻译乱码。明确段号题号及选项拆分；缩写Ph.D.、连字符、正文噪声和现存错字保持不改。; blocks[1..2]12..15、22..25选项与分部标题跨列交错；blocks[3]词库E/F之间插入Section B标题，保序分开仍不能正确归位。; blocks[3..4]abilities-are related及blocks[6..7]cope with technological句中含非空白页脚，不能仅改边界恢复完整续句。
911	public/cet/lessons/cet4/cet4-20210602.json	cet	cet4-20210602	2021年6月英语四级真题第2套	needs_source_check	Codex	2026-10-07T08:08:17+00:00	"[{""path"":""content/article-review/history/91ee1c235f02b0e484d726fc638171faaef12695269350ef1a2e9bb3cb5ed056.json"",""locator"":""display: complete published JSON baseline; contextual segmentation review only"",""checked"":true,""sha256"":""827b8af08afc7c463e21bf3f619aee65b8a9d38f667ea6a1ed68d312a408062b""}]"	aec008b210252c987385de2a3881fc73c3c47ae263ea34298c1f5ef9ee293067	35a03dec4b2e7b47497459603ae84a945505447de637546a59fe7a753f48f9f5	41	8	0	json;immutable_fields;text_consistency;content_evidence;revision_replay;idempotence	全文通读技术是否使人懒惰作文、全部听力、孤独、无数词语言A-K、行业资助营养研究、零工经济、普洱茶翻译。题号及同题ACBD选项逐项拆界；decimal language句内换行恢复；乱码、数字、破折号及现存异常不改写。; blocks[0]写作字数说明at least 180 words./words but no more than原次序缺损，不能仅靠空白还原；听力1/2及blocks[2]24/25选项跨题和标题交错。; blocks[2..3]to exercise、[3..4]they demonstrate、[4..5]ancient Mesopotamia、[5..6]Guidelines which、[6..7]balance work句中夹非空白页脚，无法保序仅改空白恢复续句。
912	public/cet/lessons/cet4/cet4-20210603.json	cet	cet4-20210603	2021年6月英语四级真题第3套	needs_source_check	Codex	2026-10-07T08:09:55+00:00	"[{""path"":""content/article-review/history/c6a8f8da53b2af80eaf8d31fd442d30ad118ee34153aa14b5d56703d62bb196c.json"",""locator"":""display: complete published JSON baseline; contextual segmentation review only"",""checked"":true,""sha256"":""98025fee5cdb0a41da6bd128f062a6a8dc7530ec61d58dcdcf3d3cc5ddbb010d""}]"	3fb9efdb570cdb30dc347b5dc9b505b23bb3c7d4fcb4f454d1f4b31075f19869	1db4cf607df5aa9e5c17c13bec2d394bb6840ef8b2822296b15eb2e4a49fe255	22	6	0	json;immutable_fields;text_consistency;content_evidence;revision_replay;idempotence	全文复核暴力游戏作文、听力提示、星级评分、科研挫折A-K、无聊/归属、热量漏报及龙井译文乱码。保留成段论述与所有原字；恢复cursor to get句内和boost分号续句，按题项段落拆页。; blocks[1..2]attrition among scientists及blocks[4..5]there is evidence跨页句夹非空白页码，已分离标识，不能保序改空白恢复完整句。
913	public/cet/lessons/cet4/cet4-20211201.json	cet	cet4-20211201	2021年12月英语四级真题第1套	needs_source_check	Codex	2026-10-07T08:09:59+00:00	"[{""path"":""content/article-review/history/ba30a60280935bef7f5648ffdc23de34abeafcb14fcd26a1895e675631edb21c.json"",""locator"":""display: complete published JSON baseline; contextual segmentation review only"",""checked"":true,""sha256"":""041b5ad17abaed8a09b0fe46b12eeeaec26028e74354bb2512f8ac26a27b1d5f""}]"	635be905ec6beb0fab5ad45897a56674f3f1a9d7e71589a5d2f72ecfb38e5eff	0a584ef75616a1654add61564187f102066933df565295d4c2b35ec4e1b1f188	55	10	0	json;immutable_fields;text_consistency;content_evidence;revision_replay;idempotence	全文复核迎新提案、听力、谦逊关系、女性压力A-L、居家工作成本、好奇心、运河翻译。拆开分部题目选项与E/F/J/K/L粘连段，保留自然多句；说明内部换行合并，数字乱码、原标点及页脚不删改。; blocks[0]听力3/4选项跨题交错，保留字序无法归位。; blocks[1..2]through the centre、[4..5]on the internet、[6..7]heated cleaned句内夹页脚；[5..6]L段跨页虽为句界但含页脚且原句末标点缺失，保留分离。
914	public/cet/lessons/cet4/cet4-20211202.json	cet	cet4-20211202	2021年12月英语四级真题第2套	needs_source_check	Codex	2026-10-07T08:10:07+00:00	"[{""path"":""content/article-review/history/41e012052f63e95a301876b13756e62367e62770c6754ea040e9c1c86dea6cbb.json"",""locator"":""display: complete published JSON baseline; contextual segmentation review only"",""checked"":true,""sha256"":""f7e663e2434c0a5ddbf3c8e64c6cd2752cbf4b5396b908577403b40f05a21661""}]"	a1e010f970458bd61754b1a9dd5b5fce62c89fbf0500724486450d7693115ce5	c4cfe3b74617e2c2438144423f30975725a9c4498329e5fd008d2830b7a4936d	46	10	0	json;immutable_fields;text_consistency;content_evidence;revision_replay;idempotence	全文复核演讲比赛提案、听力、莎士比亚、交谈趣味A-M、肥胖疾病争议、男性幼教、坎儿井翻译。拆题项及F段粘连，合并书名冒号续接、完整Directions与男性幼教导入同段；历史事实、OCR和缺引号只保留。; blocks[6..7]as having a disease句内被非空白页脚打断，已分离页脚，无法仅改空白保持顺序恢复完整句。
915	public/cet/lessons/cet4/cet4-20211203.json	cet	cet4-20211203	2021年12月英语四级真题第3套	needs_source_check	Codex	2026-10-07T08:14:28+00:00	"[{""path"":""content/article-review/history/54d8d0c1da921d3a8ec99dd0ae7865f81c5ac4bcaa9ae2897bd7647431712c2c.json"",""locator"":""display: complete published JSON baseline; contextual segmentation review only"",""checked"":true,""sha256"":""61738feea2efe3b0c8d29bf730ff0f343afcd249df91efe025250adee4d3dfbd""}]"	5f0aad222478b8498a7be87f1d6eb5d2b0f67d0b8641ace691a7d2a593145b92	0b0946974d5f1e058beb865535422956b20fbaebe6160f622e8fa94b86e97724	24	8	0	json;immutable_fields;text_consistency;content_evidence;revision_replay;idempotence	全文通读旧书项目报告、免听力说明、噩梦完形、青少年阅读A-J、文化触碰规范、兴趣成长心态和都江堰译文。拆题项、词库和三处主题段落粘连，保留错字、缩写、人名及多句自然段。; blocks[2..3]teens’ smartphones及blocks[5..6]Building on these findings被非空白页脚打断，无法仅用空白保序恢复完整句，已隔离标识。
916	public/cet/lessons/cet4/cet4-20220601.json	cet	cet4-20220601	2022年6月英语四级真题第1套	needs_source_check	Codex	2026-10-07T08:14:33+00:00	"[{""path"":""content/article-review/history/ccb0741e439ba1a5b7bbe4e7e6cc66d76d0ee12be92dc8f938dfdc90766e66c1.json"",""locator"":""display: complete published JSON baseline; contextual segmentation review only"",""checked"":true,""sha256"":""ed02fb41f209a0b7ebf179f6e732b8030dc9807dfe7f5f8fee7973d81e83afaa""}]"	21e39c0742b75af311ed692b458a335a33a5c74fcf3bd8f122d02a36f8b1d88a	f30d056c16fae59dd566b62996021289cdc028c651e30cc7762893455b65b0f0	46	10	0	json;immutable_fields;text_consistency;content_evidence;revision_replay;idempotence	全文复核图书馆服务提案、听力、牙痛保护、公司文化A-O、在线课程、公开科学讨论、揠苗助长双段翻译。整页中题号/选项/段标与论证转折逐块拆开；修复说明内部换行，多句自然段保留，乱码页脚全部保序保字。; blocks[1]听力9..11选项跨题交错，无法保序归位。; blocks[4..5]公司文化E段don’t worry句中夹有页码乱码，仅改空白不能完整恢复连续句。
917	public/cet/lessons/cet4/cet4-20220602.json	cet	cet4-20220602	2022年6月英语四级真题第2套	passed_edited	Codex	2026-10-07T08:14:43+00:00	"[{""path"":""content/article-review/history/fed6dfd099fd4839c26fdc68fdfd6a8db21a115622339b2b69782a7bd7996fe7.json"",""locator"":""display: complete published JSON baseline; contextual segmentation review only"",""checked"":true,""sha256"":""6743f8c6ee83504ab7d53e7b1c8937b2e3ef7d5b07602ee70f6811fa1f01244b""}]"	dcfe3ba116323f4f2971653d7f8f83e995ce88024f9759af1333e8f5a020e75e	96c5e6fd46890a31e6690f585e23ddcb5ba6581a1f26ec1583264d1ca2082bfe	21	7	0	json;immutable_fields;text_consistency;content_evidence;revision_replay;idempotence	完整通读校医服务提案、免听力说明、天然香料、别墅网站诈骗A-K、社交媒体留任、远程教育、揠苗助长双段翻译及所有题项。合并说明through the centre、Sean Tipton、Another potential、Barclays’ head、U.S. employers、employees of a healthcare及first18 years续句；保留词库问号占位和原文字错误。
918	public/cet/lessons/cet4/cet4-20220900.json	cet	cet4-20220900	2022年9月英语四级真题全套合卷	needs_source_check	Codex	2026-10-07T08:14:48+00:00	"[{""path"":""content/article-review/history/41fcd5792f0dd093e4bbbec34b68149ea1c7fe98c5d84fa3155139ee029c2ca2.json"",""locator"":""display: complete published JSON baseline; contextual segmentation review only"",""checked"":true,""sha256"":""068c094afdbb45c76c1e64fe94da0c8535863a7c7dedb3c998052a458e351322""}]"	03bae883892b742edac2238944387dd9319032f61237d4d5d193d0e64e610900	2706b46d61a8f332d52459f2e4f06956d973c49c2b59d104783e4bda09a1c398	54	12	0	json;immutable_fields;text_consistency;content_evidence;revision_replay;idempotence	全篇含三套写作/翻译均已通读复核：支教申请/教师节报告/毕业生邀请，太极拳/红包/戏曲；听力、成功观、兔子效应A-M、科技作弊、远程工作评价。按明确段标与题项分块；J与L引语续行合并；保留原译文错字和套数页脚错误。; blocks[4..5]兔子效应G段the expectations were that句中插非空白页码乱码，无法仅改空白保序恢复完整句，已分离标识。
919	public/cet/lessons/cet4/cet4-20221201.json	cet	cet4-20221201	2022年12月英语四级真题第1套	needs_source_check	Codex	2026-10-07T08:10:15+00:00	"[{""path"":""content/article-review/history/a5c905732d68115eeeb0a286174870e829d0e994aa3b751bdad5c9f03d21318d.json"",""locator"":""display: complete published JSON baseline; contextual segmentation review only"",""checked"":true,""sha256"":""e83c2313dc5cd61dce02e1fe2ff0f1adaa192c39ff167f5984771dcf0309d76c""}]"	01441cbd97e0eef5cbcf4d6dbe9a0b141601e0a366a04849b1bec5d31edf01f0	2a69bcc2523ac11162e50ea0f6095dbc9632d86872bbdd663a1e2049921147dc	33	8	0	json;immutable_fields;text_consistency;content_evidence;revision_replay;idempotence	完整阅读体育锻炼作文题、矿灾与六胞胎等听力选择题、孤独心脏风险选词、大学隐性费用匹配、健康饮食与情商压力两篇阅读及立秋翻译。明确段落和选项已拆出，I匹配段和情商实验段连贯保留。乱码和字词讹误仅保留，不校勘。; 听力1/2、5/6/7、12至15、19至21及若干阅读题选项按双栏交织（A/B先于其他题C/D；24题及阅读46至50为A/C/B/D），仅改空白不能重排到所属题目。; 原blocks2末至3首孤独研究、4末至5首大学费用L段、5末至6首饮食段被页尾乱码插入句中；非空白乱码不能删除或移位，因此保留跨块片段并待确认完整段界。
920	public/cet/lessons/cet4/cet4-20221202.json	cet	cet4-20221202	2022年12月英语四级真题第2套	needs_source_check	Codex	2026-10-07T08:14:57+00:00	"[{""path"":""content/article-review/history/e9ed819ed5edbba4bdecd15907488306d2df2ddeb026e62f97efbb2a85ffce65.json"",""locator"":""display: complete published JSON baseline; contextual segmentation review only"",""checked"":true,""sha256"":""c4c26c38858276c3b74008c639c5a231cfa4405f9f3a0cf19786c70554ea179e""}]"	b1bfb10392ed8bc9e069ddab0f1ab9f7afc49b8b92cb46a8861e5a01698245f6	07f15ff41b86727d6f39621651e2a4c89546fb8307013d496ff9d0d90ba8197e	35	8	0	json;immutable_fields;text_consistency;content_evidence;revision_replay;idempotence	全文覆盖健康生活方式作文、风笛赛/格陵兰/现金听力题、父母幸福选词、学会拒绝匹配、水产养殖与WFP阅读及立春翻译。词库独立拆出，同字母匹配段保持完整，多句阅读段不逐句切分。原文字词缺失和乱码未校改。; 听力1/2、3/4、6/7、8/9、12至18题存在不同题目A/B与C/D交织；19、24题为A/C/B/D顺序，无法仅空白调整恢复通常选项排列。; 原block2末至3首父母幸福段、3末至4首拒绝C段、4末至5首I段、6末至7首粮食援助段被页尾乱码插入句中；保留片段并待确认，不能删除/移位乱码。
921	public/cet/lessons/cet4/cet4-20221203.json	cet	cet4-20221203	2022年12月英语四级真题第3套	needs_source_check	Codex	2026-10-07T08:15:08+00:00	"[{""path"":""content/article-review/history/602da92f5dce57fda6b71e0300547e1fe251ba7ab323aff6aaa16e8779feab03.json"",""locator"":""display: complete published JSON baseline; contextual segmentation review only"",""checked"":true,""sha256"":""3895165352b2340df8293a10845f943ab52c721ff722e6dc5f1b40af30c2900f""}]"	80f9f326b42b56c0b8e925c0136924f791214a062a21d8512868bdecf4ddeb28	4bb76f543458ea01fc51d8cfadd5f2f3b52f65ae36864b89d4d0796e3d4a042d	24	6	0	json;immutable_fields;text_consistency;content_evidence;revision_replay;idempotence	通读大学社交技能作文题、手机使用选词、Evil Genius行为偏离与创造性匹配、Thomas养老院阅读、收入与饮食阅读及冬至两段翻译。听力部分现有JSON仅标题，无可审核试题；未补内容。独立题目选项、匹配段和翻译两自然段保留，字词讹误未校改。; 原block1末至2首E匹配段、block2末至3首第39题以及block4末至5首饮食价格段，均被不可删除的页尾乱码隔断句中；仅空白不能恢复完整自然段，需确认。
922	public/cet/lessons/cet4/cet4-20230300.json	cet	cet4-20230300	2023年3月英语四级真题全套合卷	needs_source_check	Codex	2026-10-07T08:15:12+00:00	"[{""path"":""content/article-review/history/99674825e61f3119df4971c3b5f1e88fa9ed4e7478098dccd63f639589375f0e.json"",""locator"":""display: complete published JSON baseline; contextual segmentation review only"",""checked"":true,""sha256"":""469bb00d25383c5cb8e95f521037f05360197f40a210c26445887dbfe8b1455f""}]"	df6429abf023cd08becb52adf3a2bb48adffee92461f041c963a3f858c22b6ea	f60e38d8aa02fd9b8ebca2b69da95a1f95b0b64954e2bf2f318574eec8f85485	51	11	0	json;immutable_fields;text_consistency;content_evidence;revision_replay;idempotence	覆盖三篇写作（职业规划/荐书/讲座）、一套完整听力与阅读、三篇旅游翻译及编者注；阅读涉及漂流玩具蛋、婚后姓氏、聪明人的思维盲点、难民在线课程。全部原文均保留，复核整篇修后顺序与多句自然段。; 听力8至17、19至21等题目双栏选项跨题交织；4至6、22/24/25与阅读47/48/50/53至55选项A/C/B/D原顺序无法只用空白改为通常排列。; 婚后姓氏匹配D段跨原blocks3/4、K段跨4/5时有页码页眉乱码插在句中；不能保序恢复完整段落，保留片段待确认。
923	public/cet/lessons/cet4/cet4-20230601.json	cet	cet4-20230601	2023年6月英语四级真题第1套	needs_source_check	Codex	2026-10-07T08:15:20+00:00	"[{""path"":""content/article-review/history/9f26c0ba193b0f332fa5e3d4e979d496f005f45cd09d698cb4767823cccd4c90.json"",""locator"":""display: complete published JSON baseline; contextual segmentation review only"",""checked"":true,""sha256"":""57afd0cc8878a203e5a212fcd2c8608d51ec3b374fee70be34675c8a074007ba""}]"	ca2897efa6a9088de69a613a5301ffe26870469c12a081d6956edcc301703dcb	72f67847181fd42844758f31ff58bfd8056881a4c4c6f1405a53cb9c7101351b	52	16	0	json;immutable_fields;text_consistency;content_evidence;revision_replay;idempotence	覆盖在线课堂调查作文、完整听力题、棉制品耗水选词、语音网络匹配、大住宅公共设施与过度雄心两篇阅读、继续教育翻译。已有听力和阅读heading保持；逐项拆选项并保留字母原顺序，多句论述不逐句分割，文字讹误未改。; 棉制品选词原blocks7/8、语音网络F段10/11、雄心文章15/16跨页句中插入页码页眉；不能移除非空白页眉，故句段仍被隔断，需确认。
924	public/cet/lessons/cet4/cet4-20230602.json	cet	cet4-20230602	2023年6月英语四级真题第2套	needs_source_check	Codex	2026-10-07T08:15:31+00:00	"[{""path"":""content/article-review/history/60218556e5568b72cadea0cdd51a6fc01a553ae26fb1b28b8b28fc170c972695.json"",""locator"":""display: complete published JSON baseline; contextual segmentation review only"",""checked"":true,""sha256"":""06236e1c76ec46243911dd37bed5aba38c9a90b874f42b7ea5caded59003cf8c""}]"	f92d81d6022320cb6505a707fb2ebcd9fbbbae561291a73e92cb17fd8969d4ea	f15f521f651f27724427d8c52d2ad79ec79d323ffa2da324a3f00008a49907ec	75	11	0	json;immutable_fields;text_consistency;content_evidence;revision_replay;idempotence	全文通读人际关系作文、蛇/礼服/餐馆与其他听力题、摩洛哥太阳能选词、F1美国推广匹配、超市历史和全年制学校阅读、高等教育翻译。选项按现有字母顺序独立显示，不重排；D/E、G/H、I/J、K/L、M/N等粘连已分开，多句论述保留。; F1匹配H段跨原blocks5/6时页眉插在what we all / think of句中；仅空白不能移除或移动页眉，段落仍受干扰需确认。
925	public/cet/lessons/cet4/cet4-20230603.json	cet	cet4-20230603	2023年6月英语四级真题第3套	needs_source_check	Codex	2026-10-07T08:15:42+00:00	"[{""path"":""content/article-review/history/3743b91dc1d803596be8206255578e54dbd018ce70726c39ec04daad97296efd.json"",""locator"":""display: complete published JSON baseline; contextual segmentation review only"",""checked"":true,""sha256"":""6c3a036ce7575a63a45dfb15c7481ef76b34d26d697e6ded9be05787ca826831""}]"	8ea66149336aa20632944f8f9c323bbb295e3a448e3508379c278be87ba5e7db	8c95c33bc9ba513741f351b39a9d723cd4e5ff67dd1abbf2c0abd2c6cc5dfbe2	26	11	0	json;immutable_fields;text_consistency;content_evidence;revision_replay;idempotence	全文通读社区服务作文、听力省略提示、步行健康选词、纽约舞狮俱乐部匹配、团建与洛杉矶无家可归两篇阅读、义务教育翻译。D/E、H/I、J/K匹配粘连拆开，词库题目选项独立，完整多句段保留。; 舞狮匹配F段跨原blocks6/7，for the / coming year之间插有页眉，无法只用空白恢复完整段落；保留原字符顺序并待确认。
926	public/cet/lessons/cet4/cet4-20231201.json	cet	cet4-20231201	2023年12月英语四级真题第1套	needs_source_check	Codex	2026-10-07T08:15:46+00:00	"[{""path"":""content/article-review/history/79bfa4c0197d0de6647111c0de2746fb1445834a1406e490836cc0528ee84d30.json"",""locator"":""display: complete published JSON baseline; contextual segmentation review only"",""checked"":true,""sha256"":""8b1afc644414d9e6c9574965548188b103966fd2910dfcd2af2357cac78226bc""}]"	780bfc39a9434b5ef9aff3ece8e1a86e45fdeeb1686d60c0bebd8790fc6226dd	878e67797ddb28f2281b6558897cb69591fb1f8899e8c7cc9c09a9bd4ee27bc4	45	9	0	json;immutable_fields;text_consistency;content_evidence;revision_replay;idempotence	覆盖校园活动作文、脑同步/认亲/海滩清理及其余听力题、运动寿命选词、气候与食物匹配、忙碌文化及机票性别差异阅读、健康饮食翻译。多句自然段完整保留，原文大量词内空格/讹误不进行字词校勘，所有选项原顺序不变。; 听力8至15、20/21及22至25题A/B与其他题C/D交织，不能只用空白重新归题。; 运动选词block2末/3首、气候匹配E段3末/4首、忙碌阅读5末/6首、机票研究6末/7首均有页码页脚插入句中，保留被截片段待确认。
927	public/cet/lessons/cet4/cet4-20231202.json	cet	cet4-20231202	2023年12月英语四级真题第2套	needs_source_check	Codex	2026-10-07T08:15:53+00:00	"[{""path"":""content/article-review/history/6e30235e07f2042c96dcf31f68a31ff53743927cb2f94b8bff084c6fbcd58c96.json"",""locator"":""display: complete published JSON baseline; contextual segmentation review only"",""checked"":true,""sha256"":""103d169554528f9f017ac6b87fba420291b578e5481a11f228865f949b943ab8""}]"	4c2ff15c98785c7a61f3a34c83a22db22d69d4c5dff8189991a55cbed9f88f7a	a94bd5fdc91de49985d823c0430794a03b2164b0a44927594047f9e1fe819889	45	9	0	json;immutable_fields;text_consistency;content_evidence;revision_replay;idempotence	通读家乡发展作文、驾驶/骨骼/村猫及其余听力题、业余爱好选词、陪产假匹配、创业竞争与多任务阅读、饮食变迁翻译。M/N粘连分离；P匹配段末long后原文止住，缺字不补；同题A/C/B/D顺序保留。; 听力5至7的C/D先于A/B且被Section B及页脚分隔，8至11、13至15和22至25有跨题选项交织；不能保序归为各完整题。; 爱好选词2/3、陪产假P段4/5、创业竞争5/6、多任务科学家说明6/7均被页脚截在句中，不能只改空白恢复完整段界，需确认。
928	public/cet/lessons/cet4/cet4-20231203.json	cet	cet4-20231203	2023年12月英语四级真题第3套	needs_source_check	Codex	2026-10-07T08:18:35+00:00	"[{""path"":""content/article-review/history/87fe4417ea0e62f4291cff4c2e9a109fa83d35dae2817789a35ca86553ea0b75.json"",""locator"":""display: complete published JSON baseline; contextual segmentation review only"",""checked"":true,""sha256"":""9893e0d0cfb0c15072a9b8621a72c6e185d72e0ef4789b738eb65a3fcf7c10e9""}]"	56b6fd7793d85c28278323367a7bf9e3918c5c7cfc1cde22820af07c0e3e1c31	a530fb7251719282f6c5826c7a530e05dee763f1469d4d666768a8ba99afdd37	38	6	0	json;immutable_fields;text_consistency;content_evidence;revision_replay;idempotence	覆盖校园印象作文和听力省略说明、社交健康选词、青少年社交网络匹配、Red Rum赛马及直觉与数据决策阅读、饮食生活水平翻译。正文完整多句段与匹配字母边界保留；译文logistics industry前疑缺词属文字问题，仅旁注未补。; 青少年社交网络E段原blocks1/2跨页被页脚分隔，M段blocks2/3在their / phones之间插入页脚；仅空白不能去除页脚恢复完整段，需确认。
929	public/cet/lessons/cet4/cet4-20240601.json	cet	cet4-20240601	2024年6月英语四级真题第1套	needs_source_check	Codex	2026-10-07T08:18:39+00:00	"[{""path"":""content/article-review/history/cbed98518bb78adb289d61a7a93d2a8b494788ca861dbf4a21788fbe49f65cd9.json"",""locator"":""display: complete published JSON baseline; contextual segmentation review only"",""checked"":true,""sha256"":""0636cccce83abe543cb428fbbfaf9039b8c1543d6c9aa48b9ab46e1bc1b19ddf""}]"	ad41067430c414f6156af9842b048ee405f261fb8ae451fea44fe3b817fac14c	88f44851b26e0c0417ae359af21bf51a26b4f46b258a10840021342e29ed0230	28	11	0	json;immutable_fields;text_consistency;content_evidence;revision_replay;idempotence	全文覆盖图书馆向公众开放作文、完整听力题、男女抽象表达选词、长远目标与即时满足匹配、意志力及科研经费阅读、四合院翻译。所有题干/选项和词库项目分块；匹配题及阅读多句段完整保留，不打开文中的网址。; 科研资助阅读原block15末的more likely与17首to end up之间插入独立页码网址block16；不能删移非空白内容，完整句段边界需确认。
930	public/cet/lessons/cet4/cet4-20240602.json	cet	cet4-20240602	2024年6月英语四级真题第2套	passed_edited	Codex	2026-10-07T08:18:48+00:00	"[{""path"":""content/article-review/history/e1a126b249cf5387a73838d050b190079bcde57871736670d598d961c6513de7.json"",""locator"":""display: complete published JSON baseline; contextual segmentation review only"",""checked"":true,""sha256"":""a8efe5d4e7394d3bd6a2774b6a52708f753eb9a4e2f5129ff399abf215061dcb""}]"	fe6a70846201bebd3f98a6ddeb03db4d75eb1fff1e26848ba64a7243f125b1e8	5a5835217c5c4fc84bdcc1fcff218f901cf7607a023862d43be5a7970ae2203a	90	16	0	json;immutable_fields;text_consistency;content_evidence;revision_replay;idempotence	全文覆盖体育设施开放作文、25听力题、抽象表达选词、长远目标匹配、意志力和科研资助阅读、农历翻译以及KEYS听力/阅读全部答案。此文件无页眉插句，E匹配跨块可直接安全接续；各完整多句段保留，答案序列表不推测重排。
931	public/cet/lessons/cet4/cet4-20240603.json	cet	cet4-20240603	2024年6月英语四级真题第3套	needs_source_check	Codex	2026-10-07T08:18:55+00:00	"[{""path"":""content/article-review/history/8e37821ddb6dad518b7690aebab5a3f2ce6fc9a0887db236d852f1ca152ec579.json"",""locator"":""display: complete published JSON baseline; contextual segmentation review only"",""checked"":true,""sha256"":""6de29e1d846fe8115142e318e464f90185657258a1a36a035ed9be867c5cd1ce""}]"	2c0eeeceea2cf9df9fe8b05d62f95842c016ecd8089f2e9f510bc3788b3d448a	4d1248694d5a6ebee912fc34a247a631a8a04d841a058d1bb8f161b16f3762c3	24	8	0	json;immutable_fields;text_consistency;content_evidence;revision_replay;idempotence	覆盖体育设施开放作文及听力省略提示、机器人替岗选词、雪天停课与在线学习匹配、Dress Codes书评及说服力阅读、福字文化翻译；所有中文续行及多句英文段完整复核，保留页码网址而不访问。; 雪天停课F匹配段在原block3末local school与block5首superintendents之间插入block4页码网址，不能只调整空白恢复完整段界，需确认。
932	public/cet/lessons/cet4/cet4-20241201.json	cet	cet4-20241201	2024年12月英语四级真题第1套	passed_edited	Codex	2026-10-07T08:19:00+00:00	"[{""path"":""content/article-review/history/c58622f539698a7977b4836e82e7760902ea6cb4645460794d3cf83a8590592e.json"",""locator"":""display: complete published JSON baseline; contextual segmentation review only"",""checked"":true,""sha256"":""7e98379554ccb15a165882a7c648780da2b06f915696e9695e4e523ef564355a""}]"	0a7907bd61d8ba112b420fb1d8d4afd542e58d5119a223c2a611fa8fc4d30433	bebe3acf62418ef9ece5ff62066846dca10046de3e7b2a6e8fe3671ac6962a5d	75	16	0	json;immutable_fields;text_consistency;content_evidence;revision_replay;idempotence	全文覆盖快递业调查作文、公交司机等完整听力、语言老化选词、工作生活平衡匹配、城市种植与女性工程师阅读、环保翻译、全部听力与阅读答案。跨块C段可安全接续，女性工程师引文及自然段完整，多句段不拆成单句，答案序列原顺序保留。
933	public/cet/lessons/cet4/cet4-20241202.json	cet	cet4-20241202	2024年12月英语四级真题第2套	passed_edited	Codex	2026-10-07T08:22:56+00:00	"[{""path"":""content/article-review/history/f26c52d0179810633adb8e6627c7df30ae2051f81a33574d88fc17f101e75d28.json"",""locator"":""display: complete published JSON baseline; contextual segmentation review only"",""checked"":true,""sha256"":""db8d3a1377db80e36fd82330e68a242cb8434be06aeacad6737f27bd743382e9""}]"	cbbc8f2feac956ac671b7194640c44757613e916251ccc7eafc936e09fbc2b71	21bd25a858aacc35acdac930331144a1ce469fb1dbcbe9cc55001440127021ed	61	13	0	json;immutable_fields;text_consistency;content_evidence;revision_replay;idempotence	覆盖传统文化作文、供暖费用等全部听力题、视听神经元选词、瓶装水塑料匹配、财经教育和可可基因编辑阅读、新能源汽车翻译、KEYS全部答案。A/K跨块无页眉干扰可恢复；词库与选项顺序不变，完整阅读段已复核。
934	public/cet/lessons/cet4/cet4-20241203.json	cet	cet4-20241203	2024年12月英语四级真题第3套	passed_edited	Codex	2026-10-07T08:23:05+00:00	"[{""path"":""content/article-review/history/aa11fdef3bcb45911aa644288cbe276b003a40cf78970a6056261218690b277c.json"",""locator"":""display: complete published JSON baseline; contextual segmentation review only"",""checked"":true,""sha256"":""59dfe294609c583e9f65acc3a076d5d941d57e7cb211cd94c5116afe04e51ec8""}]"	f1c4a8b27730ea06a6a7992466deb87bb033bbcc4194d912821b79933690c1ff	c6e48334c7135253c5951a894587f703899665905074ddcf19b4813d96c950aa	26	10	0	json;immutable_fields;text_consistency;content_evidence;revision_replay;idempotence	全文通读绿色校园写作、听力省略说明、仿真面具选词、学习与实践A-K匹配、自动驾驶责任、蛋白质摄入两篇阅读、莫高窟数字展示翻译及KEYS。Section B说明跨3/4块续句、D段引语续句、K段跨4/5块续文确定合回；其余保留多句自然段。46题原list内部题干选项布局保持，所有答案顺序保持；imp ortant等字词空白非段落问题不改。已逐块复核修后全文。
935	public/cet/lessons/cet4/cet4-20250601.json	cet	cet4-20250601	2025年6月英语四级真题第1套	passed_edited	Codex	2026-10-07T08:23:10+00:00	"[{""path"":""content/article-review/history/ed022f5d9f9a7cf5607d7e71f5caea179eb64a3fee1df3a2f777ec00aa543766.json"",""locator"":""display: complete published JSON baseline; contextual segmentation review only"",""checked"":true,""sha256"":""a17b4cebe7bd1cf0299152c6dc327e150552342afc97edda644ac6d66817d1f6""}]"	40942bddcf198862f5f0a6a29daffcdf94ea27f0b7c0e993e4cc9a8e862f6ff7	134fc12f60053831ba02b8264ab42dcaa4067fca4be3467eccf0b8fac7e79e01	73	17	0	json;immutable_fields;text_consistency;content_evidence;revision_replay;idempotence	通读大学语文必修写作、全部听力选项、儿童声誉选词、Design Ventura设计教育A-M匹配、熊猫栖息地与Grit两篇阅读、袁隆平杂交水稻翻译及答案。明确合回C段could/have bought跨块句、D/J/K同字母续文，以及听力B/C说明。原list第11题保持锚点及内部行；construc t等字词不校改，KEYS序列完整保留。已复核修后全文。
936	public/cet/lessons/cet4/cet4-20250602.json	cet	cet4-20250602	2025年6月英语四级真题第2套	passed_edited	Codex	2026-10-07T08:23:18+00:00	"[{""path"":""content/article-review/history/d8009c927d5f452293bc68bc660a4a86a2bb7ad13ad7c45bbe1f048d5d6e4c02.json"",""locator"":""display: complete published JSON baseline; contextual segmentation review only"",""checked"":true,""sha256"":""1da436d5a55021e819edb5a64c290142170915eb773527d37e0a3634b6f8abac""}]"	256a0657facb53a41793c0e742a1615f5f9bb19ef93cc449bf2c26f483c37360	de7e458db7740921e19195809eb9a0ed0587219cdf8bc6662aa40223ab078a9e	72	19	0	json;immutable_fields;text_consistency;content_evidence;revision_replay;idempotence	通读AI辅助学习写作、听力1-25题、希区柯克选词、果汁健康A-K匹配、服装心理与古典音乐阅读、东北冰雪旅游翻译及KEYS。C段can/wear out跨块及其研究续文、E段热量研究、H段学科名称续句均合回；18题D选项尾粘连Questions 19 to 21明确分离。阅读完整多句段保留；拼写空白和原答案次序不变。已复核修后全文。
937	public/cet/lessons/cet4/cet4-20250603.json	cet	cet4-20250603	2025年6月英语四级真题第3套	passed_edited	Codex	2026-10-07T08:23:27+00:00	"[{""path"":""content/article-review/history/e440e1308c1ca983e73e4886ff3f180a29a0ca1e663a75c326f07726647611d0.json"",""locator"":""display: complete published JSON baseline; contextual segmentation review only"",""checked"":true,""sha256"":""618f8a5eb3be7d44f9f61c98d9dee4d718380179d1c399a402872bb41e6aca7d""}]"	cebd473c3b97390415e04cb189adf7e540cde0ba29cc6d5d9d33079f447b2945	222ce15c9beb50de5950a5bd5a184f4ca504999ac806f4997e236a87d92f2e6c	32	12	0	json;immutable_fields;text_consistency;content_evidence;revision_replay;idempotence	全文读完跨文化能力写作、听力省略说明、半脑切除适应能力选词、幽灵堵车A-N匹配、内在美与植物肉两篇阅读、15分钟便民生活圈翻译及KEYS。A段dense/traffic、L段bilateral/control跨块合回，H段研究说明及引语连续保留，J段simulation/that续句合回。原选项与答案次序保持，字词OCR空白不校改；全文修后逐块复核。
938	public/cet/lessons/cet4/cet4-20251201.json	cet	cet4-20251201	2025年12月英语四级真题第1套	passed_edited	Codex	2026-10-07T08:23:32+00:00	"[{""path"":""content/article-review/history/48add5ce619bbf85c8f8107bdb96c47cdfabb8eba85a8802479f940a36967783.json"",""locator"":""display: complete published JSON baseline; contextual segmentation review only"",""checked"":true,""sha256"":""a00df68a581c543a8aafef20141dc9684d451248098cd3e9f9a9da2a663b39a3""}]"	ba436fd7e19590f11bec6e9b1c6c551475fe388816b9b240100922ea6a910dd0	c652349a8bb6f179be30e3ac0f0d17f682d725c0c3749620e49b91da44d42b8e	76	19	0	json;immutable_fields;text_consistency;content_evidence;revision_replay;idempotence	全文通读学生会建议写作、听力1-25、选择过多选词、自行车道经济A-O匹配、服药时机及延迟退休阅读、民营经济翻译和KEYS。7题D与Section B、21题D与后题说明分别分离；C段跨块比较数字、A/E/K续段、H引语及退休文章Abraham says归回上下文。55题后孤立句点原样保留，属于字符校勘旁注不删除。全文修后复核完成。
939	public/cet/lessons/cet4/cet4-20251202.json	cet	cet4-20251202	2025年12月英语四级真题第2套	passed_edited	Codex	2026-10-07T08:23:41+00:00	"[{""path"":""content/article-review/history/6aa50b5269fbdd3990b3f1828a112c365f372df98cffc45cca7f170238c5dc31.json"",""locator"":""display: complete published JSON baseline; contextual segmentation review only"",""checked"":true,""sha256"":""d2d51136f4c40ff4a9769320556c0191a9a7bc1f0e16c3622edf62f3072aad20""}]"	4d79d7e03bd86d7a345022b0e90ba59d767d0b69d6fa59d23f23e005410dfe8b	949fde877074148aaec0958d6aab5274c95ace9faae7f1cc91e688b64f26d28a	68	21	0	json;immutable_fields;text_consistency;content_evidence;revision_replay;idempotence	全文通读学术写作建议、全部听力、音乐与ASMR选词、游戏就业技能A-L匹配、青少年健康饮食干预、婴儿REM梦境阅读、城市漫步翻译及KEYS。D军事技能、F研究评价、H游戏经济续行归回对应字母段；健康干预必要性与预防困难构成同段合回。原选项和答案字符次序均保持，拼写问题不校改；已逐块复核修后全文。
940	public/cet/lessons/cet4/cet4-20251203.json	cet	cet4-20251203	2025年12月英语四级真题第3套	passed_edited	Codex	2026-10-07T08:27:55+00:00	"[{""path"":""content/article-review/history/f41a290da3be15afbf1a685886ef74c4c2b346770fd347ef57b3efd9cc98e7a4.json"",""locator"":""display: complete published JSON baseline; contextual segmentation review only"",""checked"":true,""sha256"":""dd885ece16c7047a32e7be4119d9c0588f234ab1c302b961714af261288e3122""}]"	5f71baf585c73d6ee21665e7744260c525fc62d74bb5b0281f636358b2523728	ab772e347c6642fe116730483d1b7a684befece92784300e0b0ae3db75e574d4	28	11	0	json;immutable_fields;text_consistency;content_evidence;revision_replay;idempotence	通读校园资源写作、听力省略说明、地球日选词、45岁后求职A-M匹配、米其林素食餐厅及遗传检测阅读、绿色经济翻译和KEYS。J段再培训低收入比较、Humm采访两句引语、遗传健康测试限制与非遗传因素解释合回；50题D尾的Passage Two与51-55说明分离。保留所有原选项次序、标题锚点和答案序列；修后全文复核完成。
941	public/cet/lessons/cet6/cet6-20151203.json	cet	cet6-20151203	2015年12月英语六级真题第3套	passed_edited	Codex	2026-10-07T08:06:52+00:00	"[{""path"":""content/article-review/history/6f6334e0547ee61a9bb8ee4e41048c16e3ac32a153e778018f798f50180544a0.json"",""locator"":""display: complete published JSON baseline; contextual segmentation review only"",""checked"":true,""sha256"":""3afc534b1bef409869c1840eb726800538352377a8159f03e6c2e2e3238a8bb9""}]"	b7b99c9bb5edfb3b90533d7c05d47a953ba04df9adf7c8131bf95c0317bae1a5	c70174cf47bab8116f6ae4891bf42ca637a0492050dd614c860b073d7de36f2d	31	2	0	json;immutable_fields;text_consistency;content_evidence;revision_replay;idempotence	完整通读误导信息写作、听力1—35题、睡眠选词、气候心理学A—P匹配、提问学习与太空旅游两篇阅读、扶贫翻译及全部参考答案。将按页大块按现有完整自然段、题号、选项和说明拆开；续接making your choices、one of the paragraphs、such as saving、there must be something和about half-finished五处跨页句。拆明F/J/M/P段及混排词库，标题及答案分隔清楚；译文原heading锚点保留在标签，正文另块。原OCR文字疑点保留。
942	public/cet/lessons/cet6/cet6-20180601.json	cet	cet6-20180601	2018年6月英语六级真题第1套	needs_source_check	Codex	2026-10-07T08:08:25+00:00	"[{""path"":""content/article-review/history/2d89535d01d1b6371ba33d20fa9bd2420117eaeae4e6f23c3ee9288c6ac3ecfe.json"",""locator"":""display: complete published JSON baseline; contextual segmentation review only"",""checked"":true,""sha256"":""a3a98e120eb8483017d7f1f0698995593b5264b4c3fd16fea507886a882cd9af""}]"	273a3102f8ac6a946e27c20925c094636227e8da1527eda699592762534226db	24ed8512df35bf113685714ee681b4497dd358e387edfc860b414de6651ad043	63	1	0	json;immutable_fields;text_consistency;content_evidence;revision_replay;idempotence	全文覆盖雇主信任写作、25道听力、金字塔选词、同伴压力A—L、Ebro稻田与摄影乐趣两阅读和私家车中文翻译；本JSON无答案解析。按既有自然段拆开分页大块，说明续句与研究者引语同段；分出双栏混排选项但保留ACBD和词库原顺序。隔离NUL包裹页码原字符，标题、材料、题目边界清楚。三处页码嵌句无法只用空白恢复完整句，记录issues；其他文字校勘不处理。; 原blocks[2]末尾psychologist Margo与blocks[3]开头Gardner之间夹有非空白页码\u0000- \u00003\u0000 \u0000-；仅空白操作无法恢复姓名及连续句，保留页码独立块和续文待确认。; 原blocks[3]末尾educators instead took与blocks[4]开头advantage之间夹有非空白页码；句中边界不能越过页码合并，待确认。; 原blocks[4]末尾new territory,与blocks[5]开头says Serrat之间夹有非空白页码；引述归属句中边界不能越过页码合并，待确认。
943	public/cet/lessons/cet6/cet6-20180602.json	cet	cet6-20180602	2018年6月英语六级真题第2套	needs_source_check	Codex	2026-10-07T08:10:22+00:00	"[{""path"":""content/article-review/history/19a806d72f4b7c8c1aca9bed9b7ac09ee4960859dc93260f90f123455fe530a0.json"",""locator"":""display: complete published JSON baseline; contextual segmentation review only"",""checked"":true,""sha256"":""1f15c33b46ed187a6de5c3dd5d6b459b41ae66d35cb79c09ccc7c690e1d65799""}]"	1b4c33531538d6d4c6113b0e6e017e290d3c5fdaadbf0348f93223debffee32d	aa7aec7707bd8a320513927f08cf6dad8bfe6bdc1a7d8b09bcab5c2753cb9c6f	76	1	0	json;immutable_fields;text_consistency;content_evidence;revision_replay;idempotence	全文通读师生信任作文、25道听力、Hale与童谣选词、耐旱复苏植物A—K、MegaFace识别与大学学费两阅读、高铁翻译，JSON无答案。分离标题、说明、选项、词库、匹配段标和题干；复苏植物引语及结论冒号后续句合并为自然段；保留大段多句正文。页码原字符保留独立，选项原序保留。Hale选词内有片段顺序和空号疑误、四处页码插句，不能仅空白完成恢复，列issues。; blocks[2]末while与blocks[3]celebrating中间夹第4页；不能越页码恢复连续句。; blocks[3]Hale选词段的issued a 33 the holiday.／setting aside...for The true authorship与段末35 of片段，原顺序无法只调空白获得明确句段，保留待确认。; blocks[4]末squeeze more cash与blocks[5]out of之间夹第6页，不能越页码合句。; blocks[5]末whom the与blocks[6]machine之间夹第7页，不能越页码合句。; blocks[6]末graduation now与blocks[7]approaches之间夹第8页，不能越页码合句。
944	public/cet/lessons/cet6/cet6-20180603.json	cet	cet6-20180603	2018年6月英语六级真题第3套	needs_source_check	Codex	2026-10-07T08:10:32+00:00	"[{""path"":""content/article-review/history/c814ea62b04c70d13551286477c3ec9231c7c1dd00bafd1d7d81b98973a5807a.json"",""locator"":""display: complete published JSON baseline; contextual segmentation review only"",""checked"":true,""sha256"":""52f1809319a155567cc9e471b134658bed9ade9eceda65fb7e0515194dbe8441""}]"	42945a2ae99b24a8b7bd1ad75671b7dea5d84b0ef0afe9597b1d49dd89bcb80f	256b46e90cb2dbc45cb996b820e7e4a806bd7b604209c59776889538717e979a	36	1	0	json;immutable_fields;text_consistency;content_evidence;revision_replay;idempotence	通读商业消费者信任写作、听力省略说明、机器人选词、Ivy League学校声誉匹配A—N、经济福利与决策疲劳两阅读及共享单车翻译，全文无答案。保留多句自然段，按题号词库段标拆分页大块，C/D/E/F/N论述的续段按明确同一论点相接；决策疲劳长块按他人建议、风险与个人决策的转折分三段。各页码隔离且保持位置。法国消费统计原重复短语与拼字疑点仅备注保留，H段跨页句的非空白页码阻断单列issues。; 原blocks[1]末asked me about my与blocks[2]educational background之间夹第3页；严格保留非空白原序无法恢复这句，保留页码独立与续句待确认。
945	public/cet/lessons/cet6/cet6-20181201.json	cet	cet6-20181201	2018年12月英语六级真题第1套	needs_source_check	Codex	2026-10-07T08:10:38+00:00	"[{""path"":""content/article-review/history/80b85082172312aa0aebae0a9abfd66e989be83d6b757655a83d035b63af4249.json"",""locator"":""display: complete published JSON baseline; contextual segmentation review only"",""checked"":true,""sha256"":""eaa8f68faea1987b28cec2830ecba1d41273e7da7194450bb8f960139ce14234""}]"	4c65e0536ebac11cea22073447dce6018a6e00408325a01fe6d4ad6034873e94	f4877044e56fa40e8e34adcc53fe4806f836ce9786383e2d50acef1dbe940a63	41	1	0	json;immutable_fields;text_consistency;content_evidence;revision_replay;idempotence	完整通读工作休闲作文、物理书等25听力题、岛狐保护选词、父母晒娃隐私A—N匹配、农场机器人与科学传播两阅读及博物馆翻译；JSON无解析。逐块按自然段、题目、词库、选项拆分，B/G/K引语与D权利短语、N同学父母短语及科学传播从句接回，长段多句保留。保留全部NUL页码及异常字间空格原内容；三处跨页句被页码阻断，单列待确认。; 原blocks[2]末a multitude与blocks[3]of invasive species之间有非空白页码3，无法仅调空白恢复连续句。; 原blocks[3]末Keith与blocks[4]says之间有非空白页码4，无法仅调空白恢复引述句。; 原blocks[4]第38题son’s与blocks[5]perspective之间有非空白页码5，无法仅调空白恢复题干。
946	public/cet/lessons/cet6/cet6-20181202.json	cet	cet6-20181202	2018年12月英语六级真题第2套	needs_source_check	Codex	2026-10-07T08:16:01+00:00	"[{""path"":""content/article-review/history/79034df6ece51f9225ac754b6f04ac9a927a8f118650bbf38a8c1ed622e1b240.json"",""locator"":""display: complete published JSON baseline; contextual segmentation review only"",""checked"":true,""sha256"":""10afee3d3a41d465bf7b17111abfee4300cfdf8a9575e85c6857b4b6926c1308""}]"	be06b9fe88356f8225078a3713e4f363f46c20b8fcf8e01c7d3c853ce3ca1698	5f2dc2a24a90d8ab1ba80787e12ad9316a164c194ee825aaa4b6bad07441ddc4	71	1	0	json;immutable_fields;text_consistency;content_evidence;revision_replay;idempotence	完整通读职责与爱好作文、摄影及物理等25听力题、上课上网选词、Merian科学家A—P匹配、数学教育与机器人护理两阅读、公共图书馆中文。逐项接回独立A)/D)标签与对应选项，分开混排词库与短选项；数学引语冒号枚举、intellectual 28及Hacker结语接续。正文保留多句自然段；RIBA后原内容缺漏不补字，仅按On the less cute明确转折拆段。NUL页码原样隔离，三处句中插页码待确认；其余拼字与缺题号保留。; 原blocks[3]末Dr. Etheridge与blocks[4]are digging之间夹页码4，无法仅以空白恢复连续主谓句。; 原blocks[4]末demanded to与blocks[5]be well treated之间夹页码5，无法仅以空白恢复引述句。; 原blocks[6]末RIKEN-TRI与blocks[7]Collaboration Center之间夹页码7，无法仅以空白恢复机构名称及连续句。
947	public/cet/lessons/cet6/cet6-20181203.json	cet	cet6-20181203	2018年12月英语六级真题第3套	passed_edited	Codex	2026-10-07T08:16:11+00:00	"[{""path"":""content/article-review/history/7560af86055e6fe4f1b62d5a9fd222ebc5d9dbdf0a9856f1813217ddb20a6b32.json"",""locator"":""display: complete published JSON baseline; contextual segmentation review only"",""checked"":true,""sha256"":""3d2a5ba62b68b300cb3f6deb0a14f9175cfbc0daed0f98c58ae23ca1b934d880""}]"	42e1e5293b4e7a328cf0614ec8103a1791df06a15961002a76a0071fc25a8589	2343eb036942e4b82c6f9e1029bdec53176773ba0a0df442ec6034c28b081091	27	1	0	json;immutable_fields;text_consistency;content_evidence;revision_replay;idempotence	全文通读工作休闲作文及听力省略、牛身画眼保护狮子选词、恢复力A—M匹配、儿童注意力与手机行为研究两篇阅读、体育馆翻译；无答案。按现存自然段、段标、选项和题号拆块，词库逐项保留原序；D研究解释与M飞行恢复结果并入同一论点段。手机阅读标题与正文分离，页码独立且未跨句。儿童研究引文attention dean处内容缺损仅保留备注，不猜测补文。所有边界可在JSON内确定，无未决句段问题。
948	public/cet/lessons/cet6/cet6-20190601.json	cet	cet6-20190601	2019年6月英语六级真题第1套	needs_source_check	Codex	2026-10-07T08:16:16+00:00	"[{""path"":""content/article-review/history/efa424fa3804fdbb5d60334ee38d6ad0a1ccbcb9701745c97b3d4cd431448bcc.json"",""locator"":""display: complete published JSON baseline; contextual segmentation review only"",""checked"":true,""sha256"":""d2bda7396afdba85ad1314c3964e27911c3874fe21f2b96e73b953c8118bbd3f""}]"	8af3d7006e5375fe25912d00dc63c278674e9862dc7003c2d0dd131feadddcbb	bd3e38f30296ae943c48e7acb780d9dece06b261fb9d966c074abf80db25e0a9	60	1	0	json;immutable_fields;text_consistency;content_evidence;revision_replay;idempotence	完整通读团队沟通作文、25听力题、意面健康选词、实体网络零售A—O、Hawking人工智能与养老社区Sentab两阅读及成语翻译。分开混排选项和词库且保留ACBD顺序；阅读自然段保留多句，B/C/J数据解释与F所属短语、养老院引语和technophobic seniors续行接回。NUL页码仍原位置独立。意面35前无句点的原文字缺陷备注保留。三处页码阻断正文句法不能仅空白修复。; 原blocks[3]末going与blocks[4]the way之间夹页码4，无法仅空白恢复连续句。; 原blocks[6]末biggest event与blocks[7]in the history之间夹页码7，无法仅空白恢复Hawking引语。; 原blocks[7]末by next与blocks[8]year之间夹页码8，无法仅空白恢复市场预测句。
949	public/cet/lessons/cet6/cet6-20190602.json	cet	cet6-20190602	2019年6月英语六级真题第2套	needs_source_check	Codex	2026-10-07T08:16:24+00:00	"[{""path"":""content/article-review/history/9314f9689a583cbd6c9ab4a37362b97726acc05273c1ff7df1f0a53b4db60bae.json"",""locator"":""display: complete published JSON baseline; contextual segmentation review only"",""checked"":true,""sha256"":""e6ac9c00813d49a5b73c7585c6e65432b20c0e332633d53fd003f66680aa6448""}]"	c541ff067a4e56167698ddf478f22fee666023a3d98849e8985ec148ed381b82	5ffad02f4cf24ffcc0ab4da48a7dda5b92582c63f47292de2b0a3a1f1c7aff92	34	1	0	json;immutable_fields;text_consistency;content_evidence;revision_replay;idempotence	全文通读人际尊重作文、Hepburn等25听力、飞行汽车选词、消费回收A—O、配音演员罢工及空间碎片两阅读、方言翻译。标题说明题目词库逐项分块，41/46独立题号与正文相接，products’ lifespan、U.S. government和54题规范名称续行相接，Freeman引述归属合回；正文保留原自然段与长句。NUL页码字符原序保留，三处正文跨页句法受阻列issues。; 原blocks[4]末offering与blocks[5]repair之间夹页码5，无法只调空白恢复句子。; 原blocks[5]末from the与blocks[6]inside之间夹页码6，无法只调空白恢复句子。; 原blocks[6]末reports that与blocks[7]the industry之间夹页码7，无法只调空白恢复宾语从句。
950	public/cet/lessons/cet6/cet6-20190603.json	cet	cet6-20190603	2019年6月英语六级真题第3套	needs_source_check	Codex	2026-10-07T08:16:33+00:00	"[{""path"":""content/article-review/history/247f8aeaed65334d47a5f7ec7fc275b1fedaa0173b798f66754da7ad0f8f7878.json"",""locator"":""display: complete published JSON baseline; contextual segmentation review only"",""checked"":true,""sha256"":""db13c765411cfbd8b663b742e627f5c5a6f35386578e8d524921693fa39b09af""}]"	31fed784423d0a4448740fbe02f6411b19d677f22fdbd91b7af3112fc1aae556	88a37e934505fde36e2f6b30c00968b51f23c9ede54c73eecaa690c82281e5e8	25	1	0	json;immutable_fields;text_consistency;content_evidence;revision_replay;idempotence	完整通读学习动力作文、听力省略、低温钢选词、CubeSat责任A—M匹配、同事淡漠关系与AI创造力两阅读和汉语翻译；无答案。分离说明、词库、题干选项与自然段，保留多句段，M结论续段及AI冒号后的问题接回；教育系统转折另段。全部NUL页码原序保留。五处页码夹入句子或说明不能仅靠空白消除，列为边界待确认；钢材32后缺标点、汉子等文字不改。; 原blocks[0]末their weight与blocks[1]破折号by replacing之间夹页码1，无法只调空白完整续接原句。; 原blocks[1]末attain与blocks[2]more distant orbits之间夹页码2，无法只调空白完整续接原句。; 原blocks[2]末organizations与blocks[3]that之间夹页码3，无法只调空白完整续接定语从句。; 原blocks[3]末questions or与blocks[4]unfinished statements之间夹页码4，无法只调空白完整续接说明。; 原blocks[5]末his place be与blocks[6]in a world之间夹页码6，无法只调空白完整续接问句。
951	public/cet/lessons/cet6/cet6-20191201.json	cet	cet6-20191201	2019年12月英语六级真题第1套	needs_source_check	Codex	2026-10-07T08:16:38+00:00	"[{""path"":""content/article-review/history/a5d507c93f8dd8dca6c366169ca40794a6111a2d7a26d3980a89001ece50b155.json"",""locator"":""display: complete published JSON baseline; contextual segmentation review only"",""checked"":true,""sha256"":""f7fec447ed4416524a5c6d95f4b61c5964e7f103016144040bf93ab92a4a4bc5""}]"	c1d37453e267ab077d0fa6eb0faf275e696509156fa000253b81ca98e0a9a655	4f2dd6046bf4f14de0b3cd76a4cf043151e862eefde7fbda7d0926217ed6a109	106	1	0	json;immutable_fields;text_consistency;content_evidence;revision_replay;idempotence	全文含社会责任作文、25听力题、饮食认知选词、屏幕时间幸福感A—J匹配、说谎神经机制与Cascadia演练两阅读、荷花翻译。保留原heading[0]，拆出重复页眉、标题、词库和逐题选项；1—25孤立题号在无页眉阻碍处接首选项，保留19题跨页题号独立；巨型逆冲地震机理续段同段。正文完整自然段保留，原HTML实体和错字不改。E段跨页说明被非空白页眉截断无法仅空白恢复，列待确认。; 原blocks[4]末causing all the与blocks[5]problems.)之间夹完整重复页眉2019年12月大学英语六级考试真题（一） - 6 -；无法只调空白恢复括号内连续句。
952	public/cet/lessons/cet6/cet6-20191202.json	cet	cet6-20191202	2019年12月英语六级真题第2套	needs_source_check	Codex	2026-10-07T08:19:07+00:00	"[{""path"":""content/article-review/history/237bfacc2ebf64ef19a70275bbeea033f8eb0d59694c7918b55e09a3682942af.json"",""locator"":""display: complete published JSON baseline; contextual segmentation review only"",""checked"":true,""sha256"":""a04ddf719b42a03fd712c1ee0aae9e14d715d1d648341ea8b754aff2152476b7""}]"	4c7c53b17fa6e3dafc761bfac47e4a403bd9f97435d974646bcc00429549ffa9	4d41bf657b6f04d6178f389358453c44bab9389c2961572a45575ff750d927c9	98	1	0	json;immutable_fields;text_consistency;content_evidence;revision_replay;idempotence	完整通读家庭责任作文、爵士乐等25听力题、物品拟人选词、蛋白质A—N匹配、态度心理与南极磷虾两阅读、牡丹翻译。保留heading[0]与重复页眉原文，题号接对应A选项，混排选项词库分块、G/H段标拆开，南极保护区行动另段。53题两套重复选项与47题后孤立E.均为原文字问题，仅备注不删；正文保留长自然段。末段页眉阻断environmental non-governmental organisations一处待确认。; 原blocks[7]末environmental non-governmental与blocks[8]organisations之间夹完整2019年12月大学英语六级考试真题（二） - 9 -页眉；非空白原序约束下不能合回连续引语句。
953	public/cet/lessons/cet6/cet6-20191203.json	cet	cet6-20191203	2019年12月英语六级真题第3套	needs_source_check	Codex	2026-10-07T08:19:13+00:00	"[{""path"":""content/article-review/history/5610ce9c055669ce426a191976e3c1adb25d365a4b32ac86405de18e9816f3f8.json"",""locator"":""display: complete published JSON baseline; contextual segmentation review only"",""checked"":true,""sha256"":""ca1022a63ae589d79901a2c4679828cf3932f32a6c9979601eaf9e8bf022f6f5""}]"	ec665d3498f0cca4481a0ed872a8aa4237600691e257ec6b053d99979b1058a2	9b85ac0f1eba7c3d06a8ad9a647e74d74ae4b58b657ac7dc2c08b0bdcb9bf772	90	2	0	json;immutable_fields;text_consistency;content_evidence;revision_replay;idempotence	全文通读社区责任作文、25听力题、城市空气选词、草饲农业A—L、学校旅行与王企鹅两阅读、梅花翻译。保留heading[0]/[2]/[23]锚点，按正文完整自然段、题号与选项拆块；B市场冒号、E优点冒号内容合回，企鹅长块按研究背景/物种介绍/栖息地结果转折拆自然段。听力确为JSON现有全文不因同其他卷而跳读；19题隔页题号留存。两处正文页眉插句阻断待确认，49C等文字缺损不补。; 原blocks[24]末young people与blocks[26]especially之间夹blocks[25]完整第5页页眉，无法仅空白恢复句子。; 原blocks[28]末has enough与blocks[30]land之间夹blocks[29]完整第6页页眉，无法仅空白恢复句子。
954	public/cet/lessons/cet6/cet6-20200700.json	cet	cet6-20200700	2020年7月英语六级真题全套合卷	passed_edited	Codex	2026-10-07T08:19:19+00:00	"[{""path"":""content/article-review/history/ebbfd0c769a576f240a558f1a5fb5b009d715f7113a195d6662f4289efe1362c.json"",""locator"":""display: complete published JSON baseline; contextual segmentation review only"",""checked"":true,""sha256"":""7e9f05e5123c845e60d16b895178f5482a54c8c7562c9c412b3433bb3b70b9f0""}]"	45d0edeb52194a3a994fc7d5f73a00e97f89d1abc93660e1fc6eaf4aa1d8fc99	ad493b80030bb2d7ee9f2e268bd9e990f849e59d0fec84f03692923e9e967fc5	46	2	0	json;immutable_fields;text_consistency;content_evidence;revision_replay;idempotence	通读今日努力作文、完整25听力题、生态危机选词、儿童心智A—M、正向压力与狩猎阅读、三国演义翻译以及范文答案译文。按现存自然段题干选项拆块，词库逐项分离；跨页We need、involuntary behaviors、Cookie Monster left、anyone in particular接回完整句；A/C/E/K同论点续行合回，压力运动介绍与狩猎伦理转折另段。保留参考答案heading标签并分离范文和译文正文。全文无页眉阻断，文字讹误与答案内容仅保留不校勘。
955	public/cet/lessons/cet6/cet6-20200901.json	cet	cet6-20200901	2020年9月英语六级真题第1套	needs_source_check	Codex	2026-10-07T08:23:48+00:00	"[{""path"":""content/article-review/history/a4a62dc798983018b4d87478b4f22440078543f153dd003e0b782ce23120f542.json"",""locator"":""display: complete published JSON baseline; contextual segmentation review only"",""checked"":true,""sha256"":""a3a058eb64ddc12ec7211143c55f4bfa50228432dea08c776aa9b565f236728e""}]"	b7a76e83de5534e8c891c87f81b534dfa5f885a15a8602cebcbe252bdc12cf98	0506a2df066ae9b0cfdb155c25a91ea043bf640efbc6b2d6275646bd572c9352	54	1	0	json;immutable_fields;text_consistency;content_evidence;revision_replay;idempotence	全文通读尽善尽美作文、25听力题、自我设障选词、双语教育A—P、儿童肥胖及珊瑚海阅读、西游记翻译，无答案。拆分同排选项词库、标题及页码，维持原ACBD顺序。自我设障引语、双语A/D/E/J/N同段解释及肥胖干预结论合回，保留多句自然段。正文四处页码截句，听力3/4与22—25选项跨题、跨标题错置需重排才能恢复归属，均保留原序待确认。原错字和控制字符不改。; 原block[0]第3题D选项位于第4题B选项后，非空白顺序限制下无法恢复各题完整分组。; 原block[2]22—25题C/D选项均位于阅读标题之后，与前面的A/B隔开，需重排才可恢复题目边界。; 原blocks[3..4]with / which person之间夹第4页页码，句子不能仅空白续接。; 原blocks[4..5]36题from / birth之间夹第5页页码，题干不能仅空白续接。; 原blocks[5..6]private / sector之间夹第6页页码，句子不能仅空白续接。; 原blocks[6..7]criticisms of the / plan之间夹第7页页码，句子不能仅空白续接。
956	public/cet/lessons/cet6/cet6-20200902.json	cet	cet6-20200902	2020年9月英语六级真题第2套	needs_source_check	Codex	2026-10-07T08:24:03+00:00	"[{""path"":""content/article-review/history/b4d3a0312cbff0f830a3637cbcd8da2ce44ead23a64d995977b3a784480b2e4b.json"",""locator"":""display: complete published JSON baseline; contextual segmentation review only"",""checked"":true,""sha256"":""1bca031e0c1964e6a99f9ba8f9780014757450c2fb3c817291deb85224ce7efa""}]"	a37e069d399d5b55a4ebfdf2f0801a3b892caea617f61ca2f5c93983b598333f	cbd266280b48384cc1b94b064076050f9d4c6571ec60e891414b82ffa7cacff4	38	1	0	json;immutable_fields;text_consistency;content_evidence;revision_replay;idempotence	完整通读精神财富作文、听力省略乱码说明、成年子女同住选词、远程医疗A—O、Steel睡眠与有机农业阅读及水浒传翻译乱码全文。分开词库、标题、选项及页脚，医疗G费用、J认证programs、L立法争议接同段；睡眠声明转折及有机产量例证另段，环保论证连续句保留自然段。正文一处页脚阻句与翻译乱码跨行的句段关系无法确认列issues；其余乱码文字仅备注不补字。; 原blocks[1..2]doctor who / can't listen之间夹控制字符页脚，无法只调空白恢复连续句。; 原block[5]翻译主体全为乱码，5.30至5.31的原换行无法从语义确认句段关系，保留该边界待可读文本确认。
957	public/cet/lessons/cet6/cet6-20201201.json	cet	cet6-20201201	2020年12月英语六级真题第1套	needs_source_check	Codex	2026-10-07T08:24:10+00:00	"[{""path"":""content/article-review/history/499872dcd197ec17f9356b835c747f79d7b12890f95718928c8bfddac6fbbc7a.json"",""locator"":""display: complete published JSON baseline; contextual segmentation review only"",""checked"":true,""sha256"":""1b847c8a539c9b019fca7777576c8dd09e561aaf16757062447c32df1016dfa7""}]"	e9456b2f3e9e38cd438f8f6dad4cfdc6807ebb3650eaff4a8c876df12c2eccc7	b038be60282da4170b03e10d7e73c57cef4191fd6d0ad096f6f4316049680c16	40	1	0	json;immutable_fields;text_consistency;content_evidence;revision_replay;idempotence	完整通读迎接挑战作文、25听力题、税收选词、农业AI A—R、艺术观赏及饮食指南两阅读、翻译残存行。拆出说明与混排选项词库，接回J any problem in the world、Q farmers’ fields、Nelson引语Especially if及guidelines’ official scope。艺术阅读按博物馆管理和人群适用艺术转折分段，展览实例合回同段。听力选项归属错位需重排列issues；翻译只剩8 o 2040 W iisij 1属于原文缺损不补。页码保持原位，正文其余边界可定。; 原block[1]第9—11题先排列全部A/B后才列C/D，无法仅用空白恢复每题完整选项分组。; 原block[1]第16—18、20—21题C/D选项提前位于Section C标题前，与后方对应A/B隔开，需重排才能恢复各题边界。
958	public/cet/lessons/cet6/cet6-20201202.json	cet	cet6-20201202	2020年12月英语六级真题第2套	needs_source_check	Codex	2026-10-07T08:24:21+00:00	"[{""path"":""content/article-review/history/3ababcc1a3dc7318da1181e5e1f8522b1a5e0fc521be29aa65245905f9a163a7.json"",""locator"":""display: complete published JSON baseline; contextual segmentation review only"",""checked"":true,""sha256"":""a486609945427b00fd6a925268bf9c6d1d9f1400cbca6a8c96fe4f5fe4e31380""}]"	822ee26a8aea42fefca909bc95e5e2d19820085b6c97821d857bc569fc07a72f	9a1cb8d979498750ea1f51f4c3de59dbc65b9c6ee83be11cd2d8be50785108a8	41	1	0	json;immutable_fields;text_consistency;content_evidence;revision_replay;idempotence	全文通读沟通能力作文、25听力、疫情后变化选词、Slow Hope A—K、印度植物饮食及抱怨心理两阅读、港珠澳大桥翻译残文。拆出词库短选项和说明标题；慢希望A/C/G/I/J同论点续行、win the game接回完整段句。保留长自然段、题项原序与所有页码字符。听力1/2、3/4、7/8选项相互插入，另三处正文页码截句只能登记待确认；翻译乱码及末尾knowledge疑错位作为文字残缺备注，不补改。; 原block[0]第1题C/D位于第2题A后、第3题C/D位于第4题C后、第7题D位于第8题D后，恢复各题分组需重排。; 原blocks[2..3]strike of / 1980之间夹页码26，无法只改空白恢复句子。; 原blocks[3..4]saved / by a new Hercules之间夹页码27，无法只改空白恢复句子。; 原blocks[6..7]The point / is that之间夹页码30，无法只改空白恢复句子。
959	public/cet/lessons/cet6/cet6-20201203.json	cet	cet6-20201203	2020年12月英语六级真题第3套	needs_source_check	Codex	2026-10-07T08:24:33+00:00	"[{""path"":""content/article-review/history/0e6f4f4901cb85094dbda3a86ebd7627f5438b77ed69213c16c7eed9ea035a35.json"",""locator"":""display: complete published JSON baseline; contextual segmentation review only"",""checked"":true,""sha256"":""6729c9fc0cdb4e341d8d02e9feb7f228dd7feb09f4b11b84f02f323272bfbd72""}]"	a45e8b6e248710755dece5d6104e8c8ff487ff42b281372fa7f405dc0e424965	34cf820bf73623f579411cb817342a019724323e24d555c2dfe753e226f371d3	43	1	0	json;immutable_fields;text_consistency;content_evidence;revision_replay;idempotence	完整通读创造力作文、听力标题后省略现状、社交距离选词、终身学习A—P、社交媒体与黑猩猩文化阅读、铁路翻译残行。接回coronavirus所属、H on-the-fly and at will、I/J/L/P同段解释；原blocks[3..18]的can’t/be/are/no/it/wouldn’t/feel/don’t/actually/know/or碎词全部接回连续句，Generally speaking另起自然段；primate cousins接回。拆分词库题目与标题，完整多句段保留。页码截断社交媒体结句列待确认，翻译残缺及注释乱码不补。; 原blocks[18..19]contributes / to negative thoughts之间夹7x^2020^12^ 50页码，无法仅空白恢复连续句。
960	public/cet/lessons/cet6/cet6-20210601.json	cet	cet6-20210601	2021年6月英语六级真题第1套	needs_source_check	Codex	2026-10-07T08:24:41+00:00	"[{""path"":""content/article-review/history/a41b920e9868489f8fc6d7abdb1f7309ddbe6cf7be146da74da76dbd2d7b13d7.json"",""locator"":""display: complete published JSON baseline; contextual segmentation review only"",""checked"":true,""sha256"":""941aec194a85f85692be59610b93d36b84e3b50d42392224f7c544e4861f0d49""}]"	74ece07fe8933dd32eed9c9f56fa8e8f20bef63fbc1694c9fcc44df9a9bfb2e9	9cb0a61e741e8f068a84be5566d1a24d5f0247d8f8963aa6c8b0c5a706444cd7	65	1	0	json;immutable_fields;text_consistency;content_evidence;revision_replay;idempotence	全文通读城镇化图表文字作文、25听力题、儿童读物种族表征选词、Marconi A—K、遗传能力及旅游税阅读、翻译乱码原文。拆出标题词库选项和54题，接同段Dr.Adam说明、D/I/J论证与result冒号解释、since 2010。正文保留多句自然段和所有乱码；图表没有图像不自行补内容。四处正文页码截句、听力13—15选项及词库Section B/55题Translation标题穿插记录待确认；译文乱码是原文字内容，未更改。; 原block[1]13—15题A/B先行，C/D位于Section C之后，需要重排才能恢复各题及栏目边界。; 原block[3]Section B插入选词词库E与F之间，需重排才可恢复完整词库与下一栏目边界。; 原blocks[2..3]The books we / share之间夹第3页页码，无法只空白合回句。; 原blocks[3..4]another / direction之间夹第4页页码，无法只空白合回句。; 原blocks[5..6]socially / defined之间夹第6页页码，无法只空白合回句。; 原blocks[6..7]There is / no reason之间夹第7页页码，无法只空白合回句。; 原block[7]55题D选项位于Translation标题之后，需重排才能恢复题与栏目边界。
961	public/cet/lessons/cet6/cet6-20210602.json	cet	cet6-20210602	2021年6月英语六级真题第2套	needs_source_check	Codex	2026-10-07T08:24:51+00:00	"[{""path"":""content/article-review/history/8ead5de8738db872b2be622f799f9faf7f01214bb48ce6e490e13c0791218d8d.json"",""locator"":""display: complete published JSON baseline; contextual segmentation review only"",""checked"":true,""sha256"":""277d0de1f5e7e45311966bde9f9f07af85855d0bc37805ef3664dab824ec238f""}]"	5b4a8069f57ced32583a00bfacd79bda07b8771f8e8929902dddcf54505bcdd0	5398574db44921436c9467539a2826c5e948e064b900ee7c46f5d2beab1d7764	69	1	0	json;immutable_fields;text_consistency;content_evidence;revision_replay;idempotence	完整通读高等教育图表文字作文、25听力、理财买房选词、巴黎圣母院A—K、绘画认知与汽车导航阅读及末尾翻译乱码。分离图表来源、栏目说明、混排词库选项，圣母院F段标另段，I损毁评估续行及绘画开头/视觉证据、导航信息效应合回自然段。图表原行不推断图像内容，乱码不校勘。1题D错置于2题中及五处正文页码阻断登记issues；全文修后保留完整多句自然段。; 原block[0]第1题D) Toxic位于第2题A/C之后，恢复题目选项分组需重排。; 原blocks[2..3]wasn’t / as bad之间夹第26页页码，不能仅空白续句。; 原blocks[3..4]the cathedral / of every之间夹第27页页码，不能仅空白续句。; 原blocks[4..5]historic / monuments之间夹第28页页码，不能仅空白续句。; 原blocks[5..6]these / qualities之间夹第29页页码，不能仅空白续句。; 原blocks[6..7]The efforts of / millions之间夹第30页页码，不能仅空白续句。
962	public/cet/lessons/cet6/cet6-20210603.json	cet	cet6-20210603	2021年6月英语六级真题第3套	needs_source_check	Codex	2026-10-07T08:27:59+00:00	"[{""path"":""content/article-review/history/9d4626663f17b1bc024681ffa17647e26d71ba4142e91c2061cb70294d1c4f30.json"",""locator"":""display: complete published JSON baseline; contextual segmentation review only"",""checked"":true,""sha256"":""bf780b69d9afe98d715d95141da8abed8f3684f9dcac4d97ca5a345f8eeae971""}]"	882f92e0427701bdcbe468713b15c5c984efec8082fb78d956c9efed0940eb64	1b16785dda36660b0de26e794e7fc5be51c06ad148963ed6687b8dcde8451e4d	35	1	0	json;immutable_fields;text_consistency;content_evidence;revision_replay;idempotence	全文通读脱贫图表文字作文、听力省略说明、自我接纳选词、CGI演员A—L、创造力教育与模仿抄袭阅读及翻译乱码。保留图表原文和行序，仅分离来源及后续标题；拆开F/I/J/K/L段标、词库和混排选项，恐怖谷J解释并同段，plagiarism括注跨行接回完整句。完整自然段保留。词库Section B错置和两处页码截句需重排或删字，记录待确认；其余乱码与缺失文字不改。; 原block[1]Section B插在词库E与F之间，完整词库及栏目边界需重排才可恢复。; 原blocks[3..4]drama that / their more privileged之间夹第50页页码，不能仅空白续接。; 原blocks[4..5]some of them can / define authorship之间夹第51页页码，不能仅空白续接。
963	public/cet/lessons/cet6/cet6-20211201.json	cet	cet6-20211201	2021年12月英语六级真题第1套	passed_edited	Codex	2026-10-07T08:28:05+00:00	"[{""path"":""content/article-review/history/78123a3f7c40a3ccf715242ae35d08f95537cf27f93ff946ca770927807aef49.json"",""locator"":""display: complete published JSON baseline; contextual segmentation review only"",""checked"":true,""sha256"":""084b6b92bdd616326b98c1be7eebdaa6f57bf83016bf4af3e94039c66b348c15""}]"	8489cc3071a97b9ce5638833cdb209daafa804c7c27c9c86a21806fcd5ac451a	ddcbf09ec2f5e27b1dee2e7c4fccc1eaecfd6b93c144ae6df907d8a67424f4b9	35	1	0	json;immutable_fields;text_consistency;content_evidence;revision_replay;idempotence	完整通读追星现象作文、25听力题、服饰心理选词、为何事实不改信念A—P、自动化失业与文化国籍阅读、一大会址中文。接回Kevin Simler、books beliefs than conversations、address automation、differences between countries、53题people’s value完整句，K/M同论点续行及劳动力数据同段保留。分离词库短项与25C、标题说明和Passage Two。无页码夹句，无需重排或改字，所有原多句自然段完整保留，原拼写字词不改。
964	public/cet/lessons/cet6/cet6-20211202.json	cet	cet6-20211202	2021年12月英语六级真题第2套	needs_source_check	Codex	2026-10-07T08:28:20+00:00	"[{""path"":""content/article-review/history/10db0fa4c1185448a7b364884f4e146a2a96350959f45dd0de5b14b862cb2dde.json"",""locator"":""display: complete published JSON baseline; contextual segmentation review only"",""checked"":true,""sha256"":""829e726ce3555fd211497f7dc3a040b0df27d58a091964fc6f154326054a366a""}]"	f1de9d7cca1843328b73ef0a070c58face03cdb664f6742f65b9461af87b73f7	7755a16ff7c7979d469a5509d26cfd0c64c25c94477525bcda0a9dd90f4da24c	46	1	0	json;immutable_fields;text_consistency;content_evidence;revision_replay;idempotence	全文通读父母过度保护作文、25听力、乐观长寿选词、Burberry毁库存A—L、招聘社媒筛选及食品缺项标签阅读、井冈山中文。分离同排选项与词库、说明标题；乐观长寿长块按研究脉络分四段，D detailed answers、H record-breaking online与slows across接回，食品冒号后的解释和研究证据同段保留。正文无页码夹句。听力19题位于Questions19—21分组说明之前，需重排才可恢复标题归属，已记录而不擅移。; 原block[2]19题及其A—D选项先于Questions 19 to 21分组说明，完整分组标题边界需重排才可恢复。
965	public/cet/lessons/cet6/cet6-20211203.json	cet	cet6-20211203	2021年12月英语六级真题第3套	needs_source_check	Codex	2026-10-07T08:28:34+00:00	"[{""path"":""content/article-review/history/4e76486a7b5d7db22c8175a134e01cefabe726e067f20f02891eeeb555912d48.json"",""locator"":""display: complete published JSON baseline; contextual segmentation review only"",""checked"":true,""sha256"":""a579a7fe524a4086b12b399d7f4c5e7c99d7d29e6a4b00bf62da37beabaeff2f""}]"	666fe25e6f261c82f0113ec96d98d81ffaf3055058f3843bdd7c41aaaff85a07	076d53e4dc06432f26ec601d540dc9d89479f15487bbc0c0593da6b339febf3d	21	1	0	json;immutable_fields;text_consistency;content_evidence;revision_replay;idempotence	完整通读虚假网络信息作文、听力及选词略、音乐智力A—O、电视网络理性与员工特权两篇混置阅读全部现有段题及延安中文。B枚举、C also happen、H辅音、I spatial、M/O引语接回；sense of deservingness、1980s跨块、中文分布最广级别最高续接。明确分出两文错接位置constructively及conduct of politics，但不重排；51—55提前且49—50与46—48倒置也保留并登记。其余正文长自然段、标题选项保持，拼写不改。; 原block[3]电视阅读affecting the后突接员工阅读constructively and tactfully，至block[4]员工结论；原block[5]员工阅读point out后突接电视阅读conduct of politics，两篇交叉错接，必须重排才能恢复各自连续句段。; 原blocks[4..6]题目顺序51—55、49—50、Passage Two正文、46—48，阅读标题正文与题目归属交叉，非空白原序限制下无法恢复分组。
966	public/cet/lessons/cet6/cet6-20220601.json	cet	cet6-20220601	2022年6月英语六级真题第1套	needs_source_check	Codex	2026-10-07T08:19:34+00:00	"[{""path"":""content/article-review/history/1048fb96c7a9410b48585935e05604426bf56fc07eed32ef67a9178b7b4d8d91.json"",""locator"":""display: complete published JSON baseline; contextual segmentation review only"",""checked"":true,""sha256"":""69265df4cd49b01d54d5525aea9341913f92396faa089f68ebb2cb46ede6d97d""}]"	eefaf886dea1032edecc31a9ac499b1ba8bc342eedb0e3bb3c671be4b9b5afbe	27f1996c872fcafd6ccf201aece2d1c69174e922a6668c61f9b7cb7da5fdb507	60	11	0	json;immutable_fields;text_consistency;content_evidence;revision_replay;idempotence	全文复核善念实验、Saving Our Planet A–K、AI音乐和科学传播两篇阅读、赵州桥译题，以及全部作文听力选项。依据相邻语法续接跨页句，保留阅读段内多句、题号和选项。内部OCR拼写与编号不作文字校改。; blocks[19..20] 尾部混入2022.06-02标题及未完作文Directions，现有JSON无法确定残缺内容应属本课何处；保留字符与顺序，仅分开标题及题干。
967	public/cet/lessons/cet6/cet6-20220602.json	cet	cet6-20220602	2022年6月英语六级真题第2套	needs_source_check	Codex	2026-10-07T08:19:44+00:00	"[{""path"":""content/article-review/history/32a26803720b3788a155105f1321dccf43b779383a63521d582d9f598f39fa75.json"",""locator"":""display: complete published JSON baseline; contextual segmentation review only"",""checked"":true,""sha256"":""9ba28e162256f0e958c9a93658e43ed54bbd7930364bd29574b9dde156ecc656""}]"	ada82285956fdd353c40229ce84b4a37b31aeca7dc865d80e82273816c559085	2fd241995f947d6063c7bf997c85110fc5a8ec13e48432b363c8f99332694c3e	32	7	0	json;immutable_fields;text_consistency;content_evidence;revision_replay;idempotence	全文核对前卷残片、技能作文、Bath温泉完形、远程医疗A–K、美大学教育及常识与科学两阅读、卢沟桥翻译。连回相邻跨页续句和同一字母自然段内机械换行，词表、各题及选项独立。OCR字词保留。; blocks[0] 在本卷标题之前含前卷54题C/D、55题及赵州桥翻译，属于跨卷残片；现有JSON无法仅调空白移除或归位，保留记录。
968	public/cet/lessons/cet6/cet6-20220900.json	cet	cet6-20220900	2022年9月英语六级真题全套合卷	needs_source_check	Codex	2026-10-07T08:19:50+00:00	"[{""path"":""content/article-review/history/f7f3fc8d192c03f688a82136468537caf6a9f5127a9f8b4e82a7fd0d67593724.json"",""locator"":""display: complete published JSON baseline; contextual segmentation review only"",""checked"":true,""sha256"":""57eb24e4f4398f06bdbc4eaf468a3296ee80869fb1bbac53111d5ed5c107599a""}]"	76df5b35eec974dbc1ba6b585f7734b1fd91265e69abd67bf15077d7e3e2bec8	977791764aec970c4a743583562e9fb43fe07084c4ef627fa166b7dab53bb627	34	13	0	json;immutable_fields;text_consistency;content_evidence;revision_replay;idempotence	逐段通读全部三套作文与翻译、听力、旅鸽完形、编程与外语A–O、科技反垄断、旅游负担阅读及题目。保留多句自然段，拆开词库各项和所有题号选项；合并明确属于同一字母段的换行。原有OCR和日期错误不改。; blocks[0..1] 听力3/4、5/6、12至15题的双栏选项跨题穿插，不能仅靠分段恢复归属顺序。; blocks[4..5] G段Washington bill/public universities及L段will/decrease，blocks[7..9] given/to privacy和sun/and sea被页码页脚隔断；不删字或重排无法恢复完整自然句，已隔离页脚并保留待确认。
969	public/cet/lessons/cet6/cet6-20221201.json	cet	cet6-20221201	2022年12月英语六级真题第1套	needs_source_check	Codex	2026-10-07T08:20:03+00:00	"[{""path"":""content/article-review/history/500bc66b930425af0a2ce09d895816c8a6f478d663df56299f35d1a8573bdcae.json"",""locator"":""display: complete published JSON baseline; contextual segmentation review only"",""checked"":true,""sha256"":""e7f33d3ac0590c6d5a032adf091a740a3ce388ae825b74a6ee463135f7d196ae""}]"	01582b306389543fc1b5e21a6f3d2f8f6871cd87b78a784b02b09e0da3a4b323	a1ca90b0df391f9bff406c8c88292cba48dc936eeb5f9f6dab9aa7e53b895de1	38	8	0	json;immutable_fields;text_consistency;content_evidence;revision_replay;idempotence	全文复核信息技术作文、听力、枪支与精神疾病叙事、Wardian七洲马拉松A–L、工作自尊及环境恶化阅读、青藏高原译文。拆开词库和明确粘连的G/I/L标号段，保留中文三自然段，合并句内换行及总结段。保留OCR文字错误。; blocks[1] 听力10/11及12至15题双栏选项跨题交织，未重排字符。; blocks[3..4] G段covers/international charter flights及blocks[6..7] the/longer-term consequences之间夹有乱码页脚，无法仅调整空白恢复连续句子；已单列页脚保留疑点。
970	public/cet/lessons/cet6/cet6-20221202.json	cet	cet6-20221202	2022年12月英语六级真题第2套	needs_source_check	Codex	2026-10-07T08:20:12+00:00	"[{""path"":""content/article-review/history/6f4bb3dcc30998ecd185e0cdb51c737b72a54840169ca20ad19a3aaf85adae4d.json"",""locator"":""display: complete published JSON baseline; contextual segmentation review only"",""checked"":true,""sha256"":""0cb4c7f9537acfa367f8f1c157e3006140fe053ecdd5718c2d21e3393d11dda7""}]"	b1cf66788d4e1060278316eaf3ffee424511043973abc5e1fba794aede31e151	b0bc07eb8f8b877a55eaaeaee7e6b7dba579737f0ff886faea031327a9d311ed	32	8	0	json;immutable_fields;text_consistency;content_evidence;revision_replay;idempotence	全文核对批判思维作文、听力、全球企业战略完形、Fear of Nature A–P、学生贷款政策、幼儿屏幕指导及黄土高原译文。拆开已知字母段G/H/O/P和词表、题号、选项；保留年龄组自然段和译文两自然段。原OCR字词不校改。; blocks[0..1] 听力1至8题标签及内容错序/拆散（4题标签A/B/C/D整体先于四段文本），10至13及16/17题选项跨题交织；仅边界编辑不能恢复对应顺序。; blocks[3..4] I段is the/most important以及blocks[6..7] on the/screen之间插入乱码页脚，保留原顺序并隔离页脚，待确认。
971	public/cet/lessons/cet6/cet6-20221203.json	cet	cet6-20221203	2022年12月英语六级真题第3套	needs_source_check	Codex	2026-10-07T08:20:24+00:00	"[{""path"":""content/article-review/history/5d40b43a416572b7872079a4f854cfd326c7bccea2d8a0348e63fece29649de2.json"",""locator"":""display: complete published JSON baseline; contextual segmentation review only"",""checked"":true,""sha256"":""62fb121d4d76d165830b1a9dcaaf6006460972d99c269a3573045db4639effdb""}]"	ee066dbe802ec84fe960fefc55f747a9d51b9129753d7fdfbf962696e4d6e140	bace65e40c21fc7004b1fd288b84c8b00950ad6894086627b929a295ede815d1	32	6	0	json;immutable_fields;text_consistency;content_evidence;revision_replay;idempotence	全文复核团队精神作文、大学燃煤完形、古典音乐观众A–P、端粒与衰老、塑料降解酶及云贵高原译文。保留多句段落和词表各项，拆开H/L/O及新的独立论述段，连回Prof.姓名跨行，中文两自然段保留。未作文字校勘。; blocks[1..3] 古典音乐F段to/show enthusiasm、O段What can/higher institutions被乱码页脚插入；blocks[4..5] 塑料段and/potentially people也被同类页脚打断。已分离页脚，不能在字符及顺序不变限制下连续合句。
972	public/cet/lessons/cet6/cet6-20230300.json	cet	cet6-20230300	2023年3月英语六级真题全套合卷	needs_source_check	Codex	2026-10-07T08:25:05+00:00	"[{""path"":""content/article-review/history/97bfc442d08b6fd2c54d2bc41fa1608c1e9d2347713741fc7c69d0c6e196a5d0.json"",""locator"":""display: complete published JSON baseline; contextual segmentation review only"",""checked"":true,""sha256"":""dd05f7a96b5e2c5ad3f5a6cfaba285860508600faa1d577e12d800a15b8fa8cd""}]"	bf8a7e6b7849f75daeb52fbbfc0fa6577d4d44a06e75e0babe4d54317fb42bb5	cca62b374c22bf95647d54a7ef62ae0657bfa8119ee120468d03cc6f80605f56	35	11	0	json;immutable_fields;text_consistency;content_evidence;revision_replay;idempotence	全文通读颜值焦虑、选择过多与数字鸿沟三作文；听力；Bostrom人类灭绝风险完形、旧金山住房A–M、饮食多样性及雏鸭认知阅读；徐霞客、郑和、张骞三译文。明确拆开三套标题、词表及所有题号选项，K段交通建议合为一个对应单元。OCR字词不改。; blocks[0..2] 听力题组顺序及5至8题被Section B说明、编者注和页码打断，7/8题C/D在其题干之前，12至15、20/21、22至25题双栏错序；不重排保留待确认。; blocks[3..4] F段average/household income、blocks[5..6] dietary diversity,which/is not clearly被页脚隔断；现有JSON不能仅改边界恢复连续句子。
973	public/cet/lessons/cet6/cet6-20230601.json	cet	cet6-20230601	2023年6月英语六级真题第1套	needs_source_check	Codex	2026-10-07T08:25:14+00:00	"[{""path"":""content/article-review/history/5da7cdd871bc3196299cd993c743738d5730b9149040fba5b969de47386c4535.json"",""locator"":""display: complete published JSON baseline; contextual segmentation review only"",""checked"":true,""sha256"":""c2fd4f1289fcfbd852ece092cdd0840f48916a854d30444137d5f1268cbbdee3""}]"	7863e75bbdcaaeab2bf4ebe97f7944973916e1391c6129531b5d1670d01a49f0	fd9d74c29aa82deac18d63b87f3a78a5bbcaea456cda983e67f34cb88d46f76f	47	15	0	json;immutable_fields;text_consistency;content_evidence;revision_replay;idempotence	逐篇全文核对心理健康作文、听力、犬类智力完形、感恩A–M、AI判断力、Phonics教学阅读及文化产品出口译文。阅读多句自然段保持，I段关于感恩障碍连为同一字母单元；缩写、年份跨行按语法合并，标题/选项/词库拆开。原Directions类型文字错误不校改。; blocks[12..13] AI段like to/watch next及blocks[14..15] Phonics段low/reading scores被跨页页眉隔开；只分离页眉，保留原顺序，不能按本轮限制完整接句。
974	public/cet/lessons/cet6/cet6-20230602.json	cet	cet6-20230602	2023年6月英语六级真题第2套	needs_source_check	Codex	2026-10-07T08:25:24+00:00	"[{""path"":""content/article-review/history/f9a661f96ac82382bf3f3655ce963c27f28d81ab1be8d3c8c29db47bcde261a8.json"",""locator"":""display: complete published JSON baseline; contextual segmentation review only"",""checked"":true,""sha256"":""33f77f811fd9ba33527ab32842af3862dffb59ad3d05508ae4901880facd7699""}]"	803cc91f35782123b471e881a0c0cd4ce57ac95ab008eff90f18c0d568e2ce6e	180392cceb031da09f1492ac8ad142c065852f7846a865bf3e7f927116e0c073	44	15	0	json;immutable_fields;text_consistency;content_evidence;revision_replay;idempotence	全文核对理性讨论作文、听力、饥饿补偿完形、完美主义A–K、儿童广告及职场监控阅读、城市公共设施译文。连回括注后的句内换行及字母段内部续句，F/G/J段明确拆开，题号选项与词表各自保留。原文文字疑误不校改。; blocks[9..10] 完美主义E段focused on the/phenomenon被第5页页眉打断，已分离页眉，无法仅调空白恢复完整自然句。
975	public/cet/lessons/cet6/cet6-20230603.json	cet	cet6-20230603	2023年6月英语六级真题第3套	needs_source_check	Codex	2026-10-07T08:25:33+00:00	"[{""path"":""content/article-review/history/9daf86cda9c1afc0a50139b698674f7254238d0fcfda2360e96976792233cf4a.json"",""locator"":""display: complete published JSON baseline; contextual segmentation review only"",""checked"":true,""sha256"":""926ca46139add9d31eecf15d68fea9369de0142c1fa395e305c679601e02c695""}]"	fb4de38835978d785f6de4bd24f922895137976143d40b820e237c7fd19ffe72	8e12116afc9399a75dcdb745f8dfd02fddf3cdec65701c48b58bd72ad9da4013	26	8	0	json;immutable_fields;text_consistency;content_evidence;revision_replay;idempotence	全文核对学会学习作文、听力不重复说明、自我认知完形、tiny colleges A–N、加工食品成瘾、人类过度模仿两篇阅读和城市建设译文。保留段内多句、缩写/小数，拆开I/J段粘连和词库、题目，修复括注后换行与K段内部机械换行。; blocks[5..7] G段Deep Springs/is a private与N段the need/to produce，以及blocks[7..8] 食品阅读super/delicious之间夹有页眉，已隔离页眉，完整接句需要超出空白边界权限的操作。
976	public/cet/lessons/cet6/cet6-20231201.json	cet	cet6-20231201	2023年12月英语六级真题第1套	needs_source_check	Codex	2026-10-07T08:25:40+00:00	"[{""path"":""content/article-review/history/1de9cd84629c4bc9ac95454e7017433b8a1a0534e22e4a5b50f584af5622a78d.json"",""locator"":""display: complete published JSON baseline; contextual segmentation review only"",""checked"":true,""sha256"":""4a04beffe9c6c2a7b94e65f65bc37f456d15bd176c5127801bf152c8338aae5d""}]"	299dd6342457e93c78bf4450d2db1e54618a587626bd97deac95f92d7bc383ab	6a53b39aa9badcc839fee3bc84ce9f886b258b9fc9d6081f06eeaf163853107d	70	9	0	json;immutable_fields;text_consistency;content_evidence;revision_replay;idempotence	全文核对学科基础作文、听力、Mojave沙漠完形、非洲农业A–K、工资与经济增长、期刊性别差异两阅读及养老模式译文。合并对应字母段内机械换行；分开F/J及不同论点段；保留题号、选项、词表、引文和数值，文字错误不改。; blocks[4..5] 农业J段improvements in/productivity之间夹有第5页页脚；blocks[6..7] 期刊首段academics and/influencing被第7页页脚截开。已分离页脚且保留原序，不能仅改空白恢复完整句。
977	public/cet/lessons/cet6/cet6-20231202.json	cet	cet6-20231202	2023年12月英语六级真题第2套	needs_source_check	Codex	2026-10-07T08:25:50+00:00	"[{""path"":""content/article-review/history/639843e93d015798673e20b9e483d9c0c9d8d9a58e3cb481ef5716746ad34e32.json"",""locator"":""display: complete published JSON baseline; contextual segmentation review only"",""checked"":true,""sha256"":""62e1527a72a615a6b7b5de776bd8109552bbe0c7e9ca7c85213167bdc8bd00e1""}]"	2da5eb8e6c0e2c8877253dfb52d54c20a7d4e661db20db7c015465ffa9a9b3e7	54e6dfb399a8411cee783cda625b6434ca4c1ba662013620e64bf8e602b3f7f7	53	9	0	json;immutable_fields;text_consistency;content_evidence;revision_replay;idempotence	全文审核儿童自主学习作文、听力、事实和可能性的脑反应完形、Treasure Fever A–M、断网特权与数字排斥、竞争与合作两阅读以及老龄化翻译。合并明确同一字母自然段续行，拆开标题、K段、方法/结果与不同论点单元，完整保留多句段落及选项。历史事实及OCR疑误不改。; blocks[2..3] 完形首段The/researchers与blocks[4..5] 寻宝J段coins/from a Spanish wreck被页脚阻隔。已隔离页脚，保持非空白字符原序，因此连续句仍待确认。
978	public/cet/lessons/cet6/cet6-20231203.json	cet	cet6-20231203	2023年12月英语六级真题第3套	needs_source_check	Codex	2026-10-07T08:26:04+00:00	"[{""path"":""content/article-review/history/cbc218b9ae129e726ad3eb5ab77f986aad292d714c7aea3d39db491cd4cf4562.json"",""locator"":""display: complete published JSON baseline; contextual segmentation review only"",""checked"":true,""sha256"":""b4b293f022cd9dc5e8fb699a0e8a12234e2345ae6639f6edb7895fdfc8532fcf""}]"	64443c7c9c63e89f95928023b612f036fc5d7db96d57724407e31426c23bc38c	e18bade70ddcc43f568b6c54793922810b18631a5de7d22e94dcd70c07caecad	20	6	0	json;immutable_fields;text_consistency;content_evidence;revision_replay;idempotence	全文核对老年人贡献作文、听力复用说明、城市运动空间完形、双语与失智A–L、研究传播、蜘蛛保护及养老服务译文。拆开词库（含vicinityG粘连）、题号和D/B粘连选项；同一字母段及解释因果段保持多句连续，中文译文完整。失字和OCR错误不修。; blocks[4..5] 蜘蛛阅读pesticide use/thought to be之间夹有23页页脚；已分离页脚但仅改空白无法恢复完整句。
979	public/cet/lessons/cet6/cet6-20240601.json	cet	cet6-20240601	2024年6月英语六级真题第1套	needs_source_check	Codex	2026-10-07T08:28:40+00:00	"[{""path"":""content/article-review/history/7bf9674731ff4ba1bae8a2f620ce7da6c47cb69427a428c9df3b3e4a29873251.json"",""locator"":""display: complete published JSON baseline; contextual segmentation review only"",""checked"":true,""sha256"":""7c76a5c0b204673a9535299733cc47e5000d9546a0b7adb3e11c27c1efe1b8f1""}]"	443ce70ef0749bfc5120395bcfa7606466523f861dc038f59a82170d35456e55	b55342ca4551fe2eb48e5680a72609d8a4b1bf9c35bb014c1c15d146827d3bc7	31	1	0	json;immutable_fields;text_consistency;content_evidence;revision_replay;idempotence	完整通读自主学习作文、25听力、彩虹选词、会议恢复综合征A—N、讽刺幽默与学习变异性两阅读、传统婚礼中文。拆分栏目标题、词库短项及50题混排选项，it 34接回，E资源理论同论点续行与I引语归属、讽刺结语、Raviv人脸记忆引语同段。原网页页码均保留，E最有价值资源句被第5页页码阻断，仅此一处待确认；其他多句自然段完整保留，无文字修订。; 原blocks[8..10]employees’ most / valuable resources之间夹block[9]第5页及URL页眉，无法只调空白恢复连续句段。
980	public/cet/lessons/cet6/cet6-20240602.json	cet	cet6-20240602	2024年6月英语六级真题第2套	needs_source_check	Codex	2026-10-07T08:28:51+00:00	"[{""path"":""content/article-review/history/28e98df6fd78719d005c9b15f2cbe128a7c9928c9a80f3302e9ee2cb4b6037e6.json"",""locator"":""display: complete published JSON baseline; contextual segmentation review only"",""checked"":true,""sha256"":""afe9551594efe1d1164dd5e7967dd288af5cf18c6559c09a643a99bc9735bf07""}]"	4768dd86881bb3d1d30af4d13763e2ed11ae64bce0a95c01cc176cc9d08e8a33	7276da7152f68d5aae0d99b3db422a24241a936f930c649c4527a4413fc298ce	28	1	0	json;immutable_fields;text_consistency;content_evidence;revision_replay;idempotence	全文通读社会实践学习作文、25听力、古典音乐健康选词、自有树A—O、职场旁观与核能环保阅读、竹子中文。拆出栏目标题、词库独项与阅读题目；artists’ music、Clarke引语归属接句，树D/F/I同论证续行及职场主管示范合并自然段。所有网页页码原序保留，核能篇renewables provided被第8页页码隔断需另处理列issues，其余多句自然段保留。; 原blocks[18..20]and renewables / provided 46%之间夹block[19]第8页与URL，不能仅靠空白恢复主谓连续句。
981	public/cet/lessons/cet6/cet6-20240603.json	cet	cet6-20240603	2024年6月英语六级真题第3套	needs_source_check	Codex	2026-10-07T08:30:57+00:00	"[{""path"":""content/article-review/history/060bcd0ae6849ced26dc22061710fc38a7575167aec7b0755e791477129ecca2.json"",""locator"":""display: complete published JSON baseline; contextual segmentation review only"",""checked"":true,""sha256"":""beaaeda59a18651773f8a1fd87274a544b1a1a7e19bd2c50f4a87740cc507f2e""}]"	3659d1eea900232927aed553d5868fabb4e5b013efe0062b5067813b6027e0a8	516e0f3eb7f39bb364bbe04de4adfcd248d3df63f51c3c41dd4570affe467b32	29	1	0	json;immutable_fields;text_consistency;content_evidence;revision_replay;idempotence	全文通读数字素养作文、听力省略说明、The Sun Is Also a Star书评选词、习惯养成A—L、真人秀美国梦与工作身份阅读、扇子中文。拆出标题说明和词库，C/E/F/G/J/L同论点续行及问句合回，真人秀调查结果续段、工作身份变化和职业选择转论点分段。全文保留多句自然段。工作身份句we recognise被第6页页码阻断，非空白顺序约束下不能恢复，记录issues；原字词不校勘。; 原blocks[11..13]much more complex than we / recognise之间夹block[12]第6页与URL页眉，无法只调空白接回完整句。
982	public/cet/lessons/cet6/cet6-20241201.json	cet	cet6-20241201	2024年12月英语六级真题第1套	passed_edited	Codex	2026-10-07T08:31:03+00:00	"[{""path"":""content/article-review/history/6c2497c25f323c5a0d177927d213ecf5e1c914a4d670f41ba7677cfa752ed95b.json"",""locator"":""display: complete published JSON baseline; contextual segmentation review only"",""checked"":true,""sha256"":""f4627eedf994b8471c9191182f920b8c5c6d6ea38a966c03b2001988b875de9f""}]"	e1883b61e820ba931fdc3da2fe5e5eeca29c0b0a51e41d74f0babe19e46b732d	a9bf5c6e194a6404b3f8911b249b25ea0631fd957176aba403fb1a7f1d5c67a3	59	1	0	json;immutable_fields;text_consistency;content_evidence;revision_replay;idempotence	全文通读现实目标坚持作文、25听力、节俭消费选词、被遗忘作物A—O、恐怖娱乐与社媒审美阅读、北斗中文及KEYS听力阅读答案。拆栏目说明和混排选项词库，Section B说明跨块、A引语归属、B alternative crops、N餐厅例子及恐怖篇and they接回；恐怖论点、游戏快乐解释及两种审美开头合自然段。答案表仅分离标题，保留原数字字母序列；所有多句正文完整，原OCR字词不改，无遗留句段边界问题。
983	public/cet/lessons/cet6/cet6-20241202.json	cet	cet6-20241202	2024年12月英语六级真题第2套	passed_edited	Codex	2026-10-07T08:33:21+00:00	"[{""path"":""content/article-review/history/1f1d60e90a840bb4a2920f50f263fd4e31eb1839b7c910ab8ab97866ecf120ec.json"",""locator"":""display: complete published JSON baseline; contextual segmentation review only"",""checked"":true,""sha256"":""3c9dab2ff6ab4b875ef854817e350bad29343c24026aaa8dbd8a11e112d2eebd""}]"	69a21d863b7fe1e977554bfea5d8255c7d2068c8e487d3b40547f99b6188a3d5	564da3e8a4050ed16667ab634cea225b3dcdbab96dfb5b574ff0842a2a8df819	64	1	0	json;immutable_fields;text_consistency;content_evidence;revision_replay;idempotence	全文通读自律作文、25听力、对话平衡选词、超级血狼月A—N、乡村未来及审美客观性阅读、洋山港中文、KEYS听力阅读答案。拆标题说明混排选项词库，symmetry解释及沉默方说明同段、J蓝月历法说明同段；乡村second homes in the countryside跨块接回，演变例证与未来问句各合自然段，艺术接触与style解释同段。答案表仅拆标题，保留所有数字字母序及原OCR字词。全文复核无遗留句段问题。
984	public/cet/lessons/cet6/cet6-20241203.json	cet	cet6-20241203	2024年12月英语六级真题第3套	passed_edited	Codex	2026-10-07T08:33:31+00:00	"[{""path"":""content/article-review/history/07379883d6efbbfe829bc4961570f533d5779808dffecf57a5de53aefe5ed7c9.json"",""locator"":""display: complete published JSON baseline; contextual segmentation review only"",""checked"":true,""sha256"":""e9938371fbfd580157bc4ba0cdd6aa0bbfeb3f05c49c499bd77fcf97d42c9c2a""}]"	0b26b595109a58cfc4a9e4ae521c9cbb4fc51ac2dab8c6ff92ef3b1f843779f3	d9b6dc6dd320e7ec070735f1bd32e8d183156be7c9d9c2c12d642b55d0e2682f	33	1	0	json;immutable_fields;text_consistency;content_evidence;revision_replay;idempotence	全文通读大学探索道路作文、听力省略说明、慈善义务选词、自由贸易悖论A—M、左右脑人格误解与团队教学阅读、航天中文、KEYS阅读答案。拆出栏目说明词库选项，Section B说明跨块、J compares us to、团队personalized program for接句；A正反贸易、I钱的关系效应、J陌生人延展、脑区功能与对称争议、Hall教学反馈引语合成多句自然段。保留题序答案表及全部字词，修后逐段复核，无遗留边界问题。
985	public/cet/lessons/cet6/cet6-20250601.json	cet	cet6-20250601	2025年6月英语六级真题第1套	passed_edited	Codex	2026-10-07T08:29:04+00:00	"[{""path"":""content/article-review/history/8ba0b1f424f4aed3b836b630d125d9a3b79c7f4928810a47abe306a739453727.json"",""locator"":""display: complete published JSON baseline; contextual segmentation review only"",""checked"":true,""sha256"":""958c0e4ca44fa33a9e947f605dfdcc4a153234826a0345fe2a487258126a3444""}]"	1b3f2f278786a947c2610df1080d487f6021944ae426757fa6762c88ecf5e969	6f2b51dc38363c80b81db1e83db9114316f26322cb2e40d425ccdcb5d2bc2a5c	67	16	0	json;immutable_fields;text_consistency;content_evidence;revision_replay;idempotence	逐项读完求职准备写作、全部听力、校园除草剂选词、图书馆社区服务A-N匹配、缺课政策及追求职业热情两篇阅读、天宫空间站翻译及KEYS。匹配说明a/paragraph跨块、C社区职责、I教育课程、N结论续文合回；缺课研究和政策说明、职业热情中的连续引语与雇主解释恢复完整段。听力9-11说明缺词仅旁注不改字；全部修后全文复核。
986	public/cet/lessons/cet6/cet6-20250602.json	cet	cet6-20250602	2025年6月英语六级真题第2套	passed_edited	Codex	2026-10-07T08:29:15+00:00	"[{""path"":""content/article-review/history/612775fa1e5233d24b62a3b7906c8ab7eed5710f51e4d55fd54acff117541641.json"",""locator"":""display: complete published JSON baseline; contextual segmentation review only"",""checked"":true,""sha256"":""d8ccd4b6048deafd726302214adaf60043000db471cbed6fd6bcaa2c61d92017""}]"	b8f92fedb7790d1bfc09edfa311fd606c4925c165988f699482ec3044e8c9946	3c60bd9f56169ab42c19a3b8e1e76654da4d56478b7d692106efb0eea2b64a43	68	16	0	json;immutable_fields;text_consistency;content_evidence;revision_replay;idempotence	全文通读社交媒体责任写作、全部听力、水熊虫选词、畜牧业气候A-O匹配、势利心理和育儿假薪酬两篇阅读、大湾区翻译及KEYS。明确修复听力B说明、匹配说明、J段while/production、势利文章judge us/ruthlessly、薪酬文章the/introduction及翻译说明跨块；D/K对应字母段续文合回。18题末的Questions 19和25题末Part III粘连分开。缺词和拼写旁注保留，已全文修后复核。
987	public/cet/lessons/cet6/cet6-20250603.json	cet	cet6-20250603	2025年6月英语六级真题第3套	passed_edited	Codex	2026-10-07T08:29:25+00:00	"[{""path"":""content/article-review/history/633cbdcd45c84a970f52d0d8f961b01ab4dce5f40ea44dca95c7568afef50561.json"",""locator"":""display: complete published JSON baseline; contextual segmentation review only"",""checked"":true,""sha256"":""17b315b1ff6474ff62c9ef967ca5196be98fcd32d883e0fc262fac2b8db0ac50""}]"	4062a9b8eb7d3513d607ebd6c3b30e1145b6c908ecb35cbbcce28640dcc6765a	1150e1d6e20dbd9aefffd935e3dc1fa5f196856388982407dc5c536aef06e3bf	29	11	0	json;immutable_fields;text_consistency;content_evidence;revision_replay;idempotence	全文读完AI创造力写作、听力省略说明、女性国会代表选词、独处益处A-P匹配、模拟学习与政府幸福目标阅读、南水北调翻译和KEYS。C括号续句、I研究引语、J领导力段、K跨块及N友谊续句归回；模拟文章doesn’t resist change/but embraces it合回。原Section B heading锚点不动，所有题目选项次序及完整论述段保留。字词异常不校改，修后全文已复核。
988	public/cet/lessons/cet6/cet6-20251201.json	cet	cet6-20251201	2025年12月英语六级真题第1套	passed_edited	Codex	2026-10-07T08:31:11+00:00	"[{""path"":""content/article-review/history/1c2d6b23e7ba7b81db6d42b2d2797c28b09b707817d8803a212ac8cf93db47a4.json"",""locator"":""display: complete published JSON baseline; contextual segmentation review only"",""checked"":true,""sha256"":""86acce08b311324e0285a9d781087a42147cbb5098c284dac874371d398d7371""}]"	99279f3bb271005dd6bf889e0ae679b1d8931d2c178a111150c92d9ae5230ec5	d336d1a8c84d1bfcd86f105de6379a0aa10c01294e7da569f599d5b6cc3ad88e	82	16	0	json;immutable_fields;text_consistency;content_evidence;revision_replay;idempotence	通读竞争挑战写作、全部听力、终身运动选词、机器人餐厅A-P匹配、友谊与个人成功、马丁路德金与平等阅读、尊老翻译及KEYS。C段Bear/Robotics、N段recruited/1000及平等文章diseases/impact跨块合回，E/I/L/P字母续文合回；15、18听力题及45匹配题粘连下一说明分开。尊老结语并回同一翻译语义单元。缺词不校改，全文修后复核完成。
989	public/cet/lessons/cet6/cet6-20251202.json	cet	cet6-20251202	2025年12月英语六级真题第2套	passed_edited	Codex	2026-10-07T08:31:20+00:00	"[{""path"":""content/article-review/history/e6447eabf3b121fcd5b62770a6a800b78ea8db2c5ff482a3911c99f2b12721d9.json"",""locator"":""display: complete published JSON baseline; contextual segmentation review only"",""checked"":true,""sha256"":""025bf5115a00a09aaa2b9f90a68019bba63fceb1d6d989c271ccaf71f3c92a44""}]"	8ac95c2d7bbd9a8e0b95da158213cba187fa34ad163ed1dd1d6d001ba9f06959	b727a933f3f8a73d29ba985b0d3add3cf48c7e3e68ac3ae95df0afc373440c54	74	16	0	json;immutable_fields;text_consistency;content_evidence;revision_replay;idempotence	通读中国梦自我价值写作、全部听力、AI与人类技能选词、何时退出A-Q匹配、团结与不请自来建议阅读、自强自立翻译及KEYS。匹配说明letter/on Answer Sheet、M段shut down/your venture和团结division/of labour跨块确定合回，B/F/G/L续文及团结末段完整保留。15听力题D与Section C分开；原字符拼写及答案顺序不改。全部修后全文复核。
990	public/cet/lessons/cet6/cet6-20251203.json	cet	cet6-20251203	2025年12月英语六级真题第3套	passed_edited	Codex	2026-10-07T08:31:32+00:00	"[{""path"":""content/article-review/history/709571f0a2f14d63df0bfe360b1ff6203afad6e9bb1d9f7b5c7d2b98e2716917.json"",""locator"":""display: complete published JSON baseline; contextual segmentation review only"",""checked"":true,""sha256"":""4a32f28c03fccfbb3cd20d19be63042c9985170f7119e30635434e9847f7c7b9""}]"	9b15e2a122473ba8ed85875194244e9223021a036f7cea6be7ca56b645e71ddb	924a72c2236e117e14456395bf25a3c707869e887545baaa59a38c199a7b64cf	28	10	0	json;immutable_fields;text_consistency;content_evidence;revision_replay;idempotence	全文通读教师影响写作、听力省略说明、标准口音选词、交通灯历史A-R匹配、正念与验证码阅读、节俭翻译及KEYS。口音分号后rather续句归回，匹配说明跨块、A/B/F续文、N段It is/that simple、正念likes and/dislikes及验证码needed/to check跨块合回。交通灯各字母解释与正文多句论述保持完整，原字符拼写与答案次序不改；修后全文逐块复核完成。
991	public/kaoyan-english/lessons/e1/e1-1980.json	kaoyan-english	e1-1980	1980年考研英语一真题	passed_edited	Codex	2026-10-07T07:35:43+00:00	"[{""path"":""content/article-review/history/8a71e1e933c1038da13c6b0995d1fdbf040e1b50cf22164978efa3a92c34272d.json"",""locator"":""display: complete published JSON baseline; contextual segmentation review only"",""checked"":true,""sha256"":""c87c8599aecadc1afccfe4c2f6cf0c0ac186680f2928f2884cf1bdc77ec827ce""}]"	6fde37cc51cf52f47f56a76d5af2c60a41a450b061ffc07d38745a0392899dab	e0734019041e2395ef33811cde1461dd25dc6c1509407dca29993dfe79cb42c8	97	8	0	json;immutable_fields;text_consistency;content_evidence;revision_replay;idempotence	按页拼接的八个大块改为标题说明、题干、选项、答案和完整自然段。第17题appear后是物理换行；Einstein第二点的Although承接理论贡献且中文对应为同一段，合并该处续行。其余英汉全文自然段及第15题问答保持对应，绝不增删错字。 修后全文229块逐项复核完成，题号、选项次序及中英两篇完整自然段均保留。仅备注原文文字疑点（本轮不校勘）：blocks/1 Section III instruction：每题11分与本大题15分及10题数目存在疑点，非空白内容不能修复，保留待确认。；blocks/7 Einstein translation paragraph 2：“寻求真理的地”“经过艰苦的劳动，了许多”疑有缺字，超出段落空白权限，保留待确认。；blocks/7 second translation paragraphs 1—2：“到那里”“用高温的废物烧掉”“也许会高潮更多地利用太阳能”“用途致使的武器”等疑似文字错误；不猜补或改字。
992	public/kaoyan-english/lessons/e1/e1-1981.json	kaoyan-english	e1-1981	1981年考研英语一真题	passed_edited	Codex	2026-10-07T07:39:19+00:00	"[{""path"":""content/article-review/history/0c0039ae93e221c4db81cc0cc14f7423539e9c7765b4c266be79d9048ba48377.json"",""locator"":""display: complete published JSON baseline; contextual segmentation review only"",""checked"":true,""sha256"":""2139c1e5f662934a0a467502c77df81e71ceb6b1015885b00f0f3873571c8ab8""}]"	1f562e3ef45b19cb72b96c506dc9218214656cfbb3f295342d11d2cbe1685f94	e61700b4af379e3323048f49b76cf075b92eeed17d59ced73b2b06d2359c3ec4	109	7	0	json;immutable_fields;text_consistency;content_evidence;revision_replay;idempotence	全文已读后拆出标题、指令、选项、答案；英国历史、噪音治理、伽利略观测译文与英文语义对应。第44空及noise demanding more跨页续句合并，仍保留合并text内自然段。文字错误只备注不校勘：大/家占位符、Section VIII编号、译文“技术往往”“混音”“直，我们”等原样保留。
993	public/kaoyan-english/lessons/e1/e1-1982.json	kaoyan-english	e1-1982	1982年考研英语一真题	passed_edited	Codex	2026-10-07T07:39:21+00:00	"[{""path"":""content/article-review/history/4778a209ad06ac3e3d250d4fc1e42fb8b7ea35d61ad8e75444d7176aef58f849.json"",""locator"":""display: complete published JSON baseline; contextual segmentation review only"",""checked"":true,""sha256"":""edebf70f3187b912cee927ef0913b0b60128a3e3bf38feeeb41621350481ee9d""}]"	69801531f62a0977b520611d8d238fa4c364aaebeeff0196b1c1ec6c301b8b9e	7ee4d49ac809efaec8da80739be689b9a47d84c95072ed3e77acc5c35b6db007	150	10	0	json;immutable_fields;text_consistency;content_evidence;revision_replay;idempotence	试卷按标题、指令、例题、题目、选项、答案和多句自然段分块。住房完形He found和材料列表rocks为连续正文；45题选项B的students/effort为物理续行；核辐射human senses/It cannot同一说明段。吸烟政策段在Smoking is harmful处分开，译文对应分合。原文文字疑点仅备注：吸烟27 percent in后缺年份/结尾，保留未补；12题重复题干、中文翻译答案56—60编号及核辐射you may be in a deformed way等不作校勘。
994	public/kaoyan-english/lessons/e1/e1-1983.json	kaoyan-english	e1-1983	1983年考研英语一真题	passed_edited	Codex	2026-10-07T07:39:24+00:00	"[{""path"":""content/article-review/history/0933df35c38dc2e045039e38f4791bd21fa2c5253030825167b202f5edbcb638.json"",""locator"":""display: complete published JSON baseline; contextual segmentation review only"",""checked"":true,""sha256"":""252d05837dbb9080c0dd26b6605b74912edfba44ee2e13577f84dc3c832cf83d""}]"	330b2f901363d0217424f2a731b592428dd06776f9dd6bea2a55a3e6c0f27702	20d72c7ba9f483d4a8189f598dc199b92bbc1fb8cd4970c9504a3ba7ceade8fb	170	11	0	json;immutable_fields;text_consistency;content_evidence;revision_replay;idempotence	逐项拆出试卷章节、说明和题目选项，保留多句论述段。审查译文中换句话承接家长职责，But adults承接保护儿童，公众利益另起，与英语对应；太阳能可能贡献句保持英文独立过渡并同步中文。仅备注原文错误而不改字：heatedly/terrific hat/换句话话等，错题选项原样保留。
995	public/kaoyan-english/lessons/e1/e1-1984.json	kaoyan-english	e1-1984	1984年考研英语一真题	passed_edited	Codex	2026-10-07T07:39:27+00:00	"[{""path"":""content/article-review/history/ac250f60f5a815cc274f188a79b6a8ad3aaef461e0fe868e5c08fae9c8c8cd85.json"",""locator"":""display: complete published JSON baseline; contextual segmentation review only"",""checked"":true,""sha256"":""4193c2a3fc79bb00afcbd83366479c8248eee3778515c0a0cdfdfb6bc365073c""}]"	1d704ff5b2a5ccf017acb2ca0162b99fe23310c84f270be1f361ee5e6b9f43cb	a11491721118548b51a4a3251e350d87d72abf33e87b8af3e1a4d5c997a3c42b	249	12	0	json;immutable_fields;text_consistency;content_evidence;revision_replay;idempotence	保持正文多句自然段，不能按翻译划线编号逐句切碎。隧道通风、文明材料跨页续句和答案80衔接；停电段82后、冰箱食物后和矿物substances后为同一段续行；66题A/B对话分开。原文stream、fell of、答案49编号、书籍矿源等仅备注不校勘。
996	public/kaoyan-english/lessons/e1/e1-1985.json	kaoyan-english	e1-1985	1985年考研英语一真题	passed_edited	Codex	2026-10-07T07:39:33+00:00	"[{""path"":""content/article-review/history/b9fa91c485065674b569a386e58d3cdfb67c0575cff9a045b7a19f68b06120d0.json"",""locator"":""display: complete published JSON baseline; contextual segmentation review only"",""checked"":true,""sha256"":""05ae96f0f137e345be8995671d0b5867ccf276b8fb9bb5c508d1660b65fb30ae""}]"	cad2c4164a627b71b803ab5fea47e7e6d396a288eafbad8d5ec812536875c025	30da4d852a8683766c540eb6dbf0eab84a56b33191c995803598223028558357	196	10	0	json;immutable_fields;text_consistency;content_evidence;revision_replay;idempotence	第4、12题问答分为独立轮次，词汇与完形选项独立，三处跨页接续恢复完整句；电视与办公室自然段不随翻译题号拆句。原始阅读例题仅有选项而缺题干，答案must have down、译文手机/要能是等仅备注保留，不从别处补文。
997	public/kaoyan-english/lessons/e1/e1-1986.json	kaoyan-english	e1-1986	1986年考研英语一真题	passed_edited	Codex	2026-10-07T07:41:50+00:00	"[{""path"":""content/article-review/history/ba1a8cea76f211ea98175034b238d6df46729287c6c7abd1da3dad94781686b0.json"",""locator"":""display: complete published JSON baseline; contextual segmentation review only"",""checked"":true,""sha256"":""1edda4168953c3cca1aad115f677441be0a9a0f289598c0de2ab5b4763dc00ee""}]"	414a8446e87c0456ac438d4cd914df58a2b257802e7faad9a99c4533cc586f2c	d5b612ef7aa5f1b24b5504f26f0977a75cbb9b8877593f5e1eda4543f74958d7	106	1	0	json;immutable_fields;text_consistency;content_evidence;revision_replay;idempotence	通才专才other/people跨页、14题it is/important跨页恢复；specialist段分号后及南极第一段③前均为物理续行。保持①表示的自然段及大学通才/专才两段，不按每句圈码切段。Annie回答与店员邀请各独立。去除demand、judgments、continent、timetables等明确词内空白。17题C末多余[、Close原字及缺失答案不校勘不补充。
998	public/kaoyan-english/lessons/e1/e1-1987.json	kaoyan-english	e1-1987	1987年考研英语一真题	passed_edited	Codex	2026-10-07T07:41:51+00:00	"[{""path"":""content/article-review/history/a6f5286553d50c06c640fb1fc7d1589e4af44ad242a3e7b678f6c35bcdc3e033.json"",""locator"":""display: complete published JSON baseline; contextual segmentation review only"",""checked"":true,""sha256"":""83687bd1312e1f0c9570e7a95979f6575af04d01902f168c5b8dafd2b1857222""}]"	fbb3e7a8d617bf74b21239d87596ab3c94787d15488f9a793fbb05b3710f5287	56d8d60489467ff102a1224e45b4753ee2f79d1c5dc8797c81dc55e94d8f4e11	152	1	0	json;immutable_fields;text_consistency;content_evidence;revision_replay;idempotence	支票总述前三句为连续介绍，之后珠宝店经历按原叙述段；奥运以重新开始的①保留各多句段落，段中③④续行衔接。科学解释第一长段保留传统论述，现代科学另段；城市问题中的goals/Neither和(30)同一意见分歧段，结尾(33)承接结论。拼接decided、explained、Olympian、accommodation等词内空白。Close、conceive、courtries、文中two passages实际三篇等原始字符不校勘。
999	public/kaoyan-english/lessons/e1/e1-1988.json	kaoyan-english	e1-1988	1988年考研英语一真题	passed_edited	Codex	2026-10-07T07:48:32+00:00	"[{""path"":""content/article-review/history/880dd9a42f61576a04a2f0e8cba56ab064e88e26c946f66f15f756e1c367e5d4.json"",""locator"":""display: complete published JSON baseline; contextual segmentation review only"",""checked"":true,""sha256"":""32bc7517c40986a5a7861e4ca5a047e0ddb248489a2b0b50282ce70adeed1c20""}]"	177eb461aa70c0fa46a9d75abdf695237de6243bf01087ee356a7bf308290467	d0b6cf5db771276ff2a363bc3c16482026b2695fa28ea3455d9c802433c56efd	144	1	0	json;immutable_fields;text_consistency;content_evidence;revision_replay;idempotence	逐篇多句自然段按圈码①重启和语义保留；阅读商店例子的No thank you/Im just looking为句内续行，facts/opinions同段；噪音定义与Thus解释同段；女性家务与家电论据同段，社会需要跨页相连。男性接待员初句和Stylishly描写为同一引入段，两次文章均修复且保留重复、不同题号。明显词内空白删除；hardwiring、two passages、Section VII等非空白内容原样不校勘。
1000	public/kaoyan-english/lessons/e1/e1-1989.json	kaoyan-english	e1-1989	1989年考研英语一真题	passed_edited	Codex	2026-10-07T07:48:44+00:00	"[{""path"":""content/article-review/history/60b2bf1fda935565c07160ca2b7f6916bed1b9246315051af3848c48bcb12fe1.json"",""locator"":""display: complete published JSON baseline; contextual segmentation review only"",""checked"":true,""sha256"":""5bf14e3dafa1c68a89c75d8a256aefbd66b933458dbe5d6b9a8aa8bd40804bc7""}]"	0f1e2a88faddfe16e94b2ec6d8fc7678c629d25253da94dcc775fa194d4ee065	ff746d52b02b6c1a02f1d964031bfc3a8f39df66c5fb50bb3ac77fc614cd424d	123	1	0	json;immutable_fields;text_consistency;content_evidence;revision_replay;idempotence	冰山预测、冰源研究、拖运可行性三段保留；UFO科学家多方引语和末三段论述保留；汽车优缺点各一多句段，礼仪文本按①主题段保留。失业篇humiliating to be/done跨页句衔接，社会成本与Unemployment解释同段。去除would、eventually、transport、communication等明确词内空白；原始不通词汇、Close、two passages等非空白内容不校勘。
1001	public/kaoyan-english/lessons/e1/e1-1990.json	kaoyan-english	e1-1990	1990年考研英语一真题	passed_edited	Codex	2026-10-07T07:48:48+00:00	"[{""path"":""content/article-review/history/c55cce817119cc3ac6fdb98bef6d0ad99bd21e4b92554d2952a9051f6ca9a86b.json"",""locator"":""display: complete published JSON baseline; contextual segmentation review only"",""checked"":true,""sha256"":""dfd58a418fe6d4ee9f1b2a851c7332f2930e70b40b4e0d3f10af58401a85352c""}]"	c5329f97489328873b1c3f019b137863784bcb11b9816d38efed08672fdd4f5e	f6bab083295202c2930c94c484b7145bafe884de08c1ab930ac1cdfaa10bfcbf	125	1	0	json;immutable_fields;text_consistency;content_evidence;revision_replay;idempotence	家居预测⑦至○11同一多句段，工作、休闲与旅行另段；金星气候实验室论述③④合段，游行开头①②及职业变化③④合段。天才研究结果跨页接续，nature论极端推论与nurture机械刺激说明各归其主题段。只修明确词内空白；Megallan、l, 500、in employment及two passages等原文疑误不改。
1002	public/kaoyan-english/lessons/e1/e1-1991.json	kaoyan-english	e1-1991	1991年考研英语一真题	needs_source_check	Codex	2026-10-07T07:48:51+00:00	"[{""path"":""content/article-review/history/54a87f6c9a2fbb6bf962911c26e02ae282667657ed830ac7e920f09702c4c0a5.json"",""locator"":""display: complete published JSON baseline; contextual segmentation review only"",""checked"":true,""sha256"":""e53fcbd572e604cfd587625f535dcb6ea83eed5ba0f7ced96bac3f82b19b6f94""}]"	13db65599cf989d9e5f31103c30c9f2cba226af284779b45a96bdadd617da9d0	392405d1d13b36ba797010d5ce719a201ab5e04d7690d85aa8d1b070d77d9544	153	1	0	json;immutable_fields;text_consistency;content_evidence;revision_replay;idempotence	责任心定义liable for/their consequences、19题选项excuse/criminals、植物before it is/combined及29题found to be/saturated跨页相接。青春期保持三段长自然段，植物光合作用长论证保持；写作A—E要求和大纲逐项独立。仅修明确词内空白，given.Read等标点缺失、题文paragraph编号疑误不改。; 原blocks[5]能源翻译中，(34)后紧接孤立残片‘ation and that, if necessity forces exports, it will be at the price of belt -tightening at home.’，缺少其前半句/段，JSON无法判断应接上一段还是另段；保留该残片独立，不猜补或重排。
1003	public/kaoyan-english/lessons/e1/e1-1992.json	kaoyan-english	e1-1992	1992年考研英语一真题	passed_edited	Codex	2026-10-07T07:48:57+00:00	"[{""path"":""content/article-review/history/22da45b6850bbb67c7f96fc9f4d861196b0212a6d833a676d3cfc8ab21893bd5.json"",""locator"":""display: complete published JSON baseline; contextual segmentation review only"",""checked"":true,""sha256"":""f63f6d60c6c1dfb14cede6a5a7a683152a03a5ed791deb0ecb57f360d8626b9f""}]"	c79e75b1629fe44e5672bc2e529e7f59df627500f0845011b75e9618ad0462c0	8b957619beac5ed8cf45761dd5b453d6bcd30ee10439ff6b6d983437174408c6	159	1	0	json;immutable_fields;text_consistency;content_evidence;revision_replay;idempotence	Road politeness跨页good-tempered/of drivers、19题each/other、28题was/wrong、智力测试our/culture均直接续接。气候七段因果讨论不拆句；奥运竞技与爱国主义结论三句并段。智力定义与测试范围说明相连，比较有效性保留长段。大纲独立d和缺失内容只保留现有文字，不补写；workhouse、counte-balance等非空白疑误不校勘。
1004	public/kaoyan-english/lessons/e1/e1-1993.json	kaoyan-english	e1-1993	1993年考研英语一真题	passed_edited	Codex	2026-10-07T07:50:27+00:00	"[{""path"":""content/article-review/history/ebc144d80121e71b53731b1abd488ecec437f49bff1257333094f445f47af3f6.json"",""locator"":""display: complete published JSON baseline; contextual segmentation review only"",""checked"":true,""sha256"":""353c64adfce3e8d42f70c7c3296b70cb35f982adf9e4bdf8a8daa0b0047f92e0""}]"	e5bbd071103dea0e5b747488c1a55488209234af1ea3b8cd7b46227db3d4d8c6	17b28be18c0b90d77672a8f4e50bf19d8be0b6808ebc4cad2f10cb168230b987	171	1	0	json;immutable_fields;text_consistency;content_evidence;revision_replay;idempotence	完形particular/10为填空续句，不误作第10题；语言篇skills/passes、工业篇work/and、专利to/1886、科学篇operations/of跨页直接连接。母婴语言末段敏感性与不敏感性解释合段。专利Only例外概述及Valensi例证原段保留，与第29题Para.5相容。原文Motiere、publc、tight等字词及编号疑误不校勘。
1005	public/kaoyan-english/lessons/e1/e1-1994.json	kaoyan-english	e1-1994	1994年考研英语一真题	passed_edited	Codex	2026-10-07T07:50:32+00:00	"[{""path"":""content/article-review/history/7296bc8f6f2f6bba3b7066e663bceab923f7e5b38c1ae82944a19c7594f29369.json"",""locator"":""display: complete published JSON baseline; contextual segmentation review only"",""checked"":true,""sha256"":""63d96fa49cf5759b4d4a635db431c157ddc025c090d311be18833c3e4d37dfc9""}]"	acde6553c9d076591f95d35531f658adb0bab3ed31302e082548acb2c0250f03	f32a2eaed5eb436ca1a71cd5d0fa007b09c937dd02f733dd211b0ed5c70a8f81	156	1	0	json;immutable_fields;text_consistency;content_evidence;revision_replay;idempotence	特殊儿童to/develop、癌症at the/level接回句内；特殊儿童环境引入与演员比喻同段，癌症治疗前景与First/Second说明合段。创新第一段试错与足球类比连贯、第二段进球与处理创意方式连贯，Flesch引语为第三段。保留多句经济价格机制段及电脑商业长段。原有breakdown is、promotional、minor、innovation/innovators等字词疑误不改。
1006	public/kaoyan-english/lessons/e1/e1-1995.json	kaoyan-english	e1-1995	1995年考研英语一真题	passed_edited	Codex	2026-10-07T07:50:42+00:00	"[{""path"":""content/article-review/history/6e284dafc46bbe28a9a291081a6ff4df53f4d2a0377cbf961eebf71969ba14dd.json"",""locator"":""display: complete published JSON baseline; contextual segmentation review only"",""checked"":true,""sha256"":""23773e3a2ec369750d856c81a82dceecf90af4d551d122df324ec1ee124ff2d8""}]"	8fd380a7a99efecf209eb32b7d96a6620acee39f08735665bd5fc144413b1b39	754299071f9e6a324dcf301cdc35db6270b9c2e9b45efeb4579f04054635657a	156	1	0	json;immutable_fields;text_consistency;content_evidence;revision_replay;idempotence	广告电视人物观点与Of course/If解释同段；信息首句与Many例证同段，与第19题Para.2的流动家庭主题对应。测试valuable/meaningless跨页接续，冒号后的school grades及(33)后的Whether同句不断；保留成长自我认知长段、遗忘四个论述段。22题A残缺、人格It is top management、mechanisrn和test that等文字问题仅记录，不补字。
1007	public/kaoyan-english/lessons/e1/e1-1996.json	kaoyan-english	e1-1996	1996年考研英语一真题	passed_edited	Codex	2026-10-07T07:51:55+00:00	"[{""path"":""content/article-review/history/e2da92426616c79d242c1f1720c9829831607301860f76b8391c826a981af43e.json"",""locator"":""display: complete published JSON baseline; contextual segmentation review only"",""checked"":true,""sha256"":""d47c63b6fa11fb96c507d137ad03dd3e7b478aecd2430e7d06eedcc4a0d36d15""}]"	80235f0bc673bbe5aad63c1fa1337f3a34a890b12efec520410922d04938c60c	272f9348f0a42801ab15a6e8d4e3358fad1f57a8e426fa9012af11f78a237ca7	154	1	0	json;immutable_fields;text_consistency;content_evidence;revision_replay;idempotence	求职开场与Psychology对照合段、末段Then接前句；BBC royal charter所在The debate独立为第4段，与题17引用相合。公司seldom/that、发明minds/devices接续。发明因素按教育、奖励、空间思维、竞争结论成多句段；书评非专家论证与最后几章说明同段。翻译32从战时政策新段，资助收款人及决策后续同段。原有ders、The s、维生素take will缺文、not yet unavoidable等只保留备注，不补字。
1008	public/kaoyan-english/lessons/e1/e1-1997.json	kaoyan-english	e1-1997	1997年考研英语一真题	passed_edited	Codex	2026-10-07T07:52:06+00:00	"[{""path"":""content/article-review/history/e3f5742f3814c93d528d95a7c7259f66c406107161cca3b963986c6bf1e6b925.json"",""locator"":""display: complete published JSON baseline; contextual segmentation review only"",""checked"":true,""sha256"":""8a656b3a8b01867de5c0798b9108de242f765f0f8df9c20c8e66bf3c883b12db""}]"	cfdace2ba36d1d57250069b90b715d3c3861b33fb6c5904e8fa0ebf1a248b2bf	b98e7c8aee37852aeb559bb1cca02e984a70d7f7a449531ad69f57d3447025b1	172	1	0	json;immutable_fields;text_consistency;content_evidence;revision_replay;idempotence	安乐死开篇事件、互联网传播、Hofsess引语同段，The full import为第二段；strength/observers、cooling off/period明确接续。药物定义与They don’t realize合第一段，和第19题引用相符。传媒stockholders’/meeting、翻译指示translation/must接句；货币生产余量与美国利用率例证同段。现有isthe等缺空白可保留但不改非空白字；全部历史论述仅作排版审核。
1009	public/kaoyan-english/lessons/e1/e1-1998.json	kaoyan-english	e1-1998	1998年考研英语一真题	passed_edited	Codex	2026-10-07T07:54:17+00:00	"[{""path"":""content/article-review/history/99cb07ddeb529245e83f556e91bf3647d2ad0b12e0f6c066100407cacaf24d47.json"",""locator"":""display: complete published JSON baseline; contextual segmentation review only"",""checked"":true,""sha256"":""26a045bd8f24e1fde71e3db739a897ae245c77e72aa18b0881aee8b8b5479273""}]"	1432de15a3f2357db25b90724003f4c3aace888fb5874f557c1c22f8030c3820	dbc535c0342d8f9739f2d902c75414b9d25bfddd6c43559bda1a94fa344ee02c	191	1	0	json;immutable_fields;text_consistency;content_evidence;revision_replay;idempotence	巨坝第一段含But to be第三句、第五段含Narmada与And the bank，匹配第11/12题；反科学Until/As合段，会议held行接回。生产率mere/rubbish、热点also/have、Cobe as/well及33/35号后续句接合。人口报告保留已有主题段、■示例独立；热点首段结论并回；宇宙学四个多句段保留。原有Gallileo、plants、commentsn等非空白疑误不校勘。
1010	public/kaoyan-english/lessons/e1/e1-1999.json	kaoyan-english	e1-1999	1999年考研英语一真题	passed_edited	Codex	2026-10-07T07:54:24+00:00	"[{""path"":""content/article-review/history/3b6079e3716ecfb60701f6ef6f6b8ea4b5b0bd3109fecb89521bf6aaaa122f2d.json"",""locator"":""display: complete published JSON baseline; contextual segmentation review only"",""checked"":true,""sha256"":""912b8aaaf58b00071e017ac2c33566e910e9aecfd705c61196f41bc46fe32dd6""}]"	df65e82a9aab76aef45cb0f28ef88c11fac603091782b816a49b21a0c2758c94	d97edddf70da1cbd635f2c72fee1f02be7afd90fe0766d0eaffe9c7a85237b72	179	1	0	json;immutable_fields;text_consistency;content_evidence;revision_replay;idempotence	工安末段财务收益与保险解释合段，电商消费者转企业交易开场合段、订阅者定制与Pointcast机制同段；request、many scientists、not been settled、shocked及contemporary world均跨页接回。电脑教育及科研结尾的长论证保持；史学35号归technical fallacy解释段；写作三要点独立。原有at less、computered、tunnel method等非空白疑误未改。
1011	public/kaoyan-english/lessons/e1/e1-2000.json	kaoyan-english	e1-2000	2000年考研英语一真题	passed_edited	Codex	2026-10-07T07:56:52+00:00	"[{""path"":""content/article-review/history/26751a3cc38e2bf5a0aedd3a3bcb2c6d96264580c8e4d164b9950fd0b8e59e60.json"",""locator"":""display: complete published JSON baseline; contextual segmentation review only"",""checked"":true,""sha256"":""408b04f38ad0d01c820bf9560aa2a3e12c6f2a45c925c107e653166df6fd7902""}]"	3bccd72a2daea6fcb594e581840e454d9d1480f0f1e68c63fda0702077a396f4	0e8b8c6666a76de54d88e87681969108f951bc6f2a33428e7273e1ee7b70b449	187	1	0	json;immutable_fields;text_consistency;content_evidence;revision_replay;idempotence	农业①②为同一论证段；美国经济Zenith⑥⑦和页间Their/sometimes合入竞争衰退段。进化男女生存①—⑧、繁殖①—⑧各同段，machines/society接回；未来主义Pluff引诗独立，结论①②③同段。日本四段和抱负三段保持长自然段。原始-tool、for the remaining tribal peoples、heavy meant、bey far等缺文不补写，主题归属清楚不以OCR校勘扩展本轮。
1012	public/kaoyan-english/lessons/e1/e1-2001.json	kaoyan-english	e1-2001	2001年考研英语一真题	passed_edited	Codex	2026-10-07T07:57:02+00:00	"[{""path"":""content/article-review/history/2e83f984e4ae285d184bf031ec82baad4b72e7d98f252a3bc02a4269fc4caea8.json"",""locator"":""display: complete published JSON baseline; contextual segmentation review only"",""checked"":true,""sha256"":""2bf539c06cf4b0a6e58e15fcee5c3ea3ba4715a575a19b193c13f47d16a90653""}]"	048edc554404c076890275001cc1d5a1da6706097c0cf848c2b297f7b519be94	8818a06337aef69ab42288007788deb5552be58b44f19a69102a36b242550b0c	224	1	0	json;immutable_fields;text_consistency;content_evidence;revision_replay;idempotence	专业化首句与By解释、地质论文比较与Thus例证分别同段；新闻项目the/journalism、电商投资foreign/investment、减速deadlines/the fearful跨页接回。并购There's no question统计另段，Examples为第4段，和题35一致。减速美国趋势与Downshifting例证同段；未来科技41预测并入开篇，45厨房焦躁归社会问题末段。21题[AJ坏括号保持并仍单列四项；he netted、depands、confusions、alien many等字误不校勘。
1013	public/kaoyan-english/lessons/e1/e1-2002.json	kaoyan-english	e1-2002	2002年考研英语一真题	passed_edited	Codex	2026-10-07T07:58:59+00:00	"[{""path"":""content/article-review/history/bf72672f9a69f79aa5448ff63cd7547230041e6dbb3816fd6ec636967a809b4d.json"",""locator"":""display: complete published JSON baseline; contextual segmentation review only"",""checked"":true,""sha256"":""cf0e21a48951e18b2d0401436690940c2cc0a1ad879cd7df07dacf2e8749e6ba""}]"	1fbd3cf474d4015b89b0e0de86f1f6a4926e410f3a6515e8264088cc448cf4b5	eff00f4f3cddb519cab23f704642ecda50708e3d6956d47750e6236eba7da666	192	1	0	json;immutable_fields;text_consistency;content_evidence;revision_replay;idempotence	机器人应用段从工厂银行到地铁外科连续；油价低敏感度段内节能、行业变化和GDP统计并段。NAS)/released跨行接回；临终医疗保持9段，与39题第7段NAS报告相合。行为科学两个长论证段与划线编号保留。27—31题部分选项和33/34题题干缺失，现有[A]—[D]项目各自独立不补写；原文Process、view等字词疑误不校勘。
1014	public/kaoyan-english/lessons/e1/e1-2003.json	kaoyan-english	e1-2003	2003年考研英语一真题	passed_edited	Codex	2026-10-07T07:59:14+00:00	"[{""path"":""content/article-review/history/a8690f434f4f96c92d322c51567627a3ec5755437bf71726865d7c32bda65dbf.json"",""locator"":""display: complete published JSON baseline; contextual segmentation review only"",""checked"":true,""sha256"":""f5e4a5369aba3d779c72c8571bbca45b1b6059d9ea1399afb501073e629cc963""}]"	ae4a4ac8c763797509be35601a9683f058c00be42defd258b5de278f1ecf0651	b1dba998fcbc817effe8a0ec145bbd86350a9f059f7bff186cb81b49c0028fb4	210	1	0	json;immutable_fields;text_consistency;content_evidence;revision_replay;idempotence	情报末段independent voice归独立地位主题，动物advocates/whose接回；铁路captive价差与单一公司服务合段，与33题第3段对应，Conrail成本例证续前段。医疗首段Small wonder与寿命医疗例证合段。人类学name/anthropology、learned./shared接行，社会科学定义和学科列表同段。原始online at缺地址、Straiford、fortuning fortunes、caner及作文entitled缺题名保持，不改字。
1015	public/kaoyan-english/lessons/e1/e1-2004.json	kaoyan-english	e1-2004	2004年考研英语一真题	passed_edited	Codex	2026-10-07T07:59:25+00:00	"[{""path"":""content/article-review/history/807a64db711e3ab26953f4ea47a522be5396db43f8aa895c8cf0bc0c34241d9a.json"",""locator"":""display: complete published JSON baseline; contextual segmentation review only"",""checked"":true,""sha256"":""614e48681d75c390b245576912e237202e00a866b1d7d5840fa7c1771feb5bc7""}]"	f54b7bc3741c11220eaee1ffd18deb76fc4c30d918066d3e5834b6ce7667244d	9b4b02dd332c5a47d6a316414f53671560757ce9078d68327ae27637bb045bc2	196	1	0	json;immutable_fields;text_consistency;content_evidence;revision_replay;idempotence	13题D后的14题独立，求职Redmon三周后的成功归开篇案例，For any job search与None解释同段。经济末段房贷和雇主受益并段。反智主义七段完整保留；语言long before/people跨页连接，Sapir不赞同决定论解释接最后段。原有chock、he time-consuming、Raviteh、became to be等不改字。
1016	public/kaoyan-english/lessons/e1/e1-2005.json	kaoyan-english	e1-2005	2005年考研英语一真题	passed_edited	Codex	2026-10-07T08:01:33+00:00	"[{""path"":""content/article-review/history/28720a4705414f22fa098c0aa9b31a9220b190a2c7afc9e50f1c10ff7a4fd666.json"",""locator"":""display: complete published JSON baseline; contextual segmentation review only"",""checked"":true,""sha256"":""f060748d4bb9f660f2ca13fed6ff5d7a4619898f7a6363329f6e56291b0de176""}]"	97cfe376c58668639849f4bdb114e57d557f5bb0f83e52d7080ca2f53c1532d9	b8c4e0f829ab7a7639260fe9474d9ac5e9828d60b174f09e19195c0e333f8f8e	253	1	0	json;immutable_fields;text_consistency;content_evidence;revision_replay;idempotence	梦境REM/sleep与Dr./William、书评Mr./McWhorter接行，Equally诗歌属第三段与37题引用相符。药政开篇预算解释、代表各省的规模经济和Premiers读报告说明分别合段；五个完整段落空位独立。欧洲媒体magazines/and publishing接回，The Europe主题转折另段；修costskeep/toinclude/thecreation明确粘连只加空白。其余字词不校勘。
1017	public/kaoyan-english/lessons/e1/e1-2006.json	kaoyan-english	e1-2006	2006年考研英语一真题	passed_edited	Codex	2026-10-07T08:01:45+00:00	"[{""path"":""content/article-review/history/a5846ee042a5e007d756508e1b7cf00abb771ffc5b0fb5025634456201cb1465.json"",""locator"":""display: complete published JSON baseline; contextual segmentation review only"",""checked"":true,""sha256"":""da46874a96e21a248593f43e92990e4a11694392fbb354124d74c8f17ddbf262""}]"	f58a6553ec2ed675674d68f6379547ac2cd139014338cb310f926a134c7ca641	a81ca44e3775c538b8b9b9595a805349a5dda8dd3ce1c331562bef7bd8f82cc1	247	1	0	json;immutable_fields;text_consistency;content_evidence;revision_replay;idempotence	同化开篇There、intermarriage/By并回，与Rodriguez第5段相合；捕鱼第二段方法及According数据合段，第三段保守估计与That means解释合段，ocean/because跨页接续。艺术广告问答同段且church跨页同句。赌博题保留41/44空位所在多句段及其余独立空位，选项A—G独立；知识分子Socratic/way及科学家排除理由同段。字词疑误原样保留。
1018	public/kaoyan-english/lessons/e1/e1-2007.json	kaoyan-english	e1-2007	2007年考研英语一真题	passed_edited	Codex	2026-10-07T08:04:21+00:00	"[{""path"":""content/article-review/history/70e144646ba95e4166e839a69190242affd1ae2fe45786370c72719614c9ae23.json"",""locator"":""display: complete published JSON baseline; contextual segmentation review only"",""checked"":true,""sha256"":""83c1d575ec68def0f7c908e0923504e4902df25bd5c4f6949697c51df879aa3a""}]"	a5189f2aa69bbc02da42a512906324c55a61b827c85033c7b9ad70ab6fb8e3e8	f12bd21837b7b2864a9a30fbe9d9e6d11c9e985f361e2052df8fc61b4b4c2955	233	1	0	json;immutable_fields;text_consistency;content_evidence;revision_replay;idempotence	完形宗教主题与Roman说明同段；足球猜测a—d独立并接d)/none，结论assertion/the trait同句。中产retirement/Steelworkers及borne by/families接段，家长职业榜样与Discuss同段；原41—45编号缺失不补写。法律首段欧洲/加拿大对照及46同段，47接On the one hand，Sharpening为该段结论。其余非空白文字不校勘。
1019	public/kaoyan-english/lessons/e1/e1-2008.json	kaoyan-english	e1-2008	2008年考研英语一真题	passed_edited	Codex	2026-10-07T08:07:05+00:00	"[{""path"":""content/article-review/history/e8e7618045fa77cf8fe9129f3922b635f44da864e9ad5b6a20609723b9b62605.json"",""locator"":""display: complete published JSON baseline; contextual segmentation review only"",""checked"":true,""sha256"":""e6824271ec5a7e684d519aef64aae3c973c2b9a41de235cd4516f00cc8d05397""}]"	f9dce7bcd37695297d739837306c7af8db43c5a016e273121455d914f4b32b5e	bed66691deca346994f96d5d940484a03af9e347440cb5eb2077a81226090982	227	1	0	json;immutable_fields;text_consistency;content_evidence;revision_replay;idempotence	压力第三段引语与第四段男子暴力续句合并，与23题Para4和24题Para5对应；在线期刊第四段保留商业模式论述；身高NBA招募接比较、饮食转折接增长。奴隶制Once in office接政治依赖，Washington接最终解放对照。修稿State of/Mind跨页及45接同段，Darwin So/poor跨页接续。bravary等非空白文字保持，本轮不校勘。
1020	public/kaoyan-english/lessons/e1/e1-2009.json	kaoyan-english	e1-2009	2009年考研英语一真题	passed_edited	Codex	2026-10-07T08:08:34+00:00	"[{""path"":""content/article-review/history/1550c46c7fceb4e4462437385d3fc0e108df2cbe55527995a3eb976af0b5234c.json"",""locator"":""display: complete published JSON baseline; contextual segmentation review only"",""checked"":true,""sha256"":""2ac05e57d51fd5bb35843481261c0897999c20c5220d81d39bcb2bfdf569974c""}]"	abe8496cabfa32397d5db8657fe08ae7e07a669613fd6a9b09dd7ef4f240602c	8382fc0a6be63b4638e52e543d8b7aeea5b40597295e8a94fbadad791d0749c2	220	1	0	json;immutable_fields;text_consistency;content_evidence;revision_replay;idempotence	习惯保留七个主题段，对应ruts第四段；DNA各主题段和教育经济五段保留。新英格兰These men接早期知识阶层事例。Morgan简介与后续研究同段，45空白与扩散论相接。教育翻译宗教/家庭/劳动为分号并列同句，48同青年教育段，49is/to跨页合并。examing、settles等文字不校勘。
1021	public/kaoyan-english/lessons/e1/e1-2010.json	kaoyan-english	e1-2010	2010年考研英语一真题	passed_edited	Codex	2026-10-07T08:08:45+00:00	"[{""path"":""content/article-review/history/fcfb073b4800b6f127eb4e57d50fa61db97928239c89a7338cf8df33d163f892.json"",""locator"":""display: complete published JSON baseline; contextual segmentation review only"",""checked"":true,""sha256"":""b6fe6d7d90d995de936229706f3395f416bfb5de4f1dcdaf86eadd2f60f67431""}]"	e5898fcbd4e8eea56867a8c8229467593ccd367b88f9a6a1db24c676cbda69ea	af7cf17a388247c80cd088c9605965dec2b763562730d09835d4efd34d8f22bb	241	1	0	json;immutable_fields;text_consistency;content_evidence;revision_replay;idempotence	专利首段Amazon事例接总述；Curbs另段，与28题Para3相符，That ruling另段展开专利申请潮，保留最后两段Bilski与最高法院。传播五段及银行六段与题目段号对应。批发A内Meanwhile、E冒号后列举续为整段，A—G保持独立。土地伦理六个主题段保留。完形语法及部分选项文字误差不校勘。
1022	public/kaoyan-english/lessons/e1/e1-2011.json	kaoyan-english	e1-2011	2011年考研英语一真题	passed_edited	Codex	2026-10-07T08:10:47+00:00	"[{""path"":""content/article-review/history/983e6d2d0299b9590ac40e8b5b02e40707ca771bd22f401b114e13956a389880.json"",""locator"":""display: complete published JSON baseline; contextual segmentation review only"",""checked"":true,""sha256"":""5fb2ac93960f5b33cd0cbfd3714ab3e3a449aa57d00511abefbcb58bef7b5abb""}]"	2df43b11426bc44d4399808aa3b6b8c5731966193173a4d5a7f5fe2e8485dbc2	a99bad1603358d18af4eb8edc6753ad607d0fa163c3c56f6ed1861fc708df73d	202	1	0	json;immutable_fields;text_consistency;content_evidence;revision_replay;idempotence	经理人Within two weeks并入首段、As boards并入第二段，poached落第四段匹配28题。营销Besides并入第二段，Same dramatic为第三段对应33题，diverse)/communications为同句。育儿Rachel/might跨行合并。人文C的But fewer/students跨页合并，Allen引语冒号和48接前句，保留各主题段。聽及顺序框缺G等文字保持，不作校勘。
1023	public/kaoyan-english/lessons/e1/e1-2012.json	kaoyan-english	e1-2012	2012年考研英语一真题	passed_edited	Codex	2026-10-07T08:16:44+00:00	"[{""path"":""content/article-review/history/57eaea80f05835ebea63c0583dc8eee88689350080d638ed53822a1d2845475d.json"",""locator"":""display: complete published JSON baseline; contextual segmentation review only"",""checked"":true,""sha256"":""ae531998bcc0e006665454256ec4acd9e2caf1e440560154c566fd158bb0430e""}]"	26a1eecccb7f793f5cd56ec127d44cb26884d6476f476d771f195de66195d44d	ef82b171e16a292bc789425dea05c43e07fce83604c24d68a9ec6e2cb87885ea	219	1	0	json;immutable_fields;text_consistency;content_evidence;revision_replay;idempotence	同伴压力Rosenberg建议接第三段，Rage事例接第四段，使imitation对应24题第五段。核电whereas接冒号句，Plymouth、Pledging和NRC共同末段；工会Donahue接改革成本末段。翻译49介绍Greenberg后Gray研究另起实证段，原缺标点不补，仅分边界。学生邮件Students’/Union接同一句。科学可信度完整五段保留。
1024	public/kaoyan-english/lessons/e1/e1-2013.json	kaoyan-english	e1-2013	2013年考研英语一真题	passed_edited	Codex	2026-10-07T08:17:01+00:00	"[{""path"":""content/article-review/history/cd68e3728eafb3d0fd649d288e2c995f7e61958a3a2fec22d9f42b44cb7a93cb.json"",""locator"":""display: complete published JSON baseline; contextual segmentation review only"",""checked"":true,""sha256"":""1a864bd21127d9c98227f8e6b9e479e4a1564933cdf8427eee96026f7fcc04a3""}]"	75a73da7211bbb624b076194dc07bc80d195e4053f30523ada974856df390a4c	dc0ab691f7b67d4f545d6ce4ebde99c9a077810406a421fa5606b0c0d957064e	212	1	0	json;immutable_fields;text_consistency;content_evidence;revision_replay;idempotence	录取差异数值与This might解释同段。DNT Should问题接冒号、People接广告商引语、博客引语同末段，六段DNT疑虑对应29题。未来IUCN引语同第三段，The potential接Perhaps第五段对应33题。社科45续原空白，F内Global challenges仍一选项。园艺spirit of/plant跨页同句，保留三大主题段。非空白文字保持。
1025	public/kaoyan-english/lessons/e1/e1-2014.json	kaoyan-english	e1-2014	2014年考研英语一真题	passed_edited	Codex	2026-10-07T08:17:14+00:00	"[{""path"":""content/article-review/history/2c5400ec722b6ac531ed359785fa4312817742d09263356fff0ed97d5f271c80.json"",""locator"":""display: complete published JSON baseline; contextual segmentation review only"",""checked"":true,""sha256"":""087171b65ab0d3d2e1475fe7ea1f34c3d5cdb64c5b87a316cc2df17894ff7ceb""}]"	5e46b68ebbe1a0f69810157652e55294d551284daaddacb2ce4998339c241c22	b5934c6b0f9b7677e136b1c729800d662894440a8396447980dd978577c9ab39	259	1	0	json;immutable_fields;text_consistency;content_evidence;revision_replay;idempotence	福利More apparent段包含部长引语和Help/Really反问，Losing成为第三段对应24题；jobseeker后who与Instead为完整定义段。法律债务说明、行业压力和末段结论分别接回。科学奖项benefactors接首段、They do not接第二段，As Nature为第四段对应34题。AAAS Among接第二段、identify/actions跨页同句；考古A与G续句接回；贝多芬He freed接其重要性段，学生体质跨行接回。重复you support、姓名/OCR等不校勘。
1026	public/kaoyan-english/lessons/e1/e1-2015.json	kaoyan-english	e1-2015	2015年考研英语一真题	passed_edited	Codex	2026-10-07T08:17:28+00:00	"[{""path"":""content/article-review/history/4e7e38abe2d116612134620596469a0759b033f999164502770df642c0434194.json"",""locator"":""display: complete published JSON baseline; contextual segmentation review only"",""checked"":true,""sha256"":""794fc0ace5021f446e7df1a46b7826e42689d8a7b2431ac0311a808f18f6fec0""}]"	a6555690d9dac5af71c9ffaa3b6ea0d7a440546930b5976b3cd004d21800bcdb	6af7c394a791ea980216821606c67391b5409aad39ef5f329adb51583a687971	220	1	0	json;immutable_fields;text_consistency;content_evidence;revision_replay;idempotence	完形相似基因The study另主题段，Studying和Though分别接前段。王室And so接第三段，使第四段贵族问题与23题一致；Queen接英国警示，granny同句。Science Working接引语第二段对应32题；Brooks核心辩护接同段。阅读42空白与前段接续，Conceived和This doesn’t分别引出推断/相对性新段。移民49海航困难的Many/Sometimes接回，非空白文字不校勘。
1027	public/kaoyan-english/lessons/e1/e1-2016.json	kaoyan-english	e1-2016	2016年考研英语一真题	passed_edited	Codex	2026-10-07T08:20:30+00:00	"[{""path"":""content/article-review/history/088d399e62fcd6d3bc6b8fb04351ee831cb1c58dd7661d64b827b30ede6c78f8.json"",""locator"":""display: complete published JSON baseline; contextual segmentation review only"",""checked"":true,""sha256"":""41a6a390c1b0fce4d67b0197d081b326ec8c73ddb3072930edd0315d763aae12""}]"	ec8e5d2ee427f2a56b2f8077fa5ef188861aedcbbbbc1491fae0936a4bc4274e	4d7b31418954b455db7398797f465b1bfde2e2f5f41df79a0ab893e3dd0bc366	295	1	0	json;immutable_fields;text_consistency;content_evidence;revision_replay;idempotence	时尚Such measures第二段含impinging，与22题对应；农村National Trust第二段、政党第三段与题号一致，southern/Portugal跨页接续。CSR三效应同第二段、FCPA同第三段、lenient第四段对应33题。时报it’s/excessive同句，Peretti建议、Netflix、legacy及loyal customers按主题分段，末引语保持连续。形象升级41—45空白标题各自独立；心理健康for/ourselves同句，保留能力、自信、创造、常识四个主题长段。飞房flew及无关末行文字不校勘。 修后复核将Peretti says与Overhead建议同段，使legacy product及忠实读者对应38题第五、第六段。
1028	public/kaoyan-english/lessons/e1/e1-2017.json	kaoyan-english	e1-2017	2017年考研英语一真题	passed_edited	Codex	2026-10-07T08:20:43+00:00	"[{""path"":""content/article-review/history/6fe247ca4beaca15f6fe1e96f87878d641405ab461008178e386a63139d7ddff.json"",""locator"":""display: complete published JSON baseline; contextual segmentation review only"",""checked"":true,""sha256"":""94e298b2db5316095a31921ef64e1359245eecd1c75b0eb0effb6027d00c59ee""}]"	d70ddfc68385508ef625657e2b9573b0e015dbbb4b6e14bca519231cd22ea205	0897b6c09fe2daa485a15778579d70ce04fcab1d598ad86d13255a3afd22073d	188	1	0	json;immutable_fields;text_consistency;content_evidence;revision_replay;idempotence	安检Enhanced接第三段、Another接第四段，PreCheck为第五段对应23题；价格与Upcoming建议同段。夏威夷Star watchers接第一段，天文文化为第五段匹配29题。GDP贫国数据与This lesson同段；廉政Merely保持独立，使court did第四段对应37题。Good governance接平等价值段。英语46接首段转折、47接第二段研究评价，British/counterparts跨页同句。非空白文字不改。
1029	public/kaoyan-english/lessons/e1/e1-2018.json	kaoyan-english	e1-2018	2018年考研英语一真题	passed_edited	Codex	2026-10-07T08:20:55+00:00	"[{""path"":""content/article-review/history/48e1fe51e8427e847592478e0e83f5e8f430e0456e01897d199ce2433650e496.json"",""locator"":""display: complete published JSON baseline; contextual segmentation review only"",""checked"":true,""sha256"":""3bac5d9b2109e10521a3722a88715377b9b6d89feb11467b144e17996ad1ccc3""}]"	244e22f8c9238049de28cfc3912e63adde1c5ef8f2b6a7295cef95dfa49e0318	48eed73a4dd3d16c3e75483954330befa5b2ac46bc5f5034564c7a19684e6d82	210	1	0	json;immutable_fields;text_consistency;content_evidence;revision_replay;idempotence	自动化首句next/presidential跨页接回，Starting接冒号句。DeepMind But distinction接第二段符合33题。USPS Fundamentally另起第二段对应37题，末尾emerging consensus为立法评价独立结论。EEOB D人物说明、E姓名跨行接回；戏剧literary or/farcical、pit/and Marlowe续完整句，三大历史段保留。beer up、dugs、ANSEWER等原文字不校勘。
1030	public/kaoyan-english/lessons/e1/e1-2019.json	kaoyan-english	e1-2019	2019年考研英语一真题	passed_edited	Codex	2026-10-07T08:21:14+00:00	"[{""path"":""content/article-review/history/578630c2aa6a188b8a600cc66b1d990ed094afd5a0c4443cceb7474c00f5577d.json"",""locator"":""display: complete published JSON baseline; contextual segmentation review only"",""checked"":true,""sha256"":""b477e64aea71036d5b889a99afe00eaba9f8affc3d1a8e9b499317d4a2add3f1""}]"	15d14c42159a5373ca551595193c2494992a39ba6b617d4c11a4545d8a33b8a6	3ac1d28e784887b91081e5afa66da295345f74cbb4f164efdfefd1ff9f9ec2e9	134	1	0	json;immutable_fields;text_consistency;content_evidence;revision_replay;idempotence	导航Which接两问冒号、Trail blazes接痕迹段；Grade末句colleges’/incentives续同句。争论D的would be/almost跨页合并。科研正文首46接举例段，50science is/both跨页合并；后附46—50为独立题句全部保留，不去重不挪序。金融七段、AI九段、网购税七段原主题边界保持，Untimely、Big-chair等文字不校勘。
1031	public/kaoyan-english/lessons/e1/e1-2020.json	kaoyan-english	e1-2020	2020年考研英语一真题	passed_edited	Codex	2026-10-07T08:26:09+00:00	"[{""path"":""content/article-review/history/78e7047b1a58717f3d8c282488c6682cb20b12ae9b27cd95470779799595d09f.json"",""locator"":""display: complete published JSON baseline; contextual segmentation review only"",""checked"":true,""sha256"":""69242272277368588e0e280b19d7f49c492f5b43a643a979b48f32eea9e78443""}]"	8dbf24e8f0e25047fb6673bc246d404db2bb7fb5d92579d5f0073a11eb9bb3e3	e7b18b6b8acbb54b86193d6654d44cb90355f46b2199def9ab98c10131152d44	171	1	0	json;immutable_fields;text_consistency;content_evidence;revision_replay;idempotence	文化城镇Britain’ town并入首段，Some might为第二、It is also为第三，对应22/24题。配额A pair及Haddad同事例，important/policy同句，Catalyst证据与问题同段、Norway与Writing事例同段。数字税两个近重复Macron段原顺序均保留（因此39题Para5引用和实际段序有出入，不删除校勘），Both France接OECD。眼神开头对照同段，A—G与各空标题独立；39的[Al原字不改。
1032	public/kaoyan-english/lessons/e1/e1-2021.json	kaoyan-english	e1-2021	2021年考研英语一真题	needs_source_check	Codex	2026-10-07T08:26:21+00:00	"[{""path"":""content/article-review/history/5ba9bc5d4ea27b257c296bcacef9d2d9ead147c1a62467cc680da9678b9c7746.json"",""locator"":""display: complete published JSON baseline; contextual segmentation review only"",""checked"":true,""sha256"":""11dabfef5935beff44b549d22db4090ef7401335e66e3ee99c7522d3f1be1030""}]"	f236c7cfc4518d1c10824cb73e74b659f643182eb9c4823b1609905383be7395	3eea8a159bc4f6f1e45a8645a8f90318953e8092abb7032efda0d387258cd97b	123	1	0	json;immutable_fields;text_consistency;content_evidence;revision_replay;idempotence	只接Indonesia首段One reason、照片Spontaneous句及招聘引语；独立AI五个小标题、原位置的五占位符和选项。全文原有缺词和hundredor-so等不校勘。保留错序结构并明确未解决，绝不按记忆移题或补文。; 原blocks[0..3]完形Section I及游离数字后置；阅读Directions从block2的Mark your到block3的answers之间被完形13—20及Section II/Part A隔断。须重排才可接续，本轮原序保留。; 原blocks[3..8]四篇阅读Text标题后置，23—25夹入印尼正文；26—30及Text3夹断Victorians had fun and/could首句；33—35及Text4夹入网络中立正文。跨题边界需重排解决，本轮不移动。; 原blocks[9..10]AI正文五填空位置被集中为文末(41)—(45)中文占位符；C选项advertising funds/will yield best results被整篇高教翻译正文隔断，且PartB Directions前置插入阅读36题前。无法仅改变空白恢复各题结构。; 原block10高教翻译46—50五题句从对应正文抽离并集中在PartC后，正文rate of growth: / Second及within three or four years, / And if等出现缺位；其间又插有PartB选项。需恢复顺序方可接续，本轮保留独立题句。
1033	public/kaoyan-english/lessons/e1/e1-2022.json	kaoyan-english	e1-2022	2022年考研英语一真题	needs_source_check	Codex	2026-10-07T08:26:30+00:00	"[{""path"":""content/article-review/history/f2e2c9cfc000b63d049f39a2fb3d3153f65e9b92d1807d425e9ee9180876e9d6.json"",""locator"":""display: complete published JSON baseline; contextual segmentation review only"",""checked"":true,""sha256"":""43b14925e1031222471596d068d65383e627f9ad1a0fc996fe6d9c95892acb69""}]"	5bcbb58fcfdc47f800cace992bac26cb7f0f509d420e6a90bdac5cb11595768e	bed2511bc781858621e0dd666c7574af8b320371adc9580dfe46d43140203783	118	1	0	json;immutable_fields;text_consistency;content_evidence;revision_replay;idempotence	塑料引入和But some合为第一段对应21题，Museums接损伤结果；经理人But provisions/As countless/Consequently为第三论证段对应37题。其他错序原位分界，未重排或填缺。CAYS、highearning等原文字保留。; 原blocks[0..3]Section I及游离数字后置，阅读Directions的Mark your/answers被完形13—20和Section II/Part A隔断；不能靠空白接续。; 原blocks[3..8]Text1—4标题均错置；22—25及Text2夹断Postgraduates more than/graduates；26—30及Text3夹断artists and/researchers；33—35及Text4夹断employers are more/cautious。恢复阅读段需重排，保留待确认。; 原blocks[8..10]动物园Directions被36—40打断；五个中文占位符41—45集中在John Fraser姓名之后而非各人物边界，A—G选项与五人正文间插入密码战翻译主体。原位保留不猜空位。; 原blocks[10..11]密码战46—50抽离正文，48应接History meant that的续句后置；49在intelligence/officers处被正文末段及整套51—52写作隔断；Section III/PartA/PartB后置于翻译50后。句段恢复必须重排，非本轮空白修改范围。
1034	public/kaoyan-english/lessons/e1/e1-2023.json	kaoyan-english	e1-2023	2023年考研英语一真题	needs_source_check	Codex	2026-10-07T08:31:38+00:00	"[{""path"":""content/article-review/history/1c256d9b4ed386b43ce57b40089612bfb9b708e1138553a5ed03d125d4eecbcd.json"",""locator"":""display: complete published JSON baseline; contextual segmentation review only"",""checked"":true,""sha256"":""fba0bb88e621b83882fe464b16b8b22348e78e76b6dd62204b720a727918549c""}]"	6e8091096d4148289d9bff063aa2a562e727f9943f079cdc2f9524f2d94f67d4	2368b330e9e1db1768477f8fba72f1750ad095adb275d0bf57a2f9f9f23cc423	115	1	0	json;immutable_fields;text_consistency;content_evidence;revision_replay;idempotence	气候Most scientists另段使研究为第五段匹配23题；短租Short-term rentals另起Hom第五段匹配29题；图书bit/the same同句、In meantime独立作者影响段，Lownie引语连续；引文操控冒号后when接回。驿站空白编号脱位不补写。严重错序均保留原位置，不把扫描当复核。; 原blocks[0..2]完形Section I和游离编号后置；12—20题选项与Section II/PartA/Text1夹断气候Even if a state is considered a/high performer。须重排才能接回原句。; 原blocks[2..5]21—25/Text2夹断短租there’s an/increased urgency首句；28—30/Text3夹在PRH正文和末段Lownie引语间；科学引用首段提前到31—35/Text4之前。各篇阅读题文顺序需重排，空白操作无法解决。; 原blocks[7..8]PartB Directions插在阅读39题前；黄石F选项a fuller understanding of the/Yellowstone River region被顺序框和整篇AI翻译主体隔断，G/H选项又在译文之后。原序保留待重排。; 原blocks[8..9]46—50译句全部后置于PartC，未嵌回AI正文；50的delivery of the/marketing messages被51—52写作全题隔断，SectionIII/PartA/B后置。需要非空白顺序调整，本轮不猜补。
1035	public/kaoyan-english/lessons/e1/e1-2024.json	kaoyan-english	e1-2024	2024年考研英语一真题	needs_source_check	Codex	2026-10-07T08:33:38+00:00	"[{""path"":""content/article-review/history/8e2716589e0af6248caa7ff84e3d5ba612b44cd175ab8bc1246756bb9fcb0237.json"",""locator"":""display: complete published JSON baseline; contextual segmentation review only"",""checked"":true,""sha256"":""157c4c2be4179830f5b80c27df669798801fa1d81e192f2068e36f3f43fddac3""}]"	6e793bc055d526ac9040fbcafbd5cb5a7d501f21222b5b8672547e9fae8e5b7a	5f2b2526cbcceb0edfbec9bb7373a79d6be6d9738b8115329376d3dcc6861dac	149	1	0	json;immutable_fields;text_consistency;content_evidence;revision_replay;idempotence	钉子Nails themselves与Roman lamps合为第五段，与24题定位吻合；群体养育Swanepoel与In Germany同段，使intensive mothering处为第四段，与28题吻合。；AI文Other artists开启从Rutkowski转其他艺术家的讨论；湿地Perhaps some为前问回应，合于前段；文物Victor安全反例与Climate Change例同段，保留五位评论者。；完形丢失空号、pressuresensitive、64,000square、占位符及Part标题迟置均原文保留，不校字。; 原blocks[0..3]完形/阅读说明：Section I及空号数字在完形后，阅读说明Mark your与answers间插入13—20选项和Section II/Part A；只能原序分段，不能移回。; 原blocks[4..8]阅读题页界：22—25及Text2切断养育It found that infants/had an average；33—35及Text4插入湿地正文；Text1迟在钉子全文后。需重排，保留原序。; 原blocks[8..10]文物评论：Hannah的cultural/heritage被36—40和PartB/41占位符切断；42—45均在Julia后，G选项插进51邮件how to/prepare间，跨越翻译内容。; 原blocks[10..11]翻译与写作：46—50集中迟置于51邮件中断处，SectionIII/PartA又在邮件续文前；按现有顺序保留各片段，不能仅空白修复上下文。
1036	public/kaoyan-english/lessons/e1/e1-2025.json	kaoyan-english	e1-2025	2025年考研英语一真题	needs_source_check	Codex	2026-10-07T08:36:11+00:00	"[{""path"":""content/article-review/history/d5ef387529bf18e750402ab42807558b7f4635e06a515a23334784de3336b87d.json"",""locator"":""display: complete published JSON baseline; contextual segmentation review only"",""checked"":true,""sha256"":""3ca12050c37397fd7001829c6f6f01151d2168be6e8856994966dd0423e33864""}]"	9769b03bb249748fbbf503500ddc4f157c0d03bfb86d913c7002ee8990e89a33	6d693923b656e886ae26272fb582b05bdaf06873118679be3c41b8555d2bcd24	148	1	0	json;immutable_fields;text_consistency;content_evidence;revision_replay;idempotence	莎剧保留七个多句自然段，O’Hanlon情感解释与研究结论连续；能耗研究Every day与Established合为LUMI实例一段，最后两段定位与29题相合。；盗版MPA引语及后续成立ACE同段，不逐句切；数字档案第四段Even when与As technology连为对象/格式例证。；公众科学正文、46—50与来信均完整保留；丢失空号和漏空格只作原文备注，不补字。；修后复核发现翻译说明与蝴蝶A续文on/challenging仍同块，进一步分离两种内容；原序和缺失接续仍列issues。; 原blocks[0..3]完形阅读过渡：SectionI/数字迟置，Mark your/answers说明被13—20及SectionII/PartA切断，不能仅空白回接。; 原blocks[4..8]阅读跨页：22—25及Text2插入科学奖One of/the past winners；33—35和Text4插入数字档案末段前；Text1在莎剧文后，保持原序待确认。; 原blocks[8..10]蝴蝶排序与翻译说明：蝴蝶A的even more/challenging被41—45排序和翻译Directions切断，翻译Write your answers on/the ANSWER SHEET间夹全部蝴蝶选项及PartC。移位超出本轮。; 原blocks[10..11]公众科学翻译：46—50从正文抽出集中在51来信后；正文They’ve与These groups前指代所需句迟置，SectionIII/PartA亦迟置。无法靠空白恢复原文章顺序。
1037	public/kaoyan-english/lessons/e1/e1-2026.json	kaoyan-english	e1-2026	2026年考研英语一真题	needs_source_check	Codex	2026-10-07T08:36:20+00:00	"[{""path"":""content/article-review/history/b2ba8aac305c888b6b332166781fd0b1d163d6e19689c5eed46c8f8270e3e925.json"",""locator"":""display: complete published JSON baseline; contextual segmentation review only"",""checked"":true,""sha256"":""bd11f5b783433b755d396db0b1f70c103e7d97d08cd84b61187cc363f372c48c""}]"	2f1b3287e3840a3ddcb1d1ec3a1675467507a7ea2c61b92f2e0f50345a0ee797	e4251e0483871d2e2f9c1e906c0e3c8bea2a569906e9f74799cc40c1715e97ea	121	1	0	json;immutable_fields;text_consistency;content_evidence;revision_replay;idempotence	广播Opening this week为展览背景第二段，There’s fun及A woman同为第三段，By and large第四段，But radio’s enriching第五段，A hundred years第六段，对照33/34题定位复核。；火灾The fact/Instead/They rid合为第二段，与37题一致；Martin对灭火评价和Yosemite计划燃烧实例分段。驴研究DNA引语和207基因组方法分段。；完形漏空号、techshattered等原样保留；没有以外部资料恢复字词或题序。; 原blocks[0..3]完形阅读说明：SectionI和空号数字迟置；Mark your/answers被13—20及SectionII/PartA隔开，需重排才能还原。; 原blocks[4..8]阅读篇序：23—25及Text2在好莱坞结论前；广播第一段在26—30前，而Text3在题后；34—35及Text4在火灾全文后。原序保留明确内容段。; 原blocks[8..10]阅读排序与翻译混排：阅读B的they might/pick up之间插入排序框、翻译说明、科学素养两段；科学素养1945, a/time when间插入B续文至H、PartC及46。只分开异文，无法空白回接。; 原blocks[10..11]科学素养与写作：47—50集中在作文1—3要求后，SectionIII/PartA/B也在此迟置；翻译段内所需句及作文末指令被隔开，需改序待确认。
1038	public/kaoyan-english/lessons/e2/e2-2010.json	kaoyan-english	e2-2010	2010年考研英语二真题	passed_edited	Codex	2026-10-07T08:36:29+00:00	"[{""path"":""content/article-review/history/9cbddab48a4086d397e813d41502b152d3d0d03c1dd84dfdfb6c037eaf2fa66e.json"",""locator"":""display: complete published JSON baseline; contextual segmentation review only"",""checked"":true,""sha256"":""3a7acb695fa2947c0e5f532409ae70f61aae77e6925fb90a29912b632e4bdfca""}]"	decf89e81ce0920b763e944547ba7f3440e3d1cdb57e44d54400d34e3e3a7654	5d9c0b69a5e46b28b7e472cee7e0f3d17198b5ec6e3414e56ff9404f64a0ea93	177	1	0	json;immutable_fields;text_consistency;content_evidence;revision_replay;idempotence	陪审团直接民主定义接第一段，Although最高院判例接第二段；仿鸟文章Both Boeing/Their clever同首段，安全问题与Would passengers同段。；论坛页脚完整保留为独立块，不删文字；题23及28选项跨页继续独立保留。Text2/3/4与前题D及正文原黏连均分离。；原文chewing gun、I as Vegas、sustainabilityoriented等文字问题不校勘；未发现需改序或缺失续文的边界问题。
1039	public/kaoyan-english/lessons/e2/e2-2011.json	kaoyan-english	e2-2011	2011年考研英语二真题	passed_edited	Codex	2026-10-07T08:36:35+00:00	"[{""path"":""content/article-review/history/e9d50051b2bf80566ce464d91d660aded551d8333dfadb3369fe1aed49dcccda.json"",""locator"":""display: complete published JSON baseline; contextual segmentation review only"",""checked"":true,""sha256"":""8a56e4f4481d0a98e50392bdc635c31b9a40865f2a44823ec45e029b30ed52cb""}]"	340179b5db7db33295da9291152188886213e8a60d0ca94f051305840c3326fd	99bce81f767b014d38a22715495320d638642ba747ca676c0bd19ea157e92f17	167	1	0	json;immutable_fields;text_consistency;content_evidence;revision_replay;idempotence	住宅We tend/But when同首段，During第二段，Economic condition第三段符合32题Bauhaus定位；Mies湖岸公寓But they承接例证。；外部董事研究结果之后Although为限制相关性解释，独立自然段；报纸German/Even American及OECD/In Japan两组比较各保持段内。；匹配题原左右栏交错，逐个题干与A—G选项独立显示，保留原顺序；论坛页脚不删。drive’s、Chang for Life等文字差异不改。
1040	public/kaoyan-english/lessons/e2/e2-2012.json	kaoyan-english	e2-2012	2012年考研英语二真题	needs_source_check	Codex	2026-10-07T08:36:43+00:00	"[{""path"":""content/article-review/history/d53d3c213f3d340ae068fed3b922b96b60aedee713936e90f6bf440ec7e15c39.json"",""locator"":""display: complete published JSON baseline; contextual segmentation review only"",""checked"":true,""sha256"":""226a22b3d6bd9df77a33a71d1da5e02ba93d0b748f96f9891916e94afca860bf""}]"	08a17d7cd6a776861a065bcb7416d47e47135f6e9bed16f8240438934c342c2b	2f92e2372604b7d873a90e5cee56a3b4733c051f31f99a27615edbcf501de708	173	1	0	json;immutable_fields;text_consistency;content_evidence;revision_replay;idempotence	粉色史Children were/When nursery合为第二段，I had第三段，Trade publications第四段，与27和29题定位相符；基因判决与CEO回应同第二段，末Each meeting位于第六段对照34题。；中文工作满意度表三个年龄行独立，所有百分数原样；历史人物配对左右栏拆块但不改顺序。；原文wrong forms和年代等文字问题不校勘，所有论坛页脚保留。; 原blocks[4..5]Text4第三段：The Moral Consequences of Economic与Growth之间插入完整论坛页脚。书名及句法明确连续，但保持非空白顺序且保留页脚时无法合回完整句，续文原序单列待确认。
1041	public/kaoyan-english/lessons/e2/e2-2013.json	kaoyan-english	e2-2013	2013年考研英语二真题	passed_edited	Codex	2026-10-07T08:36:51+00:00	"[{""path"":""content/article-review/history/0931f06f76d93fbdca1bf98a1a69a93f9f3a6f1dfeb49a3c7be1ec103bbff38c.json"",""locator"":""display: complete published JSON baseline; contextual segmentation review only"",""checked"":true,""sha256"":""baaff630687dffa520fcd36106bd26bc919eccaedc36965331e027b2e45f8fb9""}]"	f79e52e1c9ea98d21eb3ba2efe9d5bf2aebd03855dfd260e631aac2ec1ad3666	90a1cc2276cd21f29695e9c5dc0ad7f2392541bbb7cae97a8257836d7a396d02	173	1	0	json;immutable_fields;text_consistency;content_evidence;revision_replay;idempotence	六段就业文章保留题22第三段和题23第四段对应；候鸟移民五段、快速反应六段保持论证顺序，不按句号拆段。；预算开头Tony经历及长引语保持完整段，各41—45空位独立，Stop laughing后为冒号续句并回原段。；原文telecornmunications、cam interest、arc、doges等不改字；无46题号原样保留，无未明句段接续。
1042	public/kaoyan-english/lessons/e2/e2-2014.json	kaoyan-english	e2-2014	2014年考研英语二真题	needs_source_check	Codex	2026-10-07T08:39:24+00:00	"[{""path"":""content/article-review/history/e739518796c68722f11efaeeae4b31a722b05a0996061c4dcbcaaf676dc9e6ab.json"",""locator"":""display: complete published JSON baseline; contextual segmentation review only"",""checked"":true,""sha256"":""e62381f1ecb3408541d7b2442219fe0835bab57b25dc5c047d2987638a9085a6""}]"	989b80242d3de45988a8131abd8bc9a04bc77e57596d77d2010442c0e9b98141	a8fd69644ef2d3c55eaa00e1c89affe818da8c91f44e0bc0587f181c5a298a53	176	1	0	json;immutable_fields;text_consistency;content_evidence;revision_replay;idempotence	彩票首段If she为Gloria引入续句，合并使McRib第三段与23题一致；旧物后regret是分号句内续文。肥胖3号空为前例并列，BMI分类与Some people例证各回接本段。Land Art七天行走例与British Land Art as shown结论分段；配对左右项分开而保留原序。自我美化文多处语词/引号异常只保留原文，不进行校勘。; 原blocks[2..3]Text3首段：think we are与right now之间有完整论坛页脚；明确句内续接但不得删/移页脚，只分出页脚与续文待确认。; 原blocks[3..4]Text4第二段：so it is inevitable that与the attention is focused elsewhere之间插入论坛页脚；保留两侧片段，非空白顺序限制下无法接回。; 原blocks[4..5]Land Art开篇：beyond the traditional与confines of the studio间有论坛页脚；需调整非正文文字位置才能恢复句子，本轮不重排。
1043	public/kaoyan-english/lessons/e2/e2-2015.json	kaoyan-english	e2-2015	2015年考研英语二真题	needs_source_check	Codex	2026-10-07T08:39:35+00:00	"[{""path"":""content/article-review/history/64775967c8a8e8ae87c08b6e50d77cc6e0f47db0923964dc42005edca74c0c85.json"",""locator"":""display: complete published JSON baseline; contextual segmentation review only"",""checked"":true,""sha256"":""bee2817a25c010ff4b9996bfbd75978328cf6597a814898dba8047ff084535b1""}]"	8def42de76a5c6744887610873c453cab1ee63b1bf96a497376b175b1d18f5d1	b7ef32ab2c5530f6d1ce5953f891552ab5e597bc92ffdc7850cddfb24740ebb0	178	1	0	json;immutable_fields;text_consistency;content_evidence;revision_replay;idempotence	家庭压力首句和Researchers同首段，What the study及For women同第三段，But it’s not第四段符合24题moola定位；第一代大学生Because U.S./colleges引语完整回接。办公术语Koehn引入与Let’s not引语同段。困境42段论述保持完整，45后续When you是自我决策的新段但仍属同一节；熟路This is说明及The effect机制合第二段。所有字词与页脚原样，不补误字。; 原blocks[3..4]Text4首段：the economy is creating与jobs at a decent pace之间插入论坛页脚，句法明确连续但非空白顺序约束下不能跨页脚拼接，保留断片待确认。
1044	public/kaoyan-english/lessons/e2/e2-2016.json	kaoyan-english	e2-2016	2016年考研英语二真题	needs_source_check	Codex	2026-10-07T08:36:58+00:00	"[{""path"":""content/article-review/history/7ab38cb2a264e32129f54388559ca2773dcacbf8dcc74532faacef2f7c0cb27c.json"",""locator"":""display: complete published JSON baseline; contextual segmentation review only"",""checked"":true,""sha256"":""ea94c1cbe82a6d82747ae6bb1dc47364c9a611bff8b9bd857c216e0c4d5834ae""}]"	630935cedcc716264160df6b879cce28d30e895b9f812da734594e7d589f6563	1f6036f65e68ab36c1cb2dc61646b77025e50ceb6fe2c7b9deb53b536d6bf119	174	1	0	json;immutable_fields;text_consistency;content_evidence;revision_replay;idempotence	幸福与企业投资、编程教育、草原鸡保护、深度阅读时间、代际成功标准、儿童幸福建议及超市消费译文已全文核对。原拼写/缺字/标点疑误留原样，网址和题号不删。; 原blocks[3..4]Text4 two parents working与outside the home间夹www.bjcugb.com北地论坛页脚；原blocks[5..6]超市译文the与more you’ll buy间也夹该页脚。已隔离页脚，不能不变更字符顺序接回两句。
1045	public/kaoyan-english/lessons/e2/e2-2017.json	kaoyan-english	e2-2017	2017年考研英语二真题	passed_edited	Codex	2026-10-07T08:39:42+00:00	"[{""path"":""content/article-review/history/21f0ccc2507744eddb3ae92117b08a0e44caec784e7fdc26fb11e4c6baa71659.json"",""locator"":""display: complete published JSON baseline; contextual segmentation review only"",""checked"":true,""sha256"":""5c74fbf8fc8e9902164a4e260003366119ccf51320f59f31c191414c7029bcf1""}]"	aa87bdcc833a8074d9f7abaf76157a424e0456b2da7d60f656b1f9509924f1c6	abd530e38b8742c63a74f4ec679a9ca8ab3fbe40f934edd40a648bedc4998be2	170	1	0	json;immutable_fields;text_consistency;content_evidence;revision_replay;idempotence	审核失业未来完形、Parkrun群众运动、家长屏幕、间隔年、野火、制造业招工、时尚传媒译文及答案。接回rising rates、Parkrun phenomenon、by contrast、fantasized very white、academic pursuits、help prevent、Mr.Dunwell和中文时尚领域句；分离Julie Parks转话题、试题标题选项与答案标题。原字词疑误不作校勘，保留多句自然段和答案题号。 内容备注：48题未提供具体题目或图表文字，现存指示句及Part B/参考答案界限完整；属内容缺失，不影响现存句段边界。
1046	public/kaoyan-english/lessons/e2/e2-2018.json	kaoyan-english	e2-2018	2018年考研英语二真题	passed_edited	Codex	2026-10-07T08:39:52+00:00	"[{""path"":""content/article-review/history/5dd13f39cbf69b9fb72697575b97f0a5670b59d64d390380d4e3b88573470308.json"",""locator"":""display: complete published JSON baseline; contextual segmentation review only"",""checked"":true,""sha256"":""9e31a5c806fe835c509eea61ddeaf8fa476ec0984390f39c47c900d414904d9a""}]"	2da84341ab61193e87538b809d79a6a49863f8f216e18f6c06accfce4f6bb5cd	26225e1fca6c0bda6605dd4008bc473ed5c9fbeeb4249a75c953bbfe88569b2c	100	1	0	json;immutable_fields;text_consistency;content_evidence;revision_replay;idempotence	逐段检查好奇心完形、职业教育、可再生能源、数字巨头、深度工作、陌生人会话五技巧、盖茨阅读及邮件/餐厅图表作文。拆页眉旁章节正文、选项及41—45小标题空行；合职业教育经济解释、深度工作引语归属、匹配说明分值。保留完整多句自然段、页码、原文字和图表标题，不补充缺失图表数值。 内容备注：48题只有餐厅关注因素图题，未提供图表数据文字；现有题干、分项要求与图题边界明确，属内容缺失，不影响现存句段边界。
1047	public/kaoyan-english/lessons/e2/e2-2019.json	kaoyan-english	e2-2019	2019年考研英语二真题	needs_source_check	Codex	2026-10-07T08:37:05+00:00	"[{""path"":""content/article-review/history/5a00b338346cab61e2ab075a54c6d44d5e6fac286bba1414017454fe7b2ba42d.json"",""locator"":""display: complete published JSON baseline; contextual segmentation review only"",""checked"":true,""sha256"":""ed97a83f4c55432eacbbf09fab5692e831810a893aff177c591c47a9063a83d6""}]"	43659de6cf6bcda3f2231a0c90647246670f0009fb7a93231bc79e4b8953f55d	4ffda0fa3ab18dfbfad4dd5e775f8511a3fb11a7abf5ccd74ad698f4dcba47c3	159	1	0	json;immutable_fields;text_consistency;content_evidence;revision_replay;idempotence	称重习惯完形、内疚心理、森林碳汇、农场劳动力、塑料政策四阅读，购房儿童意见匹配及Herriot译题均已通读。保留小数、缩写、网址和引号内容；题表姓名与选项分开但不改变交错顺序。原文字疑误保留。; blocks[10..11] 匹配篇their/real estate knowledge之间插入英语（二）第12页页眉，保持非空白原序无法完整接句；仅隔离页眉及续文。
1048	public/kaoyan-english/lessons/e2/e2-2020.json	kaoyan-english	e2-2020	2020年考研英语二真题	needs_source_check	Codex	2026-10-07T08:37:12+00:00	"[{""path"":""content/article-review/history/5556bf9f9007daed0908159d41bd198bebc8c2a81e8b22b29e6a810c512437c5.json"",""locator"":""display: complete published JSON baseline; contextual segmentation review only"",""checked"":true,""sha256"":""7a8abe79a4b2fced368fe683957bb63a6c7344626318452369825176037c86bf""}]"	ae8bddc809b52fdeb35503f326eb18fb8d50ff1542197d801b4632c01bebabc1	ae87601f09427324b3aa63d104a94e4e1d4ec52351e4e3df700ab91a4cb43537	146	1	0	json;immutable_fields;text_consistency;content_evidence;revision_replay;idempotence	通读耐心育儿完形、机器鼠互助、CEO薪酬、马德里空气政策、Z世代、办公室相处五建议及失败译文。保持题内字词及数字原样，只调整明确边界。; blocks[0..2]完形编号缺位，3 4 5 6 8 9集中于正文后，Section I后置；无法仅靠边界恢复题序。; blocks[3..8]阅读Text1—4标题后置、下篇开头穿插前篇题目之前；PartB说明插在36—40题前；保持原字符顺序不能完整归位。; blocks[8..9]匹配题42—45占位符集中在全部正文后，不能不移动字符恢复对应位置。; block[10]Section IV及Part A/B标题在作文任务后方，保留原序待确认。
1049	public/kaoyan-english/lessons/e2/e2-2021.json	kaoyan-english	e2-2021	2021年考研英语二真题	needs_source_check	Codex	2026-10-07T08:37:19+00:00	"[{""path"":""content/article-review/history/41094c45e3f3fb4a38765ca7b35687e9fd10dcfd457addc0b640914887220643.json"",""locator"":""display: complete published JSON baseline; contextual segmentation review only"",""checked"":true,""sha256"":""6ed65af2b479f1cab705f31036b67e5b7cc03bc799061a87b157737b3b3c895f""}]"	7f6edd8232094ea864e8efb4b652644b4bfa06ee96f94a49cebe373d728db525	df169b2d10b403c9018ca49ce3e8d269fdd4084bfcea1e5c0e0b229f9794b9a6	154	1	0	json;immutable_fields;text_consistency;content_evidence;revision_replay;idempotence	绩效指标副作用完形；再培训、英国粮食自给、科技收购、直觉四篇阅读；向上级表达异议五建议；陌生人社交译文均全文核对。保留原始缺空编号和重复写作指示，不文字校勘。; block[0]完形数字6 7 9 10 12 13集中在末尾，正文对应空号缺位，不能用边界修复。; blocks[3..8]标题后置及各篇正文与前篇题目交错；尤其block4 occupied by和block5 arable fields之间插入22—25题及Text2，不能不改原字符顺序接句。; blocks[8..9]42—45占位符集中在匹配正文之后，不能确认原对应边界。; block[10]翻译及写作章节/Part标题集中于全文末尾，无法仅靠边界归位。
1050	public/kaoyan-english/lessons/e2/e2-2022.json	kaoyan-english	e2-2022	2022年考研英语二真题	needs_source_check	Codex	2026-10-07T08:37:28+00:00	"[{""path"":""content/article-review/history/951b52b5569d899d654666e7279e630d20ba25e4dfabf7e0ede5bee44a144fe0.json"",""locator"":""display: complete published JSON baseline; contextual segmentation review only"",""checked"":true,""sha256"":""7cf4446692278849da14cff1e04c7127f503aa9345c281e7799e1e04ff39e763""}]"	8a8243d4937a5ef257b99a28fd61398c2d1d7da3f83043c09457a095c54175ec	f6bfcba3bc862a6eb5fb7b655d27256a23b91aadb1f8e734acf21770f94c4e66	141	1	0	json;immutable_fields;text_consistency;content_evidence;revision_replay;idempotence	写作时间管理完形、再生农业鸡蛋、退休返岗、暗黑设计、伦理课堂肉食实验、恢复锻炼五建议和绘画失望译文逐段核对。明确主题变更处分段，不改变数字、缩写及原文疑误。; blocks[0..2]完形空号脱位，阅读Directions在完形13—20题之前，Mark your与answers被题选及章节标题隔开。; blocks[3..8]标题后置/下篇正文提前，与前文试题交错；退休文they are/doing this、暗黑设计difficult/to cancel、锻炼文PhD a/faculty member等被前篇题干隔开；字符顺序限制下不能连回。; block[9]41—45占位符集中在五建议正文之后，不能仅靠分段安回。; block[10]翻译、写作章节及Part A/B标题集中篇末，保留原位置待确认。
1051	public/kaoyan-english/lessons/e2/e2-2023.json	kaoyan-english	e2-2023	2023年考研英语二真题	needs_source_check	Codex	2026-10-07T08:37:37+00:00	"[{""path"":""content/article-review/history/9a4fe12e3e6c8c73b6468e7132aea91c6682e9efd30b5dd54afbb263f8e39db3.json"",""locator"":""display: complete published JSON baseline; contextual segmentation review only"",""checked"":true,""sha256"":""5620282b2f87c403457e421eda6098906622a323848fa4f754af10d779d40bdb""}]"	18320c3da2d6c08e7159da371fb12b4fb336624e181d1522ed06fa0415d37959	288df2ba6de3be3494d7454dc1b91598feed16c0fb01071088fdc92f871c6587	154	1	0	json;immutable_fields;text_consistency;content_evidence;revision_replay;idempotence	增长团队完形、塑料草坪、国家公园经费、互联网记忆、青少年矛盾性、零碳建筑费用匹配以及诗歌译文均检查。保留自然段多句、引号、小数年份及原有文字符号。; block[0]完形8 9 13 14 15 16数字集中正文之后，无法分段复原空号位置。; blocks[3..9]阅读标题后置且下篇正文与前篇题目穿插；记忆文Half of the/participants、青少年文adolescence/and then、建筑规则energy efficiency and/heating等续句之间夹前篇题目，不改变字符顺序不能归位。; blocks[10..11]Section III/IV及PartA/B晚于译文和小作文，章节错位待确认；匹配题姓名和选项原本按表格左右交错，仅隔离不排序。
1052	public/kaoyan-english/lessons/e2/e2-2024.json	kaoyan-english	e2-2024	2024年考研英语二真题	needs_source_check	Codex	2026-10-07T08:37:46+00:00	"[{""path"":""content/article-review/history/781637d03e2842fedd4ffd91a541d796e776e2fb926d4d309eee5083fa58bfe8.json"",""locator"":""display: complete published JSON baseline; contextual segmentation review only"",""checked"":true,""sha256"":""7afc262f30d10fcddf43c0d16999693b74ef42454fff2b6445bdbfba8645a8e6""}]"	e551fb7aead6785d8eb093e5cfa5c22fa57fe3e947d7afb5344720c9694ce8ea	31cdf6820cdfea9685fe52d26b49b4ed30e6c0c7c3e468588d1bdd4bd8c370b6	149	12	0	json;immutable_fields;text_consistency;content_evidence;revision_replay;idempotence	全文读完社交生活完形、Coyle数字经济、英国木材、老年驾驶、健康应用四阅读、课外活动匹配、农贸市场翻译及两项写作。明确分出数字化改善生活段、木材条件及原因段、木材结尾混入的老年驾驶开头、课外活动专业匹配段，农贸市场买卖双方收益合成完整段。题目选项逐项拆开且保留原字符顺序。完形缺失空号仅字符旁注，不补字；无法靠空白纠正的跨题错序详列issues。; blocks[0..3]：Section I标题及孤立数字3 4 5 6 18 19出现在完形正文之后；阅读说明Mark your与answers之间插入完形13-20及Section II/Part A，不能只改空白恢复连续说明。; blocks[3..8]：Text 1标签在正文后；木材阅读开头插入21与22-25之间，Text 2标签在开头正文后；老年驾驶开头在26-30前，Text 3后才续正文；健康应用正文插入33与34-35之间，Text 4标签后置。需要重排，不擅改。; blocks[8..10]：课外活动匹配说明及开头先于健康应用36-40题，随后Part B标签和匹配续文；41-45人名与A-G选项交织。已分离独立项目，完整连续阅读顺序仍需确认。; blocks[10..11]：Section III Translation/Section IV Writing/Part A在47题后才出现，Part B在48题后。标题归属顺序需重排，不能空白修复。
1053	public/kaoyan-english/lessons/e2/e2-2025.json	kaoyan-english	e2-2025	2025年考研英语二真题	needs_source_check	Codex	2026-10-07T08:37:53+00:00	"[{""path"":""content/article-review/history/7dd5fbbc0f15ea398b8a275595ac40ce29785870cbe242e62ba4d5e2a6c48e21.json"",""locator"":""display: complete published JSON baseline; contextual segmentation review only"",""checked"":true,""sha256"":""34674a775e85e7134703cb0092c9e07bfbeb6914af7a0825b7d9c174cb86746f""}]"	b07dd2ae85b0ffb92a8e4e354a71b4a9616f2da9abe54e13dcde518f1df777b7	b3f50c050906df9efe1a3acab81be2c605a892afb8a1166b87a9d04d3c36923e	166	11	0	json;immutable_fields;text_consistency;content_evidence;revision_replay;idempotence	全文通读求助心理完形、小费膨胀、NHS改革、印度高温计划、愿望路径四篇阅读、职场建议五步匹配、对话沉默翻译及两篇写作。合回求助研究与结果、健康社会因素说明、路径句中people(and animals)/to go及Broadway沿革；职场混合段明确按争取同事、接纳异议、尊重过去分开。拆开27选项末粘连的28题、所有选项与既有标题。完形缺词和占位文字不校改，重排问题列issues。; block0完形后置Section I和孤立数字1 2 4 5 8 9 12 13；block3阅读后置Section II/Part A/Text 1。保持现有次序，不能空白修复标题归属。; blocks4..8：NHS正文插入21与22-25题之间，Text 2标签后置；印度高温计划开头出现在26-30前而续文在Text 3后；愿望路径正文插入33与34-35题之间，Text 4后置；职场匹配说明开头先于36-40题而Part B后置。各文章和题组需要重排。; block9五个(41)..(45)中文占位符集中在五段职场文章之后，不能仅凭空白归回对应空位；已逐项分开保留，需确认正确题干布局。; block10：Section IV Writing/Part A/Part B全部位于47、48题后，不能空白恢复正确标题位置。
1054	public/kaoyan-english/lessons/e2/e2-2026.json	kaoyan-english	e2-2026	2026年考研英语二真题	needs_source_check	Codex	2026-10-07T08:38:02+00:00	"[{""path"":""content/article-review/history/8fbc0d4c2f1c9acdbf522495ef29199938b13f346fb6544d3df77c8241c81a25.json"",""locator"":""display: complete published JSON baseline; contextual segmentation review only"",""checked"":true,""sha256"":""112497048d24a34dc50200e7a773a5d729a1582fc83cef54b966d2d19b31aa70""}]"	c9258cac311517cae7b99753154c07d86fb508a906523a28fa06e1c25144dabc	bbdf0d5ed4bc92c0921bb248144e1b3e5ec9daa184803e7cd7cf922bb1d83d45	118	12	0	json;immutable_fields;text_consistency;content_evidence;revision_replay;idempotence	全文通读自尊与负面归因完形、公共图书馆服务、企业AI数据风险、意大利铁路、芝加哥社区节庆四篇阅读、森林修复匹配、穿着心理翻译和邮件图表写作。AI企业采取行动与前段机密风险分开；铁路延误频率及数据合为同段；修复研究按气候变化、土壤和修复对象分段。各题选项分开，完整多句论述保留。完形缺词及数字脱落只旁注，不改字。; block0完形正文后出现Section I及孤立数字5 6 8 9 12 13 18 19；block3阅读正文后出现Section II/Part A/Text 1。保留次序，标题归属需重排确认。; blocks4..6：AI正文插入21与22-25题之间，Text 2后置；铁路开头出现在26-30前，block5末句tourism与block6首行accounts for 10 percent of GDP.被26-30题和Text 3隔开。不能仅改空白恢复连续句段。; blocks7..9：芝加哥节庆正文插入33与34-35题之间且Text 4后置；森林修复开头先于36-40题，block8结尾and与block9开头nurseries to raise seedlings被36-40题及Part B隔开。需要重排题组与文章。; blocks9..10匹配题41-45人物与A-G选项交错排列；已分离各项保留顺序，题组布局仍需确认。; block10的Section III Translation/Section IV Writing/Part A/Part B插入48题should与block11两条写作要求之间，标题位置需要重排确认。
