baselineId	groupId	unitNo	sequenceNo	section	title	pageStart	pageEnd	extractionMode	pdfMd5	risk	status	disposition	reviewer	reviewedAt	correctionCount	evidence	notes
pepj7a-001	pepj7a	5	1	Section B	Do You Have a Soccer Ball?	52	52	text	7d7bed5769efd4d786f353da10c755e9	normal	passed	retained-corrected	Codex visual review	2026-07-22	7	content/pep-english/reviewed-corrections.json#pepj7a-001	逐行对照PDF第52页；恢复双栏阅读顺序、三个人物全文、Section与标题，重生成后整篇复读通过。
pepj7a-002	pepj7a	6	2	Section B	Sports Star Eats Well!	58	58	text	7d7bed5769efd4d786f353da10c755e9	normal	passed	retained-corrected	Codex visual review	2026-07-22	6	content/pep-english/reviewed-corrections.json#pepj7a-002	逐行对照PDF第58页；恢复导语和十轮问答的双栏顺序，修正标题、断词、标点并删除练习框架，重生成后整篇复读通过。
pepj7a-003	pepj7a	7	3	Section B	Mr. Cool's Clothes Store	64	64	text	7d7bed5769efd4d786f353da10c755e9	normal	passed	retained-corrected	Codex visual review	2026-07-22	5	content/pep-english/reviewed-corrections.json#pepj7a-003	逐行对照PDF第64页；保留完整商店广告，恢复全部价格、断词、标题与Section B，重生成后整篇复读通过。
pepj7a-004	pepj7a	9	4	Section B	Dear Jenny	76	76	text	7d7bed5769efd4d786f353da10c755e9	normal	passed	retained-corrected	Codex visual review	2026-07-22	6	content/pep-english/reviewed-corrections.json#pepj7a-004	逐行对照PDF第76页；恢复称呼、两段正文和落款，修正标题、Section与断词并删除练习框架，重生成后整封信复读通过。
pepj7a-005	pepj7a	9	5	Section B	in English	115	115	text	7d7bed5769efd4d786f353da10c755e9	normal	passed	removed-nonarticle	Codex visual review	2026-07-22	1	content/pep-english/reviewed-corrections.json#pepj7a-005	逐页核对PDF第115页；内容为Grammar附录的句子类型表和孤立例句，不属于完整语篇，已从最终manifest删除。
pepj7a-006	pepj7a	9	6	Section B	w h e r e 's。	116	116	text	7d7bed5769efd4d786f353da10c755e9	normal	passed	removed-nonarticle	Codex visual review	2026-07-22	1	content/pep-english/reviewed-corrections.json#pepj7a-006	逐页核对PDF第116页；内容为Grammar附录的疑问句讲解和孤立例句，不属于完整语篇，已从最终manifest删除。
pepj7b-001	pepj7b	2	1	Section B	Write about something you always	19	19	ocr	9336b53d5a44f9244f62f6fb10720914	high	passed	removed-nonarticle	Codex visual review	2026-07-22	1	content/pep-english/reviewed-corrections.json#pepj7b-001	逐页核对PDF第19页；内容为Grammar Focus及3a-3c练习，不属于完整语篇，已从最终manifest删除。
pepj7b-002	pepj7b	2	2	Section B	Tony and Mary's Habits	21	21	ocr	9336b53d5a44f9244f62f6fb10720914	high	passed	retained-corrected	Codex visual review	2026-07-22	5	content/pep-english/reviewed-corrections.json#pepj7b-002	逐行对照PDF第21页；保留正文框内Tony与Mary两段，删除2b题干和2c练习指令，修正标题与段落边界，应用后整篇复读通过。
pepj7b-003	pepj7b	3	3	Section A	Lisa and Jane's Commute	24	24	ocr	9336b53d5a44f9244f62f6fb10720914	high	passed	retained-corrected	Codex visual review	2026-07-22	4	content/pep-english/reviewed-corrections.json#pepj7b-003	逐行对照PDF第24页；保留2e完整八轮对话，排除2a-2d练习，修正标题、对话换行与标点，应用后整篇复读通过。
pepj7b-004	pepj7b	3	4	Section B	Crossing the River to School	27	27	ocr	9336b53d5a44f9244f62f6fb10720914	high	passed	retained-corrected	Codex visual review	2026-07-22	5	content/pep-english/reviewed-corrections.json#pepj7b-004	逐行对照PDF第27页；采用2b正确标题，保留新闻正文三段，排除2a、2c、2d练习并恢复段落与引号，应用后整篇复读通过。
pepj7b-005	pepj7b	4	5	Section A	John's First Day at School	30	30	ocr	9336b53d5a44f9244f62f6fb10720914	high	passed	retained-corrected	Codex visual review	2026-07-22	5	content/pep-english/reviewed-corrections.json#pepj7b-005	逐行对照PDF第30页；保留2d完整八轮对话，排除2a-2c练习，恢复说话人换行、标题与Section A，应用后整篇复读通过。
pepj7b-006	pepj7b	4	6	Section B	Molly and Dr. Know's Letters	33	33	ocr	9336b53d5a44f9244f62f6fb10720914	high	passed	retained-corrected	Codex visual review	2026-07-22	7	content/pep-english/reviewed-corrections.json#pepj7b-006	逐行对照PDF第33页；按左栏求助信、右栏回信恢复完整顺序及称呼落款，排除2a/2c，修复截断和栏序，应用后两封信复读通过。
pepj7b-007	pepj7b	5	7	Section B	Let's Save the Elephants	39	39	ocr	9336b53d5a44f9244f62f6fb10720914	high	passed	retained-corrected	Codex visual review	2026-07-22	5	content/pep-english/reviewed-corrections.json#pepj7b-007	逐行对照PDF第39页；选择2b正确标题，删除四个标题选项及2a/2c练习，保留网站文章三段并复核数字、引语与结尾。
pepj7b-008	pepj7b	6	8	Section B	Number the sentences in	43	43	ocr	9336b53d5a44f9244f62f6fb10720914	high	passed	removed-nonarticle	Codex visual review	2026-07-22	1	content/pep-english/reviewed-corrections.json#pepj7b-008	逐页核对PDF第43页；内容为Grammar Focus、3a造句、3b排序对话和3c小组活动，不属于完整语篇，已删除。
pepj7b-009	pepj7b	6	9	Section B	Zhu Hui's Dragon Boat Festival	45	45	ocr	9336b53d5a44f9244f62f6fb10720914	high	passed	retained-corrected	Codex visual review	2026-07-22	6	content/pep-english/reviewed-corrections.json#pepj7b-009	逐行对照PDF第45页；保留TV report两段，排除2a时区问答、2b问题和2c练习，修复标题、Section及截断结尾引语，应用后复读通过。
pepj7b-010	pepj7b	8	10	Reading	Take turns to	55	55	ocr	9336b53d5a44f9244f62f6fb10720914	high	passed	removed-nonarticle	Codex visual review	2026-07-22	1	content/pep-english/reviewed-corrections.json#pepj7b-010	逐页核对PDF第55页；内容为Grammar Focus、地图问答、造句和猜地点活动，不属于完整语篇，已删除。
pepj7b-011	pepj7b	9	11	Section B	An Interesting Job	63	63	ocr	9336b53d5a44f9244f62f6fb10720914	high	passed	retained-corrected	Codex visual review	2026-07-22	4	content/pep-english/reviewed-corrections.json#pepj7b-011	逐行对照PDF第63页；标题仅保留为元数据，恢复报纸文章两段和两处引语，排除2a/2c，应用后整篇复读通过。
pepj7b-012	pepj7b	10	12	Section B	Birthday Food Around the World	69	69	ocr	9336b53d5a44f9244f62f6fb10720914	high	passed	retained-corrected	Codex visual review	2026-07-22	6	content/pep-english/reviewed-corrections.json#pepj7b-012	逐行对照PDF第69页；标题仅作元数据，恢复四段正文、If he断词和完整末段，修正Section B并排除2a/表格/2c，应用后复读通过。
pepj7b-013	pepj7b	11	13	Section B	Helen and Jim's School Trip Diaries	75	75	ocr	9336b53d5a44f9244f62f6fb10720914	high	passed	retained-corrected	Codex visual review	2026-07-22	7	content/pep-english/reviewed-corrections.json#pepj7b-013	逐行核对第75页左右两栏日记；恢复两篇完整正文与日期，修正栏序、标题和Section，排除2a、2b指令/问题及2c表格。
pepj7b-014	pepj7b	12	14	Section B	A Weekend to Remember	81	81	ocr	9336b53d5a44f9244f62f6fb10720914	high	passed	retained-corrected	Codex visual review	2026-07-22	6	content/pep-english/reviewed-corrections.json#pepj7b-014	逐行核对第81页；恢复三段正文及第三段跨栏续文，修正栏序和Section，排除2a、2b问题及2c练习。
pepj8a-001	pepj8a	1	1	Section B	Jane's Vacation Diaries	16	16	text	24fcd352dca21a6ee547539f550ed35c	normal	passed	retained-corrected	Codex visual review	2026-07-22	8	content/pep-english/reviewed-corrections.json#pepj8a-001	逐行核对第16页；恢复两篇带日期日记，修复连字与断词，修正标题和Section，排除2a及2b指令/问题。
pepj8a-002	pepj8a	1	2	Section A	tried paragliding	17	17	text	24fcd352dca21a6ee547539f550ed35c	normal	passed	removed-nonarticle	Codex visual review	2026-07-22	1	content/pep-english/reviewed-corrections.json#pepj8a-002	逐项核对第17页；仅含2c表格、2d未完成填空对话和2e动词填空日记，不是完整文章，剔除。
pepj8a-003	pepj8a	1	3	Section A	name‛s Paul. Where did you go on	19	19	text	24fcd352dca21a6ee547539f550ed35c	normal	passed	removed-nonarticle	Codex visual review	2026-07-22	1	content/pep-english/reviewed-corrections.json#pepj8a-003	逐项核对第19页；只有口语提示、Self Check填空对话及未完成动词填空短文，不是完整文章，剔除。
pepj8a-004	pepj8a	2	4	Section A	Jack and Claire's Weekly Plans	21	21	text	24fcd352dca21a6ee547539f550ed35c	normal	passed	retained-corrected	Codex visual review	2026-07-22	5	content/pep-english/reviewed-corrections.json#pepj8a-004	逐行核对第21页；仅保留2d完整角色对话，恢复11轮发言并重拟标题，排除2a至2c听力及表格练习。
pepj8a-005	pepj8a	2	5	Section A	How often do you exercise? UNIT 2	22	22	text	24fcd352dca21a6ee547539f550ed35c	normal	passed	removed-nonarticle	Codex visual review	2026-07-22	1	content/pep-english/reviewed-corrections.json#pepj8a-005	逐项核对第22页；只有Grammar Focus和3a至3c例句、填空、表格及调查提示，不是完整文章，剔除。
pepj8a-006	pepj8a	2	6	Section A	How often do you exercise? UNIT 2	26	26	text	24fcd352dca21a6ee547539f550ed35c	normal	passed	removed-nonarticle	Codex visual review	2026-07-22	1	content/pep-english/reviewed-corrections.json#pepj8a-006	逐项核对第26页；3a报告仍含7个频率副词空格，3b至3c是表格和写作提示，无完整文章，剔除。
pepj8a-007	pepj8a	3	7	Section B	Should Friends Be the Same or Different?	32	32	text	24fcd352dca21a6ee547539f550ed35c	normal	passed	retained-corrected	Codex visual review	2026-07-22	6	content/pep-english/reviewed-corrections.json#pepj8a-007	逐行核对第32页；按印刷顺序恢复三位作者的完整观点及署名，修正标题和Section，排除2a练习。
pepj8a-008	pepj8a	4	8	Section A	Greg's New Neighborhood	37	37	text	24fcd352dca21a6ee547539f550ed35c	normal	passed	retained-corrected	Codex visual review	2026-07-22	5	content/pep-english/reviewed-corrections.json#pepj8a-008	逐行核对第37页；仅保留2d完整角色对话，恢复8轮发言并重拟标题，排除2a至2b听力调查及未完成2c示例。
pepj8a-009	pepj8a	4	9	Section B	Who's Got Talent?	40	40	text	24fcd352dca21a6ee547539f550ed35c	normal	passed	retained-corrected	Codex visual review	2026-07-22	5	content/pep-english/reviewed-corrections.json#pepj8a-009	逐行核对第40页；恢复2b三段完整阅读正文，修正标题和Section，排除2a口语提示及2b问题。
pepj8a-010	pepj8a	4	10	Section A	What's the best movie theater? UNIT 4	42	42	text	24fcd352dca21a6ee547539f550ed35c	normal	passed	removed-nonarticle	Codex visual review	2026-07-22	1	content/pep-english/reviewed-corrections.json#pepj8a-010	逐项核对第42页；3a文章仍含4个最高级形式空格，3b至3c是规划表和写作提示，无完整文章，剔除。
pepj8a-011	pepj8a	5	11	Section B	Mickey Mouse: A Symbol of American Culture	48	48	text	24fcd352dca21a6ee547539f550ed35c	normal	passed	retained-corrected	Codex visual review	2026-07-22	5	content/pep-english/reviewed-corrections.json#pepj8a-011	逐行核对第48页；恢复2b三段完整正文，因原文无独立标题而补充描述性元数据标题，修正Section并排除2a讨论题。
pepj8a-012	pepj8a	5	12	Section A	Do you want to watch a game show? UNIT 5	50	50	text	24fcd352dca21a6ee547539f550ed35c	normal	passed	removed-nonarticle	Codex visual review	2026-07-22	1	content/pep-english/reviewed-corrections.json#pepj8a-012	逐项核对第50页；3a《Mulan》影评仍含10个空格，3b至3c是笔记和写作提示，无完整文章，剔除。
pepj8a-013	pepj8a	6	13	Section A	I'm going to study computer science. UNIT 6	56	56	text	24fcd352dca21a6ee547539f550ed35c	normal	passed	removed-nonarticle	Codex visual review	2026-07-22	1	content/pep-english/reviewed-corrections.json#pepj8a-013	逐项核对第56页；2b为句子插入练习，正文保留4处未决空格；不代做答案、不伪造完整文本，剔除。
pepj8a-014	pepj8a	7	14	Section A	Do you think	60	60	text	24fcd352dca21a6ee547539f550ed35c	normal	passed	removed-nonarticle	Codex visual review	2026-07-22	1	content/pep-english/reviewed-corrections.json#pepj8a-014	逐项核对第60页；仅为单元导入漫画气泡、预测清单及听说提示，无完整阅读语篇或连贯长对话，剔除。
pepj8a-015	pepj8a	7	15	Section B	Do You Think You Will Have Your Own Robot?	64	64	text	24fcd352dca21a6ee547539f550ed35c	normal	passed	retained-corrected	Codex visual review	2026-07-22	5	content/pep-english/reviewed-corrections.json#pepj8a-015	逐行核对第64页；恢复带印刷标题的四段完整正文，修正Section，排除2a及正文上方段落匹配题。
pepj8a-016	pepj8a	7	16	Section A	2c Read the article again quickly. Complete the sentences about what robots	65	65	text	24fcd352dca21a6ee547539f550ed35c	normal	passed	removed-nonarticle	Codex visual review	2026-07-22	1	content/pep-english/reviewed-corrections.json#pepj8a-016	逐项核对第65页；仅含2c句子补全、2d段落填空和2e开放写作提示，没有新增完整文章，剔除。
pepj8a-017	pepj8a	7	17	Section A	Will people have robots? UNIT 7	66	66	text	24fcd352dca21a6ee547539f550ed35c	normal	passed	removed-nonarticle	Codex visual review	2026-07-22	1	content/pep-english/reviewed-corrections.json#pepj8a-017	逐项核对第66页；3a Jill未来生活短文仍有10个空格，3b至3c是规划表和写作提示，无完整文章，剔除。
pepj8a-018	pepj8a	7	18	Section A	dictionaries because a robot will	67	67	text	24fcd352dca21a6ee547539f550ed35c	normal	passed	removed-nonarticle	Codex visual review	2026-07-22	1	content/pep-english/reviewed-corrections.json#pepj8a-018	逐项核对第67页；仅含单元项目、Self Check分类及填空，母女对话未完成，不是完整连贯对话，剔除。
pepj8a-019	pepj8a	8	19	Section A	How to Make Russian Soup	69	69	text	24fcd352dca21a6ee547539f550ed35c	normal	passed	retained-corrected	Codex visual review	2026-07-22	5	content/pep-english/reviewed-corrections.json#pepj8a-019	逐行核对第69页；仅保留2d完整角色对话，恢复6轮发言和全部配料数量并重拟标题，排除听力表格及未完成2c示例。
pepj8a-020	pepj8a	8	20	Section B	Thanksgiving in North America	72	72	text	24fcd352dca21a6ee547539f550ed35c	normal	passed	retained-corrected	Codex visual review	2026-07-22	7	content/pep-english/reviewed-corrections.json#pepj8a-020	逐行核对第72页；恢复两段节日背景、食谱引言和5个有序步骤，修复标题断词与Section，排除2a及2b指令。
pepj8a-021	pepj8a	8	21	Section A	How do you make a banana milk shake? UNIT 8	74	74	text	24fcd352dca21a6ee547539f550ed35c	normal	passed	removed-nonarticle	Codex visual review	2026-07-22	1	content/pep-english/reviewed-corrections.json#pepj8a-021	逐项核对第74页；3a云南米线食谱仍有8个空格，3b至3c是构思与写作提示，无完整文章，剔除。
pepj8a-022	pepj8a	9	22	Section A	Jeff Invites Nick to Meet Sam	77	77	text	24fcd352dca21a6ee547539f550ed35c	normal	passed	retained-corrected	Codex visual review	2026-07-22	5	content/pep-english/reviewed-corrections.json#pepj8a-022	逐行核对第77页；仅保留2d完整角色对话，恢复6轮发言并重拟标题，排除听力、表格及2c示例。
pepj8a-023	pepj8a	9	23	Section B	Invitation to the New Library Opening	82	82	text	24fcd352dca21a6ee547539f550ed35c	normal	passed	retained-corrected	Codex visual review	2026-07-22	6	content/pep-english/reviewed-corrections.json#pepj8a-023	逐行核对第82页；恢复完整邀请函的称呼、日期时间、请求及署名，重拟标题并修正Section，排除理解题和写作提示。
pepj8a-024	pepj8a	9	24	Section A	calendar on the right. MONDAY FRIDAY	83	83	text	24fcd352dca21a6ee547539f550ed35c	normal	passed	removed-nonarticle	Codex visual review	2026-07-22	1	content/pep-english/reviewed-corrections.json#pepj8a-024	逐项核对第83页；只有日历信息差任务、未完成示例对话及Self Check填空/拒绝练习，无完整语篇，剔除。
pepj8a-025	pepj8a	10	25	Section A	Planning Food and Games for the Party	85	85	text	24fcd352dca21a6ee547539f550ed35c	normal	passed	retained-corrected	Codex visual review	2026-07-22	5	content/pep-english/reviewed-corrections.json#pepj8a-025	逐行核对第85页；仅保留2d完整角色对话，恢复5轮发言并重拟标题，排除听力问题及未完成2c示例。
pepj8a-026	pepj8a	10	26	Section A	If you go to the party, you'll have a great time! UNIT 10	86	86	text	24fcd352dca21a6ee547539f550ed35c	normal	passed	removed-nonarticle	Codex visual review	2026-07-22	1	content/pep-english/reviewed-corrections.json#pepj8a-026	逐项核对第86页；Grammar Focus后Tina来信仍是动词填空，另有句子及接龙写作提示，无完整文章，剔除。
pepj8a-027	pepj8a	10	27	Section B	Talking Helps Solve Problems	88	88	text	24fcd352dca21a6ee547539f550ed35c	normal	passed	retained-corrected	Codex visual review	2026-07-22	6	content/pep-english/reviewed-corrections.json#pepj8a-027	逐行核对第88页；恢复三段完整正文及全部引语，因原文无独立标题补充描述性元数据标题，修正Section并排除提示与选项。
pepj8a-028	pepj8a	8	28	Section B	""" bu(t) that 's no(t) my dog."""	121	121	text	24fcd352dca21a6ee547539f550ed35c	normal	passed	removed-nonarticle	Codex visual review	2026-07-22	1	content/pep-english/reviewed-corrections.json#pepj8a-028	逐项核对第121页；为语音附录，含带语调符号的pepj8a-019重复对话、童谣及孤立重音例句，不是独立文章，剔除。
pepj8a-029	pepj8a	10	29	Section B	often for get ｜ that their parents have more ex perience, ｜ and are always there	122	122	text	24fcd352dca21a6ee547539f550ed35c	normal	passed	removed-nonarticle	Codex visual review	2026-07-22	1	content/pep-english/reviewed-corrections.json#pepj8a-029	逐项核对第122页；为语音附录，含pepj8a-027带重音符号的重复节选、孤立对比对话及谚语，不是独立完整文章，剔除。
pepj8b-001	pepj8b	1	1	Section A	Bus Driver and Passengers Save an Old Man	12	12	ocr	21d35e04f1c22b74a3fe3e95e88adff9	high	passed	retained-corrected	Codex visual review	2026-07-22	5	content/pep-english/reviewed-corrections.json#pepj8b-001	逐行核对第12页；恢复三段新闻体正文及引语，修正Section，排除3a指令、3b和3c练习。
pepj8b-002	pepj8b	2	2	Section A	Students Who Volunteer	20	20	ocr	21d35e04f1c22b74a3fe3e95e88adff9	high	passed	retained-corrected	Codex visual review	2026-07-22	4	content/pep-english/reviewed-corrections.json#pepj8b-002	逐行核对第20页；恢复导语及两位学生完整志愿经历与引语，排除3a指令和3b至3c练习。
pepj8b-003	pepj8b	2	3	Section B	Ben Smith's Thank-You Letter to Miss Li	23	23	ocr	21d35e04f1c22b74a3fe3e95e88adff9	high	passed	retained-corrected	Codex visual review	2026-07-22	7	content/pep-english/reviewed-corrections.json#pepj8b-003	逐行核对第23页；恢复称呼、四段正文、引语与署名的完整感谢信，重拟标题，排除2a/2b提示及词性侧栏。
pepj8b-004	pepj8b	3	4	Section A	Nancy Learns to Share the Housework	28	28	ocr	21d35e04f1c22b74a3fe3e95e88adff9	high	passed	retained-corrected	Codex visual review	2026-07-22	7	content/pep-english/reviewed-corrections.json#pepj8b-004	逐行核对第28页；按印刷顺序恢复完整叙事与全部对话，补充描述性标题并修正Section，排除3a问题及3b至3c练习。
pepj8b-005	pepj8b	3	5	Section B	Should Young People Do Chores at Home?	31	31	ocr	21d35e04f1c22b74a3fe3e95e88adff9	high	passed	retained-corrected	Codex visual review	2026-07-22	7	content/pep-english/reviewed-corrections.json#pepj8b-005	逐行核对第31页；恢复两封观点相反的完整来信、称呼、引语和署名，重拟标题并修正Section，排除指令及略读侧栏。
pepj8b-006	pepj8b	4	6	Section A	Kim's Problem with Her Sister	35	35	ocr	21d35e04f1c22b74a3fe3e95e88adff9	high	passed	retained-corrected	Codex visual review	2026-07-22	6	content/pep-english/reviewed-corrections.json#pepj8b-006	逐行核对第35页；仅保留2d完整角色对话，恢复7轮发言并重拟标题，排除听力练习及简短2c示例。
pepj8b-007	pepj8b	4	7	Section B	Maybe You Should Learn to Relax!	39	39	ocr	21d35e04f1c22b74a3fe3e95e88adff9	high	passed	retained-corrected	Codex visual review	2026-07-22	6	content/pep-english/reviewed-corrections.json#pepj8b-007	逐行核对第39页；恢复四段完整正文及所有引语，修正标题和Section，排除2a、2b问题及词义策略侧栏。
pepj8b-008	pepj8b	5	8	Section A	The Storm Brought People Closer Together	44	44	ocr	21d35e04f1c22b74a3fe3e95e88adff9	high	passed	retained-corrected	Codex visual review	2026-07-22	4	content/pep-english/reviewed-corrections.json#pepj8b-008	逐行核对第44页；恢复完整标题与四段叙事正文，排除3a问题及3b至3c练习。
pepj8b-009	pepj8b	5	9	Section B	Do You Remember What You Were Doing?	47	47	ocr	21d35e04f1c22b74a3fe3e95e88adff9	high	passed	retained-corrected	Codex visual review	2026-07-22	6	content/pep-english/reviewed-corrections.json#pepj8b-009	逐行核对第47页；恢复印刷标题、四段完整正文及嵌套引语，修正Section，排除2a/2b提示及阅读策略侧栏。
pepj8b-010	pepj8b	6	10	Section A	The Monkey King	52	52	ocr	21d35e04f1c22b74a3fe3e95e88adff9	high	passed	retained-corrected	Codex visual review	2026-07-22	5	content/pep-english/reviewed-corrections.json#pepj8b-010	逐行核对第52页；恢复三段完整说明文，因正文无标题补充简洁元数据标题，排除3a问题及3b至3c练习。
pepj8b-011	pepj8b	6	11	Section A	Write some key words from each scene. Then discuss your answers with	57	57	ocr	21d35e04f1c22b74a3fe3e95e88adff9	high	passed	removed-nonarticle	Codex visual review	2026-07-22	1	content/pep-english/reviewed-corrections.json#pepj8b-011	逐项核对第57页；只有场景关键词、未完成Hansel and Gretel摘要及Self Check句子/动词填空，无完整文章，剔除。
pepj8b-012	pepj8b	7	12	Section A	Qomolangma — the Most Dangerous Mountain in the World?	60	60	ocr	21d35e04f1c22b74a3fe3e95e88adff9	high	passed	retained-corrected	Codex visual review	2026-07-22	5	content/pep-english/reviewed-corrections.json#pepj8b-012	逐行核对第60页；恢复准确印刷标题和三段完整正文，排除3a匹配提示及3b至3c练习。
pepj8b-013	pepj8b	7	13	Section B	Pandas at the Chengdu Research Base	63	63	ocr	21d35e04f1c22b74a3fe3e95e88adff9	high	passed	retained-corrected	Codex visual review	2026-07-22	7	content/pep-english/reviewed-corrections.json#pepj8b-013	逐行核对第63页；恢复四段完整正文、数据和饲养员引语，补充描述性标题并修正Section，排除指令、问题及扫描侧栏。
pepj8b-014	pepj8b	8	14	Section A	Robinson Crusoe on the Island	68	68	ocr	21d35e04f1c22b74a3fe3e95e88adff9	high	passed	retained-corrected	Codex visual review	2026-07-22	5	content/pep-english/reviewed-corrections.json#pepj8b-014	逐行核对第68页；恢复两段完整第一人称节选，补充描述性标题，排除3a问题及3b至3c练习。
pepj8b-015	pepj8b	8	15	Section B	A Country Music Song Changed Her Life Forever	71	71	ocr	21d35e04f1c22b74a3fe3e95e88adff9	high	passed	retained-corrected	Codex visual review	2026-07-22	5	content/pep-english/reviewed-corrections.json#pepj8b-015	逐行核对第71页；恢复准确印刷标题、三段完整正文、引语和数据，排除2a/2b指令及摘要策略侧栏。
pepj8b-016	pepj8b	9	16	Section A	Three Interesting Museums	76	76	ocr	21d35e04f1c22b74a3fe3e95e88adff9	high	passed	retained-corrected	Codex visual review	2026-07-22	6	content/pep-english/reviewed-corrections.json#pepj8b-016	逐行核对第76页；恢复三位学生署名的完整博物馆介绍，补充描述性标题并修正Section，排除3a问题及3b至3c练习。
pepj8b-017	pepj8b	9	17	Section B	Yes, l've been to a science museum./	77	77	ocr	21d35e04f1c22b74a3fe3e95e88adff9	high	passed	removed-nonarticle	Codex visual review	2026-07-22	1	content/pep-english/reviewed-corrections.json#pepj8b-017	逐项核对第77页；仅含Grammar Focus、动词填空对话、未完成Disneyland短文及调查表，无完整语篇，剔除。
pepj8b-018	pepj8b	9	18	Section B	Singapore — A Place You Will Never Forget!	79	79	ocr	21d35e04f1c22b74a3fe3e95e88adff9	high	passed	retained-corrected	Codex visual review	2026-07-22	5	content/pep-english/reviewed-corrections.json#pepj8b-018	逐行核对第79页；恢复准确印刷标题和四段完整旅行介绍，排除2a/2b指令及笔记策略侧栏。
pepj8b-019	pepj8b	10	19	Section A	My children are growing up fast. My daughter is 16 and my	84	84	ocr	21d35e04f1c22b74a3fe3e95e88adff9	high	passed	retained-corrected	Codex visual review	2026-07-22	5	content/pep-english/reviewed-corrections.json#pepj8b-019	逐行核对第84页；恢复三段完整报刊短文，排除3a指令及3b/3c练习。
pepj8b-020	pepj8b	10	20	Section A	Using Previous Knowledge	87	87	ocr	21d35e04f1c22b74a3fe3e95e88adff9	high	passed	retained-corrected	Codex visual review	2026-07-22	5	content/pep-english/reviewed-corrections.json#pepj8b-020	逐行核对第87页；恢复Hometown Feelings标题和四段正文，纠正Section B并排除2a问题及阅读策略框。
pepj8b-021	pepj8b	6	21	Section B	John: What were you doing at the time of	110	110	ocr	21d35e04f1c22b74a3fe3e95e88adff9	high	passed	retained-corrected	Codex visual review	2026-07-22	5	content/pep-english/reviewed-corrections.json#pepj8b-021	逐行核对第110页；恢复跨双栏完整听力对话，纠正为Unit 5 Section B并排除相邻听力原文。
pepj9-001	pepj9	1	1	Section A	2a Listen and check Questions Answers	16	16	text	c6e628c22e0c2f9cfe4547699a1c95a4	normal	passed	retained-corrected	Codex visual review	2026-07-22	5	content/pep-english/reviewed-corrections.json#pepj9-001	逐行核对第16页；仅保留2d完整角色对话，排除2a题表、2b答案碎片、2c示例和全部活动指令。
pepj9-002	pepj9	1	2	Section A	How can we become good learners? UNIT 1	17	17	text	c6e628c22e0c2f9cfe4547699a1c95a4	normal	passed	retained-corrected	Codex visual review	2026-07-22	5	content/pep-english/reviewed-corrections.json#pepj9-002	逐行核对第17页；恢复印刷标题和三段完整正文，排除3a问题、Unit页眉和3b填空练习。
pepj9-003	pepj9	1	3	Reading	2a W hat good learning habits can you think of ? Make a list and discuss	20	20	text	c6e628c22e0c2f9cfe4547699a1c95a4	normal	passed	retained-corrected	Codex visual review	2026-07-22	5	content/pep-english/reviewed-corrections.json#pepj9-003	逐行核对第20页；恢复印刷标题、导语、四个小标题段和结语，排除2a/2b指令及词典策略框。
pepj9-004	pepj9	2	4	Section A	2a Listen to the conversation between Wu Ming and Harr y and circle the	24	24	text	c6e628c22e0c2f9cfe4547699a1c95a4	normal	passed	retained-corrected	Codex visual review	2026-07-22	5	content/pep-english/reviewed-corrections.json#pepj9-004	逐行核对第24页；仅保留2d清迈泼水节完整对话，排除2a选择题、2b表格、2c示例及活动指令。
pepj9-005	pepj9	2	5	Section A	I think that mooncakes are delicious! UNIT 2	25	25	text	c6e628c22e0c2f9cfe4547699a1c95a4	normal	passed	retained-corrected	Codex visual review	2026-07-22	5	content/pep-english/reviewed-corrections.json#pepj9-005	逐行核对第25页；恢复印刷标题和三段完整中秋文章，排除3a问题、3b排序及3c填空。
pepj9-006	pepj9	2	6	Section A	I wonder if they'll have the races again	26	26	text	c6e628c22e0c2f9cfe4547699a1c95a4	normal	passed	retained-corrected	Codex visual review	2026-07-22	5	content/pep-english/reviewed-corrections.json#pepj9-006	逐行核对第26页；仅保留4b完整范文信及署名，排除Grammar Focus、4a造句、4b指令和4c调查。
pepj9-007	pepj9	2	7	Section A	2a W hat do you know about	28	28	text	c6e628c22e0c2f9cfe4547699a1c95a4	normal	passed	retained-corrected	Codex visual review	2026-07-22	5	content/pep-english/reviewed-corrections.json#pepj9-007	逐行核对第28页；恢复A Christmas Carol标题和四段完整梗概，纠正Section B并排除2a/2b任务及推断策略框。
pepj9-008	pepj9	2	8	Section A	3b Write a lett er to your pen pal and tell In your letter:	30	30	text	c6e628c22e0c2f9cfe4547699a1c95a4	normal	passed	removed-nonarticle	Codex visual review	2026-07-22	5	content/pep-english/reviewed-corrections.json#pepj9-008	逐页核对第30页；仅有写作提示、句型框、未完成复活节填空及Self Check练习，无完整范文或语篇。
pepj9-009	pepj9	3	9	Section A	2a Listen. You w ill hear some of the	32	32	text	c6e628c22e0c2f9cfe4547699a1c95a4	normal	passed	retained-corrected	Codex visual review	2026-07-22	5	content/pep-english/reviewed-corrections.json#pepj9-009	逐行核对第32页；仅保留2d完整角色对话，排除2a方向列表、2b绘图、2c示例和活动指令。
pepj9-010	pepj9	3	10	Section A	Could you please tell me where the restrooms are? UNIT 3	33	33	text	c6e628c22e0c2f9cfe4547699a1c95a4	normal	passed	retained-corrected	Codex visual review	2026-07-22	5	content/pep-english/reviewed-corrections.json#pepj9-010	逐行核对第33页；恢复印刷标题及四个连续对话场景，排除3a理解题、Unit页眉和3b改写任务。
pepj9-011	pepj9	3	11	Section A	2a W here do you need to make polite requests? Th ink of some possible	36	36	text	c6e628c22e0c2f9cfe4547699a1c95a4	normal	passed	retained-corrected	Codex visual review	2026-07-22	5	content/pep-english/reviewed-corrections.json#pepj9-011	逐行核对第36页；恢复印刷标题和四段完整说明文，纠正Section B并排除活动指令、语言策略框及漫画气泡。
pepj9-012	pepj9	3	12	Section A	3b Write a polite lett er to the school In your lett er, you should:	38	38	text	c6e628c22e0c2f9cfe4547699a1c95a4	normal	passed	removed-nonarticle	Codex visual review	2026-07-22	5	content/pep-english/reviewed-corrections.json#pepj9-012	逐页核对第38页；仅有礼貌信写作要求、提示句及Self Check填空/问答骨架，无完成范文或连贯语篇。
pepj9-013	pepj9	4	13	Section A	friendly outgoing serious	40	40	text	c6e628c22e0c2f9cfe4547699a1c95a4	normal	passed	retained-corrected	Codex visual review	2026-07-22	5	content/pep-english/reviewed-corrections.json#pepj9-013	逐行核对第40页；仅保留2d完整聚会对话，排除2a词表、2b未完成表格、2c示例及活动指令。
pepj9-014	pepj9	4	14	Section A	3a Read the article and identif y how Candy 's life has changed	41	41	text	c6e628c22e0c2f9cfe4547699a1c95a4	normal	passed	retained-corrected	Codex visual review	2026-07-22	5	content/pep-english/reviewed-corrections.json#pepj9-014	逐行核对第41页；恢复印刷标题和三段完整采访稿及引语，排除3a分类题和3b/3c练习。
pepj9-015	pepj9	4	15	Section A	2a Li Wen is a 15-year-old boy from the countr yside. His parents are	44	44	text	c6e628c22e0c2f9cfe4547699a1c95a4	normal	passed	retained-corrected	Codex visual review	2026-07-22	5	content/pep-english/reviewed-corrections.json#pepj9-015	逐行核对第44至45页；按唯一上下文顺序C-D-A-B补回印刷插句，恢复四段完整文章并纠正Section B，排除策略框和后续练习。
pepj9-016	pepj9	5	16	Section A	3a Read the passage. What two things did K ang Jian want to buy in	49	49	text	c6e628c22e0c2f9cfe4547699a1c95a4	normal	passed	retained-corrected	Codex visual review	2026-07-22	5	content/pep-english/reviewed-corrections.json#pepj9-016	逐行核对第49页；恢复准确印刷标题、两段完整正文及全部引语，排除3a问题和3b/3c练习。
pepj9-017	pepj9	5	17	Section A	MOVING FROM GENERAL TO SPECIFIC	52	52	text	c6e628c22e0c2f9cfe4547699a1c95a4	normal	passed	retained-corrected	Codex visual review	2026-07-22	5	content/pep-english/reviewed-corrections.json#pepj9-017	逐行核对第52页；恢复标题、总述及三段传统艺术说明，纠正Section B并排除活动指令、策略框和空表。
pepj9-018	pepj9	6	18	Section A	ice-cream hot	56	56	text	c6e628c22e0c2f9cfe4547699a1c95a4	normal	passed	retained-corrected	Codex visual review	2026-07-22	5	content/pep-english/reviewed-corrections.json#pepj9-018	逐行核对第56页；仅保留2d关于拉链发明的完整对话，排除2a图片、2b未完成表格、2c示例和指令。
pepj9-019	pepj9	6	19	Section A	Th e telephone (invent) by Alexander Graham Bell. He	58	58	text	c6e628c22e0c2f9cfe4547699a1c95a4	normal	passed	removed-nonarticle	Codex visual review	2026-07-22	5	content/pep-english/reviewed-corrections.json#pepj9-019	逐页核对第58页；仅有Grammar Focus、被动语态改写、动词填空及未完成电话发明短文，无完整语篇。
pepj9-020	pepj9	6	20	Section A	2a Do you like basketball? Do you watch basketball games? How much do	60	60	text	c6e628c22e0c2f9cfe4547699a1c95a4	normal	passed	retained-corrected	Codex visual review	2026-07-22	5	content/pep-english/reviewed-corrections.json#pepj9-020	逐行核对第60页；恢复标题和关于篮球历史、发明及普及的三段完整正文，纠正Section B并排除活动指令和思维导图策略框。
pepj9-021	pepj9	6	21	Section A	3b Imagine you are a business person. Write a description of your new	62	62	text	c6e628c22e0c2f9cfe4547699a1c95a4	normal	passed	removed-nonarticle	Codex visual review	2026-07-22	5	content/pep-english/reviewed-corrections.json#pepj9-021	逐页核对第62页；仅有发明写作提示/片段、未完成Self Check短文、被动语态改写和空信息表，无完整范文。
pepj9-022	pepj9	7	22	Section A	Teenagers should be allowed to choose their own clothes. UNIT 7	65	65	text	c6e628c22e0c2f9cfe4547699a1c95a4	normal	passed	retained-corrected	Codex visual review	2026-07-22	5	content/pep-english/reviewed-corrections.json#pepj9-022	逐行核对第65页；恢复印刷标题和按版面分节的完整诗歌，排除3a指令和3b/3c练习。
pepj9-023	pepj9	7	23	Section A	I don't think sixteen-year-olds should be	66	66	text	c6e628c22e0c2f9cfe4547699a1c95a4	normal	passed	removed-nonarticle	Codex visual review	2026-07-22	5	content/pep-english/reviewed-corrections.json#pepj9-023	逐页核对第66页；仅有Grammar Focus、改写练习、未完成独立生活填空及两句规则示例，无完整语篇或持续对话。
pepj9-024	pepj9	7	24	Section A	2a Discuss the questions Are you allowed to make your own decisions	68	68	text	c6e628c22e0c2f9cfe4547699a1c95a4	normal	passed	retained-corrected	Codex visual review	2026-07-22	5	content/pep-english/reviewed-corrections.json#pepj9-024	逐行核对第68页；恢复标题及包含刘宇和父母双方引语的五段完整议论文，纠正Section B并排除活动指令和学习策略框。
pepj9-025	pepj9	8	25	Section A	2a Bob and Anna found a /T_h ings in the schoolbag	72	72	text	c6e628c22e0c2f9cfe4547699a1c95a4	normal	passed	retained-corrected	Codex visual review	2026-07-22	5	content/pep-english/reviewed-corrections.json#pepj9-025	逐行核对第72页；仅保留2d寻找书包的完整对话，排除2a物品表、2b填空、2c示例及活动指令。
pepj9-026	pepj9	8	26	Section A	It must belong to Carla. UNIT 8	73	73	text	c6e628c22e0c2f9cfe4547699a1c95a4	normal	passed	retained-corrected	Codex visual review	2026-07-22	5	content/pep-english/reviewed-corrections.json#pepj9-026	逐行核对第73页；恢复三段完整文章并采用匹配正文的印刷选项B为标题，排除标题选择框及3b/3c练习。
pepj9-027	pepj9	9	27	Section A	kinds of music. T F	80	80	text	c6e628c22e0c2f9cfe4547699a1c95a4	normal	passed	retained-corrected	Codex visual review	2026-07-22	5	content/pep-english/reviewed-corrections.json#pepj9-027	逐行核对第80页；仅保留2d关于音乐和电影偏好的完整对话，排除2a判断、2b填空、2c示例和活动指令。
pepj9-028	pepj9	9	28	Section A	I like music that I can dance to. UNIT 9	81	81	text	c6e628c22e0c2f9cfe4547699a1c95a4	normal	passed	retained-corrected	Codex visual review	2026-07-22	5	content/pep-english/reviewed-corrections.json#pepj9-028	逐行核对第81页；恢复印刷标题和四段完整电影偏好文章，排除3a标记指令及3b/3c练习。
pepj9-029	pepj9	9	29	Section A	2a How many Chinese musical instr uments do you know about? Do you	84	84	text	c6e628c22e0c2f9cfe4547699a1c95a4	normal	passed	retained-corrected	Codex visual review	2026-07-22	5	content/pep-english/reviewed-corrections.json#pepj9-029	逐行核对第84页；恢复标题和《二泉映月》、阿炳生平及影响的三段完整正文，纠正Section B并排除活动指令和策略框。
pepj9-030	pepj9	10	30	Section A	2a Maria is an exchange student. Last night she had dinner at an American	88	88	text	c6e628c22e0c2f9cfe4547699a1c95a4	normal	passed	retained-corrected	Codex visual review	2026-07-22	5	content/pep-english/reviewed-corrections.json#pepj9-030	逐行核对第88页；仅保留2d关于日本和法国问候礼仪的完整对话，排除2a/2b听力任务、未完成2c示例及指令。
pepj9-031	pepj9	10	31	Section A	You're supposed to shake hands. UNIT 10	89	89	text	c6e628c22e0c2f9cfe4547699a1c95a4	normal	passed	retained-corrected	Codex visual review	2026-07-22	5	content/pep-english/reviewed-corrections.json#pepj9-031	逐行核对第89页；按左右印刷顺序恢复哥伦比亚和瑞士两篇完整署名观点短文，补充描述性标题并排除3a问题及3b/3c练习。
pepj9-032	pepj9	10	32	Section A	2a W hat do you know about customs in foreign countries? W hat do you	92	92	text	c6e628c22e0c2f9cfe4547699a1c95a4	normal	passed	retained-corrected	Codex visual review	2026-07-22	5	content/pep-english/reviewed-corrections.json#pepj9-032	逐行核对第92页；恢复称呼、三段正文、结束语和署名完整书信，纠正Section B并排除2a示例、2b问题及复习策略框。
pepj9-033	pepj9	10	33	Section A	You must be excited about coming to China soon. Let me give you some	94	94	text	c6e628c22e0c2f9cfe4547699a1c95a4	normal	passed	removed-nonarticle	Codex visual review	2026-07-22	5	content/pep-english/reviewed-corrections.json#pepj9-033	逐页核对第94页；仅有未完成来华礼仪书信模板、Self Check填空及文化句型框，无完整范文或连贯语篇。
pepj9-034	pepj9	11	34	Section A	Nancy: Hey, Ber t. I think I've made Alice mad	96	96	text	c6e628c22e0c2f9cfe4547699a1c95a4	normal	passed	retained-corrected	Codex visual review	2026-07-22	5	content/pep-english/reviewed-corrections.json#pepj9-034	逐行核对第96页；仅保留2d关于友谊问题与建议的完整对话，排除2a图片任务、2b填空、2c开头片段及指令。
pepj9-035	pepj9	11	35	Section A	4a Th ink of appropriate words for the blank s. Th en compare your choices	98	98	text	c6e628c22e0c2f9cfe4547699a1c95a4	normal	passed	removed-nonarticle	Codex visual review	2026-07-22	5	content/pep-english/reviewed-corrections.json#pepj9-035	逐页核对第98页；仅有Grammar Focus、未完成日记填空、空调查表及三句示例，无完整日记或持续语篇。
pepj9-036	pepj9	11	36	Section A	RECOGNIZING IDIOMS AND PHRASES	100	100	text	c6e628c22e0c2f9cfe4547699a1c95a4	normal	passed	retained-corrected	Codex visual review	2026-07-22	5	content/pep-english/reviewed-corrections.json#pepj9-036	逐行核对第100页；恢复印刷标题和直至结局的十一段完整叙述/对话，纠正Section B并排除活动指令及习语策略框。
pepj9-037	pepj9	12	37	Section A	2a Listen to Mar y continue her stor y. Number the pictures [1–4] in the	104	104	text	c6e628c22e0c2f9cfe4547699a1c95a4	normal	passed	retained-corrected	Codex visual review	2026-07-22	5	content/pep-english/reviewed-corrections.json#pepj9-037	逐行核对第104页；仅保留2d完整迟到对话，排除2a图片排序、2b动词填空、开放式2c提示及指令。
pepj9-038	pepj9	12	38	Section A	Life is full of the unexpected. UNIT 12	105	105	text	c6e628c22e0c2f9cfe4547699a1c95a4	normal	passed	retained-corrected	Codex visual review	2026-07-22	5	content/pep-english/reviewed-corrections.json#pepj9-038	逐行核对第105页；恢复准确标题和两段具有完整结局的事件叙述，排除3a问题及3b/3c练习。
pepj9-039	pepj9	12	39	Section A	2b Read the passage quickly. Th en match each paragraph with the main	108	108	text	c6e628c22e0c2f9cfe4547699a1c95a4	normal	passed	retained-corrected	Codex visual review	2026-07-22	5	content/pep-english/reviewed-corrections.json#pepj9-039	逐行核对第108页；恢复四段完整愚人节骗局说明文，补充描述性标题、纠正Section B并排除活动任务和背景知识策略框。
pepj9-040	pepj9	12	40	Section A	My lucky/unlucky day	110	110	text	c6e628c22e0c2f9cfe4547699a1c95a4	normal	passed	removed-nonarticle	Codex visual review	2026-07-22	5	content/pep-english/reviewed-corrections.json#pepj9-040	逐页核对第110页；仅有幸运/倒霉日句型、未完成Self Check短文及开放回答句干，无完整范文。
pepj9-041	pepj9	13	41	Section A	2a Listen to the inter v iew. Circle the kinds of pollution that Jason and	112	112	text	c6e628c22e0c2f9cfe4547699a1c95a4	normal	passed	retained-corrected	Codex visual review	2026-07-22	5	content/pep-english/reviewed-corrections.json#pepj9-041	逐行核对第112页；仅保留2d提出污染解决办法的完整采访对话，排除2a选择、2b填空、未完成2c示例及指令。
pepj9-042	pepj9	13	42	Section A	Many have heard of shark fin soup. But do you	113	113	text	c6e628c22e0c2f9cfe4547699a1c95a4	normal	passed	retained-corrected	Codex visual review	2026-07-22	5	content/pep-english/reviewed-corrections.json#pepj9-042	逐行核对第113页；恢复印刷标题、三段完整正文、数据及组织名称，排除3a指令/事实表和3b填空。
pepj9-043	pepj9	13	43	Section A	2a Look at the title and the pictures in 2b. Can you guess what the passage	116	116	text	c6e628c22e0c2f9cfe4547699a1c95a4	normal	passed	retained-corrected	Codex visual review	2026-07-22	5	content/pep-english/reviewed-corrections.json#pepj9-043	逐行核对第116页；恢复标题、总述和三篇完整创作者介绍，纠正Section B并排除活动指令、前后缀策略框和空表。
pepj9-044	pepj9	14	44	Section A	Question Answer	120	120	text	c6e628c22e0c2f9cfe4547699a1c95a4	normal	passed	retained-corrected	Codex visual review	2026-07-22	5	content/pep-english/reviewed-corrections.json#pepj9-044	逐行核对第120页；仅保留2d中Judy与Clara谈论最怀念老师的完整对话，排除事实勾选、问题匹配和未完成示例。
pepj9-045	pepj9	14	45	Section A	What happened in Grade 7 that was	122	122	text	c6e628c22e0c2f9cfe4547699a1c95a4	normal	passed	retained-corrected	Codex visual review	2026-07-22	5	content/pep-english/reviewed-corrections.json#pepj9-045	逐行核对第122页；将4a六句按初一、初二、今年和升高中后的时间线恢复为完整回顾范文，排除语法问答表、排序横线和4b开放问题。
pepj9-046	pepj9	14	46	Section A	I remember meeting all of you in Grade 7. UNIT 14	123	123	text	c6e628c22e0c2f9cfe4547699a1c95a4	normal	passed	removed-nonarticle	Codex visual review	2026-07-22	5	content/pep-english/reviewed-corrections.json#pepj9-046	逐页核对第123页；仅有未来计划填空、两句操练示例、听力勾选、九处缺词摘要和毕业演讲问题提纲，无完整语篇。
pepj9-047	pepj9	14	47	Section A	2a W hat is the most impor tant thing you have learned in junior high	124	124	text	c6e628c22e0c2f9cfe4547699a1c95a4	normal	passed	retained-corrected	Codex visual review	2026-07-22	5	content/pep-english/reviewed-corrections.json#pepj9-047	逐行核对第124页；恢复从称呼到祝福语的完整毕业典礼演讲，纠正Section B，排除讨论题、阅读问题和文体识别策略框。
pepj9-048	pepj9	14	48	Section A	Self Check	126	126	text	c6e628c22e0c2f9cfe4547699a1c95a4	normal	passed	removed-nonarticle	Codex visual review	2026-07-22	5	content/pep-english/reviewed-corrections.json#pepj9-048	逐页核对第126页；3b是写作要求、Self Check 1是空表、Self Check 2是十处动词填空残文，无完整范文。
pephr1-001	pephr1	1	1	Reading and Thinking	Describe your first senior high school day	11	11	text	e0bf18138b24d7def28b35994a13946b	normal	passed	retained-corrected	Codex visual review	2026-07-22	5	content/pep-english/reviewed-corrections.json#pephr1-001	逐行核对第11页；恢复First Impressions四个时间节点的完整首日记录和正确栏序，修复自动抽取交叉/截断，排除情绪选择和绘图指令。
pephr1-002	pephr1	1	2	Reading and Thinking	7:00 a.m. senior high school, a little anx ious	12	12	text	e0bf18138b24d7def28b35994a13946b	normal	passed	removed-nonarticle	Codex visual review	2026-07-22	5	content/pep-english/reviewed-corrections.json#pephr1-002	逐页核对第12页；仅有上一课文理解题、未填时间表及六处缺词的Word Study短文，自动抽取吞掉空格后误判，故删除且不代填。
pephr1-003	pephr1	1	3	Reading and Thinking	Discovering Useful Structures	13	13	text	e0bf18138b24d7def28b35994a13946b	normal	passed	retained-corrected	Codex visual review	2026-07-22	5	content/pep-english/reviewed-corrections.json#pephr1-003	逐行核对第13页；保留第3题中Tim乘船学习的完整短文，排除句型表和零散分析句，并纠正为Discovering Useful Structures。
pephr1-004	pephr1	1	4	Reading for Writing	Write a student profile	15	15	text	e0bf18138b24d7def28b35994a13946b	normal	passed	retained-corrected	Codex visual review	2026-07-22	5	content/pep-english/reviewed-corrections.json#pephr1-004	逐行核对第15页；恢复Ann与Thando两份完整学生档案及姓名、年龄、学校、国家标识，排除教学标题和三道讨论题。
pephr1-005	pephr1	1	5	Reading and Thinking	Discovering Useful Structures	23	23	text	e0bf18138b24d7def28b35994a13946b	normal	passed	retained-corrected	Codex visual review	2026-07-22	5	content/pep-english/reviewed-corrections.json#pephr1-005	逐行核对第23页；保留Cheerleader Try-outs完整初稿，排除词组定义、零散分析句、问答练习和仅写到First的改写残片，并纠正栏目元数据。
pephr1-006	pephr1	1	6	Reading for Writing	Write a letter of advice	25	25	text	e0bf18138b24d7def28b35994a13946b	normal	passed	retained-corrected	Codex visual review	2026-07-22	5	content/pep-english/reviewed-corrections.json#pephr1-006	逐行核对第25页；恢复Susan Luo建议信的日期、称呼、两段正文、结尾和署名，排除结构标签、课前说明、讨论题和语言分析任务。
pephr1-007	pephr1	1	7	Reading for Writing	Assessing Your Progress	27	27	text	e0bf18138b24d7def28b35994a13946b	normal	passed	retained-corrected	Codex visual review	2026-07-22	5	content/pep-english/reviewed-corrections.json#pephr1-007	逐行核对第27页；按左右栏恢复关于失学儿童与珍惜教育机会的完整议论文，排除选择题、词组分析、追问和反思问题，并纠正栏目。
pephr1-008	pephr1	2	8	Reading and Thinking	Explore Peru	33	33	text	e0bf18138b24d7def28b35994a13946b	normal	passed	retained-corrected	Codex visual review	2026-07-22	5	content/pep-english/reviewed-corrections.json#pephr1-008	逐行核对第33页；仅保留完整的秘鲁地理与历史百科两段，旅行手册跨至下一页留给后一候选，排除视频题、文体指令和策略框。
pephr1-009	pephr1	2	9	Reading and Thinking	powerful in South America until the 1500s. There are two especially interesting things to	34	34	text	e0bf18138b24d7def28b35994a13946b	normal	passed	retained-corrected	Codex visual review	2026-07-22	5	content/pep-english/reviewed-corrections.json#pephr1-009	逐行核对第33至34页；恢复Travel Peru四条线路、总结和联系方式的完整跨页手册，排除首字母填空、未填表格和讨论题；基线定位保留第34页。
pephr1-010	pephr1	2	10	Reading and Thinking	Discovering Useful Structures	35	35	text	e0bf18138b24d7def28b35994a13946b	normal	passed	retained-corrected	Codex visual review	2026-07-22	5	content/pep-english/reviewed-corrections.json#pephr1-010	逐行核对第35页；保留Amy与Jeremy约周六去水上乐园的完整六轮对话，排除孤立例句、改写题、天气表和句型示例，并纠正栏目。
pephr1-011	pephr1	2	11	Reading for Writing	Write to a friend about a travel plan	37	37	text	e0bf18138b24d7def28b35994a13946b	normal	passed	retained-split	Codex visual review	2026-07-22	2	content/pep-english/reviewed-corrections.json#pephr1-011	逐行核对第37页；一个基线候选实际含Richard西安旅行邮件和Terracotta Army宣传短文两篇独立完整文本，按一篇一课拆为两课，排除页级教学指令。
pephr1-012	pephr1	2	12	Reading for Writing	Assessing Your Progress	39	39	text	e0bf18138b24d7def28b35994a13946b	normal	passed	retained-corrected	Codex visual review	2026-07-22	5	content/pep-english/reviewed-corrections.json#pephr1-012	逐行核对第39页；保留Paul从丽江古城致电Meilin的完整七轮旅行计划对话，排除八处缺词明信片、角色扮演指令和反思句干，并纠正栏目。
pephr1-013	pephr1	3	13	Reading for Writing	Because people can buy water balloons filled with and	44	44	text	e0bf18138b24d7def28b35994a13946b	normal	passed	retained-corrected	Codex visual review	2026-07-22	5	content/pep-english/reviewed-corrections.json#pephr1-013	逐行核对第44页；保留Dave与Jack讨论健身频率、减重和动感单车的完整对话，排除缺词听力题、三则活动提示和语音指令，并纠正为Listening and Speaking。
pephr1-014	pephr1	3	14	Reading and Thinking	Make predictions	45	45	text	e0bf18138b24d7def28b35994a13946b	normal	passed	retained-corrected	Codex visual review	2026-07-22	5	content/pep-english/reviewed-corrections.json#pephr1-014	逐行核对第45页；恢复Living Legends印刷标题、导语、Lang Ping与Michael Jordan完整人物段落和投稿方式，排除预测问题及策略框。
pephr1-015	pephr1	3	15	Reading for Writing	Write a page in a wellness book	49	49	text	e0bf18138b24d7def28b35994a13946b	normal	passed	retained-corrected	Codex visual review	2026-07-22	5	content/pep-english/reviewed-corrections.json#pephr1-015	逐行核对第49页；恢复Going Positive三段完整健康反思，排除课前说明、理解题、未填提纲和语言分析要求。
pephr1-016	pephr1	3	16	Reading for Writing	Assessing Your Progress	51	51	text	e0bf18138b24d7def28b35994a13946b	normal	passed	removed-nonarticle	Codex visual review	2026-07-22	5	content/pep-english/reviewed-corrections.json#pephr1-016	逐页核对第51页；上半短文有八处词表填空、下半对话有六处附加问句/回答空白，反思区仅问题，无完整语篇且不代填。
pephr1-017	pephr1	3	17	Reading for Writing	Name Question 1 Question 2 Question 3 Question 4 Question 5	52	52	text	e0bf18138b24d7def28b35994a13946b	normal	passed	removed-nonarticle	Codex visual review	2026-07-22	5	content/pep-english/reviewed-corrections.json#pephr1-017	逐页核对第52页；体育调查问题和表格均待填写，示例报告明确在“Our second question was ...”处截断，不是完整范文。
pephr1-018	pephr1	4	18	Reading and Thinking	Describe a natural disaster	57	57	text	e0bf18138b24d7def28b35994a13946b	normal	passed	retained-corrected	Codex visual review	2026-07-22	5	content/pep-english/reviewed-corrections.json#pephr1-018	逐行核对第57页并用文本层辅助防止抄录误差；恢复The Night the Earth Didn't Sleep五段完整正文，排除讨论和预测指令。
pephr1-019	pephr1	4	19	Reading and Thinking	Discovering Useful Structures	59	59	text	e0bf18138b24d7def28b35994a13946b	normal	passed	removed-nonarticle	Codex visual review	2026-07-22	5	content/pep-english/reviewed-corrections.json#pephr1-019	逐页核对第59页；仅有限制性定语从句讲解、孤立例句、七处填空和两句图片问答示例，无完整语篇。
pephr1-020	pephr1	4	20	Reading for Writing	Write a summary	61	61	text	e0bf18138b24d7def28b35994a13946b	normal	passed	retained-corrected	Codex visual review	2026-07-22	5	content/pep-english/reviewed-corrections.json#pephr1-020	逐行核对第61页并按左中右恢复三栏新闻顺序；保留标题、作者、日期及完整报道，排除写作指令和理解题。
pephr1-021	pephr1	4	21	Reading for Writing	Assessing Your Progress	63	63	text	e0bf18138b24d7def28b35994a13946b	normal	passed	removed-nonarticle	Codex visual review	2026-07-22	5	content/pep-english/reviewed-corrections.json#pephr1-021	逐页核对第63页；汶川地震短文有八处关系代词空白，上方为词语选择、底部为反思问题，无完整原文且不代填。
pephr1-022	pephr1	5	22	Reading for Writing	schedule hostile either address	68	68	text	e0bf18138b24d7def28b35994a13946b	normal	passed	retained-corrected	Codex visual review	2026-07-22	5	content/pep-english/reviewed-corrections.json#pephr1-022	逐行核对第68页；保留学习法语原因的完整五轮示例对话，排除三则独立气泡、语音指令和两端明确省略的Richard Lederer残段，并纠正栏目。
pephr1-023	pephr1	5	23	Reading and Thinking	that describe a time. Then write down what Scanning is looking at the	70	70	text	e0bf18138b24d7def28b35994a13946b	normal	passed	removed-nonarticle	Codex visual review	2026-07-22	5	content/pep-english/reviewed-corrections.json#pephr1-023	逐页核对第70页；仅有上一篇课文的扫描/理解题、六处缺词书法短文和词义练习，本页无完整独立语篇且不代填。
pephr1-024	pephr1	5	24	Reading and Thinking	Discovering Useful Structures	71	71	text	e0bf18138b24d7def28b35994a13946b	normal	passed	removed-nonarticle	Codex visual review	2026-07-22	5	content/pep-english/reviewed-corrections.json#pephr1-024	逐页核对第71页；核心德语学习短文有五处关系词空白，其余是语法例句、空表和开放问答句干，无完整原文且不代填。
pephr1-025	pephr1	5	25	Reading and Thinking	Listening and Talking	72	72	text	e0bf18138b24d7def28b35994a13946b	normal	passed	retained-corrected	Codex visual review	2026-07-22	5	content/pep-english/reviewed-corrections.json#pephr1-025	逐行核对第72页；保留Martin与Zhou Wei围绕pants英美含义误会及解决的完整九轮对话，排除听力题、词语配对和澄清句型框；末句省略号为语气收尾。
pephr1-026	pephr1	5	26	Reading for Writing	Write a blog about English study	73	73	text	e0bf18138b24d7def28b35994a13946b	normal	passed	retained-corrected	Codex visual review	2026-07-22	5	content/pep-english/reviewed-corrections.json#pephr1-026	逐行核对第73页；按显示顺序恢复Wang Le提问及Liu Wen、Jia Xin、Li Rui三篇完整回复，排除页级写作与填表指令。
pephr1-027	pephr1	5	27	Reading for Writing	Assessing Your Progress	75	75	text	e0bf18138b24d7def28b35994a13946b	normal	passed	removed-nonarticle	Codex visual review	2026-07-22	5	content/pep-english/reviewed-corrections.json#pephr1-027	逐页核对第75页；两部分语言学习回忆分别有八处词汇空白和五处关系从句空白，底部仅反思问题，无完整原文且不代填。
pephr1-028	pephr1	1	28	Reading for Writing	Using Words and Expressions	78	78	text	e0bf18138b24d7def28b35994a13946b	normal	passed	removed-nonarticle	Codex visual review	2026-07-22	5	content/pep-english/reviewed-corrections.json#pephr1-028	逐页核对第78页；仅有构词练习、多处缺词的青少年调查短文和词性辨析孤立句，无完整文章且不代填。
pephr1-029	pephr1	1	29	Reading for Writing	them in the correct order. What do you think of Chinese tea	80	80	text	e0bf18138b24d7def28b35994a13946b	normal	passed	retained-corrected	Codex visual review	2026-07-22	5	content/pep-english/reviewed-corrections.json#pephr1-029	逐行核对第80页；保留化学测验失利与相约复习的完整九轮对话，排除语序/替换练习及七处中译英空白的茶文化短文，并纠正为Using Structures。
pephr1-030	pephr1	1	30	Reading	Writing Dear Talking Teens,	82	82	text	e0bf18138b24d7def28b35994a13946b	normal	passed	retained-split	Codex visual review	2026-07-22	4	content/pep-english/reviewed-corrections.json#pephr1-030	逐行核对第82页；四封求助信均有独立称呼、正文、落款，按一篇一课拆为Confused Mum、Old-school Dad、Loving Father、Mum in Yunnan四课，排除说明、照片和空白答复区。
pephr1-031	pephr1	1	31	Reading	TEENAGE LIFE	83	83	text	e0bf18138b24d7def28b35994a13946b	normal	passed	retained-corrected	Codex visual review	2026-07-22	5	content/pep-english/reviewed-corrections.json#pephr1-031	逐行核对第83页；恢复共同标题Teenage Life Around the World下Asha、Samika、Frieder三个完整人物分节及国家标签，并纠正为Expanding Your World。
pephr1-032	pephr1	2	32	Reading	Using Words and Expressions	84	84	text	e0bf18138b24d7def28b35994a13946b	normal	passed	removed-nonarticle	Codex visual review	2026-07-22	5	content/pep-english/reviewed-corrections.json#pephr1-032	逐页核对第84页；仅有复合词定义填空、八处缺词邮轮短文和多处首字母空白的厦门海报，无完整语篇且不代填。
pephr1-033	pephr1	2	33	Reading	Colosseum in Rome, Stonehenge in the UK, memorial stones at the bottom of Qomolangma,	87	87	text	e0bf18138b24d7def28b35994a13946b	normal	passed	retained-corrected	Codex visual review	2026-07-22	5	content/pep-english/reviewed-corrections.json#pephr1-033	逐行核对第87页；恢复Be a Good Tourist四段完整社论，排除正文内中文词义注释及页外主旨、扫描、事实观点和讨论题。
pephr1-034	pephr1	2	34	Reading	Dear Sir,	89	89	text	e0bf18138b24d7def28b35994a13946b	normal	passed	retained-corrected	Codex visual review	2026-07-22	5	content/pep-english/reviewed-corrections.json#pephr1-034	逐行核对第89页；恢复Tobias Smollett书信的称呼、三段正文与署名，排除中文地名注释和图片说明，并纠正栏目及描述性标题。
pephr1-035	pephr1	2	35	Reading	Using Words and Expressions	90	90	text	e0bf18138b24d7def28b35994a13946b	normal	passed	removed-nonarticle	Codex visual review	2026-07-22	5	content/pep-english/reviewed-corrections.json#pephr1-035	逐页核对第90页；仅有定义配对、六条体育纪录填空和八句短语填空，无连续文章或对话。
pephr1-036	pephr1	2	36	Reading	can using make or out . Then make 2 How do all great athletes feel about	91	91	text	e0bf18138b24d7def28b35994a13946b	normal	passed	retained-split	Codex visual review	2026-07-22	2	content/pep-english/reviewed-corrections.json#pephr1-036	逐行核对第91页；左栏完整运动员心理说明文与右栏独立jumping jacks对话分属不同栏目，按一篇一课拆为两课，排除中文注释、问题、短语图和翻译题。
pephr1-037	pephr1	2	37	Reading	Then fill in the blanks below and write	92	92	text	e0bf18138b24d7def28b35994a13946b	normal	passed	removed-nonarticle	Codex visual review	2026-07-22	5	content/pep-english/reviewed-corrections.json#pephr1-037	逐页核对第92页；家庭对话缺四个附加问句，健身房对话多处空白且明确需续写，其余为语法填空和问卷，无完整对话。
pephr1-038	pephr1	3	38	Reading	compete in the downhill and skating events. The metal sleds used in the 1890s, when	93	93	text	e0bf18138b24d7def28b35994a13946b	normal	passed	retained-corrected	Codex visual review	2026-07-22	5	content/pep-english/reviewed-corrections.json#pephr1-038	逐页核对第93页；保留共享标题下的导语、滑雪、滑冰和俯式冰橇四部分，恢复版面顺序，删除中文词义注释及配对、理解题。
pephr1-039	pephr1	3	39	Expanding Your World	The World Series (baseball, USA)	95	95	text	e0bf18138b24d7def28b35994a13946b	normal	passed	retained-corrected	Codex visual review	2026-07-22	5	content/pep-english/reviewed-corrections.json#pephr1-039	逐页核对第95页；自动候选只识别首个小标题，实际保留共享标题HOT TICKETS下的导语及棒球、板球、网球三部分，删除中文括注和版面元素。
pephr1-040	pephr1	4	40	Using Words and Expressions	Using Words and Expressions	96	96	text	e0bf18138b24d7def28b35994a13946b	normal	passed	removed-nonarticle	Codex visual review	2026-07-22	5	content/pep-english/reviewed-corrections.json#pephr1-040	逐页核对第96页；全页为词义匹配、词谜后的单句填空和含六处空白的地震短文，没有印刷完整语篇，未代填答案。
pephr1-041	pephr1	4	41	Using Structures	through the brick s. The brick s covered the by using restrictive relative clauses	98	98	text	e0bf18138b24d7def28b35994a13946b	normal	passed	removed-nonarticle	Codex visual review	2026-07-22	5	content/pep-english/reviewed-corrections.json#pephr1-041	逐页核对第98页；内容为关系从句改单句、含七空的台风短文及要求补充括号信息的龙卷风写作题，没有完整印刷语篇，未补写答案。
pephr1-042	pephr1	4	42	Reading and Writing	Jack London	99	99	text	e0bf18138b24d7def28b35994a13946b	normal	passed	retained-corrected	Codex visual review	2026-07-22	5	content/pep-english/reviewed-corrections.json#pephr1-042	逐页核对第99页；保留标题、日期及四段完整正文，确认左栏第二段续接右栏顶部后再进入第三段，删除中文括注、活动题和图片。
pephr1-043	pephr1	4	43	Expanding Your World	The China International Search and Rescue Team (CISAR) was formed in 2001 and is now	101	101	text	e0bf18138b24d7def28b35994a13946b	normal	passed	retained-corrected	Codex visual review	2026-07-22	5	content/pep-english/reviewed-corrections.json#pephr1-043	逐页核对第101页；保留CHINA TO THE RESCUE!标题下五段完整正文，删除阿尔及利亚、伊朗、海地、巴基斯坦中文括注及照片。
pephr1-044	pephr1	5	44	Using Words and Expressions	Using Words and Expressions	102	102	text	e0bf18138b24d7def28b35994a13946b	normal	passed	removed-nonarticle	Codex visual review	2026-07-22	5	content/pep-english/reviewed-corrections.json#pephr1-044	逐页核对第102页；全页为词典义项选择和五个短语填空单句，没有连贯完整文章或对话。
pephr1-045	pephr1	5	45	Using Words and Expressions	read Chinese. OK , I' l l find some time in my	103	103	text	e0bf18138b24d7def28b35994a13946b	normal	passed	retained-corrected	Codex visual review	2026-07-22	5	content/pep-english/reviewed-corrections.json#pephr1-045	逐页核对第103页；仅保留从左栏页底续至右栏页顶的完整四轮书法课对话，删除含八空广告、翻译指令和关系从句练习。
pephr1-046	pephr1	5	46	Using Structures	correct relative pronouns or times, places, and reasons. Then	104	104	text	e0bf18138b24d7def28b35994a13946b	normal	passed	removed-nonarticle	Codex visual review	2026-07-22	5	content/pep-english/reviewed-corrections.json#pephr1-046	逐页核对第104页；左栏口译短文含九处关系词空白，右栏为句子配对及开放写作提示，没有完整印刷语篇，未代填或补写。
pephr1-047	pephr1	5	47	Reading	Zhao Yuanren, a Chinese American linguist, could speak seven languages and more than	105	105	text	e0bf18138b24d7def28b35994a13946b	normal	passed	retained-corrected	Codex visual review	2026-07-22	5	content/pep-english/reviewed-corrections.json#pephr1-047	逐页核对第105页；保留POLYGLOTS主标题和副标题下三段完整正文，删除导入题、理解题、讨论题及人物图片。
pephr1-048	pephr1	5	48	Expanding Your World	THE BOOK THAT KEEPS ON GROWING	107	107	text	e0bf18138b24d7def28b35994a13946b	normal	passed	retained-corrected	Codex visual review	2026-07-22	5	content/pep-english/reviewed-corrections.json#pephr1-048	逐页核对第107页；保留OED历史专题六段全文，确认第二段绕人物图续接至completed in 10 years，并纠正文层破折号、撇号和年份连接号误识别。
pephr2-001	pephr2	1	1	Listening and Speaking	Reason Preserve Promote Cypress	10	10	text	38d49874e4f015fd89f21c9306f6b9d5	normal	passed	removed-nonarticle	Codex visual review	2026-07-22	5	content/pep-english/reviewed-corrections.json#pephr2-001	逐页核对第10页；新闻报道含四处听力填空，周围为词义判断表、讨论题和语音练习，没有完整印刷语篇，未据词表猜填。
pephr2-002	pephr2	1	2	Reading and Thinking	Understand how a problem was solved	11	11	text	38d49874e4f015fd89f21c9306f6b9d5	normal	passed	retained-corrected	Codex visual review	2026-07-22	5	content/pep-english/reviewed-corrections.json#pephr2-002	逐页核对第11页；保留FROM PROBLEMS TO SOLUTIONS六段完整正文，确认在UNESCO与全球协作处完整收束，删除阅读指令、图片和页眉页脚。
pephr2-003	pephr2	1	3	Reading and Thinking	the building of the dam? Making a timeline that	12	12	text	38d49874e4f015fd89f21c9306f6b9d5	normal	passed	removed-nonarticle	Codex visual review	2026-07-22	5	content/pep-english/reviewed-corrections.json#pephr2-003	逐页核对第12页；为上一篇课文的理解题、未完成时间线和含八处空白且要求自拟标题的开罗新闻稿，没有新完整语篇，未填补。
pephr2-004	pephr2	1	4	Assessing Your Progress	Assessing Your Progress	17	17	text	38d49874e4f015fd89f21c9306f6b9d5	normal	passed	removed-nonarticle	Codex visual review	2026-07-22	5	content/pep-english/reviewed-corrections.json#pephr2-004	逐页核对第17页；文化遗产保护短文含十处短语空白，无形文化遗产对话含八处关系词空白，二者均不完整，未代填。
pephr2-005	pephr2	2	5	Listening and Speaking	they're in danger of extinction. Elephants need large living spaces, so it's difficult	22	22	text	38d49874e4f015fd89f21c9306f6b9d5	normal	passed	retained-corrected	Codex visual review	2026-07-22	5	content/pep-english/reviewed-corrections.json#pephr2-005	逐页核对第22页；保留关于非洲象威胁和保护措施的完整四轮示例对话，删除角色扮演指令、动物图片及重音练习。
pephr2-006	pephr2	2	6	Reading and Thinking	EXAMPLE Identify literal and implied	24	24	text	38d49874e4f015fd89f21c9306f6b9d5	normal	passed	removed-nonarticle	Codex visual review	2026-07-22	5	content/pep-english/reviewed-corrections.json#pephr2-006	逐页核对第24页；为藏羚羊课后理解、显性隐性意义判断及含八空的大象短文，没有新完整语篇，未填词。
pephr2-007	pephr2	2	7	Discovering Useful Structures	WILDLIFE PROTECTION	25	25	text	38d49874e4f015fd89f21c9306f6b9d5	normal	passed	removed-nonarticle	Codex visual review	2026-07-22	5	content/pep-english/reviewed-corrections.json#pephr2-007	逐页核对第25页；为现在进行时被动语态例句、选择题和含六处动词空白的湿地短文，没有完整语篇，未代填。
pephr2-008	pephr2	2	8	Reading for Writing	WILDLIFE PROTECTION	27	27	text	38d49874e4f015fd89f21c9306f6b9d5	normal	passed	retained-split	Codex visual review	2026-07-22	2	content/pep-english/reviewed-corrections.json#pephr2-008	逐页核对第27页；左右两张海报各有独立标题和完整正文，按一篇一课拆为Give Ugly a Chance!与Don't Make Paper with My Home!，排除图片、情绪选择、摘要和讨论题。
pephr2-009	pephr2	2	9	Assessing Your Progress	Assessing Your Progress	29	29	text	38d49874e4f015fd89f21c9306f6b9d5	normal	passed	removed-nonarticle	Codex visual review	2026-07-22	5	content/pep-english/reviewed-corrections.json#pephr2-009	逐页核对第29页；WWF短文含六处短语空白，貂熊保护短文含五处被动语态空白，另有反思表，均非完整语篇，未代填。
pephr2-010	pephr2	3	10	Pronunciation	A Use simpler words. ( ) Listen for definitions	34	34	text	38d49874e4f015fd89f21c9306f6b9d5	normal	passed	retained-corrected	Codex visual review	2026-07-22	5	content/pep-english/reviewed-corrections.json#pephr2-010	逐页核对第34页；保留Cyber Sense两节八行完整短诗及原换行，删除重音标记指令、定义练习；在线习惯示例对话以Well,...未完，未收录。
pephr2-011	pephr2	3	11	Reading and Thinking	Start an online community	35	35	text	38d49874e4f015fd89f21c9306f6b9d5	normal	passed	retained-corrected	Codex visual review	2026-07-22	5	content/pep-english/reviewed-corrections.json#pephr2-011	逐页核对第35页；保留STRONGER TOGETHER标题下Jan Tchamani经历、IT俱乐部案例、后续目标和引语结尾共五段全文，删除预读题、技巧框和插图。
pephr2-012	pephr2	3	12	Reading and Thinking	Examples from the text More examples you know	36	36	text	38d49874e4f015fd89f21c9306f6b9d5	normal	passed	removed-nonarticle	Codex visual review	2026-07-22	5	content/pep-english/reviewed-corrections.json#pephr2-012	逐页核对第36页；为上一篇理解题、空白例子表和含十处词形空白的乌镇短文，没有新完整语篇，未填词或补答案。
pephr2-013	pephr2	3	13	Listening and Talking	Listening and Talking	38	38	text	38d49874e4f015fd89f21c9306f6b9d5	normal	passed	retained-corrected	Codex visual review	2026-07-22	5	content/pep-english/reviewed-corrections.json#pephr2-013	逐页核对第38页；保留下半页围绕TV Me与Hear It First优劣的完整两轮示范对话，删除听力填空、判断、表达勾选、应用卡和角色扮演指令。
pephr2-014	pephr2	3	14	Reading for Writing	Write a blog post	39	39	text	38d49874e4f015fd89f21c9306f6b9d5	normal	passed	retained-corrected	Codex visual review	2026-07-22	5	content/pep-english/reviewed-corrections.json#pephr2-014	逐页核对第39页；保留无标题博客范文的引入、三条安全建议、邀请评论及Boy579与Amy两条完整评论，自拟元数据标题How to Stay Safe Online，删除浏览器装饰和课后题。
pephr2-015	pephr2	3	15	Assessing Your Progress	Assessing Your Progress	41	41	text	38d49874e4f015fd89f21c9306f6b9d5	normal	passed	removed-nonarticle	Codex visual review	2026-07-22	5	content/pep-english/reviewed-corrections.json#pephr2-015	逐页核对第41页；上部为十二个名词动词填空，下部互联网影响短文含五处括号动词空白，另有反思表，没有完整语篇，未代填。
pephr2-016	pephr2	4	16	Reading and Thinking	Learn about a country through its history	47	47	text	38d49874e4f015fd89f21c9306f6b9d5	normal	passed	retained-merged	Codex visual review	2026-07-22	5	content/pep-english/reviewed-corrections.json#pephr2-016	逐页核对第47至48页；第四段从第47页末English无缝续接第48页language，并有完整结尾段，合并为WHAT'S IN A NAME?五段全文，删除地图、时间线、六空对话和讨论题。
pephr2-017	pephr2	4	17	Reading and Thinking	language, and changed the way people built houses. The Vikings came in the eighth	48	48	text	38d49874e4f015fd89f21c9306f6b9d5	normal	passed	removed-merged-continuation	Codex visual review	2026-07-22	5	content/pep-english/reviewed-corrections.json#pephr2-017	逐页核对第48页；自动候选只是上一篇第四段续文和第五段，已并入pephr2-016，不重复成课；其余为时间线及含六空对话，未收录。
pephr2-018	pephr2	4	18	Reading for Writing	HISTORY AND TRADITIONS	51	51	text	38d49874e4f015fd89f21c9306f6b9d5	normal	passed	retained-corrected	Codex visual review	2026-07-22	5	content/pep-english/reviewed-corrections.json#pephr2-018	逐页核对第51页；保留BEAUTIFUL IRELAND AND ITS TRADITIONS单段完整描写范文，从乡村景观、声音、气味写至酒馆饮食和地方文化，删除图片、理解题及感官分析表。
pephr2-019	pephr2	5	19	Listening and Speaking	EXAMPLE Reasons for liking music	58	58	text	38d49874e4f015fd89f21c9306f6b9d5	normal	passed	retained-corrected	Codex visual review	2026-07-22	5	content/pep-english/reviewed-corrections.json#pephr2-019	逐页核对第58页；保留关于喜爱techno music原因的完整四轮示范访谈，删除讨论指令、理由提示、乐器图片及独立发音练习。
pephr2-020	pephr2	5	20	Reading and Thinking	Learn about experiencing music online	59	59	text	38d49874e4f015fd89f21c9306f6b9d5	normal	passed	retained-corrected	Codex visual review	2026-07-22	5	content/pep-english/reviewed-corrections.json#pephr2-020	逐页核对第59页；保留THE VIRTUAL CHOIR四段完整正文，涵盖概念作用、Eric Whitacre经历、发展过程和总结句，删除预读题、扫读任务、技巧框和图片。
pephr2-021	pephr2	5	21	Listening and Talking	Listening and Talking	62	62	text	38d49874e4f015fd89f21c9306f6b9d5	normal	passed	retained-corrected	Codex visual review	2026-07-22	5	content/pep-english/reviewed-corrections.json#pephr2-021	逐页核对第62页；保留Debbie、John、Frank讨论演出、志愿岗位及慈善目的的完整十轮对话，删除听力任务、偏好表达框、图片和开放讨论题。
pephr2-022	pephr2	5	22	Reading for Writing	Write a speech	63	63	text	38d49874e4f015fd89f21c9306f6b9d5	normal	passed	retained-corrected	Codex visual review	2026-07-22	5	content/pep-english/reviewed-corrections.json#pephr2-022	逐页核对第63页；保留Sarah Williams演讲从问候、自我介绍、患病经历、音乐帮助、建议到Thank you!的完整结构，删除红色A-F修辞标记、图片和分析题。
pephr2-023	pephr2	5	23	Assessing Your Progress	Assessing Your Progress	65	65	text	38d49874e4f015fd89f21c9306f6b9d5	normal	passed	retained-corrected	Codex visual review	2026-07-22	5	content/pep-english/reviewed-corrections.json#pephr2-023	逐页核对第65页；保留完整钢琴学习叙事，确认左栏末I could only续至右栏顶agree并延续到成功演出后的坚持，删除词汇填空、语法指令和反思表。
pephr2-024	pephr2	5	24	Project	about one of these topics:	66	66	text	38d49874e4f015fd89f21c9306f6b9d5	normal	passed	retained-corrected	Codex visual review	2026-07-22	5	content/pep-english/reviewed-corrections.json#pephr2-024	逐页核对第66页；保留Ludwig van Beethoven完整传记正文，删除项目步骤、肖像及非连贯正文的Famous works作品清单和中文译名。
pephr2-025	pephr2	1	25	Using Words and Expressions	completing the passage. The first sentence as similar as possible in	69	69	text	38d49874e4f015fd89f21c9306f6b9d5	normal	passed	removed-nonarticle	Codex visual review	2026-07-22	5	content/pep-english/reviewed-corrections.json#pephr2-025	逐页核对第69页；为首字母摘要填空、中译英、句子改写及关系词填空，没有完整新语篇，未根据原课文或提示补答案。
pephr2-026	pephr2	1	26	Reading and Writing	NEW DISCOVERIES FROM THE PAST	71	71	text	38d49874e4f015fd89f21c9306f6b9d5	normal	passed	retained-split	Codex visual review	2026-07-22	2	content/pep-english/reviewed-corrections.json#pephr2-026	逐页核对第71页；两篇报道各有独立标题、地点日期和完整正文，拆为希腊沉船文物与海昏侯汉代文物展两课，删除共享导语、图片和活动指令。
pephr2-027	pephr2	1	27	Expanding Your World	WORLD CULTURAL HERITAGE SITES	73	73	text	38d49874e4f015fd89f21c9306f6b9d5	normal	passed	retained-corrected	Codex visual review	2026-07-22	5	content/pep-english/reviewed-corrections.json#pephr2-027	逐页核对第73页；保留WORLD CULTURAL HERITAGE SITES六段全文，从UNESCO计划、泰姬陵、明清皇家陵寝写至文化保护总结，删除图片及三处中文地名括注。
pephr2-028	pephr2	2	28	Using Structures	a mistake, underline it and write animal habitats. Harmf ul chemicals	76	76	text	38d49874e4f015fd89f21c9306f6b9d5	normal	passed	removed-nonarticle	Codex visual review	2026-07-22	5	content/pep-english/reviewed-corrections.json#pephr2-028	逐页核对第76页；为八个改错句、含多处括号动词空白的野生动物保护短文和选句补全西藏演讲，没有完整语篇，未代填或拼接。
pephr2-029	pephr2	2	29	Reading and Writing	THE STRANGE TALE OF THE MILU DEER	77	77	text	38d49874e4f015fd89f21c9306f6b9d5	normal	passed	retained-corrected	Codex visual review	2026-07-22	5	content/pep-english/reviewed-corrections.json#pephr2-029	逐页核对第77页；保留麋鹿外形、在中国消失、欧洲保种、回归中国及未来野化共五段完整正文，删除导入指令和图片。
pephr2-030	pephr2	2	30	Expanding Your World	URBAN WILDLIFE	79	79	text	38d49874e4f015fd89f21c9306f6b9d5	normal	passed	retained-corrected	Codex visual review	2026-07-22	5	content/pep-english/reviewed-corrections.json#pephr2-030	逐页核对第79页；保留城市栖息地、奥斯汀蝙蝠桥、北京奥林匹克森林公园、Birdscraper和总结共六段全文，确认绕图阅读顺序，删除三处中文括注和图片。
pephr2-031	pephr2	3	31	Using Words and Expressions	Using Words and Expressions	80	80	text	38d49874e4f015fd89f21c9306f6b9d5	normal	passed	removed-nonarticle	Codex visual review	2026-07-22	5	content/pep-english/reviewed-corrections.json#pephr2-031	逐页核对第80页；三段网络主题对话均有多个词汇空白，右栏为搭配句填空和中译英，没有完整对话，未用词框恢复。
pephr2-032	pephr2	3	32	Using Structures	Connect Online to Meet Offline	81	81	text	38d49874e4f015fd89f21c9306f6b9d5	normal	passed	removed-nonarticle	Codex visual review	2026-07-22	5	content/pep-english/reviewed-corrections.json#pephr2-032	逐项核对PDF第81页；语篇含8个连接词空格，后续为被动语态填空和改错，未代填答案，因无完整语篇剔除。
pephr2-033	pephr2	3	33	Using Structures	Notice to Parents and Prize Speech Exercises	82	82	text	38d49874e4f015fd89f21c9306f6b9d5	normal	passed	removed-nonarticle	Codex visual review	2026-07-22	5	content/pep-english/reviewed-corrections.json#pephr2-033	逐栏核对PDF第82页；标题改写、家长通知、个人写作及颁奖讲话均需补写或填空，未作答重构，因无完整语篇剔除。
pephr2-034	pephr2	3	34	Expanding Your World	E-Learning	85	85	text	38d49874e4f015fd89f21c9306f6b9d5	normal	passed	retained-corrected	Codex visual review	2026-07-22	6	content/pep-english/reviewed-corrections.json#pephr2-034	逐行对照PDF第85页；恢复完整四段文章、正式标题与栏目，核对新加坡及韩国案例顺序，删除插图和页眉页码。
pephr2-035	pephr2	4	35	Reading and Writing	Cairo and Athens Travel Messages	89	89	text	38d49874e4f015fd89f21c9306f6b9d5	normal	passed	retained-split	Codex visual review	2026-07-22	4	content/pep-english/reviewed-corrections.json#pephr2-035	逐行对照PDF第89页；Cleo开罗邮件与Sally雅典留言作者、地点和落款均独立，拆为两课，删除空白收发件栏、中文注释、问题及照片。
pephr2-036	pephr2	4	36	Expanding Your World	Samovar—the Special Teapot	91	91	text	38d49874e4f015fd89f21c9306f6b9d5	normal	passed	retained-corrected	Codex visual review	2026-07-22	5	content/pep-english/reviewed-corrections.json#pephr2-036	逐行对照PDF第91页；恢复完整四段演讲及标题，核对图片前后续行与制茶步骤，删除赛事导语、照片和页眉页码。
pephr2-037	pephr2	5	37	Reading and Writing	Cat's in the Cradle	95	95	text	38d49874e4f015fd89f21c9306f6b9d5	normal	passed	removed-nonarticle	Codex visual review	2026-07-22	3	content/pep-english/reviewed-corrections.json#pephr2-037	逐栏核对PDF第95页；整页为歌曲歌词，不属于文章、范文或连贯对话的收录范围，未转录或发布各节歌词与副歌。
pephr2-038	pephr2	5	38	Reading and Writing	Jill and Dennis's Song Reviews	96	96	text	38d49874e4f015fd89f21c9306f6b9d5	normal	passed	retained-split	Codex visual review	2026-07-22	4	content/pep-english/reviewed-corrections.json#pephr2-038	逐行对照PDF第96页；Jill与Dennis各自的乐评均完整且独立署名，拆为两课，删除理解题、排序题和开放写作指令。
pephr2-039	pephr2	5	39	Expanding Your World	Music Scores in Films	97	97	text	38d49874e4f015fd89f21c9306f6b9d5	normal	passed	retained-corrected	Codex visual review	2026-07-22	6	content/pep-english/reviewed-corrections.json#pephr2-039	逐行对照PDF第97页；恢复完整五段博客文章及标题，核对John Williams、Hans Zimmer与Tan Dun三部分，删除演出照片和页眉页码。
pephr3-001	pephr3	1	1	Reading and Thinking	Why Do We Celebrate Festivals?	11	12	text	31e51a16693d03177a5825f53f612a87	normal	passed	retained-corrected	Codex visual review	2026-07-22	8	content/pep-english/reviewed-corrections.json#pephr3-001	逐行对照PDF第11-12页；合并完整五段正文，核对跨页续段、图片绕排和标题，删除导入题、策略框、讨论题与摘要填空。
pephr3-002	pephr3	1	2	Reading and Thinking	Festivals are becoming more and more	12	12	text	31e51a16693d03177a5825f53f612a87	normal	passed	removed-merged-continuation	Codex visual review	2026-07-22	3	content/pep-english/reviewed-corrections.json#pephr3-002	逐页核对PDF第12页；两段正文是pephr3-001续文，已并入完整课文；其余为策略框、讨论题及填空，不另立课。
pephr3-003	pephr3	1	3	Discovering Useful Structures	Which Festival Is the Best?	13	13	text	31e51a16693d03177a5825f53f612a87	normal	passed	retained-corrected	Codex visual review	2026-07-22	6	content/pep-english/reviewed-corrections.json#pephr3-003	逐项对照PDF第13页；恢复带用户名与时间的四帖完整论坛讨论并按视觉顺序排列，删除语法例句、教学指令和未完成的La Tomatina填空。
pephr3-004	pephr3	1	4	Listening and Talking	Joe and Song Lin Talk About Chinese New Year	14	14	text	31e51a16693d03177a5825f53f612a87	normal	passed	retained-corrected	Codex visual review	2026-07-22	8	content/pep-english/reviewed-corrections.json#pephr3-004	逐行对照PDF第14页；恢复Joe与Song Lin完整五轮示范对话，修复文本层严重碎裂，删除独立听力题、食物图片、短语勾选和角色扮演指令。
pephr3-005	pephr3	1	5	Reading for Writing	My Amazing Naadam Experience	15	15	text	31e51a16693d03177a5825f53f612a87	normal	passed	retained-corrected	Codex visual review	2026-07-22	7	content/pep-english/reviewed-corrections.json#pephr3-005	逐行对照PDF第15页；恢复完整五段那达慕日记及标题，保留原印省略号，删除段落结构批注框、教学指令、照片和页码。
pephr3-006	pephr3	1	6	Project	The Laba Festival and Laba Porridge	18	18	text	31e51a16693d03177a5825f53f612a87	normal	passed	retained-corrected	Codex visual review	2026-07-22	8	content/pep-english/reviewed-corrections.json#pephr3-006	逐项对照PDF第18页；保留完整腊八粥示例海报的简介、9项配料和4个顺序步骤，删除项目指令及含省略号的壮族歌圩节提纲。
pephr3-007	pephr3	2	7	Reading and Thinking	Mother of Ten Thousand Babies	23	24	text	31e51a16693d03177a5825f53f612a87	normal	passed	retained-corrected	Codex visual review	2026-07-22	9	content/pep-english/reviewed-corrections.json#pephr3-007	逐行对照PDF第23-24页；合并林巧稚传记完整六段，核对两幅照片周围的续行与引语，删除导入题、策略框、练习、图注和页码。
pephr3-008	pephr3	2	8	Reading and Thinking	many important positions. Her heart, however, was elsewhere . She was more interested in	24	24	text	31e51a16693d03177a5825f53f612a87	normal	passed	removed-merged-continuation	Codex visual review	2026-07-22	3	content/pep-english/reviewed-corrections.json#pephr3-008	逐页核对PDF第24页；两段正文为pephr3-007结尾并已合并，其余为结论策略、理解题和动词填空，不另立课。
pephr3-009	pephr3	2	9	Discovering Useful Structures	Henry Norman Bethune	25	25	text	31e51a16693d03177a5825f53f612a87	normal	passed	retained-corrected	Codex visual review	2026-07-22	6	content/pep-english/reviewed-corrections.json#pephr3-009	逐行对照PDF第25页；按原印句式恢复完整白求恩生平短文，未代做-ing改写，删除零散语法例句、句子填空、指令、下划线和肖像。
pephr3-010	pephr3	2	10	Listening and Talking	Chain of Love Listening Exercise	26	26	text	31e51a16693d03177a5825f53f612a87	normal	passed	removed-nonarticle	Codex visual review	2026-07-22	4	content/pep-english/reviewed-corrections.json#pephr3-010	逐项核对PDF第26页；故事摘要含9个听力空格，其余为开放叙事任务和提示，未借助音频或常识补文，因无完整语篇剔除。
pephr3-011	pephr3	2	11	Reading for Writing	The Stone in the Road	27	27	text	31e51a16693d03177a5825f53f612a87	normal	passed	retained-corrected	Codex visual review	2026-07-22	7	content/pep-english/reviewed-corrections.json#pephr3-011	逐段对照PDF第27页；恢复从国王设题到女孩获赠金币的完整九段寓言，删除三道理解题、活动指令和页眉页码。
pephr3-012	pephr3	2	12	Project	Thankfulness	30	30	text	31e51a16693d03177a5825f53f612a87	normal	passed	retained-corrected	Codex visual review	2026-07-22	6	content/pep-english/reviewed-corrections.json#pephr3-012	逐项对照PDF第30页；恢复完整示例海报的定义、三个分论点和五条署名格言，删除美德词云、项目步骤、照片和页码。
pephr3-013	pephr3	3	13	Pronunciation	Native Americans in California	34	34	text	31e51a16693d03177a5825f53f612a87	normal	passed	retained-corrected	Codex visual review	2026-07-22	6	content/pep-english/reviewed-corrections.json#pephr3-013	逐行对照PDF第34页；恢复完整加州原住民历史短文，仅移除朗读停顿标记，删除未完成食物笔记表、笔记策略框、讨论题和指令。
pephr3-014	pephr3	3	14	Reading and Thinking	Wednesday, 21 June: San Francisco	35	36	text	31e51a16693d03177a5825f53f612a87	normal	passed	retained-corrected	Codex visual review	2026-07-22	9	content/pep-english/reviewed-corrections.json#pephr3-014	逐行对照PDF第35-36页；恢复李兰旅行日志完整五段，以印刷日期作元数据标题，核对图片绕排和续页结尾，删除地图、时间线、策略框、问答及填空。
pephr3-015	pephr3	3	15	Discovering Useful Structures	Recommendations for Visiting Guizhou	37	37	text	31e51a16693d03177a5825f53f612a87	normal	passed	retained-corrected	Codex visual review	2026-07-22	7	content/pep-english/reviewed-corrections.json#pephr3-015	逐轮对照PDF第37页；恢复Justin与Linlin完整九轮贵州旅行对话并保留有意省略，删除独立省略例句、改写练习、指令和背景照片。
pephr3-016	pephr3	3	16	Reading for Writing	Welcome to Chinatown!	39	39	text	31e51a16693d03177a5825f53f612a87	normal	passed	retained-corrected	Codex visual review	2026-07-22	7	content/pep-english/reviewed-corrections.json#pephr3-016	逐段对照PDF第39页；恢复完整六段唐人街介绍，核对龙门照片周围第三段的阅读顺序，删除问题、指令、照片和页眉页码。
pephr3-017	pephr3	3	17	Assessing Your Progress	Regional Music in the United States	41	41	text	31e51a16693d03177a5825f53f612a87	normal	passed	retained-corrected	Codex visual review	2026-07-22	7	content/pep-english/reviewed-corrections.json#pephr3-017	逐轮对照PDF第41页；按原印句式恢复完整九轮美国地域音乐对话，未代做省略改写，删除词汇填空、指令、下划线和反思表。
pephr3-018	pephr3	4	18	Reading and Thinking	Space: The Final Frontier	47	47	text	31e51a16693d03177a5825f53f612a87	normal	passed	removed-nonarticle	Codex visual review	2026-07-22	5	content/pep-english/reviewed-corrections.json#pephr3-018	逐页核对PDF第47页；跨页文章共有4个整句插入空缺，本页含3处，未将A-D选项代填回正文，因不完整剔除。
pephr3-019	pephr3	4	19	Reading and Thinking	Space: The Final Frontier (continued)	48	48	text	31e51a16693d03177a5825f53f612a87	normal	passed	removed-nonarticle	Codex visual review	2026-07-22	5	content/pep-english/reviewed-corrections.json#pephr3-019	逐页核对PDF第48页；为上页续文且仍有第4个整句空缺，后接摘要、讨论和首字母填空，未代做任何题目，剔除。
pephr3-020	pephr3	4	20	Discovering Useful Structures	Infinitive and Mars Journey Exercises	49	49	text	31e51a16693d03177a5825f53f612a87	normal	passed	removed-nonarticle	Codex visual review	2026-07-22	4	content/pep-english/reviewed-corrections.json#pephr3-020	逐项核对PDF第49页；仅有不定式例句、改写题和含6个动词空格的火星旅行短文，未代做语法题，因无完整语篇剔除。
pephr3-021	pephr3	4	21	Listening and Talking	Questions for Captain Brown	50	50	text	31e51a16693d03177a5825f53f612a87	normal	passed	retained-corrected	Codex visual review	2026-07-22	6	content/pep-english/reviewed-corrections.json#pephr3-021	逐轮对照PDF第50页；恢复三名学生关于向Captain Brown提问的完整五轮示范对话，删除未印出的听力采访、图片、听力题、开放任务和表达库。
pephr3-022	pephr3	4	22	Reading for Writing	Is Exploring Space a Waste of Time and Money?	51	51	text	31e51a16693d03177a5825f53f612a87	normal	passed	retained-corrected	Codex visual review	2026-07-22	8	content/pep-english/reviewed-corrections.json#pephr3-022	逐段对照PDF第51页；按左栏导论与Firstly、右栏Secondly/Finally/In closing的顺序恢复完整五段议论文，删除指令、图片和图注。
pephr3-023	pephr3	5	23	Reading and Thinking	The Million Pound Bank Note — Act 1, Scene 3	59	59	text	31e51a16693d03177a5825f53f612a87	normal	passed	retained-corrected	Codex visual review	2026-07-22	10	content/pep-english/reviewed-corrections.json#pephr3-023	逐轮对照PDF第59页；按视觉双栏顺序恢复完整Act 1 Scene 3，包括旁白、全部台词和舞台指示，删除课前问题、指令和页眉页码。
pephr3-024	pephr3	5	24	Reading and Thinking	Act 1, Scene 3 Exercises	60	60	text	31e51a16693d03177a5825f53f612a87	normal	passed	removed-nonarticle	Codex visual review	2026-07-22	4	content/pep-english/reviewed-corrections.json#pephr3-024	逐项核对PDF第60页；仅有理解、情绪、隐含义问题及含5个空格的剧情摘要，未补答案；完整场景已由pephr3-023收录，本页剔除。
pephr3-025	pephr3	5	25	Discovering Useful Structures	Should Roderick and Oliver Give Henry the Money?	61	61	text	31e51a16693d03177a5825f53f612a87	normal	passed	retained-corrected	Codex visual review	2026-07-22	6	content/pep-english/reviewed-corrections.json#pephr3-025	逐轮对照PDF第61页；恢复关于是否应给Henry钱的完整五轮示范对话并保留自然末尾省略号，删除10空情态动词短文、时态练习、指令和功能标签。
pephr3-026	pephr3	5	26	Reading for Writing	The Million Pound Bank Note — Act 2, Scene 1	63	63	text	31e51a16693d03177a5825f53f612a87	normal	passed	retained-corrected	Codex visual review	2026-07-22	10	content/pep-english/reviewed-corrections.json#pephr3-026	逐轮对照PDF第63页；按视觉双栏顺序恢复完整Act 2 Scene 1，保留全部旁白、台词、舞台指示和有意省略，删除教学指令和电影剧照。
pephr3-027	pephr3	5	27	Assessing Your Progress	Act 2, Scene 2 and Grammar Exercises	65	65	text	31e51a16693d03177a5825f53f612a87	normal	passed	removed-nonarticle	Codex visual review	2026-07-22	4	content/pep-english/reviewed-corrections.json#pephr3-027	逐项核对PDF第65页；Act 2 Scene 2含8个词框空格，后两篇亦为语法填空，未代做任何题目，因无完整场景或文章剔除。
pephr3-028	pephr3	1	28	Using Words and Expressions	Vocabulary and Translation Exercises	68	68	text	31e51a16693d03177a5825f53f612a87	normal	passed	removed-nonarticle	Codex visual review	2026-07-22	3	content/pep-english/reviewed-corrections.json#pephr3-028	逐项核对PDF第68页；全页为词义匹配、派生词填空和中译英，未作答，因无完整文章、范文或连贯对话剔除。
pephr3-029	pephr3	4	29	Reading	The Chinese Spring Festival	71	71	text	31e51a16693d03177a5825f53f612a87	normal	passed	retained-corrected	Codex visual review	2026-07-22	4	content/pep-english/reviewed-corrections.json#pephr3-029	逐行核对PDF第71页；按两幅图片周围的视觉顺序恢复完整四段正文，第72页仅为后续练习，连同教学指令、页眉页脚一并排除。
pephr3-030	pephr3	1	30	Expanding Your World	Winter Carnival in Quebec	73	73	text	31e51a16693d03177a5825f53f612a87	normal	passed	retained-corrected	Codex visual review	2026-07-22	8	content/pep-english/reviewed-corrections.json#pephr3-030	逐行核对PDF第73页；按Bonhomme照片周围的印刷顺序恢复完整八段专题文章，确认第74页已进入Unit 2词汇练习，排除图片、图注和页眉页脚。
pephr3-031	pephr3	2	31	Reading and Writing	The Taxi Ride I'll Never Forget	77	78	text	31e51a16693d03177a5825f53f612a87	normal	passed	retained-corrected	Codex visual review	2026-07-22	18	content/pep-english/reviewed-corrections.json#pephr3-031	逐行核对PDF第77—78页；合并并恢复完整十八段故事，删除hospice中文释义，排除教学指令、改编说明、分析表、讨论题和写作规划器。
pephr3-032	pephr3	2	32	Reading and Writing	The Taxi Ride I'll Never Forget (continuation)	78	78	text	31e51a16693d03177a5825f53f612a87	normal	passed	removed-merged-continuation	Codex visual review	2026-07-22	3	content/pep-english/reviewed-corrections.json#pephr3-032	逐行核对PDF第78页；三段结尾已合并进pephr3-031，不另建残缺课文；其余均为分析、讨论和写作任务。
pephr3-033	pephr3	3	33	Using Words and Expressions / Using Structures	Vocabulary and Ellipsis Exercises	81	81	text	31e51a16693d03177a5825f53f612a87	normal	passed	removed-nonarticle	Codex visual review	2026-07-22	4	content/pep-english/reviewed-corrections.json#pephr3-033	逐项核对PDF第81页；该页为句子改写续题、8空词汇短文及省略练习，未代做或补全，因无完整文章、范文或连贯对话剔除。
pephr3-034	pephr3	3	34	Reading and Writing	Symbols of American Culture	83	83	text	31e51a16693d03177a5825f53f612a87	normal	passed	retained-corrected	Codex visual review	2026-07-22	5	content/pep-english/reviewed-corrections.json#pephr3-034	逐行核对PDF第83页；恢复完整五段网页范文，排除正文上方3个答案空格、教学指令、照片、浏览器边框和页眉页脚。
pephr3-035	pephr3	3	35	Expanding Your World	New Zealand and Maori Culture — The Land of the Long White Cloud	85	85	text	31e51a16693d03177a5825f53f612a87	normal	passed	retained-corrected	Codex visual review	2026-07-22	5	content/pep-english/reviewed-corrections.json#pephr3-035	逐行核对PDF第85页；按独木舟和kapa haka照片周围的视觉顺序恢复完整五段正文，保留毛利语词及长音符；确认第86页已进入Unit 4练习。
pephr3-036	pephr3	4	36	Using Structures	Infinitive and Shenzhou 11 Completion Exercises	88	88	text	31e51a16693d03177a5825f53f612a87	normal	passed	removed-nonarticle	Codex visual review	2026-07-22	3	content/pep-english/reviewed-corrections.json#pephr3-036	逐项核对PDF第88页；全页为不定式补句和含7空的神舟十一号短文，未作答或补全，因无完整文章、范文或连贯对话剔除。
pephr3-037	pephr3	4	37	Reading and Writing	Homes on Mars?	89	89	text	31e51a16693d03177a5825f53f612a87	normal	passed	retained-corrected	Codex visual review	2026-07-22	4	content/pep-english/reviewed-corrections.json#pephr3-037	逐行核对PDF第89页；恢复完整四段正文，以版面主标题Homes on Mars?命名，将Humans Terraforming Mars识别为图片说明，排除教学指令、插图和页眉页脚。
pephr3-038	pephr3	4	38	Expanding Your World	Space Science Explainers (four texts)	91	91	text	31e51a16693d03177a5825f53f612a87	normal	passed	retained-split	Codex visual review	2026-07-22	4	content/pep-english/reviewed-corrections.json#pephr3-038	逐行核对PDF第91页；确认信息图由大爆炸、哈勃望远镜、FAST和量子卫星四篇各有独立标题与主题的完整说明文组成，拆为四课并排除照片、连接线和页眉页脚。
pephr3-039	pephr3	5	39	Using Words and Expressions / Using Structures	Cloze, Translation and Modal Exercises	93	93	text	31e51a16693d03177a5825f53f612a87	normal	passed	removed-nonarticle	Codex visual review	2026-07-22	3	content/pep-english/reviewed-corrections.json#pephr3-039	逐项核对PDF第93页；该页为8空裁缝店短文、6道中译英及情态动词例句，未补空、翻译或把零散例句当课文，予以剔除。
pephr3-040	pephr3	5	40	Using Structures	Modal Verb Exercises	94	94	text	31e51a16693d03177a5825f53f612a87	normal	passed	removed-nonarticle	Codex visual review	2026-07-22	4	content/pep-english/reviewed-corrections.json#pephr3-040	逐项核对PDF第94页；开头仅为第93页情态动词例句续文，其后是谚语填空、8空对话和6道补句，未代做，因无完整文章或连贯对话剔除。
pephr3-041	pephr3	5	41	Reading and Writing	The Million Pound Bank Note — Act 2, Scene 3	95	95	text	31e51a16693d03177a5825f53f612a87	normal	passed	retained-corrected	Codex visual review	2026-07-22	26	content/pep-english/reviewed-corrections.json#pephr3-041	逐轮核对PDF第95页；按视觉双栏顺序恢复完整Act 2 Scene 3，将印刷缩写展开为角色名，保留全部旁白、台词、舞台指示和有意省略，排除摘要选项、教学指令和电影剧照。
pephr3-042	pephr3	5	42	Expanding Your World	My Uncle Jules (Adapted)	97	97	text	31e51a16693d03177a5825f53f612a87	normal	passed	retained-corrected	Codex visual review	2026-07-22	16	content/pep-english/reviewed-corrections.json#pephr3-042	逐行核对PDF第97页；恢复从Havre开篇至Jules消失在甲板下的完整十六段改编故事，排除作者署名、肖像、栏目标题和页眉页脚。
pephs1-001	pephs1	1	1	Reading and Thinking	Tu Youyou Awarded Nobel Prize	9	10	text	f19c4231e96ee3a9c769533d676f1106	normal	passed	retained-corrected	Codex visual review	2026-07-22	5	content/pep-english/reviewed-corrections.json#pephs1-001	逐行核对PDF第9—10页；合并恢复完整五段新闻特写，第10页先续完最后两段再进入练习；排除课时标题、日期行、导入题、策略框、照片、问题和流程图。
pephs1-002	pephs1	1	2	Learning About Language	Vocabulary and Lu Xun Cloze Exercises	11	11	text	f19c4231e96ee3a9c769533d676f1106	normal	passed	removed-nonarticle	Codex visual review	2026-07-22	3	content/pep-english/reviewed-corrections.json#pephs1-002	逐项核对PDF第11页；全页为词义题、同根词填空和含6空的鲁迅传记，未代做或补全；确认第12页转入定语从句练习，故剔除。
pephs1-003	pephs1	1	3	Using Language	The Man Who Changed Our Understanding of the Universe	15	16	text	f19c4231e96ee3a9c769533d676f1106	normal	passed	retained-corrected	Codex visual review	2026-07-22	6	content/pep-english/reviewed-corrections.json#pephs1-003	逐行核对PDF第15—16页；合并恢复完整六段爱因斯坦传记，第16页补足第五段结尾及末段；排除教学指令、肖像、时间轴和全部分析写作活动，并纠正基线Unit误判。
pephs1-004	pephs1	1	4	Project	Three Book-Report Examples	18	18	text	f19c4231e96ee3a9c769533d676f1106	normal	passed	retained-split	Codex visual review	2026-07-22	3	content/pep-english/reviewed-corrections.json#pephs1-004	逐栏核对PDF第18页；确认曹雪芹传记、The Story of My Life和Steve Jobs三个卡片各自为独立完整书评范例，拆成三课，排除讨论题、作业说明、肖像和书目信息标签。
pephs1-005	pephs1	2	5	Reading and Thinking	Smart Homes to Make Life Easier	21	22	text	f19c4231e96ee3a9c769533d676f1106	normal	passed	retained-corrected	Codex visual review	2026-07-22	5	content/pep-english/reviewed-corrections.json#pephs1-005	逐行核对PDF第21—22页；按视觉双栏顺序合并恢复完整五部分文章，第22页先续完健康监测，再接防灾部分和结论；排除导入题、策略框、小标题、背景图、表格、完形摘要和讨论题。
pephs1-006	pephs1	2	6	Reading and Thinking	Smart Homes to Make Life Easier (continuation)	22	22	text	f19c4231e96ee3a9c769533d676f1106	normal	passed	removed-merged-continuation	Codex visual review	2026-07-22	3	content/pep-english/reviewed-corrections.json#pephs1-006	逐行核对PDF第22页；健康监测续文、防灾部分和结论已合并进pephs1-005，不另建残缺课文；其余为表格、7空摘要和讨论题。
pephs1-007	pephs1	2	7	Learning About Language	Future Progressive Exercises	24	24	text	f19c4231e96ee3a9c769533d676f1106	normal	passed	removed-nonarticle	Codex visual review	2026-07-22	4	content/pep-english/reviewed-corrections.json#pephs1-007	逐项核对PDF第24页；全页为将来进行时例句、作息选择题、5道动词填空及按行程编对话任务，未作答或编写；Jack短段仅作语法题材料，不作为独立课文收录。
pephs1-008	pephs1	2	8	Using Language	Should We Fight New Technology?	27	27	text	f19c4231e96ee3a9c769533d676f1106	normal	passed	retained-corrected	Codex visual review	2026-07-22	4	content/pep-english/reviewed-corrections.json#pephs1-008	逐行核对PDF第27页；恢复完整四段观点文章，确认第28页全为后续活动；排除课时标题、教学指令、Amish照片和页眉页脚。
pephs1-009	pephs1	2	9	Project	A Letter from Future Bingbing	30	30	text	f19c4231e96ee3a9c769533d676f1106	normal	passed	retained-corrected	Codex visual review	2026-07-22	7	content/pep-english/reviewed-corrections.json#pephs1-009	逐段核对PDF第30页；从称呼到署名恢复完整未来职业范文信，共7个正文块；排除头脑风暴题、作业标准、展示指令、插图和页眉页脚。
pephs1-010	pephs1	3	10	Reading and Thinking	Experience a national park	33	33	text	f19c4231e96ee3a9c769533d676f1106	normal	passed	retained-corrected	Codex visual review	2026-07-22	4	content/pep-english/reviewed-corrections.json#pephs1-010	逐行核对PDF第33–34页；恢复完整四段Sarek国家公园特写并确认跨页接续顺序；原页小标题留作匹配题，未擅自填入；排除教学指令、策略框、图片、问题、不完整摘要和页眉页脚。
pephs1-011	pephs1	3	11	Reading and Thinking	Sight Touch Smell Ta s t e Sound	34	34	text	f19c4231e96ee3a9c769533d676f1106	normal	passed	merged-continuation	Codex visual review	2026-07-22	0	content/pep-english/reviewed-corrections.json#pephs1-011	逐项核对PDF第34页；该页正文是第33页Sarek文章第3段的结尾和完整第4段，已并入pephs1-010；其余为感官分析、理解题、不完整词汇摘要和讨论题，均不收录。
pephs1-012	pephs1	3	12	Reading and Thinking	Build up your vocabulary	35	35	text	f19c4231e96ee3a9c769533d676f1106	normal	passed	removed-nonarticle	Codex visual review	2026-07-22	0	content/pep-english/reviewed-corrections.json#pephs1-012	逐项核对PDF第35页；全页为词义匹配、构词分析及含7处空白的东北虎豹国家公园练习，未填写答案或补写正文，不作为独立课文收录。
pephs1-013	pephs1	3	13	Reading and Thinking	Discover useful structures	36	36	text	f19c4231e96ee3a9c769533d676f1106	normal	passed	removed-nonarticle	Codex visual review	2026-07-22	0	content/pep-english/reviewed-corrections.json#pephs1-013	逐项核对PDF第36页并检查相邻第37页；本页为-ing形式辨析、改写和含8处空白的西溪湿地练习及写作任务，未作答或创作；第37页仅含听力任务、照片和地图，无可独立收录正文。
pephs1-014	pephs1	3	14	Reading and Thinking	Asking for and giving directions	38	38	text	f19c4231e96ee3a9c769533d676f1106	normal	passed	retained-corrected	Codex visual review	2026-07-22	4	content/pep-english/reviewed-corrections.json#pephs1-014	逐行核对PDF第38–39页并检查第40页边界；恢复完整四段主题公园文章，顺序为总述、Disneyland、Dollywood和Chimelong Ocean Kingdom；排除前置问路短语、指令、图片、不完整表格和后续写作活动。
pephs1-015	pephs1	3	15	Reading and Thinking	Dollywood, in the beautiful Smoky Mountains in	39	39	text	f19c4231e96ee3a9c769533d676f1106	normal	passed	merged-continuation	Codex visual review	2026-07-22	0	content/pep-english/reviewed-corrections.json#pephs1-015	逐项核对PDF第39页；该页的Dollywood和Chimelong两段均属第38页主题公园文章，已按印刷顺序并入pephs1-014；未填写页面下方理解表格。
pephs1-016	pephs1	4	16	Reading and Thinking	Understand body language	45	45	text	f19c4231e96ee3a9c769533d676f1106	normal	passed	retained-corrected	Codex visual review	2026-07-22	6	content/pep-english/reviewed-corrections.json#pephs1-016	逐行核对PDF第45–46页；恢复完整六段肢体语言文章，确认第46页两段结尾的跨页顺序；排除表演提示、策略框、照片、不完整表格、问题、视频活动和页眉页脚。
pephs1-017	pephs1	4	17	Reading and Thinking	Some gestures seem to have the same meaning everywhere. Placing your hands	46	46	text	f19c4231e96ee3a9c769533d676f1106	normal	passed	merged-continuation	Codex visual review	2026-07-22	0	content/pep-english/reviewed-corrections.json#pephs1-017	逐项核对PDF第46页；该页前两段是第45页文章的“通用手势”和“微笑”结尾，已并入pephs1-016；其余表格、讨论题和视频题不收录。
pephs1-018	pephs1	4	18	Reading and Thinking	Build up your vocabulary	47	47	text	f19c4231e96ee3a9c769533d676f1106	normal	passed	removed-nonarticle	Codex visual review	2026-07-22	0	content/pep-english/reviewed-corrections.json#pephs1-018	逐项核对PDF第47页；全页为词形表、词汇辨析和含8处空白的肢体语言练习，未填写词族、扩充词表或补全短文，不作为独立课文收录。
pephs1-019	pephs1	4	19	Reading	Listening and Speaking	50	50	text	f19c4231e96ee3a9c769533d676f1106	normal	passed	retained-corrected	Codex visual review	2026-07-22	1	content/pep-english/reviewed-corrections.json#pephs1-019	逐行核对PDF第50页；保留用于停顿练习但正文完整的超市买牛肉短文，未插入停顿符号；排除澄清用语、三条引语、表演步骤、问题和教学指令。
pephs1-020	pephs1	4	20	Reading	confused. I know when students are really interested, however, because they lean forward and	51	51	text	f19c4231e96ee3a9c769533d676f1106	normal	passed	retained-corrected	Codex visual review	2026-07-22	7	content/pep-english/reviewed-corrections.json#pephs1-020	逐行核对PDF第51页；恢复完整七段教师观察文章，确认底部左栏转入右栏的两段接续；排除照片和页眉页脚，并检查第52页仅为后续活动。
pephs1-021	pephs1	4	21	Reading	Assessing Your Progress	53	53	text	f19c4231e96ee3a9c769533d676f1106	normal	passed	removed-nonarticle	Codex visual review	2026-07-22	0	content/pep-english/reviewed-corrections.json#pephs1-021	逐项核对PDF第53页并检查第52、54页；本页为含8处空白的身体语言进度检测、-ing分类和反思题，未补空或分类；相邻页均为活动/项目页，无跨页正文。
pephs1-022	pephs1	5	22	Reading and Thinking	Get to know an agricultural scientist	57	57	text	f19c4231e96ee3a9c769533d676f1106	normal	passed	retained-corrected	Codex visual review	2026-07-22	6	content/pep-english/reviewed-corrections.json#pephs1-022	逐行核对PDF第57–58页；恢复完整六段袁隆平人物特写，确认第4段在“is comprised of”处跨页接续；排除导入题、主旨匹配、照片、理解题、构词练习、策略框和页眉页脚。
pephs1-023	pephs1	5	23	Reading and Thinking	comprised of crops generated from Yuan's hybrid strains, and his strains have allowed	58	58	text	f19c4231e96ee3a9c769533d676f1106	normal	passed	merged-continuation	Codex visual review	2026-07-22	0	content/pep-english/reviewed-corrections.json#pephs1-023	逐项核对PDF第58页；该页顶部续接第57页第4段并含第5、6段，已全部并入pephs1-022；其余理解题、五处填空和讨论题不收录。
pephs1-024	pephs1	5	24	Reading and Thinking	Discover useful structures	60	60	text	f19c4231e96ee3a9c769533d676f1106	normal	passed	retained-corrected	Codex visual review	2026-07-22	1	content/pep-english/reviewed-corrections.json#pephs1-024	逐行核对PDF第60页；保留无空缺、语义完整的祖父母搬往乡村短文；排除主语从句示例、配对翻译、展示任务和表达清单，未替学生完成任何练习。
pephs1-025	pephs1	5	25	Reading and Thinking	Listening and Speaking	62	62	text	f19c4231e96ee3a9c769533d676f1106	normal	passed	retained-corrected	Codex visual review	2026-07-22	5	content/pep-english/reviewed-corrections.json#pephs1-025	逐行核对PDF第62–63页；恢复完整五段化学农业与有机农业比较文章，确认第4段跨页接续；排除观点表达、教学指令、图片、理解题、不完整表格和页眉页脚。
pephs1-026	pephs1	5	26	Reading and Thinking	crop grown in each field every year. For instance, they	63	63	text	f19c4231e96ee3a9c769533d676f1106	normal	passed	merged-continuation	Codex visual review	2026-07-22	0	content/pep-english/reviewed-corrections.json#pephs1-026	逐项核对PDF第63页；该页顶部续接第62页第4段并含完整第5段，已并入pephs1-025；其余六道理解题和缺项表格不收录。
pephs1-027	pephs1	5	27	Reading and Thinking	Assessing Your Progress	65	65	text	f19c4231e96ee3a9c769533d676f1106	normal	passed	removed-nonarticle	Codex visual review	2026-07-22	0	content/pep-english/reviewed-corrections.json#pephs1-027	逐项核对PDF第65页并检查第64、66页；贾思勰短文含8处空白，后接7处主语从句填空和反思题，均未作答；相邻页为写作与项目活动，无跨页正文。
pephs1-028	pephs1	5	28	Reading and Thinking	Earth University	67	67	text	f19c4231e96ee3a9c769533d676f1106	normal	passed	removed-nonarticle	Codex visual review	2026-07-22	0	content/pep-english/reviewed-corrections.json#pephs1-028	逐项核对PDF第67页；Earth University预观看短文含8处空白，后接选择题和讨论题，未补写或作答；顶部两句仅为视频简介，不作为独立课文。
pephs1-029	pephs1	1	29	Reading	HEROES IN YOUR EYES	71	71	text	f19c4231e96ee3a9c769533d676f1106	normal	passed	split-independent-texts	Codex visual review	2026-07-22	6	content/pep-english/reviewed-corrections.json#pephs1-029	逐段核对PDF第71页；识别出黄大年和长屿岛两位教师两篇独立署名投稿，各拆为一课、各3段；排除征稿说明、总标题、教学指令、照片和署名。
pephs1-030	pephs1	1	30	Reading	My mother, Liu Shurong, is my greatest inspiration. She is 47 years	72	72	text	f19c4231e96ee3a9c769533d676f1106	normal	passed	retained-corrected	Codex visual review	2026-07-22	3	content/pep-english/reviewed-corrections.json#pephs1-030	逐行核对PDF第72页；恢复关于母亲刘淑荣的完整三段投稿；排除照片、署名、判断题、不完整笔记表和写作提示。
pephs1-031	pephs1	1	31	Reading	THREE DAYS TO SEE (Adapted)	73	73	text	f19c4231e96ee3a9c769533d676f1106	normal	passed	retained-corrected	Codex visual review	2026-07-22	12	content/pep-english/reviewed-corrections.json#pephs1-031	逐行核对PDF第73–74页；恢复Helen Keller改编文章完整12段并确认跨页顺序；排除标题作者元数据、嵌图引语、照片和页眉页脚。
pephs1-032	pephs1	1	32	Reading	For instance, can you describe accurately the faces of	74	74	text	f19c4231e96ee3a9c769533d676f1106	normal	passed	merged-continuation	Codex visual review	2026-07-22	0	content/pep-english/reviewed-corrections.json#pephs1-032	逐项核对PDF第74页；该页8段均为Three Days to See后半，已并入pephs1-031；照片和页眉页脚不收录。
pephs1-033	pephs1	2	33	Reading	Using Structures that the computer technolog y in your time	76	76	text	f19c4231e96ee3a9c769533d676f1106	normal	passed	removed-nonarticle	Codex visual review	2026-07-22	0	content/pep-english/reviewed-corrections.json#pephs1-033	逐项核对PDF第76页并检查第77页；本页为8道将来进行时填空、含13处空白的未来信和开放造句，均未作答；第77页仅为听力任务，无印刷对话正文。
pephs1-034	pephs1	2	34	Reading	on animals. Cloning plants is fairly straightforward, while cloning animals is much more	78	78	text	f19c4231e96ee3a9c769533d676f1106	normal	passed	retained-corrected	Codex visual review	2026-07-22	6	content/pep-english/reviewed-corrections.json#pephs1-034	逐行核对PDF第78–79页；按教材六个主题段恢复完整克隆文章，羊克隆9个步骤全部保留为连续正文，仅去除中文词注；排除图示、照片、问题、匹配和写作任务。
pephs1-035	pephs1	2	35	Reading	animals, which could be used for human organ transplants or medical treatments. Finally, cloning	79	79	text	f19c4231e96ee3a9c769533d676f1106	normal	passed	merged-continuation	Codex visual review	2026-07-22	0	content/pep-english/reviewed-corrections.json#pephs1-035	逐项核对PDF第79页；未来用途、伦理顾虑和结论三段均属第78页克隆文章，已并入pephs1-034；其余活动不收录。
pephs1-036	pephs1	2	36	Reading	OUR GREATEST ADVENTURE	80	80	text	f19c4231e96ee3a9c769533d676f1106	normal	passed	retained-corrected	Codex visual review	2026-07-22	8	content/pep-english/reviewed-corrections.json#pephs1-036	逐行核对PDF第80–81页；恢复完整八段未来科技文章，确认虚拟现实段在“a computer”处跨页接续；排除照片和页眉页脚。
pephs1-037	pephs1	2	37	Reading	a computer—but will also allow us	81	81	text	f19c4231e96ee3a9c769533d676f1106	normal	passed	merged-continuation	Codex visual review	2026-07-22	0	content/pep-english/reviewed-corrections.json#pephs1-037	逐项核对PDF第81页；本页是Our Greatest Adventure虚拟现实段后半及其余四段，已全部并入pephs1-036；图片和页眉页脚不收录。
pephs1-038	pephs1	3	38	Reading	Using Words and Expressions	82	82	text	f19c4231e96ee3a9c769533d676f1106	normal	passed	removed-nonarticle	Codex visual review	2026-07-22	0	content/pep-english/reviewed-corrections.json#pephs1-038	逐项核对PDF第82页并检查第83–84页；本页为词汇填空、含8空对话、改写和翻译，均未作答；相邻页为语法和听力活动，无完整印刷正文。
pephs1-039	pephs1	3	39	Reading	Dear Sis,	85	85	text	f19c4231e96ee3a9c769533d676f1106	normal	passed	retained-corrected	Codex visual review	2026-07-22	11	content/pep-english/reviewed-corrections.json#pephs1-039	逐行核对PDF第85页；从称呼到署名恢复Chris的完整香格里拉度假邮件，共11块；排除指令、风景图和页眉页脚，并确认第86页仅为后续练习。
pephs1-040	pephs1	3	40	Reading	best family holidays involve things like picnics, camping, hikes, and forest walks. Exploring nature	87	87	text	f19c4231e96ee3a9c769533d676f1106	normal	passed	retained-corrected	Codex visual review	2026-07-22	6	content/pep-english/reviewed-corrections.json#pephs1-040	逐行核对PDF第87–88页；恢复完整六段国家公园专题，确认Serengeti段在“year in the park”处跨页接续；排除照片和页眉页脚。
pephs1-041	pephs1	3	41	Reading	Not all famous national parks are on land. Some national	88	88	text	f19c4231e96ee3a9c769533d676f1106	normal	passed	merged-continuation	Codex visual review	2026-07-22	0	content/pep-english/reviewed-corrections.json#pephs1-041	逐项核对PDF第88页；该页包含Serengeti段结尾及Great Barrier Reef、Sanjiangyuan和总结三段，已全部并入pephs1-040；图片和页眉页脚不收录。
pephs1-042	pephs1	4	42	Reading	Using Structures	90	90	text	f19c4231e96ee3a9c769533d676f1106	normal	passed	removed-nonarticle	Codex visual review	2026-07-22	0	content/pep-english/reviewed-corrections.json#pephs1-042	逐项核对PDF第90页并检查第91页；本页为故意含错短文、含9处中译英空白的对话和开放造句，未静默改错、翻译或编写；第91页仅为听力活动。
pephs1-043	pephs1	4	43	Reading	ANIMAL BODY LANGUAGE	92	92	text	f19c4231e96ee3a9c769533d676f1106	normal	passed	retained-corrected	Codex visual review	2026-07-22	4	content/pep-english/reviewed-corrections.json#pephs1-043	逐行核对PDF第92页并检查第93页；恢复完整四段动物肢体语言文章，按引言、狗、大象、海豚顺序；排除指令、图片和页眉页脚。
pephs1-044	pephs1	4	44	Reading	BEING FUNNY WITHOUT	94	94	text	f19c4231e96ee3a9c769533d676f1106	normal	passed	retained-corrected	Codex visual review	2026-07-22	7	content/pep-english/reviewed-corrections.json#pephs1-044	逐行核对PDF第94–95页；恢复完整七段卓别林专题，核对跨页顺序及图片绕排；第96页仅为练习。
pephs1-045	pephs1	4	45	Reading	In 1914 and 1915, Chaplin worked almost	95	95	text	f19c4231e96ee3a9c769533d676f1106	normal	passed	merged-continuation	Codex visual review	2026-07-22	0	content/pep-english/reviewed-corrections.json#pephs1-045	逐项核对PDF第95页；该页四个结尾段已全部并入pephs1-044，照片和页眉页脚不收录。
pephs1-046	pephs1	5	46	Reading	BETTER, GREENER LIVES AWAY FROM THE CITY	99	99	text	f19c4231e96ee3a9c769533d676f1106	normal	passed	retained-corrected	Codex visual review	2026-07-22	4	content/pep-english/reviewed-corrections.json#pephs1-046	逐行核对PDF第99页并检查第98、100页；恢复完整四段返乡发展农业专题，排除预测题、阅读指令、图片和后续练习。
pephs1-047	pephs1	5	47	Reading	AMAZING METHODS OF	101	101	text	f19c4231e96ee3a9c769533d676f1106	normal	passed	retained-corrected	Codex visual review	2026-07-22	8	content/pep-english/reviewed-corrections.json#pephs1-047	逐行核对PDF第101–102页；恢复完整八段农业技术专题，确认滴灌段在“The limited”处跨页接续，并核对三处图片绕排；第103页进入附录。
pephs1-048	pephs1	5	48	Reading	fibre mat. Nutrient-rich water is then provided so that	102	102	text	f19c4231e96ee3a9c769533d676f1106	normal	passed	merged-continuation	Codex visual review	2026-07-22	0	content/pep-english/reviewed-corrections.json#pephs1-048	逐项核对PDF第102页；该页包含滴灌段结尾及水培、农业机械和总结段，已全部并入pephs1-047；图片和页眉页脚不收录。
pephs2-001	pephs2	1	1	Reading and Thinking	Understand the questioning mind	9	9	text	1a701f2205298de95ea59cfc71eb83cd	normal	passed	retained-corrected	Codex visual review	2026-07-22	5	content/pep-english/reviewed-corrections.json#pephs2-001	逐行核对PDF第9–10页；恢复完整五段John Snow专题，核对霍乱地图周围绕排及第10页两个结尾段；排除全部指令、地图标注、练习和页眉页脚。
pephs2-002	pephs2	1	2	Reading and Thinking	the different water companies in London. Some companies sold water from the River	10	10	text	1a701f2205298de95ea59cfc71eb83cd	normal	passed	merged-continuation	Codex visual review	2026-07-22	0	content/pep-english/reviewed-corrections.json#pephs2-002	逐项核对PDF第10页；污染供水公司和Snow贡献两个结尾段已并入pephs2-001；不完整图表、问题编写、讨论和策略框不收录。
pephs2-003	pephs2	1	3	Reading and Thinking	Build up your vocabulary	11	11	text	1a701f2205298de95ea59cfc71eb83cd	normal	passed	removed-nonarticle	Codex visual review	2026-07-22	0	content/pep-english/reviewed-corrections.json#pephs2-003	逐项核对PDF第11页；本页为词缀表、搭配/替换练习和含8处空白的感冒医学短文，未补词或伪造完整文章。
pephs2-004	pephs2	1	4	Reading and Thinking	Discover useful structures	12	12	text	1a701f2205298de95ea59cfc71eb83cd	normal	passed	removed-nonarticle	Codex visual review	2026-07-22	0	content/pep-english/reviewed-corrections.json#pephs2-004	逐项核对PDF第12页并检查第13页；本页为表语从句练习及含9处空白且需重排的对话，未填空或重构；第13页开始听力活动。
pephs2-005	pephs2	1	5	Reading and Thinking	Listening and Speaking	14	14	text	1a701f2205298de95ea59cfc71eb83cd	normal	passed	split-multiple	Codex visual review	2026-07-22	8	content/pep-english/reviewed-corrections.json#pephs2-005	逐行核对PDF第14–15页；第14页含完整非牛顿流体演示范文，随后为跨页的钱学森七段传记，拆为两课并分别记录真实页码；排除活动指令、短语框和图片。
pephs2-006	pephs2	1	6	Reading and Thinking	did not let that discourage him from taking on the	15	15	text	1a701f2205298de95ea59cfc71eb83cd	normal	passed	retained-corrected	Codex visual review	2026-07-22	3	content/pep-english/reviewed-corrections.json#pephs2-006	逐行核对PDF第15–16页；恢复完整三段霍金传记，确认第15页图片绕排及跨页续接；钱学森结尾另并入pephs2-005的第二课。
pephs2-007	pephs2	1	7	Reading and Thinking	telescopes. A sta r was bor n. his disease. Above all, Hawking was willing	16	16	text	1a701f2205298de95ea59cfc71eb83cd	normal	passed	merged-continuation	Codex visual review	2026-07-22	0	content/pep-english/reviewed-corrections.json#pephs2-007	逐项核对PDF第16页；霍金大爆炸段结尾及性格总结段已并入pephs2-006；判断题、问题、写作任务和检查表不收录。
pephs2-008	pephs2	1	8	Reading and Thinking	Assessing Your Progress	17	17	text	1a701f2205298de95ea59cfc71eb83cd	normal	passed	recovered-adjacent-model	Codex visual review	2026-07-22	1	content/pep-english/reviewed-corrections.json#pephs2-008	逐项核对PDF第17页并检查第18页；第17页两段进度检测共16处空白，未填空或改写；相邻边界检查发现第18页完整三轮Goldfish Shark-Fin广告范例，作为Project课文收录并记录真实来源页。
pephs2-009	pephs2	2	9	Reading and Thinking	Read about Xie Lei's experience on an exchange programme	21	21	text	1a701f2205298de95ea59cfc71eb83cd	normal	passed	retained-corrected	Codex visual review	2026-07-22	8	content/pep-english/reviewed-corrections.json#pephs2-009	逐行核对PDF第21–22页；恢复完整八段谢蕾交换学习报道，确认第21页双栏顺序和第22页三个结尾段；排除照片、策略框、指令和练习。
pephs2-010	pephs2	2	10	Reading and Thinking	Build up your vocabulary	23	23	text	1a701f2205298de95ea59cfc71eb83cd	normal	passed	removed-nonarticle	Codex visual review	2026-07-22	0	content/pep-english/reviewed-corrections.json#pephs2-010	逐项核对PDF第23页；本页为纵横字谜、5个句子空白及含5处空白的留学经历短文，未解题、补词或伪造正文。
pephs2-011	pephs2	2	11	Reading and Thinking	Discover useful structures	24	24	text	1a701f2205298de95ea59cfc71eb83cd	normal	passed	removed-nonarticle	Codex visual review	2026-07-22	0	content/pep-english/reviewed-corrections.json#pephs2-011	逐项核对PDF第24页并检查第25页；本页为名词性从句辨识、6组改写及含4处空白的Leon短文，未补写；第25页仅为听力活动。
pephs2-012	pephs2	2	12	Reading and Thinking	Listening and Speaking	26	26	text	1a701f2205298de95ea59cfc71eb83cd	normal	passed	retained-corrected	Codex visual review	2026-07-22	1	content/pep-english/reviewed-corrections.json#pephs2-012	逐行核对PDF第26页；收录下半部完整九轮Lu Yao–Miss Conner弱读式对话；上方六轮采访范例以省略号结束，非完整对话，不收录。
pephs2-013	pephs2	2	13	Reading and Thinking	Express your opinions on studying abroad	27	27	text	1a701f2205298de95ea59cfc71eb83cd	normal	passed	split-multiple	Codex visual review	2026-07-22	16	content/pep-english/reviewed-corrections.json#pephs2-013	逐行核对PDF第27页；左右栏为立场相反且分别署名的两封独立家长来信，拆为两课，各保留称呼、五段论述、敬语和署名；排除共享指令和标题。
pephs2-014	pephs2	3	14	Reading and Thinking	experienced wonderful local dishes, from Guangdong's elegant dim sum—small servings of food in	34	34	text	1a701f2205298de95ea59cfc71eb83cd	normal	passed	recovered-prior-page	Codex visual review	2026-07-22	7	content/pep-english/reviewed-corrections.json#pephs2-014	逐行核对PDF第33–34页；自动候选只截到第34页末两段，向前检查恢复标题及第33页五段正文，形成完整七段Culture and Cuisine；排除图片、导入题、表格、策略框和练习。
pephs2-015	pephs2	3	15	Reading and Thinking	visitor to, and why. Then take turns role-playing taking your foreign guest to the	38	38	text	1a701f2205298de95ea59cfc71eb83cd	normal	passed	removed-nonarticle	Codex visual review	2026-07-22	0	content/pep-english/reviewed-corrections.json#pephs2-015	逐项核对PDF第38页；本页为听力问题、故意省略中段的角色扮演开头及点餐/结账句型表，未重构未印出的对话。
pephs2-016	pephs2	3	16	Reading and Thinking	Write about a healthy diet	39	39	text	1a701f2205298de95ea59cfc71eb83cd	normal	passed	retained-corrected	Codex visual review	2026-07-22	5	content/pep-english/reviewed-corrections.json#pephs2-016	逐行核对PDF第39页并检查第40页；恢复完整五段Healthy Eating文章，排除阅读指令和背景图片；第40页仅为标题匹配、分析及写作活动。
pephs2-017	pephs2	4	17	Reading and Thinking	Learn about a rail journey across Canada	45	45	text	1a701f2205298de95ea59cfc71eb83cd	normal	passed	retained-corrected	visual-line-by-line	2026-07-22	6	Seeing the True North via Rail: Vancouver and the Heart of Canada	Merged the complete article across pages 45–46; removed all lead-in, strategy, matching, table and discussion activities.
pephs2-018	pephs2	4	18	Reading and Thinking	From Edmonton, the train headed southeast across the great Canadian Prairie. At school, Daiyu	46	46	text	1a701f2205298de95ea59cfc71eb83cd	normal	passed	merged-continuation	visual-page-review	2026-07-22	0		Merged this continuation and conclusion into pephs2-017; excluded all exercises below it.
pephs2-019	pephs2	4	19	Reading and Thinking	Listening and Speaking	50	50	text	1a701f2205298de95ea59cfc71eb83cd	normal	passed	removed-nonarticle	visual-page-review	2026-07-22	0		Removed an explicitly ellipsised role-play starter, phrase banks and reading questions; did not invent the omitted dialogue.
pephs2-020	pephs2	4	20	Reading and Thinking	SEEING THE TRUE NORTH VIA RAIL:	51	51	text	1a701f2205298de95ea59cfc71eb83cd	normal	passed	retained-corrected	visual-line-by-line	2026-07-22	10	Seeing the True North via Rail: Toronto and Montreal	Merged the complete article across pages 51–52 and removed photographs, map, questions and writing activities.
pephs2-021	pephs2	4	21	Reading and Thinking	Assessing Your Progress	53	53	text	1a701f2205298de95ea59cfc71eb83cd	normal	passed	removed-nonarticle	visual-page-review	2026-07-22	0		Removed vocabulary tasks and a seven-blank grammar conversation; no blanks were reconstructed.
pephs2-022	pephs2	4	22	Reading and Thinking	• how much time the journey will take	54	54	text	1a701f2205298de95ea59cfc71eb83cd	normal	passed	removed-nonarticle	visual-page-review	2026-07-22	0		Removed project instructions, research bullets, route card and cycling-tip list; no connected model prose is printed.
pephs2-023	pephs2	5	23	Reading and Thinking	Learn about first aid for burns	57	57	text	1a701f2205298de95ea59cfc71eb83cd	normal	passed	retained-corrected	visual-line-by-line	2026-07-22	15	First Aid for Burns	Merged the complete leaflet across pages 57–58, preserving types, characteristics and all six treatment steps while excluding exercises.
pephs2-024	pephs2	5	24	Reading and Thinking	Build up your vocabulary	59	59	text	1a701f2205298de95ea59cfc71eb83cd	normal	passed	removed-nonarticle	visual-page-review	2026-07-22	0		Removed definition blanks, multiple-choice micro-dialogues and a six-gap chemical-burn passage.
pephs2-025	pephs2	5	25	Reading and Thinking	Discover useful structures	60	60	text	1a701f2205298de95ea59cfc71eb83cd	normal	passed	removed-nonarticle	visual-page-review	2026-07-22	0		Removed grammar rewriting and a ten-gap Mrs Taylor emergency narrative; no answers were supplied.
pephs2-026	pephs2	5	26	Reading and Thinking	Listening and Speaking	62	62	text	1a701f2205298de95ea59cfc71eb83cd	normal	passed	removed-nonarticle	visual-page-review	2026-07-22	0		Removed listening tasks, picture vocabulary and an open role-play; the 999-call transcript is not printed.
pephs2-027	pephs2	5	27	Reading and Thinking	Share your story about providing first aid	63	63	text	1a701f2205298de95ea59cfc71eb83cd	normal	passed	removed-nonarticle	visual-page-review	2026-07-22	0		Removed a five-gap sentence-insertion article after checking its A–E choices on page 64; did not reconstruct it.
pephs2-028	pephs2	5	28	Reading and Thinking	Assessing Your Progress	65	65	text	1a701f2205298de95ea59cfc71eb83cd	normal	passed	removed-nonarticle	visual-page-review	2026-07-22	0		Removed word-choice work and a ten-gap bicycle-accident passage; page 66 contains projects only.
pephs2-029	pephs2	1	29	Reading	AI AND HUMAN BEINGS	71	71	text	1a701f2205298de95ea59cfc71eb83cd	normal	passed	retained-corrected	visual-line-by-line	2026-07-22	5	AI and Human Beings	Restored the complete five-paragraph article in visual order; removed the instruction, illustrations and page 72 exercises.
pephs2-030	pephs2	1	30	Reading	DA VINCI'S	73	73	text	1a701f2205298de95ea59cfc71eb83cd	normal	passed	retained-corrected	visual-line-by-line	2026-07-22	8	Da Vinci’s World	Merged the complete eight-paragraph feature across pages 73–74, including the mid-paragraph page break.
pephs2-031	pephs2	1	31	Reading	to help build city defences more than they needed artists. However,	74	74	text	1a701f2205298de95ea59cfc71eb83cd	normal	passed	merged-continuation	visual-page-review	2026-07-22	0		Merged this continuation and conclusion into pephs2-030 rather than publishing a fragment.
pephs2-032	pephs2	2	32	Reading	Using Structures 3 Students have to speak a foreign lang uage	76	76	text	1a701f2205298de95ea59cfc71eb83cd	normal	passed	removed-nonarticle	visual-page-review	2026-07-22	0		Removed noun-clause exercises and a six-gap culture-shock passage; no answers were supplied.
pephs2-033	pephs2	2	33	Reading	Listening and Speaking	77	77	text	1a701f2205298de95ea59cfc71eb83cd	normal	passed	removed-nonarticle	visual-page-review	2026-07-22	0		Removed picture matching, listening questions, an eleven-gap report and an open role-play; no transcript is printed.
pephs2-034	pephs2	2	34	Reading	Paragraph : Jim's observations about China	78	78	text	1a701f2205298de95ea59cfc71eb83cd	normal	passed	retained-corrected	visual-line-by-line	2026-07-22	9	Life in China	Merged Jim’s complete email across pages 78–79, including greeting, closing and signature; excluded activities.
pephs2-035	pephs2	2	35	Reading	While in high school, Zhan Tianyou became increasingly interested in the rapid development of	81	81	text	1a701f2205298de95ea59cfc71eb83cd	normal	passed	retained-corrected	visual-line-by-line-prior-page-recovery	2026-07-22	10	Zhan Tianyou: The Father of China’s Railroad	Recovered the missing title and first five paragraphs from page 80, then merged the full biography through page 81.
pephs2-036	pephs2	3	36	Reading	programmer in Shenzhen, says that he has given up eating packaged meals except when	85	85	text	1a701f2205298de95ea59cfc71eb83cd	normal	passed	retained-corrected	visual-line-by-line	2026-07-22	4	Convenience Food or Fresh Food?	Restored the complete four-paragraph article and excluded reader comments and exercises on pages 85–86.
pephs2-037	pephs2	3	37	Reading	Imagine sitting in a restaurant in a Western	87	87	text	1a701f2205298de95ea59cfc71eb83cd	normal	passed	retained-corrected	visual-line-by-line	2026-07-22	9	Farm-to-Table	Merged the complete nine-paragraph feature across pages 87–88, including a mid-paragraph page break.
pephs2-038	pephs2	3	38	Reading	local food heritage as a way of protecting local culture. As	88	88	text	1a701f2205298de95ea59cfc71eb83cd	normal	passed	merged-continuation	visual-page-review	2026-07-22	0		Merged this continuation and conclusion into pephs2-037 rather than publishing a fragment.
pephs2-039	pephs2	4	39	Reading	Using Structures	90	90	text	1a701f2205298de95ea59cfc71eb83cd	normal	passed	removed-nonarticle	visual-page-review	2026-07-22	0		Removed grammar activities and an intentionally erroneous contest advertisement; no corrections were invented.
pephs2-040	pephs2	4	40	Reading	XU XIAKE'S GUILIN	92	92	text	1a701f2205298de95ea59cfc71eb83cd	normal	passed	retained-corrected	visual-line-by-line	2026-07-22	8	Xu Xiake’s Guilin	Merged the complete eight-paragraph journey across pages 92–93 and excluded all activities and writing scaffolds.
pephs2-041	pephs2	4	41	Reading	Yet, perhaps no one in China travelled farther or longer	93	93	text	1a701f2205298de95ea59cfc71eb83cd	normal	passed	merged-continuation	visual-page-review	2026-07-22	0		Merged this continuation and conclusion into pephs2-040 rather than publishing a fragment.
pephs2-042	pephs2	4	42	Reading	JOURNEYS BY DOG SLED	94	94	text	1a701f2205298de95ea59cfc71eb83cd	normal	passed	retained-corrected	visual-line-by-line	2026-07-22	9	Journeys by Dog Sled	Merged the complete nine-block feature across pages 94–95, preserving both Jack London quotations.
pephs2-043	pephs2	4	43	Reading	trifle egotistical, as country gentlemen sometimes become because of their insular situation. But	95	95	text	1a701f2205298de95ea59cfc71eb83cd	normal	passed	merged-continuation	visual-page-review	2026-07-22	0		Merged this mid-quotation continuation and article conclusion into pephs2-042.
pephs2-044	pephs2	5	44	Reading	Using Words and Expressions	96	96	text	1a701f2205298de95ea59cfc71eb83cd	normal	passed	2026-07-22	visual-page-review	removed-language-exercises	0	Using Words and Expressions contains tables, translation prompts, blanks, and incomplete first-letter-clue conversations; no complete coherent text.	
pephs2-045	pephs2	5	45	Reading	Using Structures	97	97	text	1a701f2205298de95ea59cfc71eb83cd	normal	passed	2026-07-22	visual-page-review	removed-grammar-exercises	0	Sentence-generation and rewriting tasks plus a deliberately error-filled story to correct; not an intact model text.	
pephs2-046	pephs2	5	46	Reading	bathroom safety bedroom safety sports safety	99	99	text	1a701f2205298de95ea59cfc71eb83cd	normal	passed	2026-07-22	visual-line-by-line-and-column-order	override-complete-manual	36	Restored Is Your Home Safe? across pages 99-100 in visual section order; excluded scan checklist, exercises, prompts, page furniture, and illustrations.	
pephs2-047	pephs2	5	47	Reading	Red Cross Facts	101	101	text	1a701f2205298de95ea59cfc71eb83cd	normal	passed	2026-07-22	visual-line-by-line	override-merged-complete-feature	9	Restored How One Man Made a Difference across pages 101-102; joined the cross-page sentence and excluded the Red Cross Facts box and page furniture.	
pephs2-048	pephs2	5	48	Reading	about every war, helping to care for both soldiers and civilians. While	102	102	text	1a701f2205298de95ea59cfc71eb83cd	normal	passed	2026-07-22	visual-page-review	removed-merged-continuation	0	Continuation and conclusion merged into pephs2-047; not published as a mid-sentence fragment.	
pephs2-049	pephs2	5	49	Reading	I Review of Noun Clauses 复习名词性从句	112	112	text	1a701f2205298de95ea59cfc71eb83cd	normal	passed	2026-07-22	visual-page-review	removed-grammar-appendix	0	Rules, tables, and isolated noun-clause and tense examples are reference material rather than a complete text.	
pephs2-050	pephs2	5	50	Reading	I I	113	113	text	1a701f2205298de95ea59cfc71eb83cd	normal	passed	2026-07-22	visual-page-review	removed-grammar-appendix	0	Past-participle and -ing-form grammar tables and examples are not a complete article, composition, or dialogue.	
pephs2-051	pephs2	5	51	Reading	一般式 doing being done	114	114	text	1a701f2205298de95ea59cfc71eb83cd	normal	passed	2026-07-22	visual-page-review	removed-grammar-appendix	0	Continuation of the -ing-form grammar appendix; adjacent-page review confirms no hidden complete article.	
pephs3-001	pephs3	1	1	Reading and Thinking	Learn about different painting styles in Western art	9	9	text	f0dc33129a755a33421d401b71a05cd1	normal	passed	2026-07-22	visual-line-by-line	override-merged-complete-article	12	Restored A Short History of Western Painting across pages 9-10 with four section headings; excluded instructions, strategy box, captions, charts, exercises, and page furniture.	
pephs3-002	pephs3	1	2	Reading and Thinking	Impressionism (late 19th to early 20th century)	10	10	text	f0dc33129a755a33421d401b71a05cd1	normal	passed	2026-07-22	visual-page-review	removed-merged-continuation	0	Continuation and conclusion merged into pephs3-001; not published as a separate second-page fragment.	
pephs3-003	pephs3	1	3	Reading and Thinking	Build up your vocabulary	11	11	text	f0dc33129a755a33421d401b71a05cd1	normal	passed	2026-07-22	visual-page-review	removed-cloze-and-vocabulary-exercises	0	Monet cloze with eight blanks plus vocabulary activities; excluded without supplying or guessing answers.	
pephs3-004	pephs3	1	4	Reading and Thinking	Write an art exhibition announcement	15	15	text	f0dc33129a755a33421d401b71a05cd1	normal	passed	2026-07-22	visual-line-by-line	override-complete-announcement	9	Retained Ancient Chinese Art on Show with all exhibition details; excluded instruction, prompt, browser furniture, artworks, and page furniture.	
pephs3-005	pephs3	1	5	Reading and Thinking	La Primavera, by Sandro Botticelli (1445–1510) Le Poète, by Auguste Shrimps, by Qi Baishi	18	18	text	f0dc33129a755a33421d401b71a05cd1	normal	passed	2026-07-22	visual-page-review	removed-project-scaffolding	0	Artwork captions and talk-show role-play instructions contain no complete printed dialogue or article; no transcript was invented.	
pephs3-006	pephs3	2	6	Reading and Thinking	Learn to develop good health habits	21	21	text	f0dc33129a755a33421d401b71a05cd1	normal	passed	2026-07-22	visual-line-by-line	override-merged-complete-article	10	Restored Habits for a Healthy Lifestyle across pages 21-22 with the three habit-cycle points; excluded prompts, strategy box, diagrams, questions, tasks, and page furniture.	
pephs3-007	pephs3	2	7	Reading and Thinking	Build up your vocabulary	23	23	text	f0dc33129a755a33421d401b71a05cd1	normal	passed	2026-07-22	visual-page-review	removed-cloze-and-language-exercises	0	Ten-blank summary, collocation prompts, four-blank passage, and sentence-making tasks; excluded without supplying answers.	
pephs3-008	pephs3	2	8	Reading and Thinking	Write a letter to the editor about your lifestyle	27	27	text	f0dc33129a755a33421d401b71a05cd1	normal	passed	2026-07-22	visual-structural-split	split-two-complete-letters	16	Split the parallel columns into Wang Lu’s and George Fielding’s complete signed letters; excluded shared instruction, decoration, and page furniture.	
pephs3-009	pephs3	2	9	Reading and Thinking	Information Wang Lu George Fielding	28	28	text	f0dc33129a755a33421d401b71a05cd1	normal	passed	2026-07-22	visual-page-review	removed-letter-analysis-exercises	0	Information table, paragraph labels, prompts, drafting instructions, and checklist contain no new complete passage.	
pephs3-010	pephs3	2	10	Reading and Thinking	Assessing Your Progress	29	29	text	f0dc33129a755a33421d401b71a05cd1	normal	passed	2026-07-22	visual-page-review	removed-cloze-and-error-correction	0	Six-blank passage and a second passage deliberately containing eight errors; excluded without filling or silently correcting them.	
pephs3-011	pephs3	3	11	Reading and Thinking	CLIMATE CHANGE REQUIRES THE WORLD'S ATTENTION	33	33	text	f0dc33129a755a33421d401b71a05cd1	normal	passed	2026-07-22	visual-line-by-line	override-merged-complete-article	5	Restored the complete climate-change article across pages 33-34 and joined the greenhouse-effect paragraph; excluded prompts, questions, figures, strategy box, and page furniture.	
pephs3-012	pephs3	3	12	Reading and Thinking	Earth's surface as short-wave radiation. The heat is released back into space at longer	34	34	text	f0dc33129a755a33421d401b71a05cd1	normal	passed	2026-07-22	visual-page-review	removed-merged-continuation	0	Continuation and conclusion merged into pephs3-011; not published as a mid-sentence fragment.	
pephs3-013	pephs3	3	13	Reading and Thinking	said. Then summarise the information you got Summarise information	38	38	text	f0dc33129a755a33421d401b71a05cd1	normal	passed	2026-07-22	visual-page-review	removed-listening-summary	0	Nine-blank summary and listening/discussion scaffolding with no printed interview transcript; excluded without inference.	
pephs3-014	pephs3	3	14	Reading and Thinking	Write a report on an environmental issue	39	39	text	f0dc33129a755a33421d401b71a05cd1	normal	passed	2026-07-22	visual-line-by-line	override-merged-complete-report	4	Restored Reducing Water Pollution in the Li River across pages 39-40 and joined paragraph three; excluded prompts, figures, exercises, writing steps, checklist, and page furniture.	
pephs3-015	pephs3	3	15	Reading and Thinking	Assessing Your Progress	41	41	text	f0dc33129a755a33421d401b71a05cd1	normal	passed	2026-07-22	visual-page-review	removed-cloze-and-transformation	0	Six-blank passage and reported-speech conversion exercise; excluded without supplying answers.	
pephs3-016	pephs3	4	16	Reading and Thinking	Explore the spirit of adventure	45	45	text	f0dc33129a755a33421d401b71a05cd1	normal	passed	2026-07-22	visual-line-by-line	override-merged-complete-diary-feature	17	Restored A Successful Failure with its introduction and all three dated diary entries across pages 45-46; excluded the pre-reading advertisement, tasks, figures, and page furniture.	
pephs3-017	pephs3	4	17	Reading and Thinking	We have been struggling for days, but things on Elephant	46	46	text	f0dc33129a755a33421d401b71a05cd1	normal	passed	2026-07-22	visual-page-review	removed-merged-continuation	0	Third diary entry and conclusion merged into pephs3-016; not published as a page-two fragment.	
pephs3-018	pephs3	4	18	Reading and Thinking	Build up your vocabulary	47	47	text	f0dc33129a755a33421d401b71a05cd1	normal	passed	2026-07-22	visual-page-review	removed-vocabulary-and-cloze-exercises	0	First-letter blanks, word choices, and eleven-blank expedition summary; excluded without supplying answers.	
pephs3-019	pephs3	4	19	Reading and Thinking	Listening and Speaking	50	50	text	f0dc33129a755a33421d401b71a05cd1	normal	passed	2026-07-22	visual-page-review	removed-incomplete-role-play	0	Sailor-selection table, expression bank, and example discussion ending with an ellipsis; no complete dialogue or article.	
pephs3-020	pephs3	4	20	Reading and Thinking	Learn about optimism and perseverance	51	51	text	f0dc33129a755a33421d401b71a05cd1	normal	passed	2026-07-22	visual-line-by-line	override-merged-complete-memoir	6	Restored The Reward for Perseverance across pages 51-52; excluded prediction prompts, figure, questions, writing steps, checklist, and page furniture.	
pephs3-021	pephs3	4	21	Reading and Thinking	Antarctic Challenge	55	55	text	f0dc33129a755a33421d401b71a05cd1	normal	passed	2026-07-22	visual-page-review	removed-video-worksheet	0	Brief video setup plus event-ordering and viewing questions; no complete article or transcript is printed.	
pephs3-022	pephs3	5	22	Reading and Thinking	Appreciate different forms of English poems	57	57	text	f0dc33129a755a33421d401b71a05cd1	normal	passed	2026-07-22	visual-line-by-line-and-embedded-poem-order	override-merged-complete-selection	13	Restored A Few Simple Forms of English Poems across pages 57-58 with poems A-F placed after their explanatory sections and lineation preserved; excluded all tasks and furniture.	
pephs3-023	pephs3	5	23	Reading and Thinking	Another simple form of poem that amateurs can D	58	58	text	f0dc33129a755a33421d401b71a05cd1	normal	passed	2026-07-22	visual-page-review	removed-merged-continuation	0	Continuation with poems D-F merged into pephs3-022; not published as a page-two fragment.	
pephs3-024	pephs3	5	24	Reading and Thinking	Review useful structures	60	60	text	f0dc33129a755a33421d401b71a05cd1	normal	passed	2026-07-22	visual-line-by-line	override-complete-editing-source	1	Retained the complete printed Browning introduction unchanged; excluded instruction, scrambled Tagore set, figure, prompt, example, and page furniture.	
pephs3-025	pephs3	5	25	Reading and Thinking	Write a poem	63	63	text	f0dc33129a755a33421d401b71a05cd1	normal	passed	2026-07-22	visual-structural-split-and-adjacent-page-recovery	split-five-complete-poems	5	Recovered two complete pronunciation poems from page 62 and split them with the three independent complete poems on page 63; preserved stanza lineation and excluded instructions, strategy box, author lines, and furniture.	
pephs3-026	pephs3	5	26	Reading and Thinking	Information Wind on the Hill Dream A Match	64	64	text	f0dc33129a755a33421d401b71a05cd1	normal	passed	2026-07-22	visual-line-by-line	override-complete-model-essay	4	Retained the complete four-paragraph model essay appreciating Dream; excluded the planning table, information box, prompts, and page furniture.	
pephs3-027	pephs3	5	27	Reading and Thinking	Assessing Your Progress	65	65	text	f0dc33129a755a33421d401b71a05cd1	normal	passed	2026-07-22	visual-structural-split	split-two-dialogues-and-remove-cloze	11	Split the two complete model dialogues into separate lessons; excluded the preceding poetry-history passage because it contains eight learner blanks, plus reflection prompts, page-66 project examples, and furniture.	
pephs3-028	pephs3	1	28	Reading	THE STARRY N IGHT	71	71	text	f0dc33129a755a33421d401b71a05cd1	normal	passed	2026-07-22	visual-line-by-line	override-complete-three-paragraph-feature	3	Restored The Starry Night in visual reading order around its images; corrected the baseline title and excluded the instruction, images, and furniture after checking pages 70 and 72.	
pephs3-029	pephs3	1	29	Reading	MICHELANGELO'S DAVID	73	74	text	f0dc33129a755a33421d401b71a05cd1	normal	passed	2026-07-22	visual-line-by-line	override-merged-complete-eight-paragraph-feature	8	Restored Michelangelo's David across pages 73-74; removed only the Chinese Goliath gloss, images, and furniture, and checked pages 72 and 75 to confirm boundaries.	
pephs3-030	pephs3	2	30	Reading	Using Structures To save yourself some time, you could tr y	76	76	text	f0dc33129a755a33421d401b71a05cd1	normal	passed	2026-07-22	visual-line-by-line	override-complete-grammar-source-passage	1	Retained the complete balanced-diet passage unchanged; excluded incomplete conversations, classification lines, the Hangzhou fill-in passage, image, and furniture.	
pephs3-031	pephs3	2	31	Reading	MY EXPERIENCES WITH COMPUTER GAMES	78	78	text	f0dc33129a755a33421d401b71a05cd1	normal	passed	2026-07-22	visual-line-by-line	override-complete-five-paragraph-narrative	5	Restored all five paragraphs around two illustrations; excluded the reading prompt, images, and furniture after checking pages 77 and 79.	
pephs3-032	pephs3	2	32	Reading	Little Women, written by Louisa May Alcott and published in 1868, is	80	80	text	f0dc33129a755a33421d401b71a05cd1	normal	passed	2026-07-22	visual-line-by-line-and-cross-page-order	override-merged-complete-adapted-fiction	37	Restored The Experiment across pages 80-81 with every printed speech and narrative paragraph in order; moved bibliographic matter to metadata and excluded images and furniture.	
pephs3-033	pephs3	2	33	Reading	"to lunch. I'm taking a vacation today."""	81	81	text	f0dc33129a755a33421d401b71a05cd1	normal	passed	2026-07-22	visual-page-review	removed-merged-continuation	0	Second half of The Experiment merged into pephs3-032; page 82 starts a new unit, so this is not published as a fragment.	
pephs3-034	pephs3	3	34	Reading	SMALL WASTE, BIG PROBLEM	85	85	text	f0dc33129a755a33421d401b71a05cd1	normal	passed	2026-07-22	visual-line-by-line-and-adjacent-page-recovery	override-merged-complete-feature	5	Restored all five paragraphs across pages 85-86, including two concluding paragraphs missed by the baseline; excluded images, table, tasks, and furniture.	
pephs3-035	pephs3	3	35	Reading	A CLEAN, GREEN ENERGY FUTURE	87	87	text	f0dc33129a755a33421d401b71a05cd1	normal	passed	2026-07-22	visual-line-by-line-and-cross-page-order	override-merged-complete-feature	11	Restored the complete pages 87-88 renewable-energy feature with sections, pros, cons, and conclusion; excluded images and furniture.	
pephs3-036	pephs3	3	36	Reading	largest capacity, with over 80% generated in California. The Yangbajing Power Plant is the largest	88	88	text	f0dc33129a755a33421d401b71a05cd1	normal	passed	2026-07-22	visual-page-review	removed-merged-continuation	0	Continuation merged into pephs3-035; page 89 begins Unit 4, so it is not published as a fragment.	
pephs3-037	pephs3	4	37	Reading	FAN ZHONGYAN	92	92	text	f0dc33129a755a33421d401b71a05cd1	normal	passed	2026-07-22	visual-line-by-line-and-adjacent-page-recovery	override-merged-complete-biography	7	Restored all seven paragraphs across pages 92-93, including retirement and conclusion missed by the baseline; excluded images, exercises, tasks, and furniture.	
pephs3-038	pephs3	4	38	Reading	AN EXCERPT FROM	94	94	text	f0dc33129a755a33421d401b71a05cd1	normal	passed	2026-07-22	visual-line-by-line-and-cross-page-order	override-merged-complete-adapted-excerpt	18	Restored all 18 paragraphs across pages 94-95, joining the cross-page sentence and preserving speech and thoughts; excluded source labels, images, and furniture.	
pephs3-039	pephs3	5	39	Reading	Using Words and Expressions	96	96	text	f0dc33129a755a33421d401b71a05cd1	normal	passed	2026-07-22	visual-page-review	removed-vocabulary-and-fill-in-exercises	0	Definitions, phrase matching, sentence blanks, and translations; no complete passage is printed.	
pephs3-040	pephs3	5	40	Reading	Listening and Speaking	98	98	text	f0dc33129a755a33421d401b71a05cd1	normal	passed	2026-07-22	visual-line-by-line	override-complete-two-stanza-excerpt	2	Retained both printed Auld Lang Syne stanzas with lineation and Scots wording; excluded questions, listening notes, portrait, and furniture.	
pephs3-041	pephs3	5	41	Reading	E x PLORING POETRY IN CHINA	99	99	text	f0dc33129a755a33421d401b71a05cd1	normal	passed	2026-07-22	visual-structural-split-and-adjacent-page-recovery	split-complete-article-and-three-poems	9	Restored the six-paragraph pages 99-100 article with its Mu Dan quotation and recovered three complete poems from page 101 as independent lessons; excluded tasks, images, and furniture.	
pephs3-042	pephs3	5	42	Reading	were first introduced to classical Chinese poetry by American poet Ezra Pound (1885–1973). He	100	100	text	f0dc33129a755a33421d401b71a05cd1	normal	passed	2026-07-22	visual-page-review	removed-merged-continuation	0	Second page merged into the complete pephs3-041 article after all three concluding paragraphs and the closing quotation were verified.	
pephs3-043	pephs3	5	43	Reading	THE GIFT	102	102	text	f0dc33129a755a33421d401b71a05cd1	normal	passed	2026-07-22	visual-structural-split	split-two-complete-poems	2	Split The Gift and On Children into independent lessons; preserved all printed lines and moved author attributions to metadata after checking pages 101 and 103.	
pephs4-001	pephs4	1	1	Reading and Thinking	Explore the relationship between humans and robots	9	9	text	6fc94127b322f6f5abff068bef6faa2e	normal	passed	2026-07-22	visual-line-by-line-and-cross-page-order	override-complete-nine-paragraph-selection	9	Restored pages 9-10 Satisfaction Guaranteed through the printed cliffhanger; excluded all instructions, charts, questions and unprinted audio continuation.	
pephs4-002	pephs4	1	2	Reading and Thinking	completely transformed, would be ready. his arms, bringing his face close to hers. She	10	10	text	6fc94127b322f6f5abff068bef6faa2e	normal	passed	2026-07-22	visual-page-review	removed-merged-continuation	0	Merged the three page-10 story paragraphs into pephs4-001 after checking their order; not an independent lesson.	
pephs4-003	pephs4	1	3	Reading and Thinking	Build up your vocabulary	11	11	text	6fc94127b322f6f5abff068bef6faa2e	normal	passed	2026-07-22	visual-page-review	removed-incomplete-exercises	0	Excluded vocabulary fragments, sentence completion and the incomplete AI cloze after checking pages 10 and 12.	
pephs4-004	pephs4	1	4	Reading and Thinking	Review useful structures	12	12	text	6fc94127b322f6f5abff068bef6faa2e	normal	passed	2026-07-22	visual-page-review	removed-incomplete-exercises	0	Excluded passive-voice fragments and the visibly incomplete Three-Body Problem cloze; checked pages 11 and 13.	
pephs4-005	pephs4	1	5	Reading and Thinking	Voice your opinions on robots and AI	13	13	text	6fc94127b322f6f5abff068bef6faa2e	normal	passed	2026-07-22	visual-page-review	removed-listening-and-infographic	0	Checked pages 13-14; excluded listening statements, prompts, expression bank, infographic and unfinished sample dialogue.	
pephs4-006	pephs4	1	6	Reading and Thinking	Write a sci-fi short story	15	15	text	6fc94127b322f6f5abff068bef6faa2e	normal	passed	2026-07-22	visual-line-by-line-and-cross-page-order	override-complete-five-paragraph-extract	5	Restored the complete pages 15-16 Time Machine extract, joining its cross-page paragraph; excluded all tasks, images and furniture.	
pephs4-007	pephs4	2	7	Reading and Thinking	Experience the iconic features of Australia	21	21	text	6fc94127b322f6f5abff068bef6faa2e	normal	passed	2026-07-22	visual-line-by-line-and-cross-page-order	override-complete-four-entry-blog	4	Restored all four dated blog entries across pages 21-22, including the cross-page 3 Oct entry; excluded prompts, notes, questions and images.	
pephs4-008	pephs4	2	8	Reading and Thinking	spiritual world around them. Most of their	22	22	text	6fc94127b322f6f5abff068bef6faa2e	normal	passed	2026-07-22	visual-page-review	removed-merged-continuation	0	Merged the rest of the 3 Oct entry and the full 6 Oct entry into pephs4-007 after checking page order.	
pephs4-009	pephs4	2	9	Reading and Thinking	Build up your vocabulary	23	23	text	6fc94127b322f6f5abff068bef6faa2e	normal	passed	2026-07-22	visual-page-review	removed-incomplete-exercises	0	Excluded vocabulary fragments, isolated paired sentences and the Thailand cloze; checked pages 22 and 24.	
pephs4-010	pephs4	2	10	Reading and Thinking	Review useful structures	24	24	text	6fc94127b322f6f5abff068bef6faa2e	normal	passed	2026-07-22	visual-page-review	removed-intentionally-erroneous-passage	0	Excluded sentence blanks and the deliberately erroneous Eiffel Tower correction passage without repairing it.	
pephs4-011	pephs4	2	11	Reading and Thinking	milk in that temporary, protected environment until they are about seven or eight months	27	27	text	6fc94127b322f6f5abff068bef6faa2e	normal	passed	2026-07-22	visual-line-by-line-and-adjacent-page-recovery	override-complete-four-animal-qa	5	Recovered the opening and kangaroo section from page 26 and retained all koala, Tasmanian devil and platypus Q&A through page 28.	
pephs4-012	pephs4	2	12	Reading and Thinking	Australia also has some animals that many people	28	28	text	6fc94127b322f6f5abff068bef6faa2e	normal	passed	2026-07-22	visual-page-review	removed-merged-continuation	0	Merged the complete platypus question and answer into pephs4-011; excluded the following comprehension and writing tasks.	
pephs4-013	pephs4	2	13	Reading and Thinking	Assessing Your Progress	29	29	text	6fc94127b322f6f5abff068bef6faa2e	normal	passed	2026-07-22	visual-page-review	removed-incomplete-assessment	0	Excluded sentence blanks, unordered Grand Bazaar fragments and reflection prompts; checked pages 28 and 30.	
pephs4-014	pephs4	2	14	Reading and Thinking	experience when they travel to a new place. Examples include:	30	30	text	6fc94127b322f6f5abff068bef6faa2e	normal	passed	2026-07-22	visual-line-by-line	override-complete-model-description	1	Retained the complete Dujiangyan model description; excluded project instructions, image and furniture.	
pephs4-015	pephs4	3	15	Reading and Thinking	Learn about sea exploration	33	33	text	6fc94127b322f6f5abff068bef6faa2e	normal	passed	2026-07-22	visual-line-by-line-and-cross-page-order	override-complete-seven-paragraph-essay	7	Restored all seven paragraphs of Reaching Out Across the Sea across pages 33-34; excluded sidebar, tasks and furniture.	
pephs4-016	pephs4	3	16	Reading and Thinking	Build up your vocabulary	35	35	text	6fc94127b322f6f5abff068bef6faa2e	normal	passed	2026-07-22	visual-page-review	removed-incomplete-exercises	0	Excluded vocabulary exercises and the incomplete Zac Sunderland passage without supplying its missing words.	
pephs4-017	pephs4	3	17	Reading and Thinking	Review useful structures	36	36	text	6fc94127b322f6f5abff068bef6faa2e	normal	passed	2026-07-22	visual-page-review	removed-incomplete-story-cloze	0	Excluded infinitive exercises and the incomplete Little Mermaid opening without reconstruction.	
pephs4-018	pephs4	3	18	Reading and Thinking	Express your opinions on sea exploration	39	39	text	6fc94127b322f6f5abff068bef6faa2e	normal	passed	2026-07-22	visual-structural-split	split-two-complete-argumentative-texts	9	Split the two independent opposing essays into separate lessons, preserving all five and four printed paragraphs respectively.	
pephs4-019	pephs4	3	19	Reading and Thinking	Assessing Your Progress	41	41	text	6fc94127b322f6f5abff068bef6faa2e	normal	passed	2026-07-22	visual-page-review-and-adjacent-page-recovery	recovered-adjacent-world-oceans-day	3	Rejected the incomplete seal cloze and recovered the complete three-paragraph World Oceans Day text from page 42.	
pephs4-020	pephs4	4	20	Reading and Thinking	Help the needy	45	45	text	6fc94127b322f6f5abff068bef6faa2e	normal	passed	2026-07-22	visual-line-by-line-and-cross-page-order	override-complete-two-entry-blog	2	Restored both dated Volunteering in the Bush entries across pages 45-46 with their internal paragraph breaks.	
pephs4-021	pephs4	4	21	Reading and Thinking	bamboo hut with no windows, with a door just big enough	46	46	text	6fc94127b322f6f5abff068bef6faa2e	normal	passed	2026-07-22	visual-page-review	removed-merged-continuation	0	Merged all four concluding village paragraphs into pephs4-020; excluded questions and analysis tasks.	
pephs4-022	pephs4	4	22	Reading and Thinking	Build up your vocabulary	47	47	text	6fc94127b322f6f5abff068bef6faa2e	normal	passed	2026-07-22	visual-page-review	removed-incomplete-exercises	0	Excluded the word puzzle, categories and incomplete Xu Yuan cloze without reconstruction.	
pephs4-023	pephs4	4	23	Reading and Thinking	Listening and Speaking	50	50	text	6fc94127b322f6f5abff068bef6faa2e	normal	passed	2026-07-22	visual-line-by-line	override-complete-eight-turn-dialogue	1	Retained the complete Jessie and Susan animal-shelter dialogue; excluded surrounding instructions and prompts.	
pephs4-024	pephs4	4	24	Reading and Thinking	Make a speech about China's aid to other countries	51	51	text	6fc94127b322f6f5abff068bef6faa2e	normal	passed	2026-07-22	visual-line-by-line-and-cross-page-order	override-complete-eight-part-speech	8	Restored Zhan Bingbing’s full speech through the page-52 conclusion and final thank-you.	
pephs4-025	pephs4	4	25	Reading and Thinking	a case study a hypothetical example	52	52	text	6fc94127b322f6f5abff068bef6faa2e	normal	passed	2026-07-22	visual-page-review	removed-merged-continuation	0	Merged the final appeal and thank-you into pephs4-024; excluded speech-analysis and writing tasks.	
pephs4-026	pephs4	4	26	Reading and Thinking	Assessing Your Progress	53	53	text	6fc94127b322f6f5abff068bef6faa2e	normal	passed	2026-07-22	visual-page-review-and-adjacent-page-recovery	recovered-two-adjacent-project-posters	8	Rejected the incomplete assessment report and recovered People’s Shoes and China Exchange from page 54 as separate lessons.	
pephs4-027	pephs4	5	27	Reading and Thinking	Get a head start on your future career	57	57	text	6fc94127b322f6f5abff068bef6faa2e	normal	passed	2026-07-22	visual-line-by-line-and-cross-page-order	override-complete-seven-paragraph-article	7	Restored Working Out What You Want to Do across pages 57-58; excluded the chart, strategy box and exercises.	
pephs4-028	pephs4	5	28	Reading	Build up your vocabulary	59	59	text	6fc94127b322f6f5abff068bef6faa2e	normal	passed	2026-07-22	visual-page-review	removed-incomplete-exercises	0	Excluded vocabulary, sentence-completion and speech clozes without reconstruction.	
pephs4-029	pephs4	5	29	Reading	Successful applicants will ideally have the following:	63	63	text	6fc94127b322f6f5abff068bef6faa2e	normal	passed	2026-07-22	visual-page-review-and-adjacent-page-recovery	recovered-three-complete-application-texts	18	Recovered and separated the complete job advertisement, Kelly Xu cover letter and CV across pages 62-64.	
pephs4-030	pephs4	5	30	Reading	Assessing Your Progress	65	65	text	6fc94127b322f6f5abff068bef6faa2e	normal	passed	2026-07-22	visual-line-by-line	override-complete-model-passage	1	Retained the complete Make High School Count draft; excluded the cloze and reflection prompts.	
pephs4-031	pephs4	1	31	Reading	Using Words and Expressions	68	68	text	6fc94127b322f6f5abff068bef6faa2e	normal	passed	2026-07-22	visual-page-review	removed-incomplete-exercises	0	Excluded vocabulary questions and both incomplete AI cloze passages without reconstruction.	
pephs4-032	pephs4	1	32	Reading	Some men, dressed in black protective suits, take the meteor away …	70	70	text	6fc94127b322f6f5abff068bef6faa2e	normal	passed	2026-07-22	visual-line-by-line	override-complete-recap	1	Retained the complete printed Previously on The Evos recap; excluded listening and acting tasks.	
pephs4-033	pephs4	1	33	Reading	writer Jules Verne. Underline the words that describe the unusual environment	71	71	text	6fc94127b322f6f5abff068bef6faa2e	normal	passed	2026-07-22	visual-line-by-line-and-cross-page-order	override-complete-adapted-extract	10	Restored Journey to the Centre of the Earth across pages 71-72 in narrative and dialogue order.	
pephs4-034	pephs4	1	34	Reading	SCIENCE FICTION OR	73	73	text	6fc94127b322f6f5abff068bef6faa2e	normal	passed	2026-07-22	visual-line-by-line-and-cross-page-order	override-complete-six-paragraph-article	6	Restored Science Fiction or Science Fact? across pages 73-74 including the page-turn sentence.	
pephs4-035	pephs4	1	35	Reading	"In the film, such a ""wormhole"" mysteriously appears near"	74	74	text	6fc94127b322f6f5abff068bef6faa2e	normal	passed	2026-07-22	visual-page-review	removed-merged-continuation	0	Merged the full page-74 continuation and conclusion into pephs4-034.	
pephs4-036	pephs4	2	36	Reading	Using Structures	76	76	text	6fc94127b322f6f5abff068bef6faa2e	normal	passed	2026-07-22	visual-page-review	removed-intentionally-erroneous-draft	0	Excluded the deliberately error-filled rock-art passage and sentence blanks without silent correction.	
pephs4-037	pephs4	2	37	Reading	To fully appreciate Australian cuisine, you have	78	78	text	6fc94127b322f6f5abff068bef6faa2e	normal	passed	2026-07-22	visual-page-review-and-independent-text-split	recovered-article-and-recipe	8	Restored the five-paragraph Australian cuisine article across pages 78-79 and separated the complete Pavlova recipe.	
pephs4-038	pephs4	2	38	Reading	outside. Casual friendliness is the key to such meals. It is a	79	79	text	6fc94127b322f6f5abff068bef6faa2e	normal	passed	2026-07-22	visual-page-review	removed-merged-continuation	0	Merged both concluding paragraphs into pephs4-037; the independent recipe was also recovered there.	
pephs4-039	pephs4	2	39	Reading	THE KIWI	80	80	text	6fc94127b322f6f5abff068bef6faa2e	normal	passed	2026-07-22	visual-line-by-line	override-complete-headed-article	5	Retained the introduction, Fruit, People and Bird sections, and conclusion in printed order.	
pephs4-040	pephs4	2	40	Reading	THE THORN BIRDS (Adapted)	81	81	text	6fc94127b322f6f5abff068bef6faa2e	normal	passed	2026-07-22	visual-line-by-line	override-complete-adapted-excerpt	6	Retained all six paragraphs of the complete adapted excerpt; excluded illustration labels.	
pephs4-041	pephs4	3	41	Reading	Using Structures 3 Complete the news report below	83	83	text	6fc94127b322f6f5abff068bef6faa2e	normal	passed	2026-07-22	visual-page-review	removed-incomplete-news-cloze	0	Excluded the Jiaolong report with missing verb forms without supplying answers.	
pephs4-042	pephs4	3	42	Reading	Listening and Speaking	84	84	text	6fc94127b322f6f5abff068bef6faa2e	normal	passed	2026-07-22	visual-page-review-and-independent-text-split	split-three-complete-news-reports	3	Separated three complete shark-attack reports; left the two blank headline exercises unanswered in body text.	
pephs4-043	pephs4	3	43	Reading	The plastic on Henderson Island accounts for just 2 seconds ' worth of global annual plastic	86	86	text	6fc94127b322f6f5abff068bef6faa2e	normal	passed	2026-07-22	visual-page-review-and-adjacent-page-recovery	restored-article-and-two-poems	13	Restored A Sea of Plastic across pages 85-86 and recovered Sea Fever and On the Seashore as separate lessons.	
pephs4-044	pephs4	4	44	Reading	Using Structures 4 The Chinese soldiers, who are dressed in	90	90	text	6fc94127b322f6f5abff068bef6faa2e	normal	passed	2026-07-22	visual-page-review-and-adjacent-page-recovery	recovered-poem-and-gift-catalogue	8	Rejected incomplete exercises; recovered As I Grew Older and The World’s Most Useful Gifts as independent lessons.	
pephs4-045	pephs4	4	45	Reading	FOR THE CHILDREN (Adapted)	94	94	text	6fc94127b322f6f5abff068bef6faa2e	normal	passed	2026-07-22	visual-line-by-line-and-cross-page-order	override-complete-adapted-speech	9	Restored Audrey Hepburn’s complete speech across pages 94-95 through the final thank-you.	
pephs4-046	pephs4	4	46	Reading	in over 100 developing nations, UNICEF is brought up against the face of today's international	95	95	text	6fc94127b322f6f5abff068bef6faa2e	normal	passed	2026-07-22	visual-page-review	removed-merged-continuation	0	Merged the full page-95 continuation and conclusion into pephs4-045.	
pephs4-047	pephs4	5	47	Reading	Using Words and Expressions	96	96	text	6fc94127b322f6f5abff068bef6faa2e	normal	passed	2026-07-22	visual-page-review-and-adjacent-page-recovery	recovered-reporter-model	1	Rejected the page-96 cloze and page-97 rewrite exercises; recovered the complete reporter-career model paragraph.	
pephs4-048	pephs4	5	48	Reading	by Malcolm Gladwell in his 2008 best-selling book, Outliers: The Story of Success. He claimed	99	99	text	6fc94127b322f6f5abff068bef6faa2e	normal	passed	2026-07-22	visual-line-by-line-and-cross-page-order	override-complete-seven-paragraph-article	7	Restored Does Practice Really Make Perfect? across pages 99-100; excluded questions and chart.	
pephs4-049	pephs4	5	49	Reading	THE SUMMER BREAK THAT COULD	101	101	text	6fc94127b322f6f5abff068bef6faa2e	normal	passed	2026-07-22	visual-line-by-line-and-cross-page-order	override-complete-headed-article	9	Restored the complete article across pages 101-102 including four options and all six Top Tips.	
