sequence	path	course	id	title	status	before_file_sha256	after_file_sha256	candidate_count	full_read_confirmed	recheck_confirmed	reviewed_at	revision_sha256	notes
1	public/shuimu/lessons/phonetics/001.json	shuimu	phonetics-001	入门课：认识 26 个英文字母	passed_unchanged	2a32eb7b808dee8a3fd3ab6a094fd12193d9242fc6b34eb7557a661023663b16	2a32eb7b808dee8a3fd3ab6a094fd12193d9242fc6b34eb7557a661023663b16	0	true	true	2026-10-07T06:58:20+00:00	eefb9e9c98875afbcef4117c570f2392f925d72b5c6867c850db2d7daad58744	字母表、分组音标和书写要点分别完整；11–15 是字母音标的分组，不合成散文段落。
2	public/shuimu/lessons/phonetics/002.json	shuimu	phonetics-002	第一课：语音基础知识	passed_unchanged	8ca906010ba7d47192f1f7fc4562459d54e11ad74ca28b8ca94379bcaed3e248	8ca906010ba7d47192f1f7fc4562459d54e11ad74ca28b8ca94379bcaed3e248	1	true	true	2026-10-07T06:58:20+00:00	217ce88f5411fc289cbf35105db18432d51cfc849e4ce50c9bfebb5d3e556b87	自然拼读的两条说明、五类知识条目和方法清单均为独立要点，缺句号不是断段。
3	public/shuimu/lessons/phonetics/003.json	shuimu	phonetics-003	第二课：4 个前元音	passed_unchanged	1f3a6ff34686fc44016bda79e13c486c127c79118b36e885b350f13b68cf196b	1f3a6ff34686fc44016bda79e13c486c127c79118b36e885b350f13b68cf196b	2	true	true	2026-10-07T06:58:20+00:00	abf2b6b25fa28e231efbeaa06b0b440ebfea4989744cb2f487b87534b03d372a	四种前元音的发音解析均完整；发音组合词表和五个编号绕口令边界正确。
4	public/shuimu/lessons/phonetics/004.json	shuimu	phonetics-004	第三课：3 个中元音	passed_unchanged	b25260c43787ff14a8451deef3de6d69f85e34648cc4fe12cecb01f1a63f7dac	b25260c43787ff14a8451deef3de6d69f85e34648cc4fe12cecb01f1a63f7dac	1	true	true	2026-10-07T06:58:41+00:00	4fe2e3b4089d387366dae11f0ec0a6a42fa50d3ae18c06890f1fb002eeb5e947	中元音解析各自完整；两条 /ə/、/3:/ 绕口令及 /Λ/ 多句绕口令分别保留，词表不合并。
5	public/shuimu/lessons/phonetics/005.json	shuimu	phonetics-005	第四课：5 个后元音	passed_unchanged	d72516edad32ec1ffb8817f67f9c5af9f58583df406c3d8816f4c0e65f7024a6	d72516edad32ec1ffb8817f67f9c5af9f58583df406c3d8816f4c0e65f7024a6	2	true	true	2026-10-07T06:58:41+00:00	0207c3a7b5d533f863aa8cb4ae54ff05d5bec825cf2d617af2c71569b0d1cf31	五种后元音解释、发音组合词表及分组绕口令均完整，没有句中断段。
6	public/shuimu/lessons/phonetics/006.json	shuimu	phonetics-006	第五课：3 个合口双元音	passed_unchanged	75cf878f3bf776e6b88e38fbf8937ac6aac5f227c224293cebb5140bfeb5e3ca	75cf878f3bf776e6b88e38fbf8937ac6aac5f227c224293cebb5140bfeb5e3ca	0	true	true	2026-10-07T06:58:41+00:00	f380785b4afd8faaa3f540ae9db4f60f2c6d07c47c8c5c845c6ff89db0159dc7	三组合口双元音解析与词表边界正确；/aɪ/ 多句绕口令为同一单元，不逐句拆段。
7	public/shuimu/lessons/phonetics/007.json	shuimu	phonetics-007	第六课：2 个合口双元音	passed_unchanged	dcc300e541d7dc4b13a6b1e7b922fb1c368685a0bb13c63952a0f22055462530	dcc300e541d7dc4b13a6b1e7b922fb1c368685a0bb13c63952a0f22055462530	0	true	true	2026-10-07T06:59:08+00:00	9e183a69bba8ebd1c71fc963e57c284c7b6d63f5a0a05f8f8b84a85dbb73d049	两组合口双元音解析和练习完整，Today is cold 开头的三句保持一个练习单元。
8	public/shuimu/lessons/phonetics/008.json	shuimu	phonetics-008	第七课：3 个集中双元音	passed_edited	4e8952f4e85600c8fd47fbacb423316d6fbfb026cdca9638b749248f66de3e24	965e5e63565a431cba1dfa613d9103377aa072f07a9b9d45715f384f8a4e30a5	1	true	true	2026-10-07T06:59:08+00:00	c4c34fd53865a9251be5a948dfc254abcfdecdcd5a2ac07a4e73c3810b3035d0	三处发音解析续行和一处绕口令续行合并；/ə/ 被拆开的斜杠直接接回，/Ⅰə/ 原字形不改；词表和其余完整练习保留。
9	public/shuimu/lessons/phonetics/009.json	shuimu	phonetics-009	第八课：3 对爆破辅音	passed_unchanged	3e5c9e8b3e30306146f7d2fdd36bdfdea812c46c51dfaf8b0be0fadc1954ea4b	3e5c9e8b3e30306146f7d2fdd36bdfdea812c46c51dfaf8b0be0fadc1954ea4b	5	true	true	2026-10-07T06:59:08+00:00	92f9bae16485f2326ddab88ae063d946585813994724753951bf8fcab34ba6d5	三对爆破音解析、发音词表与编号绕口令边界正确，含多句的第2条绕口令保留同段。
10	public/shuimu/lessons/phonetics/010.json	shuimu	phonetics-010	第九课：5 对摩擦辅音	passed_edited	4432cb60f076cf2261a9befb806e4f2445758df585d46247c509c0f1756591a2	20c78ce6e6dcae645d616b758b0ffea326ca142272eba98bfc7cec030a24a11f	9	true	true	2026-10-07T06:59:08+00:00	cc4d93248ace5111b0a9aa6433c5c98e87d92ad8913aeb12fd349f02295f2c1e	十条发音解析的断行合并，thought 绕口令最后 I thought 接回同条；词表、编号练习和组别边界保留。
11	public/shuimu/lessons/phonetics/011.json	shuimu	phonetics-011	第十课：3 对破擦音	passed_edited	4e0511f2c9809b70a5199e250925db5601db1b0f36e95e749de8c358e1206869	b6a68eac424c9f0c757f2202b04336f68fe20a75f0bfaf68be85f4f42e328fee	4	true	true	2026-10-07T06:59:08+00:00	46d5b0a15a0c06546ec417f260f0203c434262bf71c50e4c6978514658378add	四条破擦音发音解析跨行合并；原文词语不纠错，六类词表和分组练习保持独立。
12	public/shuimu/lessons/phonetics/012.json	shuimu	phonetics-012	第十一课：6 个单辅音	passed_unchanged	dba8c1f074f5c0182e6b6afbdbe20bd3494353f55268ed84a15ba8ffd94ab5f2	dba8c1f074f5c0182e6b6afbdbe20bd3494353f55268ed84a15ba8ffd94ab5f2	5	true	true	2026-10-07T06:59:08+00:00	9a8c3a7a85224785342d2eb47a5c62a90c3b36a8c52a830e79ebfe74541248a0	六个单辅音解析、词表及练习各自完整；清晰和模糊舌边音两条解释保留独立，多个短绕口令不合并。
13	public/shuimu/lessons/beginner/001.json	shuimu	beginner-001	【对话场景】询问与感谢	passed_edited	38bb8450dde5ffa9f775d0e6795350713083ba0d9958a4a9d7c4b2d7a81990dc	a6fc266c56b5c707b09062a08a68288a737258b9316e5bf5fbc248d0923d880c	9	true	true	2026-10-07T07:00:26+00:00	1270fec2319a21ac802312a9db53a3ab91861aed0d1b3ceec27ff927331bb2d6	七个对话单元按现有换行拆成英文、中文各一块；保留对话轮次和 Thank you 单元。40/41/45/46 为主谓宾及主系表对齐教学块，不拆散。
14	public/shuimu/lessons/beginner/002.json	shuimu	beginner-002	【对话场景】道歉与回答	passed_edited	9861ffb13a17c4378d2b9cfc9c0ed4a287d85ecb1581b29c7b5a8782e02b0ad9	02b4bbfa99a11f9e6577484606d5d61f4c2c909f35563514d10e53f0f2bd6194	3	true	true	2026-10-07T07:00:26+00:00	6f3061842e47e16164bb840d6b054511b45a566108292efdc0b8550f9a0c4928	十二个对话单元的中英文按原换行独立成块；人称代词表 46 与两个双语列表例句保持教学结构，术语说明各段完整。
15	public/shuimu/lessons/beginner/003.json	shuimu	beginner-003	【对话场景】介绍别人与打招呼	passed_edited	2a1fe6075457ab2c79d8f15f3e8aeeef93f53c92c6481a6dc157352e3e52704e	ce469367b95edd111b3ec631546dd4806e2285659e3928b45a70e09b069b8dd0	4	true	true	2026-10-07T07:00:26+00:00	85d856f0e93df0500ee1192883ef42654b126e4e0c3451b18ffec8b97f5a1250	中英对话本已分块；合并指示代词定义、比较例句 garden 续行、近远指代说明三处断行。国家/国籍表格行与独立同义例句保留。
16	public/shuimu/lessons/beginner/004.json	shuimu	beginner-004	【对话场景】询问职业	passed_edited	35f129e95522c0bbad3d9e69551421337266e928f84ae9351c9f63d75edbb0a6	380e6c582c4ae8428316e7521e520c78a766161ef21e7be2e5b14cfe9d439761	2	true	true	2026-10-07T07:00:52+00:00	e2fddb64aae34d176ae5ae89d3f8a7bfefd21cf4fd026bacb63d09d05b82866c	合并 job/work 解释与特殊疑问句定义的续行；中英对话、疑问词表和独立例句保持原边界。
17	public/shuimu/lessons/beginner/005.json	shuimu	beginner-005	【对话场景】朋友间的问候	passed_edited	a4c2ba73c0208ee67e2f68a7073d069f473c7c4dc36c5ea2c3bd91b1b2301b58	948d6a38d3a47a4f3bd33091ad96a0e4fbe2138ff6ca300610ef85714c3e0437	1	true	true	2026-10-07T07:00:53+00:00	2d73ae721f08ab701a2af4b92238932e76468d905889d58ed5d41e40f6f08ad3	十四组问候对话按原换行拆开英文及对应中文；句子成分三行表格保留，主谓宾等七类说明和例句完整。
18	public/shuimu/lessons/beginner/006.json	shuimu	beginner-006	【对话场景】物品的归属	needs_confirmation	6ec50bd9625980728789910ea38cded6e443a961e4134bd5aefeb732b2e366b9	d20e9c3da7b802628fefb28a67da44c04b9556b3657769872e29881a057c6841	4	true	true	2026-10-07T07:00:53+00:00	5878af27d2c8c8914e05632b9bfdc8522d0c3d30ee181096367f57cabe3575bf	合并两条例句、名词定义及普通名词说明续行；所有格词组和对话轮次保持。分类图的文本行保留待确认。
19	public/shuimu/lessons/beginner/007.json	shuimu	beginner-007	【对话场景】讨论颜色	passed_unchanged	5137071a4207916a58c46c9ad5b1e871c9db125c1ff6365fd8ae9dea1af07e31	5137071a4207916a58c46c9ad5b1e871c9db125c1ff6365fd8ae9dea1af07e31	0	true	true	2026-10-07T07:01:26+00:00	2c20fd8b16b6fcace1dc4717859f16eef305f3da27e897c642ab9502b3fe2e1b	颜色对话中英对应完整；颜色词表、祈使句定义及 let 句型分组均完整，保留独立短语、例句与列表，不需修复。
20	public/shuimu/lessons/beginner/008.json	shuimu	beginner-008	【对话场景】表达关心	passed_edited	4cbf8d2df89182341ca8a2b26705bc17d1f4d9bab8cc87b9ea8dbd3a366db750	6fe2a6dfae8429f44ed3c0bba83d37ea48aa26d9fa43636d066536dbf75303f5	3	true	true	2026-10-07T07:01:26+00:00	254e24888d986c2b41fa4b473d4d88330da98e556d9b857d83f7dadc5de05814	十二个关心对话单元按现有中英换行拆块；There be 公式两行和问答例句列表保持原教学结构，没有同语言句中断行。
21	public/shuimu/lessons/beginner/009.json	shuimu	beginner-009	【对话场景】描述物体的特征	passed_edited	a6aac9bff1649287e3ed02c575826a5ea4ace66570cf33c50e721bd4304a6c9c	c1503c7d4b1bc96f783e1790d4caddc4c6de3dc988ecb1350acb2ec3a751db35	0	true	true	2026-10-07T07:01:26+00:00	5f58cb07510dcbf9308b4c294f7defbb227b82faf370f020be92a793c04f4fcf	合并 one 例句的译文、定冠词定义和 watch 例句译文三处续行；两组对话轮次、定冠词分类与词表保持。
22	public/shuimu/lessons/beginner/010.json	shuimu	beginner-010	【对话场景】描述物体的位置	passed_unchanged	d296a007f5317abeb5c4b397ac8956c41c905877b29ddd16ffbd5ac88e8c73da	d296a007f5317abeb5c4b397ac8956c41c905877b29ddd16ffbd5ac88e8c73da	1	true	true	2026-10-07T07:01:26+00:00	988b40681da981d498ed0ba68c181557e53fbee4f6eb6f15fa817aa26f0b3033	厨房与客厅双语描述逐项对应完整；介词对照分类、例句译文与词表均完整；37/38 为英语和中文两块，保留。
23	public/shuimu/lessons/beginner/011.json	shuimu	beginner-011	【对话场景】表达请求和命令	passed_edited	40aea8aa3f7d7fe23f2ac5482d2affd305d41271df789653b1fce5dc3dcf67ee	26b0e9e3676982a16d56a9fdd1c14a1b74215cfd659acbc2e33b4a5920a9630f	0	true	true	2026-10-07T07:01:46+00:00	202352930b82b41403b1a56a6467427490351f8c12ec8d854847ee32641175ad	情态动词定义的“不完全”断开及常用情态动词清单续行接回；祈使对话各英中单元、分组列表与词表完整。
24	public/shuimu/lessons/beginner/012.json	shuimu	beginner-012	【对话场景】描述进行中的动作	passed_edited	c96fba58f1177d296f8752644361fcf2bc6b642fac2fbed90e2c6e1c83d63b72	9d26d416769077b2a4fc53058400e9ca4dca398cf5b5e7d20f7718c71b38589a	2	true	true	2026-10-07T07:01:46+00:00	4a5de0267d46b90c47b2b1d8d48384f39f7a29abe115b660012b699fbf9ad8e7	十四组进行时对话英中各自分块；be 动词对应表和语法条目完整，51 为一个双语列表例句保留内部换行。
25	public/shuimu/lessons/beginner/013.json	shuimu	beginner-013	【对话场景】叙述客观事实	passed_edited	6c017fc8c2d07f018b6542739974ce42233c22c2ab4632e94264f4e5c6443bb4	65003f91b9ecf2471b1e30d519abbbb009514c99882f0a53be3bcfcff51db40c	2	true	true	2026-10-07T07:01:47+00:00	34dced3c6d9f0c8ef9c02393189113107cc90dcf7171ce8d93c262abfec4c166	十五个村庄描述单元中英各自分块；保留 be 与实义动词人称表的对应行，说明和例句均完整，没有同语言断句。
26	public/shuimu/lessons/beginner/014.json	shuimu	beginner-014	【对话场景】询问此刻的意图	passed_edited	7825266d93d4be1d598711fb9be7e8fb8c8ba03bb111bebc84a852af3905b6b4	2ddf7d7fd9af5c8a797d091fefc90b1b74a9a4b8e3e3955717b4d0ab3246e588	0	true	true	2026-10-07T07:03:10+00:00	b3857e711d3091df5213ec49237912c05e7982e59508005fdacac69c923d1bc0	补正本轮合并接缝的英文与中文间空格；其余句段和上一轮已逐项核对的边界保持。
27	public/shuimu/lessons/beginner/015.json	shuimu	beginner-015	【对话场景】询问下一步的打算	passed_edited	fc9445a6a823b1846239797f233e4b5343fb778abd002bd48b4598917df6a042	51ccde47843a365705c6a88a6e0ee2d01adae7e07642610bf9e0faa3fa12648b	1	true	true	2026-10-07T07:02:16+00:00	e851382be4450ce3fec7826da73d6915129c2a3d73a40b4d1344bad351933571	十个花瓶对话单元中英拆块，多句同一对应单元保留；一般将来时说明完整，时间状语词表两行保留。
28	public/shuimu/lessons/beginner/016.json	shuimu	beginner-016	【对话场景】描述不可数名词的数量	passed_edited	024653a01db4fa601b6d04d675954bb79c8a886fcde8111adced4c7da48d462f	7919d84c7c24963ec3804329eee02013295efd34088a512d19e39c1f6d1c2da4	5	true	true	2026-10-07T07:03:10+00:00	01ddb0679fabb84ac5b06db19f333ca32bd620da0181ffbea991caccd3ae0a6d	补正本轮合并接缝的英文与中文间空格；其余句段和上一轮已逐项核对的边界保持。
29	public/shuimu/lessons/beginner/017.json	shuimu	beginner-017	【对话场景】询问物体摆放的位置	passed_edited	3f19987412f65208a7b3d713ea101145f9d739b8d2d63d6fc7f84b299176c857	ef5ca143d4c7c7991838177bbbcc8f7a8f3e807e3bf1f51897d867e8f46d5c68	0	true	true	2026-10-07T07:02:16+00:00	ea9ac87035fd70697f11d89aeaca2e125efb41f8ff1697a783aaf7db77422efb	沏茶对话十七个中英单元各自拆块；can/there be/where 问答和不定代词分类例句完整，不机械合并短答。
30	public/shuimu/lessons/beginner/018.json	shuimu	beginner-018	【对话场景】询问他人的喜好（上）	passed_edited	a038962872757d395a9caf8ca8f5ae2f2c431da9f32e6739714190911608284a	a3d379bdcebffdc3286618c9a1e7e0662988040a21ac74b76fb77f06eecd7eed	0	true	true	2026-10-07T07:02:18+00:00	1c905441a0c49a5614b49360dd186837ce5c06940e1af42c837761892e0acc65	咖啡与饼干十三组中英单元拆块；五种动词形式、不规则变化词表及用法列表逐项完整，保留分组。
31	public/shuimu/lessons/beginner/019.json	shuimu	beginner-019	【对话场景】询问他人的喜好（下）	passed_edited	a34fe2109cf5939bae9f8e05d9d134fad16b5e0c672a4ddaa901b57acecd3678	cb011e36f7f4b145ba35e99878a3cc0642e575ee5b96a1527cef848019344157	0	true	true	2026-10-07T07:03:53+00:00	1844dc6ee193e5bc297dcf9b2688228e195c180c6a7c1c2bef3bd5d53a59a33c	八组肉类喜好对话中英拆块，段内多句保留；形容词构词、位置、顺序的分类列表与例句完整。
32	public/shuimu/lessons/beginner/020.json	shuimu	beginner-020	【对话场景】询问他人的籍贯	passed_edited	d1a9baccc62dd1b877e21fe47914d8d7bac3e529ced533101ced3ca63dee6921	93a4c8aa6c25e5ec01f536b96111b21d828e301376a21dfb2442dcd92c62b99b	4	true	true	2026-10-07T07:03:53+00:00	b2c8a8d169b2e507d4ffb8044ae29859fdc75d6893dfd455c440e957d88bcfbd	合并 come from 说明、国籍括号注释、疑问句说明、favourite colour 例句和时间介词定义的续行；国家词表和 at/on/in 对照行保留。
33	public/shuimu/lessons/beginner/021.json	shuimu	beginner-021	【对话场景】讨论天气变化	needs_confirmation	543e83d66305c659bcd07eb0d1a0beb658280bd134e2d86fe68289e711072411	7145e25bbaeefeb8b4d740dba9ff3b70e5bc854f59e1d87ea7ec8dfd5eb01d77	10	true	true	2026-10-07T07:03:53+00:00	1f526cc9d5d3f1aa23e8deab424cbf47c7664a703e5e2db0c60f5dd68d329dc0	接回 heavy snow 词组和月份缩写连续条目，保留天气对话及独立词表行；序数词口诀表的两处错列无法在不重排字符的前提下恢复，列待确认。
34	public/shuimu/lessons/beginner/022.json	shuimu	beginner-022	【对话场景】描述日常生活细节	passed_edited	c219b9b17eda04abebb2b3fdb8e06ced31c5d89a2a0c34c4c320c39260ff7282	772eb7d8182f3060bb07332af2100dfb2d3b000fa23d8160b4de4fcd166e956d	0	true	true	2026-10-07T07:03:53+00:00	c64a4334ccf0499a4c5883f9162df60f7e20962279793d87f9c676a46c5e50d5	九处语法说明和例句译文断行接回：事情、医院、回家、连词定义及 and/or/for 说明；生活描述的中英对应和所有列表层次保留。
35	public/shuimu/lessons/beginner/023.json	shuimu	beginner-023	【对话场景】询问具体的时间	passed_edited	94bb34d6d783f27c681a8c425a2aa449e9cd3413011ef8f924f153551273c70d	1c51ac49a22ad406e5078b26838b1cb15bc126b6c5a1bf1bea09ee6a5a6608ea	8	true	true	2026-10-07T07:03:54+00:00	b67e3fe131b387368eec0bff97148cd2a24f2da3e9dbc566bbf61ebe92d26efd	时间场景十六组英中单元及 B 的独立答语拆块；词表、时间表达公式、A/B 问答轮次与原有列表内双语说明保持。
36	public/shuimu/lessons/beginner/024.json	shuimu	beginner-024	【对话场景】询问健康状况	passed_edited	f7befee71120797d8ba2a2735285309b9e9ca16e5e07517088fc5ef421918a75	5ec891279131bc91419b1b9da0e3944e24c92a3081e0239ae26e5cd8dd9d103b	2	true	true	2026-10-07T07:04:39+00:00	350aebfe154aad62f355ba9971e1675a27255eff08ac7587c8205f669fb1ccfe	九处感官动词、remember/ill 例句译文和基数词说明续行接回；13–19 及整十位数的词表行保持独立，医生对话按中英对应保留。
37	public/shuimu/lessons/beginner/025.json	shuimu	beginner-025	【对话场景】描述身体不舒服	passed_edited	7f4a372441c04059189f4b718731d5f3f78c0fc6e19f5ed529d4621facd94112	9aa91e6a3728232d8fdcf833b9bfb84d8af650c5ac89a0011ff4efea02bb082c	10	true	true	2026-10-07T07:04:39+00:00	cf5f58a59e41c9b142f8ac6bfc947b868d3206935c4658639a8fef137c705ffe	十七组身体状态对话及两条独立答语中英拆块；四则运算公式与读法的多行教学单元、数词列表保留，没有句中断行。
38	public/shuimu/lessons/beginner/026.json	shuimu	beginner-026	【对话场景】描述发生在过去的事情	needs_confirmation	0761869e0fec28cba09dd4352f66fcfa7822c7e0655fac291b602029813826d4	d1586e93444515e7be6fa65c56cc54794591b7f9553650d1fc1d1f0b840d89a1	1	true	true	2026-10-07T07:04:40+00:00	88197f21cd5127b0b7ff5af04abbcfcf1cc71a0a71bb75bccff1cad3dae86911	合并过去时定义及常用副词说明；词表、问候和例句边界保留。缺课日期对话的英中半句交替问题另记待确认。
39	public/shuimu/lessons/beginner/027.json	shuimu	beginner-027	【对话场景】引述他人说过的话	needs_confirmation	911af93065cb1a516104b83087b1edefc876637ff4c867254b2367d279363fcb	0f21d50a45f43e6a332edf72924aaa2cb21b7266b1020f9bc7df6e13f47eddf2	6	true	true	2026-10-07T07:04:40+00:00	1072b6acafb8080297f910127ec97f5748542a7829c61c58365e1bf704069860	合并电话引语、名词性物主代词说明及引语定义；对话和表格中需要重排字符的问题记录待确认，不改变措辞或内容次序。
40	public/shuimu/lessons/beginner/028.json	shuimu	beginner-028	【对话场景】问路和指路	passed_edited	c3c451fb72cb09497979cd755669263ed79506c97bdea25bfca14af61aa723fe	f547450dcd73e2b3517bf8021b697de9fae062737935ce2fbed02a91719cd5dc	0	true	true	2026-10-07T07:04:40+00:00	a5c60f6d2dfe518a9e57dee6558044b00053f45b87840d7d274068c096912a48	合并反身代词强调说明、副词定义三行与 Honestly 例句译文；问路故事中英对应、引用话语和副词分组词表完整。
41	public/shuimu/lessons/beginner/029.json	shuimu	beginner-029	【对话场景】在商场购物	passed_edited	b881ee56c42836bd0edd79c3a4670b98a8b9ab924759485f62b5696a999bff8b	e0a32b1fa61fd3df596411e5438210ae7abf1192726df6860536ca7f922dd4c8	3	true	true	2026-10-07T07:05:21+00:00	eae088d7ccddcfae5257a21b7e27a9601bc95b9964fe1999c1fd10454b7449f7	五处例句译文和词义断行接回；独立的形容词词表换行保留，购物对话和英文缩写 U.S. 不拆分。
42	public/shuimu/lessons/beginner/030.json	shuimu	beginner-030	【对话场景】采购生活必需品	needs_confirmation	1ed32ae13420794dbee0c55af1050cfc356840fbc634d21e98a60f8bc5d95c6e	68929b88c862a8533064d94c9cc411f6bd18cb6a649bf71ae55c48601ad412d8	0	true	true	2026-10-07T07:05:21+00:00	055786922a1b9d5fddedf89fabb22de04ed796103fa2f167a44f3041e132db0f	七处词表词组、中文定义和时态说明续行修复；购物对话中的两处英中半句交替保留待确认，其他列表和时间短语保持。
43	public/shuimu/lessons/beginner/031.json	shuimu	beginner-031	【对话场景】邀请别人共进午餐	passed_edited	3cb41b6acee4fc7c9cae858c92a908226588298e5e51f823cbb76a5d39a8120a	8744c898ea548e2c9afcb982087fd09d8f5ef94889c144c3e7e7b1d9caae966c	19	true	true	2026-10-07T07:05:21+00:00	a3ed4a4b464a1a0f8d1ac5e5509bdc5f7a2601e099f15d4cfbe917a12873247d	午餐邀请与度假对话二十一组英中拆块，段内多句保留；holiday 定义中的两条完整说明保留列表内换行，现在完成时例句和词表完整。
44	public/shuimu/lessons/beginner/032.json	shuimu	beginner-032	【对话场景】去修车行取车	needs_confirmation	8362b66aa87e9f6364cff3040edbf1dc3f9e3ee02fecf7503f067188ad72fd91	71a7f583c7fc22c46532b2cfb454342f990e161d1f1d1f8c84db6561baabd5ab	7	true	true	2026-10-07T07:05:21+00:00	ed6a36ff30e9ab18495ae7886367825e2f3955abf625b2a94cdb79805061fcb4	七处 work on 例句、诚实表达译文、过去分词定义与说明续行合并；动词变化表的词条和中文释义行保持，forecast 两列变体错列保留待确认。
45	public/shuimu/lessons/beginner/033.json	shuimu	beginner-033	【对话场景】购置一套住房	passed_edited	810df4f1f4e1584abc7fa6d8ba76675ed2aabc054e46c3cac705c01c706d7438	d6682a21e3a5e3568f6fb8d60c3c1ab18830ee6426db4f0ac46d040a513dff22	0	true	true	2026-10-07T07:06:01+00:00	a7747c13b370ea6042dcb8ff0c2bce020f9c21acbba65cbb4ef08ba5e915bc54	接回 sale、worth 三条译文、货币复数说明和泳池尺寸英文例句；住房对话与编号、温度的独立例子保留。
46	public/shuimu/lessons/beginner/034.json	shuimu	beginner-034	【对话场景】在火车站买票	passed_edited	03bf564471eb05100d98877998487caacecb15658c85f4376b191befb1be83cb	46ca47a074c21432c13e8409376bcc7e2a9d0302be16e85f8c54b3faf2bb43e3	0	true	true	2026-10-07T07:06:02+00:00	fde0ef59cc9bc2033973d16b3be9137a0a3f85c5b105aaf2ccf1e8b0e2c8e090	接回两条车票例句译文及 catch 过去分词 caught；39 英文时间短答完整，感叹句同义例句和共同译文保持独立顺序。
47	public/shuimu/lessons/beginner/035.json	shuimu	beginner-035	【对话场景】询问考试成绩	passed_edited	1c7b6897b55c0d44b2af945014a27d331fbd02897ceeae2c32a43b03f181b818	07f82e8e74a261ec5292419d945b688a2999ffe2b8a95a776dace7a17777bc29	13	true	true	2026-10-07T07:06:02+00:00	c34fb2db01269e136da278b02b80ddbd83e429f7a7d08c385f0de7252517880e	十八个考试对话单元及三处独立短答中英拆块；反义疑问句作为整体保留，不把附加问句拆开，列表内多句例句完整。
48	public/shuimu/lessons/beginner/036.json	shuimu	beginner-036	【对话场景】询问商品的价格	needs_confirmation	fd8b204d1f8c461d8a4745965099b36b2d120cf491ffb73b7a773cad0be18760	5c8b33502cffa69db6e1300146bf6571fe961d096603b40ed09388f463e8c56c	0	true	true	2026-10-07T07:06:30+00:00	4f48e1754526764e882377f7de98ea312d89e08eaa727f56d4054b3240db9157	十二处 cost、afford、as good as 及形容词比较等级说明的断行合并；完整比较形式词表独立保留，分期付款对话的交替半句记待确认。
49	public/shuimu/lessons/beginner/037.json	shuimu	beginner-037	【对话场景】乘坐公交车	passed_edited	113dbbce2009ab7edb117ef60303db051ef5ddee615e39cc02e7d693cb681e03	a963a0beacabefb8368b18c43db6d2d337bb699b3936deebb07f5eba1a04f6dd	5	true	true	2026-10-07T07:06:30+00:00	a3ca845e53d41f97a07f2daa9fab10944698b137cd81dc0599080cfe80be90ae	十三处连词说明、例句译文、倒装定义及 neither 公式续行接回；公交对话短答、语法问答和表格其他行保留。
50	public/shuimu/lessons/beginner/038.json	shuimu	beginner-038	【对话场景】寻回丢失的物品	needs_confirmation	1cb2dfd6e8cd7f0647177f47a386e9f9f24decfc47f84c952af4754cc5de082f	06fd28c52e3d41de2da3cda1656deceae88b6cb5c43f6b37f46bb6afc031c965	1	true	true	2026-10-07T07:06:31+00:00	ebed8df164f750e3af07ff7ca8a66e9ad007d6cb528e3d2059bfefe0033db80c	七处英文例句和定语从句说明跨行接回；各限定性与非限定性例句及对应译文完整，开头买字典对话半句交替保留待确认。
51	public/shuimu/lessons/beginner/039.json	shuimu	beginner-039	【对话场景】超速行驶险被罚！	passed_edited	ee75afe7e80712c07e46c8f8492a33bffcce8324205f2825cade79507992acc3	212129c39514fdfc92422fea25ac4eed01eacc13fd1acd25d5b3eaf7b5df6e9d	22	true	true	2026-10-07T07:07:36+00:00	c05e53b3d33978ca2e276747ab4a716688dea3067f96187eb8876e3759273005	超速对话十六组中英拆块；完成进行时解释、动词分类四行表和正误对照的共同译文保持完整，不机械合并。
52	public/shuimu/lessons/beginner/040.json	shuimu	beginner-040	【对话场景】和闺蜜喝下午茶	passed_edited	7c45c884d9863e81904b88ec14644919a8d099903fa2bb81ac4eb017c3611d0a	c81ae795ed2c758797d4daf62b61370d5e337b90d2d6bc77c13e5c3e5c139813	0	true	true	2026-10-07T07:07:36+00:00	021d5ac49131e05862e13e2c7ccfc3a17fc3140cf75e7caac34fac65e7a1c2d7	二十处 shall/may/matter 说明、例句译文和句子成分/五种句型定义续行接回；各句型标签、英中对照和单词条目独立保留。
53	public/shuimu/lessons/beginner/041.json	shuimu	beginner-041	【对话场景】发生了一个小意外	needs_confirmation	dd97245a845d3a5d24173ec1009bccaf028e8252bd21988fc9826d8ec49c0f42	5fad0b9b84b079dfbf4098cd8530026d9d81e2d2cd9e42b10f69aa1473c2ac53	0	true	true	2026-10-07T07:07:36+00:00	b0f9bb28f586e944f742a9aa4995db323daaf5d83d9e2edc1303caec355e6841	十六处故事英文、动词说明、时间状语从句定义及译文续行接回；原缺引号不补字，两个被中英交替打断的时间从句保留待确认。
54	public/shuimu/lessons/beginner/042.json	shuimu	beginner-042	【对话场景】一张很赞的旅行照片	passed_edited	c48a37e760fdbe47c3142ad26169488a2e12a85a73e12c5e88ae54c6b97200c7	24a4e59108be27586ede91f0ed74da79f0975c6c6dd9d4c69770ea3646550fe0	2	true	true	2026-10-07T07:10:34+00:00	b2736c3d72d9c74ee952185d5b08d51c0875a71f121a97df38907f36bf308af4	全文复核对话、travel/offer/I see 解释、过去进行时及词表。合并人称、连接、茶杯等截词和同一解释的机械断行；保留108—110时间状语条目、对话轮次及英汉例句独立段。
55	public/shuimu/lessons/beginner/043.json	shuimu	beginner-043	【对话场景】一场意外又惊喜的雨	passed_edited	e43a4b869a82dabf1b3c4fed89c88d07c7033e970bf0d86973f86d517c71e4e4	f277c83807808b4de01f8817f4d34bd3483f63e6fa2fcd36a55488c43c0afc6b	3	true	true	2026-10-07T07:10:34+00:00	add0991a3e19293e53097e8ab287fca25470055c0bbae6d4678653d432a3b397	全文复核浇花对话、词义辨析、反身代词、instead 和插入语说明及词表。合并中文截词、英文词组与同段解释；保留对话、词表与例译边界。原文‘语法上的练习’、fortuneately 等文字疑义仅记录，未校改。
56	public/shuimu/lessons/beginner/044.json	shuimu	beginner-044	【对话场景】旅行前的 100 个担忧	passed_edited	86761c88aac47d7e6ae0451e924216c895f348be73b12e482b0bdaaf0444f64f	46eee5b9deb3bc77343d7fe72e266fb145757df4b117d9b9d6533df4e25ec4ba	4	true	true	2026-10-07T07:10:34+00:00	a412abbb4557b5f2c943c6a5006bb47aae0b2a1b7c37fae3842f06868767efd0	全文复核旅行对话、worry/look after/stay、插入语及词表。仅衔接中文截词和跨行英文词组；谁照料狗、房子、花园的双语问句各自保留。原文动词不定时等疑义不修改。
57	public/shuimu/lessons/beginner/045.json	shuimu	beginner-045	【对话场景】轰动一时的新闻	passed_edited	6bdaf4ba4e47e67a40dd49534c6f8159695d8bb0cef6730ae08f12ad925ed65b	32caa650609b738b8561d82a28bb30bf6ca392910f3320a13b186fae7fb6ffd6	10	true	true	2026-10-07T07:11:05+00:00	10d633caa293b49b69e16ba4deba09e0799318ef7b2ae75fad6fb122cbd60ca0	全文复核退休对话、新闻引语、another/marry/introduce、引语转换及词表。新闻报道英文五块和对应中文三块各恢复为完整多句自然段；衔接解释及译文截词。保留112—130时态/助动词对应表各行、直接间接引语对比例句、缩写Mr.和时间9:00。
58	public/shuimu/lessons/beginner/046.json	shuimu	beginner-046	【对话场景】一个美好的梦	passed_edited	9a4d19cff19a88a6061513e11508ae24aba0dcc7202d0283a0270e00a1564433	84d7cf74886a2db224ad9c9c01152dda3f4ffcf4679590024c63482df6af48b3	0	true	true	2026-10-07T07:11:06+00:00	b500384e2164c00b910065ad9c0197be77e80e95aecda8ab041227f3795b8b78	全文复核足球彩票对话、win/return/depend、条件从句及词表。恢复对话中的同一英语句子、解释的截词及同段多句；保留对话轮次、独立例句译文。原译‘花光的所有的钱’及英文句末中文句号等保持原样。
59	public/shuimu/lessons/beginner/047.json	shuimu	beginner-047	【对话场景】一通打错了的电话	needs_confirmation	aebdaf3c80687f626e12be17f31ac542d1fe17d9857379ff7326e1af0ca122c7	3a3c0d1f2205b865e92897433273e2eaa1b04ca6fd70b5a0127458b2e9f60025	3	true	true	2026-10-07T07:11:06+00:00	3b435d3b97a73b1bdb49ef8bb90bb13a2ea54794c98fdd586e61f03c45adf93e	全文复核打错电话对话、invite/need/repair、宾语从句及词表。衔接解释、例句和译文机械断行；保留连词分类独立行及改写示例。正文有两处中英分句交错，须变更字符顺序才能合成完整双语句段，原样保留待确认。
60	public/shuimu/lessons/beginner/048.json	shuimu	beginner-048	【对话场景】第一次火车之旅	needs_confirmation	c98773ce285612284cc8c908162c619e7d715c57acda8824447de27f46c869b9	e2508c07d090d8eece9ac139730f01ff4cd9b72c1c2e4d842ade2967eba35b4f	6	true	true	2026-10-07T07:11:40+00:00	4b30724e3fd3366b03d1616f8bc240cc146c5a4cb6a16895e79138e036d640d9	全文复核火车故事、get on/curious/amuse、被动语态及词表。合并英文截句、中文截词和同段解释，保留语态对照表各行。原文wroking等拼写疑义保持原样。正文一处中英半句交错保留待确认。
61	public/shuimu/lessons/beginner/049.json	shuimu	beginner-049	【对话场景】请勿在景区乱扔垃圾	needs_confirmation	242f36eb2ecda798bea0657c24e952b1e3cc1b1ccb5836fb663eea33e6ac2ec4	a41ea0a555118a5416ad168636378f3a4ce4d89d9c41ed1e0dfb0cb28dcef419	2	true	true	2026-10-07T07:11:40+00:00	e9bfa12356159551f929679d805d2b849c8c7e4e4138e866a07bba2547cdbacf	全文复核景区垃圾故事、keep/cover/prosecute、被动语态例句及词表。恢复告示引语、英文句子、中文释义和多句解释；保留疑问句A/B轮次。原始一般现在时说明末尾逗号及其他文误不校改。正文一处交错分句待确认。
62	public/shuimu/lessons/beginner/050.json	shuimu	beginner-050	【对话场景】一只机智的鹦鹉	passed_edited	49916538c87fefdeab494cb13a3e769a72ba62842ca20e63ae5992f50614352e	1fa9df58e88c32aad776c9b363b73c5b67585ca228f32cc418c4158707fb4125	5	true	true	2026-10-07T07:11:41+00:00	4acb29ebedce37ceafd870895ceae629623aa123deea1e3bae3bb28e2adf89ac	全文复核鹦鹉故事、happen/turn/hear、主谓一致及词表。衔接正文英文句子和中文语法说明；保留对话引语、133—135成对物品词表各行及多句段落。roit等原有文字疑义不修改。
63	public/shuimu/lessons/intermediate/001.json	shuimu	intermediate-001	不要在看电影的时候大声喧哗！	passed_edited	aeba391b4128ad110f4f6ad33a56edae29419d8639e53ae732a5e641291d2379	071c9cd03aa392ebf91f5dea5e033e8243ea096f953d07387c4b0ccbccf636c0	12	true	true	2026-10-07T07:19:21+00:00	79f79aac1f276487dd5c0ed36e5f257275e3e7db56b55e3d06221a599d0db167	通读电影故事、全部听力题及选择题、并列主语语法、当幸福来敲门文化全文。第8题引语截断及语法中文截词接回；文化部分三组英汉多句自然段各合并，未把标题或选项并入正文。angirly、th、时钟等文字疑义原样保留。
64	public/shuimu/lessons/intermediate/002.json	shuimu	intermediate-002	起得太晚，早饭变午饭了！	passed_edited	f74789b7d07aded58257a8f15afa46168529883b2fd2b0db3e916bc0666cf624	1e5b22f31ca9c6afab8dca9b30ed30f693401e8621dc4d39beb4cfbcfe44be88	5	true	true	2026-10-07T07:19:22+00:00	7d6da342cda8d8c1ffe7db77bb597570ba3fe39702593cf93fa31bbb33fcddf3	通读晚起故事、题目与摘要答案、主谓一致全部条目、罗马假日文化全文。恢复摘要多句段、语法规则续行及文化介绍/剧情/评价对应英汉段；保留选项、例译和标题。原题缺空格占位及sweeptakers等文字疑义不改。
65	public/shuimu/lessons/intermediate/003.json	shuimu	intermediate-003	令人头痛的明信片！	passed_edited	fb974e3f008e68c7137b24f35b6e4bb3b3985119a02fdee61e00e47aa9a9193f	e496a0e8d00acccd465f7fbd39d0c640877b8a0cd93ea918c3556f3a42ce1f9f	20	true	true	2026-10-07T07:19:22+00:00	121d33c1c0c15e52d861663bfac1f0f2e6a438d13d130be4dbe8be50a921df3b	通读明信片故事、问答摘要、选择题、被动与系表区别、阿甘正传文化全文。合并摘要与文化多句段、中文解释截词；词表81—88和题目9/10跨行选项保持独立，John F.后续姓名与同段剧情衔接。5点办、fortuneate等原文字疑义未校改。
66	public/shuimu/lessons/intermediate/004.json	shuimu	intermediate-004	一次激动人心的旅行	needs_confirmation	c165a58804a77d260c1c88ae47927aeded034446c38c1cd0413beae26e43f9cb	f8a64b4fca26604e87d289474d8c1db1b2e5f561b5079e2afdddb618ec30d78e	12	true	true	2026-10-07T07:19:59+00:00	38b9b5d3430febce47ba8d32848d89ce3444185764c0a71ff67c9d1714869484	全文复核澳大利亚旅行故事、题目与摘要、被动语态规则及乱世佳人三组文化段落。恢复摘要、语法续行及文化多句段；19th-与century直接拼接保留连字符。保留选项、动词表及末尾单元文字。正文两处跨语言截句保持原序待确认。
67	public/shuimu/lessons/intermediate/005.json	shuimu	intermediate-005	钻石不见了！	needs_confirmation	944cbdf89aebab682cbf3a943fa9712b437c0c27a90ee8948fda23ef732f1d42	f3af038575427a70d928c9d25385eba8c6715039c32e3df45c33cf75ecf97bb4	25	true	true	2026-10-07T07:19:59+00:00	0b646df11ed4d7787e45b1469d958448a0a6202be4be33fce4564ac907865994	全文复核钻石故事、全部题目及摘要、时间状语语法、阿凡达三组文化段落。修复main building、题干和by the time等跨行；文化介绍/背景/剧情按英汉对应保留多句自然段。保持列表、例句改写及末尾单元标记，未补原文缺引号。
68	public/shuimu/lessons/intermediate/006.json	shuimu	intermediate-006	用汗水浇灌出的花园最美	passed_edited	65d3aae29e027ddda01c06b932a4fedf83d013afc32be4bfb1952ced2de56bd4	f71dce4441f2524abf59a921d4c3b628540abf3e59dd0c08fe96818b0773e5b3	0	true	true	2026-10-07T07:20:00+00:00	65eaf6eea13fea95b1ab367843947e4dcea583eb2d0abc30d911ea7bbece66f0	全文复核花园故事、问答/选择题、时间状语从句、恺撒沙拉文化全文。合并正文英语续句、摘要、多句语法说明和文化三组英汉段落；各个等义句改写及A/B/C/D独立选项不合并。保留原文gave缺主语、girlled等文字疑义及末尾单元文字。
69	public/shuimu/lessons/intermediate/007.json	shuimu	intermediate-007	A cold welcome 跨年夜的“冷遇”	passed_edited	b063abfb4dd54447db0b830ecfdb25a06bfe6558b8439a1259c68b519335ec09	c248112d72faef46854233f72fbab14ef1baf50f9203d973c24699412bbf65c0	7	true	true	2026-10-07T07:20:50+00:00	4c60291208a8fafbfbe56495f07adb63eacbdfd821d37f213cccbea821e79e35	全文复核跨年故事、练习与答案、原因状语从句、芝加哥热狗文化全文。恢复Town Hall和摘要、Considering释义、说明截词及三组文化段落；保留问答轮次、正确/错误示例和词表。缺引号、热狗译文等文误不改。
70	public/shuimu/lessons/intermediate/008.json	shuimu	intermediate-008	借了马上就得还的钱	needs_confirmation	606b5976e411d2a017b9474ca17ff191c0f5bab17ff9cde5456ea7bca86e5019	0609754769b65b75930daee166f711fdc3ce42b9b4ff21fc0a74d43c01071b15	10	true	true	2026-10-07T07:20:50+00:00	d9573185b41506b151f087d3dd01eefb2c612eb52e64450aff50b5638a09b613	全文复核借钱故事、题目摘要、条件从句引导词和例句、炸鱼薯条文化全文。合并解释/例句续行、英汉文化多句段；保留改写对照、选项、末尾单元标记。原文括号和数字内部空格不调整。
71	public/shuimu/lessons/intermediate/009.json	shuimu	intermediate-009	一次愉快的送行	passed_edited	73f7e205dba0f55002ac326d8bb4aef34c3d2fd6a5f2f623c30dfcb2082b19fb	fc7ac2a4f363cf4893d129162e9394bba99c0b30e2682503a4fec21658cd5633	8	true	true	2026-10-07T07:20:51+00:00	bcf15afaf0d5bfbdb0cbefff97cdbce30d8328dc288aa63d41789f4efdf27609	全文复核船长送行、40个独立选项及题干、摘要、条件从句规则和法式面包文化全文。恢复正文双语段、题7横线及语法续行，文化三组多句自然段。an ‘people’和防腐剂译文等文字疑义保留，不以本轮分段审核校改。
72	public/shuimu/lessons/intermediate/010.json	shuimu	intermediate-010	即将到来的演唱会	passed_edited	355637c009cc9bc0489df75d2ab6aa1b014265b17095ee0d15fb059c7222b403	831465bd470e99d60020e278705b0721ca48322ff9af6a914660fc2c69ea3baa	5	true	true	2026-10-07T07:21:22+00:00	f04d4d8f6ddd2453c13107e166f2e8254df27eaf6e9615abdbbc4f6ac88deda3	全文复核演唱会故事、摘要、40个选项和跨行题干、目的结果从句、咖啡饮品介绍。合并句中断段及文化介绍英汉对应多句单元；保留目的/结果、简单句改写的独立示例。小男孩把、between and、1 5比例等缺字疑义保持原文，不补写。
73	public/shuimu/lessons/intermediate/011.json	shuimu	intermediate-011	原来是同胞	passed_edited	6252d3a746c457e2ec82b2edb87e2691069896c1b53296b77b30ca85593047bd	7460fd4bce74f5cff94b24df91104a5a10d730f139aeb9841de743e7f356fb34	2	true	true	2026-10-07T07:21:43+00:00	415b740655c634037ab5d5acc56cb98c60736b2e9d18f8c037d8afe5a52588b6	全文复核后修正倒装说明合并点的空白：中文“句首而采用”应直接衔接，不保留机械换行转换出的空格；其余正文、题目与过去完成时例句边界维持。
74	public/shuimu/lessons/intermediate/012.json	shuimu	intermediate-012	意外的好消息	passed_edited	90824d279cee453bca1e7d79b04021c3597c8e2992a9525ad6bc32e6261a78b1	ea42bd4fbe33ec638d8bc0108b54e443a336efcda6920bfbdf677d7269262af8	1	true	true	2026-10-07T07:21:23+00:00	50e1e1ac45bc5bae8c039e6eb85ffc025b19e82173fb495c2f294458dce1b7f4	全文复核加薪故事、问答摘要、全部选择题及直接间接引语转换。恢复故事英语续句及1000英镑译句、题10与解释/例句截断；引语转换前后例句、译文、独立说明各自保留。缺引号、want to I及E1,000等原文字疑义未改写。
75	public/shuimu/lessons/intermediate/013.json	shuimu	intermediate-013	一个无法拒绝的请求	needs_confirmation	1d239c230ef3f59c58862b0fdcd977e61753eb8d28586a2cf47c8498b7960d28	062b5d5c0ec16c9045bd08da2748856397aa580756b3977d6500a651a45aaa56	15	true	true	2026-10-07T07:22:19+00:00	c3373c8034e21cd3f8de001b1e6ea5626ff37bd83349e55b5bcb3108cd4e255c	全文复核停车请求上下课、摘要、12题选项、虚拟条件句及例译。上下标签接回各自标题；合并正文和题干截句、语法解释及译文断行。第7题选项b/c/d/a顺序疑义原样保留，未重排。虚拟条件表有跨列文本交错，登记待确认。
76	public/shuimu/lessons/intermediate/014.json	shuimu	intermediate-014	青春永驻	passed_edited	36a16e562c33fc293abd176043c531f8ffac61ee883de1378c7614170bb06560	87b490b64f65679885cd081aaa058825110188b76e51dd0323c4d11320e3e87f	4	true	true	2026-10-07T07:22:20+00:00	2c31c8f3b7e25fd059ffb187f335fde500839a9c655aa42f070358d454be1e59	全文复核青春永驻故事、摘要、12题与答案、must/ought to/have to语法全文。衔接英文正文及摘要、mustn't/ought not to词组和中文解释截词。保持a/b/c用法比较、A/B问答与多个否定回答各行，未因缺句号而合并。
77	public/shuimu/lessons/intermediate/015.json	shuimu	intermediate-015	醉翁之意不在酒	passed_edited	f7ab64f69886e08bfb50c957951844c168a6d0770147852534c97e27e092781d	d022f301aa549be0c18bace150d76cf4ac33e3c53b204cb20dedc52a4726867b	5	true	true	2026-10-07T07:22:20+00:00	27f1281e4d7079de2a3f83ed28978646f620e429162776711f8b0a46a4be49ac	全文复核钓鱼故事、摘要和12题选项、动名词全部形式及功能说明。恢复正文英汉多句单元、摘要、跨行词组及解释；动名词动词清单中的中英截词按本条续文衔接，保留编号条目、改写箭头、例句及译文各自独立。原有can 't等非边界空格不调整。
78	public/shuimu/lessons/intermediate/016.json	shuimu	intermediate-016	难以舍弃的房子	needs_confirmation	85306297bb373814c64ddc4463f0b66492f255e807584a39e9038edca0ad0405	006d1c857f2c36915759cb4e6d9d483e1b41d93b69915a059caaf636ed7fb81b	12	true	true	2026-10-07T07:23:04+00:00	465ab1b1c1a40a898a4d7c8f4c1f532849eaeabd4e68e06f9c9f553b33c9bc36	全文复核机场房子故事、摘要、12题选项、主动被动时态转换。恢复正文截句、摘要、转换说明及长例句；保留五步操作和逐组主动/被动比较。原文尾句缺失及英汉对应错位无法仅靠分段完全修复，已保留。
79	public/shuimu/lessons/intermediate/017.json	shuimu	intermediate-017	远方来的漂流瓶	passed_edited	728e11de0432cc8c1f000061be7578e70a6874a5385900491b74aaf4c68c4cba	5a5f28dbdd36429875a3539d942ca41f53e05298eb4a43e4069a8be3200e21f9	10	true	true	2026-10-07T07:23:04+00:00	9b2ebd8fe0d2a27d7f3bf1417ffd22536f0429d3c83bb00efed59fd5cf02cfed	全文复核漂流瓶故事、问答/选择题、双宾语与复合宾语转换。合并正文和摘要，Retained Object及英文例句跨行、中文作弊/计算机等截词；动词清单按同一解释衔接，箭头转换示例独立保留。原文warm等疑义不校改。
80	public/shuimu/lessons/intermediate/018.json	shuimu	intermediate-018	一栋特别的大房子	passed_edited	280c8eca8c59c1488ec76f7cb8e42774fc778028559253c73bf33f4f6053edab	93e99c411c7e7aec591617b97acd6589212d3fbe8c0c7f2c6297d3eb055cc6f8	17	true	true	2026-10-07T07:23:04+00:00	d87371e9a1824967aca8f0dd749f146439abaaf3fc571a1e256c6f576988a96e	全文复核新房故事、摘要、12题及答案、被动语态转换下全部说明。恢复双语正文自然单元、长题文与语法例句，动词词组续行保留必要空格；保留主动/被动各例、箭头、译文和get说明。thin等原文疑义不改。
81	public/shuimu/lessons/intermediate/019.json	shuimu	intermediate-019	失而复得的 50 英镑	passed_edited	9ea0a93eb1f07f5a0748c738ca0ddf5fb1ea30242df1ae9ee69d85d3151ccf3c	b05b2edc232013cb6dc5d334469947bc48961d2623ecd83ce29ba124513e1019	21	true	true	2026-10-07T07:23:55+00:00	d9c40b0cbdf227bf3e18acae05dbf898cb2252137dfc5b482128dd61008f3bbc	全文复核50英镑故事、问题/答案/摘要/12题选项和11类时间介词说明。恢复正文多句双语单元、摘要、中文词语断行、介词搭配和英文词组续行；保留编号子项、例句与括号解释独立层次，a.m./p.m.及数字内容不变。
82	public/shuimu/lessons/intermediate/020.json	shuimu	intermediate-020	一只调皮的小狗	passed_edited	bead0e5689caf85df23f20c74a791daa332f5a0ac4beb2fb375d7f2b57b4349a	7db63b9818f729c6e011f04676cc38ce334cc09f9b35033227fc55de9c9fac7c	11	true	true	2026-10-07T07:23:56+00:00	bd213fda2280a431e512953f0c7f1eb9ac002d7d1bf8c7e696121d63d4df535b	全文复核小狗藏包故事、问答摘要、12题及全部地点介词比较。正文和摘要各自恢复多句段，San Francisco、Haidian District及中文山镇/海/坑等截断接回；保留对话、介词编号、对比例句及单元标记。bil等文字疑义原样保留。
83	public/shuimu/lessons/intermediate/021.json	shuimu	intermediate-021	一架古老而珍贵的钢琴	passed_edited	ee86d3653a06a780041ed184cb328c36301babef24853feab2bb7688302519d8	0d04d9a2b1ba4b35ba6966fa59e1524731f33b4f247781fcdf4d6f8f010b64c1	12	true	true	2026-10-07T07:23:56+00:00	54f5014988fafd64ea5e65045ce1209b32c855fd1fb465cc76d3fbaa44598e6d	全文复核古钢琴故事、问答摘要、12题选项及相关/原因介词全部说明。恢复故事双语多句单元、摘要、thanks to/due to等词组及中文说明断行；保持不同原因介词编号、例译边界。前两题选项a/c/b/d顺序疑义仅记录不重排。
84	public/shuimu/lessons/intermediate/022.json	shuimu	intermediate-022	难懂的方言	passed_edited	1900cf72aaee3939c39c060dd137bef84cd92ed4719127033fafb90cd49f4a74	a2785b8ee3fbe7e5df3755fd9cfc613595210362ff9702151a70cbb44091e0b3	21	true	true	2026-10-07T07:26:39+00:00	f6dfe47ac15996ae882c3711277a9718ba17ab80fcb246eabda4c7fec5f209ac	全文复核方言故事、首题答案、复述题/摘要/选择题和介词用法下全部内容。衔接正文多句段、复述第1题、摘要及介词词组/释义断行；保留用途分类标题、短例句、数字单位和独立选项。原文teach截词疑义不擅自补字。
85	public/shuimu/lessons/intermediate/023.json	shuimu	intermediate-023	最好的艺术评论家	passed_edited	c639b8433210313f1c879052ac93ba05999f0535287fdcab29887cb924362139	bde393436c0acebe17f011f24b9c51613db1dd58b1511598a998deab02d8bec5	38	true	true	2026-10-07T07:26:40+00:00	12bcb44203f81600e9c1226a933995c6fa94635a14b1e2563212189a36f4d4c6	全文复核艺术评论故事、全部复述题/摘要/选择题、形容词功能及顺序说明。恢复正文和题干断行、英文词组及中文截词；保留前后置比较词组、误/正例句和主动被动形容词词表。引号方向及原文空用的等疑义未校改。
86	public/shuimu/lessons/intermediate/024.json	shuimu	intermediate-024	露营遇上大暴雨	passed_edited	392a451bbddb69fdf5087740fa2966375dd5d45b8c291e8c0f21bd6d1c339346	8a24d188ab4680549742151b46bdd2c33b58f33262b6a8117a629eddc6f94d5d	31	true	true	2026-10-07T07:26:40+00:00	1fe97aa8fa63f6ea5c9a3da7185ddd1610439faea74e16ed5c484693b00a7e3d	全文复核露营故事、首问答案、复述题/摘要/选择题、副词分类拼写和ago/before/since说明。恢复完整句及双语多句段，各类别说明连为本条；保留gay-gaily等13个拼写对照独立行、词表和选项。正文和资源链接未改字符或元数据。
87	public/shuimu/lessons/intermediate/025.json	shuimu	intermediate-025	令人感到奇怪的信仰	passed_edited	2dcb7d06061b1fc129a234e973f4cdb1c5dee448b19387b18f90f4a2cfde78d4	d84e30ec333a68dd9a8e7e59b2659815a522724e51b667b6fa8b08c8be2b92a7	34	true	true	2026-10-07T07:31:00+00:00	dca9d28575dac3d0a671c5b140f9abc0fc2100816e78e347b420683ce66d55f7	通读美杜莎故事、摘要与12题及副词用法：合并同一中英对应段内机械续行；频率百分比表和三个almost/hardly对应条目独立保留，选项与例句不误并。原有语法例句文字疑误不校改。
88	public/shuimu/lessons/intermediate/026.json	shuimu	intermediate-026	一次被拒绝的旅行	passed_edited	318392a1b487d16a34d0c6ad035c3c33c378df9463ed5e96868bdeb1a8b62381	e457cfb8ed63374e16e505e159355e56993f6d8872469ba1464aa23d41945c0f	20	true	true	2026-10-07T07:31:01+00:00	2cbad9e74733a3924cfff0cc432ef05fa70f0bfdad941af731148a918076553c	通读飞机出租车、摘要、全部选择题及助动词分类解析；恢复正文中英对应段、半助动词连续列举及完整例句。保留三种助动词与分项、问答轮次；选项b/c原顺序和原字误均不改。
89	public/shuimu/lessons/intermediate/027.json	shuimu	intermediate-027	差点闯祸的足球	passed_edited	41649a0eb2ad427ca712f4fc4a80172c2255df3fca746b826e7cf88cd1553a36	814f226c9e767279338e6a26fbf5990c4cce986e7e99005b2aa921c778f12922	14	true	true	2026-10-07T07:31:01+00:00	d286013f4da99473efc187c2867d815aeb93857246862f1ecc02c5eb795d3a9f	通读威尔河足球故事、摘要、12题及半助动词转换。合并故事双语续行、摘要和三类助动词介绍；箭头转换句独立，there存在句例句各自保留，未按无句末标点批量合并。
90	public/shuimu/lessons/intermediate/028.json	shuimu	intermediate-028	退休的老板和修理工	passed_edited	a44a64dc223b6166b482ebf3119a04f3ea1073ba042b44ffc55007e2b8563e4e	0eb66fa284fd14e5e636df0fc04be615889b7c16e98bf5af1da4817dc12cde53	14	true	true	2026-10-07T07:31:49+00:00	f73709e3155b12c5802f45b122d0f1e9cad3416bb09f8ae548386f1113b6f8a7	完整阅读退休老板故事、摘要、12题及非谓语动词/不定式作主语。恢复多句自然段，非谓语定义和三条it形式主语说明连续；等号转换句、题号及词汇条目不合并。尾部下一单元文字按现有内容保留。
91	public/shuimu/lessons/intermediate/029.json	shuimu	intermediate-029	见义勇为的公交车司机	passed_edited	65f81077a2845ccf8127e1ca0d7eec200d9aedf41fe8c567d07ffc97756c802d	16f2ba6fd9ecd0261d7a7f06d6923d2dc2e0f3c59c222456db6ab21f49568b78	18	true	true	2026-10-07T07:32:08+00:00	7439e7411e3261a0f322832d385e91880e878083946de4ae85c19841c1d3a7e3	复核报警句：英文到police.完整结束，后面当那辆开头为完整对应译文，分别成段。前轮合并证据保存在修订链。
92	public/shuimu/lessons/intermediate/030.json	shuimu	intermediate-030	母女共创世界纪录	passed_edited	fc66e9d901420ce3860bc094b3a92487fc7a8fb18d9caee618c46bdac169c7c2	caee2b21b55846e74cec83a0af9be908a594435721efa5a0a722e326192bc919	13	true	true	2026-10-07T07:31:50+00:00	abf6e7bee09034017036b623709e9490118f27ffa599d49298ea69c5c199b77a	通读横渡海峡、摘要、12道选择题及不定式作状语/各类补语/独立成分。按中英对应合并含多句的正文段，选项a与d各自续行恢复；语法六类列表保留独立身份，缩写和例句内标点不作拆分。
93	public/shuimu/lessons/intermediate/031.json	shuimu	intermediate-031	现实很骨感	passed_edited	251ddd3a159114261971a89e591f3114f8c5892f76fdbbc97ce719c1cddae115	f3ec668354bad7654c3f515823e2398c1ca638356a3eaff8d4441225263ed47d	14	true	true	2026-10-07T07:33:06+00:00	071d827561654e9e36d64cd9a3345655a80cb6cee0f251987578db8a536610be	通读哈里森退休故事、全部摘要题和练习、动名词形式及六种语法功能。恢复多句对应单元和动名词列表说明；No smoking等警示语与例句/等号转换均分别保留。语法小标题动词不定式等文字疑误仅备注，不改字。
94	public/shuimu/lessons/intermediate/032.json	shuimu	intermediate-032	一次吃得并不开心的晚餐	passed_edited	cb3d7cbb408402dd5dfd549d67dc2458f999b3cac9dff0d55315f0048d80a458	5dff543d2b9dff5f34167c225fa8f3689be65f5b37fda8e4fdcd11184d121ebf	18	true	true	2026-10-07T07:33:07+00:00	802a84819389556a1ac10c29b326d4475abcfb095f21cd9196945a2c64dd46e5	通读史密斯夫人晚餐故事与题解、陈述/祈使/感叹/虚拟语气；Mrs.缩写后的断行恢复，问答每轮与译文各自保留。祈使句11条、感叹句5条各自连续，例句不按标点机械拆分。
95	public/shuimu/lessons/intermediate/033.json	shuimu	intermediate-033	它好像不是很听话	needs_confirmation	6ebeeb99b2f59780750b5bc40f67e770ce33e5153e8ab4185c56d050f4cfb56f	23d69298a751e617fe58660a3cefb6db9de7cc7f966388ac2458e4632b67a31d	23	true	true	2026-10-07T07:33:07+00:00	84cfde73ffe20c14384514ce15ff5b8f9af609478885078095f6c5f912837458	通读耍蛇人故事、摘要、12题及虚拟条件句各时间形式与用法。合并中英续行及完整例句，保留各条事实说明。虚拟条件句比较表跨列文字仍按原序，不能借分段重排字词。
96	public/shuimu/lessons/intermediate/034.json	shuimu	intermediate-034	充满智慧的高空探险家	passed_edited	e428fac4a25490b493700123a6b67c5ed1116783894b1746bd91cebee2059aab	0887f522b8c3ade4a0a00f202d0dbb36d707b9905da1fc8fa4913c5fdc7874ce	13	true	true	2026-10-07T07:33:39+00:00	d8a7106a15156a084caf8216d880103fe27cda8740710e8dbfe8d347eeb3991c	通读伯德南极飞行、摘要、12题与错综时间/含蓄虚拟条件句。R.E.人名缩写完整连入句，题4下划线直接续接；中英对应单元恢复，括号改写例句及从句/主句时态说明保留独立层次。原数字和选项字误不改。
97	public/shuimu/lessons/intermediate/035.json	shuimu	intermediate-035	不是百分百的小偷	passed_edited	9747ac7ba0e6c6ab8803c3047f4cb71ec64a7c5c157b4bbde8b2241ca3e6b402	b17eba57ced3cd590cdd2de082e53d262f3cf644351249caea6d42d9f4942710	17	true	true	2026-10-07T07:33:39+00:00	5c0e1ee4ab625f22b9790213f8a0aa290559e99191d903dbcbaf93ba1ebe512f	通读返还钱包故事、摘要、12题及名词性从句虚拟语气上篇。百分比引语保留为完整句；修复主语/宾语从句说明和单项动词列举的断行，insist与suggest的陈述/虚拟对比例句各自保留。原拼写和不完整斜线列举不补字。
98	public/shuimu/lessons/intermediate/036.json	shuimu	intermediate-036	既遭罪又昂贵的旅行	passed_edited	a32949d4005972f7404e01564697290225240050871f5bf51ee6b2982929dd62	3fd7085f66fcd941d5844f996e726260af90dff9643fc62f472316f97114a734	16	true	true	2026-10-07T07:34:01+00:00	a721fb26d819f4c6b88bad8fc849562f40bce73b7a47aaf052a0b6862ab3ff53	全文复核木箱偷渡故事、摘要、12题及wish和名词性/状语从句虚拟语气。正文金额和译文字面保持，合并完整中英段及语法说明；wish三种时间含义、If only两种用法、对比例句分别保留。
99	public/shuimu/lessons/intermediate/037.json	shuimu	intermediate-037	一个嗜酒的酒鬼	passed_edited	56d288e2fadbd04225354974db43d17331e85f049dbe439cb99766212f98daff	5dce0860cd5652bd02ef935326ed64c78c2e295cfb7a6bf9e21357f517292e6d	11	true	true	2026-10-07T07:34:01+00:00	cc7bfb2998e71fd6308b8ee9064a0aa8ae149612d8d1e497a726996d70a9677d	完整阅读闹鬼酒吧及全部摘要题/选择题、其他虚拟语气与if省略解析。恢复Mr. Thompson跨块人名、长题干和说明续行；倒装例句与等号改写、原语法例句的字词均保持。
100	public/shuimu/lessons/intermediate/038.json	shuimu	intermediate-038	一颗被拔错的牙齿	passed_edited	3badb8a7b1450c5500159c016018eedcd62f63d41fe7e2da9aeee9c3758b9a5e	275e551c4d02e66691f432316a846d7957cc8bc9576142306daeff74a7b5a73e	29	true	true	2026-10-07T07:36:36+00:00	981299f6ed036c3d4b745ffcff3af9c72fbd27b72e8145fc516d07d64631daf7	通读拔错牙正文、摘要、12道练习及名词性从句连接词。合并完整双语单元和关系词定义续行；what/whatever等三个类别的等号词条各行保留，语法说明括号独立不机械合并。米柴盒等原文字误仅备注。
101	public/shuimu/lessons/intermediate/039.json	shuimu	intermediate-039	生平第一次睡在床上	passed_edited	dbee0e0e707a437ac24968b360cc144bf7ae395d083d19739f3c50b1d1d1d92c	0c42e17a68d336d6c8ed3cf8f6d88e4003349697df084061f544e82c2a17133c	11	true	true	2026-10-07T07:36:36+00:00	2328d605617f8b258b26b1b33dc066b79591e31cba7e520d9e0c8d286eed9e4b	完整阅读床被风吹落故事、摘要、12题与主语从句上篇。恢复多句双语段、复合长题干和四类it形式主语说明；ten-storied保留原连字符且直接衔接，箭头转换句独立保留。
102	public/shuimu/lessons/intermediate/040.json	shuimu	intermediate-040	吃饱了才能减肥	passed_edited	f043b437b76ccd4ee68bbf1d8085240a52f10ff5b0cca59cd44b6e49e36d454f	87c75080c8b46ed747c87be1a716e574b3fa5040a4121cc3cba0dc4a6d9b61ec	15	true	true	2026-10-07T07:36:37+00:00	e243f2800b895fc8ab451e6e2dea207f1ae962bd0d9d0f182579d28f7f96a0a1	通读休节食故事、摘要、12题与主语从句下篇；多句对应自然段和完整题干续行恢复。if/whether七种区别、正误句和箭头转换各自保留，不纠正现有答案字词。
103	public/shuimu/lessons/intermediate/041.json	shuimu	intermediate-041	一块特殊的地毯	passed_edited	1b30ee75f033e36056a5388c7e26fc41f846a876056efa3db981bfb91b8b40ec	549606f1f6a01655391cadb0d06f6f5d0eee31b1bae0098e3bad2da9cb6fc9aa	14	true	true	2026-10-07T07:36:37+00:00	f0c50c333de576d536a08ed51a28cd0839912854c80f261c65e9f6874ad79ad2	通读书籍地毯故事、摘要、全部选择题与直接/间接/介词宾语从句。恢复完整中英对应段、妹妹引语和题干；引导词列举属于同一说明，例句问答及条目不误合并。
104	public/shuimu/lessons/intermediate/042.json	shuimu	intermediate-042	一场不明原因的大火	passed_edited	a3f5355c79cc124d9d5ef7aee9468a6d75a62d72e854fb271470e1c18721e0ee	97cc6d6152d63806ee19771c2733ca364987a8d50447d891ca169cb7df3e904a	15	true	true	2026-10-07T07:37:32+00:00	bc8e0f5559fdf2ba5812c62dc4876fd45c1af9d95fe37a7c72eb3434d34f49c1	全文通读森林火灾、摘要题、12选择题及表语/同位语从句。鸟和蛇的两个连续英文句对应同一中文段，保留多句单元；合并题干和解析机械换行，that/wh/as if等条目与例句独立保留。
105	public/shuimu/lessons/intermediate/043.json	shuimu	intermediate-043	一个糟心的上午	passed_edited	f7abc14a1c7882afab8da1f46bd3eeec14480f3874796b0dae1c64f114c4a0dd	2df3e8f49b4a8a85b52000e421dbb3991935f72d7e727330d9e8d8094d965635	24	true	true	2026-10-07T07:37:32+00:00	f4a591bf50b67d61d0b066122a4c9f538e31cc5b23045a39e44976c270274d98	通读做馅饼被两次打断的故事、摘要、练习及关系代词定语从句。保留每一完整双语段及题目提示括号；关系代词表各行已为可辨项目而独立保留，限制/非限制性说明与截断例句按语义续接。
106	public/shuimu/lessons/intermediate/044.json	shuimu	intermediate-044	探测器寻宝记	passed_edited	aeb80504d5616c8115611279d45b45b3d1cc0a9a721652677823f5adbfd6960a	9ed44fe1b8681b875bb4a6c46956cd0536af4720d520bd501f0016d9d75fd54c	16	true	true	2026-10-07T07:37:59+00:00	e8bb7602d4d9d209e4d73f44d6c63937f5e7b7049b1f56062bf4de5f0d6f3b64	通读探宝器故事、摘要题/答案、12选择题及关系副词定语从句。正文双语、多句自然段、破折号插入语和各题括号提示完整恢复；when/where/why和that三类说明例句保持各自身份，不改年月事实或字词。
107	public/shuimu/lessons/intermediate/045.json	shuimu	intermediate-045	惊险的老式汽车比赛	passed_edited	8777aec583dc5d40ea8841fc529283b331eb3985c5d655dde367b872560aac80	a18e353fff8799c4cc41309e75446ac674597a27cbf052896fd2b19eeec65215	15	true	true	2026-10-07T07:37:59+00:00	84c431aec2c439294e2555ac95a2a55869445c367ae8ecbd8b2640043673d78e	通读老式汽车赛正文、摘要及练习和限制/非限制定语从句解析。合并中英各自连续段、问题和语法说明；两女儿对比例句、专有名词例句及结果/让步解释独立保留，词表不合并。
108	public/shuimu/lessons/intermediate/046.json	shuimu	intermediate-046	惩罚势利的售货员	passed_edited	ddc945d6d2189fe99d60a766df8a8db12137752f66ce1bf44909f3e99cd8a87e	cdbb1721c42c5f8667b75b317f88a9f80caaec92c07dbfbea3d045ab245c27e5	16	true	true	2026-10-07T07:38:33+00:00	e91bf174e90fef908a81545102419260c2f2825633a75b8325d83a204cd71b9d	全文复核商店售货员故事、摘要、12题及关系代词选择上篇。修复英文词间/中文句中断段，保留正文多句对应单位；that/who十项与that/which八项各为独立说明，un-/im-等选项词缀不合并。
109	public/shuimu/lessons/intermediate/047.json	shuimu	intermediate-047	自娱自乐的游戏	passed_edited	b441ac9968c0b674f32d4a3fe976e6cc5d2acc26bdfdf72e07670c50f8dd749c	12358cc904a657e1a4b1967c77b740ee9e11b579f94db816b0b0fdf6ee465155	21	true	true	2026-10-07T07:38:33+00:00	95aaf264646948721cdebad4b63e4271dac85c655f1bd7c3826e74e9c8d18620	通读雷克斯开门故事、摘要、12题和关系代词选择下篇/同位语区别。恢复正文及解析的续行，whose/who/whoever与as/which对比保留；嵌套选择题A至D、正误例句各自成块，括号语法解释与所属译文连续。
110	public/shuimu/lessons/intermediate/048.json	shuimu	intermediate-048	考了三次还没通过的考试	passed_edited	dc7a034919f2e6c718f8984a0882bf8bfaee73dbf56d3af396cbcb186d1ee49c	d6a5db2da4c0923a4c3c84d5883638b52ecdfdfb7282f3428499443e6ec1205f	32	true	true	2026-10-07T07:39:05+00:00	6a1ff4338fcea2d9158dee95d691d335eb9cf50342bf5879efd1c3760ac133d9	通读第三次驾考、摘要和全部题目、时间状语从句解析。恢复Mr. James和引号内连续句，按现有中英对应单元保留考官说话片段；连词分类表只接续同一类别，不跨时间/地点/原因行。when/while/as对比及till/before说明逐项复核。
111	public/shuimu/lessons/intermediate/049.json	shuimu	intermediate-049	爱护环境，用火须谨慎	passed_edited	a49342dcc2caa6d0dc43d72b265d16f466034462e21ad02a62afd56a9a351dee	b4f426ff55de23a0382ff2d530222a4e35b9aea7d032e649bfdae9fb485812e8	22	true	true	2026-10-07T07:39:06+00:00	a322f0ca28089742ea3182a54439182b71dcb77e219fd7a7630c0e8a36e2c66c	通读火灾后播种防洪正文、摘要、12题及原因/条件/方式状语从句。完整恢复句中断行、分类解析；保留because/for和unless/if对比条目、条件例句及字面原错，不改非空白内容。
112	public/shuimu/lessons/intermediate/050.json	shuimu	intermediate-050	是幽默而不是嘲笑	passed_edited	2b77ff0e7cb66ad44fd56109b9e403c1ac0c365a96ca7cf95196f308182ffd66	3e0e18c4d655a7d35725e2bcbb8e157255aefcb42f14e16fb280fa9622084ab2	17	true	true	2026-10-07T07:40:15+00:00	a4c1748f8544ae0f197bb83f4b4ffe392cbe8d15641ae0eb68b4e281da7d4b21	完整阅读杰里米婚宴演讲和女儿误解、摘要、12题及让步状语从句。修复正文及答案多句单位、句中中文断段；no matter词组、as倒装和whether句型分别保留，原选项乱码仅作为文字疑点不改写。
113	public/shuimu/lessons/intermediate/051.json	shuimu	intermediate-051	一波三折才建成的隧道	passed_edited	39627387d65266902e26eeedb22d965d620e789224959a90694381dfa659177f	9451f72071b33a644e9f9d72cc399403f6bfc987ed6ec5dbc4872adc7d00e7ff	16	true	true	2026-10-07T07:40:15+00:00	859ee632f45a3afa4a859cb409f30e41f7e54df4fad0a68b98d2992fd7aba312	全文通读海峡隧道、多句摘要与练习、主谓一致原则及名词词组主语。twenty-one-mile的跨行连字符直接衔接；所有编号/项目、银元问答两轮保留，数词/百分数例句完整，原人名日期和译文内容不校改。
114	public/shuimu/lessons/intermediate/052.json	shuimu	intermediate-052	一头小象引发的交通堵塞	passed_edited	badaf51ba7651ce11d413ee18d2301ceaf8692791b3133fe43e2457bfdccdca2	27362d47e03c8c7b8fd6c83677852eb94e6123b11a7635c25a46fd9670762d8a	11	true	true	2026-10-07T07:40:55+00:00	c730fea40254f47b5b91471c61d2e831f47c6281c4be5bd1054c909de13a6139	通读江伯堵车故事、摘要问答、12题及主谓一致下篇。恢复正文/译文对应单元和完整复合题干；集合名词、成对名词、并列主语各项例句保留，按同一说明续接断行，不纠正fortuneate等拼写。
115	public/shuimu/lessons/intermediate/053.json	shuimu	intermediate-053	孜孜不倦的科学家	passed_edited	673e30f88648d5a5fdf9abe3a392a5791e6c92a076662180d17e10f8938f5a67	4f391d18a9a5c3e04f97d8f4d5ecfd52f8a26c8d832816ed6313f2a93ad8e533	16	true	true	2026-10-07T07:40:56+00:00	b1b3cc2cd899ec179a0f842e2aedd65b7d5b8fb32d52bdab1095d8730a5368f9	全文复核波兰火山科学家故事、摘要/题干/选项及定语从句、what和there be、代词一致。合并中英句中断行及语法条目说明，例句内分号多句保留，缩写/斜线形式不做改写。
116	public/shuimu/lessons/intermediate/054.json	shuimu	intermediate-054	九死一生的醉汉	passed_edited	10573894449cdc93e03bc8183cd3509fe8e76b1b9641ca7750eee95197c53c80	9f53bf04fb94d858af1a2a8afe2d65ac634ab5f33cb574f0d5ca75a68f38c4dd	18	true	true	2026-10-07T07:41:22+00:00	342dca2e78188d8cd5c469dab076b22aaa02825e6295b79a27f1be0cdfcadd17	全文复核醉汉斗牛、摘要、12题与全部/部分倒装。保留段内连续叙述句及中英对应，合并题干和解释续行；here/there、only、否定词等例句各自成段，不更正住旁边等原字误。
117	public/shuimu/lessons/intermediate/055.json	shuimu	intermediate-055	一个著名的大钟	passed_edited	3cd01a6edc2fa3ab7c1e85c0ef93a32d2b543bfc5568f65e7d7940c9e38438b3	01e74f39fe6a22d62f53e94716fd69bc0f1ef82c0a87952b9c95df64c2efbf59	14	true	true	2026-10-07T07:41:23+00:00	4ea53e7645770b784d51fbc2171ea74cb8017628c43de9af95719beae81fa50f	通读大本钟故事、摘要与练习及there be上篇。B.B.C.缩写和时间值保留，恢复正文与解析完整语义段；疑问转换箭头、问答轮次、no/not对比例句独立，末尾反意疑问句不拆为碎句。
118	public/shuimu/lessons/intermediate/056.json	shuimu	intermediate-056	愚人节的玩笑	passed_edited	3fc82df1f7d52eff7307794f71fca614f602702b07c8552e20d24e2f7209c556	6dcd4f5aacfccdba6b25f1156ae94367a8543e98e05d57b60d0b20be1732254a	9	true	true	2026-10-07T07:45:16+00:00	d4174d786a055a0672ffd050b4697404ffd26c13179e49e080e2ecc98be5da1a	全文复核愚人节通心粉收获报道、逐条摘要连接点与答案、十二道题及there be语法。恢复句内机械换行，保留列举、题号、时态例句和中英对应；播音员引号等原始文字不校改。
119	public/shuimu/lessons/intermediate/057.json	shuimu	intermediate-057	逃学记录保持者	passed_edited	555f6a74c6b8f2c91c4ad4eee8bab7e50d6aaa4c12422ae968970a0e73ee5e24	c6950f238c69b896023132ffbb9b8f25afa3f20faa1f9dfc90c1226fbef005ba	13	true	true	2026-10-07T07:45:16+00:00	4a2162457bc4f231366b19da544ba4ca9eb495e91c7ca158ff69e03f24224a59	全文复核逃学儿童从Dover到Perpignan的故事、摘要连接点与答案、全部选择题及强调句解析。摘要各编号保持独立，合并答案自然段和语法解释中的句中断行。
120	public/shuimu/lessons/intermediate/058.json	shuimu	intermediate-058	太过完美的伪装	passed_edited	3f3161e86d0a2a95f1471451a2e332945b4d52424aca40723cd26022bd5b88f9	bb9e8dd29fac46ad33fb88d67bf81a87a99369c2b409901478e172a74e517df8	1	true	true	2026-10-07T07:45:17+00:00	53aeb998240d6266f74909a1c830ed1dc454525a29a77cd3d8fd9716bcaf5874	全文复核演员Gloria与Rockwall伪装、警长对话、摘要、选择题和省略句语法。分别保留说话轮次及中文对应；恢复复合句和状语省略说明的续行，不合并独立例句。
121	public/shuimu/lessons/intermediate/059.json	shuimu	intermediate-059	在雪地里呼救	passed_edited	624910a1276671a02e8d422f2fb7f982c9f406be7d4937443328a74b1f94f4ed	8b7de674ae18ca80c6a8e4dd6265250589f39695ba54f5629125f8754abafa99	6	true	true	2026-10-07T07:45:17+00:00	0067d65329589d18c870ff5f6dc8b7612213c8459fa6cfd453981a43b710e31a	全文复核雪地SOS救援母亲与婴儿故事、摘要各点和完整答案、全部题干选项及完全否定、部分否定、双重否定与否定转移。保留最后问答为独立轮次，仅衔接明确的句内换行。
122	public/shuimu/lessons/intermediate/060.json	shuimu	intermediate-060	一次成功的手术	needs_confirmation	cc18ee8d4362f2da4b9ea3d136fe9dce62e93fd9757cbb3eaa6855cfef910bfc	9fe1b0e4228691a091003e3c82d7e23721dc6b0bed45464b8b8d5dfa2f3d4558	1	true	true	2026-10-07T07:46:49+00:00	21a4734937fa0b4e8a6e476808d7f3f89837797a74160ac393ea8fbc6a2e020b	全文复核木乃伊手术故事、摘要、12题及语法综合测试20题和解析；保留B.C.缩写、题号选项顺序和原始文字，恢复明确续行。
123	public/shuimu/lessons/intermediate/061.json	shuimu	intermediate-061	戒了无数次的烟	passed_edited	e40bc76dc20d047e1b384f4550a8ee47c54a2ee171c70369461b62bcc8804006	4fb1e14dd67eb6e869607ea35f8392e68cb5574160677d278215c1729a238586	0	true	true	2026-10-07T06:56:59+00:00	7bd2c6ebd8e6ec9e90e7beda57393c203a6e10fc52254867bac839060b88dbb0	JSON 上下文审核：33 处续行合并；中英对应单元、提纲条目、32 道题的选项、247/248 对话轮次保持独立。正文末段两组中英对应保留原顺序。原文缺引号、拼写和语法疑义不在本轮改写。未读取教材或图片作为本次审核证据。
124	public/shuimu/lessons/intermediate/062.json	shuimu	intermediate-062	有惊无险的飞机之旅	passed_edited	2a99e93bcbb34956d4a621e82ec5422c957cfcc8d8403c3a22c15f5fa4d22f58	4e8091165d01edd14294e405e334209911b986bb18d1e3b4cba0865938261791	1	true	true	2026-10-07T07:46:49+00:00	b0f21c53137dc2e08bdd86224d398b77b8ee489b6f04a75f0fd9898b1c300924	全文复核飞机炸弹虚惊、摘要答案、12道词汇题及语法综合测试20题全部解析。仅恢复正文、题干和解析中句中断行；保留各摘要连接点与选项，包括原有重复选项及文字缺漏。
125	public/shuimu/lessons/intermediate/063.json	shuimu	intermediate-063	靠机智逃脱的战俘	needs_confirmation	a438ede25b3434f18db8009aa1344ab785547221e487c7f49d563fc6dd71e0c1	be875ebbc52fc1dc8126f6f10bdcb844c916b7a93fb829b3ea874e992bde972f	1	true	true	2026-10-07T07:47:11+00:00	a2aefe2bff6b970f3bc78770975978f2732097c7d35b4d3983fc7c5d46b64183	全文复核战俘逃脱故事、摘要、词汇12题及语法测试20题和解析。第1题问答保持不同轮次，词表、选项与连接点保留；恢复英文短语及中文解析中断行。
126	public/shuimu/lessons/intermediate/064.json	shuimu	intermediate-064	一条长得像怪物的鱼	passed_edited	2f5c8a8d6bebbc6e0fc86e56e381800a7739a6f821d5c4c2b7adc662c4fb7aa6	775c449b6cd46b40ddac483ed31eeaa515a5db93d4fc1f45a761f461e1f35809	2	true	true	2026-10-07T07:47:11+00:00	debd1622725ec6ebc2935473b7c19749512b1f2faaa38f2b4356b909fdc81479	全文复核马达加斯加桨鱼故事、摘要、全部12道选择题及20道语法测试和解释。保留摘要不同编号、连字符及非校勘范围文字，仅合并明确续行，英文词间留空格，中文续句直接连接。
127	public/shuimu/lessons/intermediate/065.json	shuimu	intermediate-065	活到老学到老	passed_edited	3b72c802ec8bc7fbf6761c370848d17e9eca50c14789ecef3439659a8ad2083e	e065ec0e2f823344be7397fd1318b30ccdf7f34c66d92bf55e4d77331d700aae	1	true	true	2026-10-07T07:47:32+00:00	656767660d8830f1653e5b5df8808ed3d5f18c13ea8c68f64117d7392daa570b	全文复核佩奇校长退休、四十年教龄与园艺故事、摘要、12题和语法综合测试20题全部选项解析。Mr. Page缩写不造成句界；摘要连接点独立，多句答案为一自然段，只修复句中换行。
128	public/shuimu/lessons/intermediate/066.json	shuimu	intermediate-066	日本的特殊节日	passed_edited	056efe42da74033300e2fcb6391d37e7d06dd66b58e3da9d0552c8c094360e27	8b4dd57ac41af323064ef728757fa9fd089f38839ef922084c8f97ee12cfe24b	11	true	true	2026-10-07T07:47:32+00:00	34c86c422928917a2b22ccbbecb2d3d68c82eb98205ecc38d8cc8278d54f2a28	全文复核日本亡灵节、灯笼返航故事、摘要、12道词汇题及20道语法测试解析。完整句保留多句自然段，编号和选项各自独立；原有道路词内空格等非本轮句段候选不自动更改。
129	public/shuimu/lessons/intermediate/067.json	shuimu	intermediate-067	未来的游泳冠军	passed_edited	40f3f99d1817b5639f255517e60424035e0e24b0bf974a229ad70fc129533f8a	929ac1466eb9b8e726d37fc1a03526196708b5ef4ce2c52150ff284c1014eb29	1	true	true	2026-10-07T07:47:55+00:00	d6ec21f2864c60f727bd7eae5133de2be00f367721d3edc6987bd8bf29103a13	全文复核婴幼儿游泳和水下三轮车故事、摘要、全部词汇选择题与语法综合测试八。英文完整短语恢复同段，中文解析续词连接；各编号摘要要点与选择答案保留，不校改原始语法观点。
130	public/shuimu/lessons/intermediate/068.json	shuimu	intermediate-068	法国送给美国的自由女神像	passed_edited	447bd32a213bb35d540c70992db5da0814b872f6ee7b557cd48d964fe5e16bb6	47be7143855b560b5e5ac5ebc9e4961c301baae11200485e17c95b3701aa2dac	0	true	true	2026-10-07T07:47:55+00:00	8023b39f47626db6d12877168bbdbde35b915123d27a110e0e7b130d7b290ba5	全文复核自由女神像建造运输故事、摘要、12题和语法综合测试九20题。保留U.S.A.、年份、原文拼写与缺字，修复正文中英对应、题干及解析的明确断行；摘要多句同段，题号选项独立。
131	public/shuimu/lessons/intermediate/069.json	shuimu	intermediate-069	被大鱼吓到的潜水员	passed_edited	dfd0d468c22789bbb3c69d7ab886e282c95f156c02be6cbeb99fee3541d17eb8	ffae6210ff82218b6b09bbc9a42c504ed7e0d7f1c25da2d641f1a477a181ad39	2	true	true	2026-10-07T07:48:26+00:00	8d81bd5ce293f52ee8a10912e9ab41e45177534f6ed178ebf6cfe4052e0977f2	全文复核北海钻井平台巨鱼故事及三个成因、摘要、全部词汇与语法题解析。英文末句Who eats who与前句对应同一中文段，合并为该双语单元；保留独立要点、选项和原有答案文字。
132	public/shuimu/lessons/intermediate/070.json	shuimu	intermediate-070	艰难的矿井救援	needs_confirmation	f7a4c4324ea7673e3b57feecc90efb8470359bb1fdd91548ce23514bae507685	feca7ca635f7b7d2c371d934a3f3b54b4b28bd03df5036df55ec1cdb2b6c60c6	2	true	true	2026-10-07T07:48:26+00:00	d5d9984ad0cb7642cfc8db4c40e79bea245052e6e62ad58254e675cc8fb9047b	全文复核矿井救援、摘要、12道词汇题及综合测试十一20题和解析。合并完整中英单元和解释中的续行，保留说法、答案和原有缺失标点；第15题解析缺尾只记文字疑义。
133	public/shuimu/lessons/upper/001.json	shuimu	upper-001	A puma at large	needs_confirmation	656590194aca76a352f4fd7bd00aa39ec53907abb063d4e9b23d1fd27d222f37	427cf08a0eb17014328327e8b9c34d2b103e4ec0951aeea9d23fbc4b9ef46cfc	24	true	true	2026-10-07T07:52:25+00:00	1c6d3c46e8c792fc38cf9f4d4d6c7f0a4e7cf690bc2dca635b4fdf88ef2b365b	美洲狮课全文0..176块通读：合并引入尾词、三个英中对应正文段、Notes第2/4/5条、问答5/11、写作题干与提纲和范文、选择题2题干的机械断行；词表和选项保持独立。末尾孤立1.归属无法判断。
134	public/shuimu/lessons/upper/002.json	shuimu	upper-002	Thirteen equals one	needs_confirmation	679e6be959838a9fb057d5b25e66b40e56741a72481508ffee1715d5ed8bf18a	d05f5881b318cc7727919c6e53ff3f97124cffdb2e3ba8c22bec06f59a026335	14	true	true	2026-10-07T07:52:26+00:00	43f51170e28063a7b9bd37581cd635c2af5921f028b140a087f2e86f0b815de1	教堂钟课0..172块全文复核；合并两组英中叙事段、各段内牧师/Bill五轮英文和中文续行、Notes1/3/4、问答2/3/16/17、三个写作提纲及范文三自然段。词表、选择项和双语独立译句保持。末尾下一课标题归属待确认。
135	public/shuimu/lessons/upper/003.json	shuimu	upper-003	An unknown goddess	needs_confirmation	582521c58a79d6966ddf5eed0021c3e1663ce2a03f288440248e1bc58e3421f2	593cf76762a10419f013a7ba8ed16a9b19728e89a8c2a715e900bf226b234e14	30	true	true	2026-10-07T07:52:27+00:00	a30fc1596cc5873e8ca79415db45fc0aff96605647ba5968b5e4f1ad03cb465e	未知女神课0..186块通读：恢复古城文明、庙宇雕像、拼装女神、外观身份四组英中自然段；合并Notes1/3/4、长问答、写作题干提纲范文、选择题2/3空白线续行；词汇选项独立，末尾下一课标题归属待确认。
136	public/shuimu/lessons/upper/004.json	shuimu	upper-004	The double life of Alfred Bloggs	needs_confirmation	a68f0f612c7f6e33d97bbbd6b3c89143cbc52cdd7465045c65e72028f41107a9	b452b67e11eadb5740392aeb95d6ac292e36d48f6747ef8ab0ca3a9008d7fd5e	17	true	true	2026-10-07T07:52:29+00:00	d1a342f161ea1b47dd7af9eb7492999cc3c17390ea1ae0b82f9ab3ce9c29117e	全文通读Alfred隐瞒清洁工职业的两段英汉叙事、词汇与注释、21道理解问答、Nearly caught写作提纲及范文、12道选择题与答案。正文各多句自然段和对应中文段完整保留；范文末尾Alf的回应保留独立轮次；选项不合并。
137	public/shuimu/lessons/upper/005.json	shuimu	upper-005	The facts	passed_edited	b05f056c151c0477f25da5243a27df88751d2e4fc8b4286044394641f78719c8	bbd6ded8b63b800169c9f11b144a2415c59b7ce4d2d98f3e0ef0a5c66c328c78	21	true	true	2026-10-07T07:52:30+00:00	7412a3e6c8b0aa0d1a42a899ce87035b0cb8650b93eae4cf9838afd02efa0ace	通读标题The facts、编辑要求核实总统府台阶的三组英汉正文、词汇注释、17道理解问答、写作提示及单段范文和12道选择题答案。范文按题干明确要求保持一个完整多句段，选项及词条分别保留。缺词题干和原有拼写仅保留，不作文字校改。
138	public/shuimu/lessons/upper/006.json	shuimu	upper-006	Smash-and-grab	passed_edited	cfe3e9d029ca5d5f4acffc0b334494f4c8188d69f850da95f19c4a3ea8f0b51d	741bdad214830b85e24079aa2bf7926b870713579968c5dfda088614bf85624e	25	true	true	2026-10-07T07:52:32+00:00	19a657df22070047cb40dc01aa2c5742a097e5ec8783d0fc59126534602c7ef9	完整通读Smash-and-grab三组英汉叙事、词表与三个注释、20个理解问答、追车续写的三段提纲及三段范文、12道选择题答案。范文按追赶开始、街上追逐、弃车逃走保留三个多句自然段，未把句子再拆碎。
139	public/shuimu/lessons/upper/007.json	shuimu	upper-007	Mutilated ladies	passed_edited	9da8c9583200c0e82f007887232fe2ed3b7c27d61bc28b6e0d95df99c9107b3e	fd3b50c1c35ca1f4c8eb10a9180d5f30937d292ed319c8796dcb76f3a285f055	21	true	true	2026-10-07T07:52:33+00:00	b0f2f062b389e49925bca6a5994d65840d383c3e1364335698d12304b46e9729	通读Mutilated ladies的三组双语正文、词汇和残钞/过去分词注释、21道问答、Jane发现烤坏钱包的写作要求及150词单段范文、全部选择题答案。保留同段叙事和引语，不把完整多句段拆成单句；原文缺失引号、币种符号和选项字样不校改。
140	public/shuimu/lessons/upper/008.json	shuimu	upper-008	A famous monastery	passed_edited	6cf977500287d99b946935ff0b249b4943e433939bd2f500d364c3aaddf8da5d	7d7a17a3a1ae1f9661ab6960f5bf9a2970857595455a46bfa22055aea35f0b14	19	true	true	2026-10-07T07:52:34+00:00	1c74846227b0c696ded8697fbfad5cce8d93f0a9dbbac61e4b9bfc141df26ab6	完整通读A famous monastery的山口与救援犬、冬夏修道院生活两组英汉段、全部词表和注释、18道问答及Rescue三段写作与12题答案。恢复搜救范文的组织队伍、发现旅人、恢复意识三段；选择题选项保持独立。
141	public/shuimu/lessons/upper/009.json	shuimu	upper-009	Flying cats	passed_edited	bb1800d74fc5e3727049277453a0024fbe4766722221bfebabcd436e9c54fdfc	09c2f548f8ad360e9d20af0e07e7412353b2ca06894c99862897feab179a4ba1	22	true	true	2026-10-07T07:52:35+00:00	570bcbae34ddb5198564f7280a3f8f6021f7e11d3dcc1c598d08693af50a32c8	通读Flying cats全文、开头问答、词汇、双重否定及比较级注释、20道理解题、宠物猫写作模板与150词单段范文、12道选择题答案。英文研究段和中文对应段均保留多句结构；They like regular / meals明确句内接续，纳入范文完整单段。
142	public/shuimu/lessons/upper/010.json	shuimu	upper-010	The loss of the Titanic	passed_edited	dcd8e2a9809332dc4e119ab2352f404db63707b44af337709c3ce3f2386ad161	534a05d9712a63b8b8db4450591f98f62bb5e5524952bc2d9932b190960289e1	30	true	true	2026-10-07T07:52:37+00:00	a351e1c6cb2d1fab46cae835f61eb644052c6db3c8d83575517ebfd175b994ed	全文通读The loss of the Titanic的开头问题、词表、两组英汉叙事及六条注释、20道问答、Abandon ship三段提纲和范文、12道选择题与答案。保留介绍轮船和触礁沉没两个多句段，范文按命令突发、逃生混乱及船沉结局分三自然段。
143	public/shuimu/lessons/upper/011.json	shuimu	upper-011	Life on a desert island	passed_edited	b826f99236ef589695a59e34925928a9d12e1d02aa99324400d58b647e2b7755	9e250fe73a173efc9889826c640bce1bc4158061da56e80e7ba0a312bb40677d	24	true	true	2026-10-07T07:52:38+00:00	eeb86d4a1b5e2cd3df114134182a60efb8ceaf9355c1d233dc7b7433cd4a3c2e	通读Life on a desert island词表、两组英汉正文、五条注释、19道理解问答、Shipwrecked三段写作和全部选择题答案。正文不按句拆碎；虚拟语气注释的英文引例及中文解释保留对应两块；写作按海难、岛上生存、获救三段复核。
144	public/shuimu/lessons/upper/012.json	shuimu	upper-012	Not guilty	passed_edited	338111c4aef4e153eca400f0b65530588c4d65319c3bffef04b9c651e3a232ab	c26b378ce45395e86b470ba5598d2b46f93b45b5166bfa4ba1d53b91d4747696	31	true	true	2026-10-07T07:52:39+00:00	02708ff8243104a89b145d7ea2d3367f5818bec97aee670a4cb929179b6eb291	完整通读Not guilty的词汇、英汉正文全部海关问答轮次、语法注释、21道问答、走私宝石写作模板与单段范文、12道选择题答案。开箱及香水/发胶对话保持轮次；中文回答后紧随的叙述未跨越下一发言。作文按明确单段要求完整保留，文字符号异常不改。
145	public/shuimu/lessons/upper/013.json	shuimu	upper-013	It's only me	passed_edited	e689029a208cde94fb58907973914725408e5768d08380385af3ec0257a97add	d02fb4ce30399e3ecab6f3c16d89024b1ce3e426d08544a82afad6caa2d0d194	22	true	true	2026-10-07T07:52:41+00:00	bfab3f0abe785262fb937ce81cc11cda11f5b2ccb806b759ae8aff9028cc8545	完整通读It's only me导入、问题答案、词表、试穿鬼服与误吓抄表员的两组英汉正文、七条注释、19道理解题、单段续写模板和范文及12题答案。范文中there was a ghost / in the storeroom为同一句，接续后保留150词完整段。
146	public/shuimu/lessons/upper/014.json	shuimu	upper-014	A noble gangster	passed_edited	7f7785de2e1983d83804d4a3630a0aa7806e5dddb9b3acc0b63514748966aad2	0acf53e37300617a5a92b489b08e068fd8b7898b1114f87d82b80fb7dfd16a6e	26	true	true	2026-10-07T07:52:42+00:00	294e4212256b78a0a742fa415e2c68c9db17a1b3082b66850d7ce7826034543d	通读A noble gangster导入和问答、词汇、芝加哥保护费及Hawkwood两组英汉段落、八条注释、18题理解问答、Hawkwood defeated三段提纲范文及12题答案。范文按村民准备、战争破坏、驱退与和解保留三段；原文缺字和不完整括号作为字词问题保留。
147	public/shuimu/lessons/upper/015.json	shuimu	upper-015	Fifty pence worth of trouble	passed_edited	b87d1124b1f8623aeabc592706a16ba2fd16e30034951882d6b62a1ce1dc8cf6	4c847488b9815642f07e159c6c57d5112add12acf9fa451a5fd21c7149b61d31	18	true	true	2026-10-07T07:52:44+00:00	4b5f00cbfae122137523ca8f4507ea6e4a650b3027338889c6cdad8f431b455e	通读Fifty pence worth of trouble导入与答案、全部词汇、两组英汉正文、五条注释、20个理解问答、围观救援的单段写作模板和范文及选择题答案。George捡硬币到获巧克力的因果过程维持完整段，选项与词条边界均保留；原文标点缺失未修改。
148	public/shuimu/lessons/upper/016.json	shuimu	upper-016	Mary had a little lamb	passed_edited	dba5365c8b4ab56f1d608e56fde37ad5dfd4cdfc2c352f777899b3244b77fb6e	a934a12522226867c0fd564f1df19fbe850e920bff866891ffb3891f05ce39c6	18	true	true	2026-10-07T07:52:45+00:00	71398bb785cf2ef41fd04791a7effc0517c392c19624475ef351c9c4713a4fcb	通读Mary had a little lamb全文、词汇、五条语法说明、20道理解问答、Not so black三段提纲与范文、全部选择题及答案。保留现有空Notes标题；正文按失窃、追查、真相三组双语单元，续写按认羊、争执报警、村民讨论三个自然段恢复；不是诗歌，不凭标题添加诗行。
149	public/shuimu/lessons/upper/017.json	shuimu	upper-017	The longest suspension bridge in the world	passed_edited	98cdeef24e0dd7a06fd9692c891adc7726aa3805623c3ff872c04802f57dd2c8	0930572d17c59699787307680be38d4cc5df457e0b64c5ec93486c572c019d7a	29	true	true	2026-10-07T07:52:46+00:00	7bf1f7b3291efd04532f2979e6587dc57962a504e6327b4d26d076707489faa7	全文通读The longest suspension bridge in the world标题、词汇、三组桥梁英汉正文、七条注释、15道问答、悉尼海港桥单段写作模板范文、12道选择题与答案。保留各多句桥梁说明段及英文中文对应，作文按150词单段要求接续；残缺选项bridge's b属字词问题，不猜补。
150	public/shuimu/lessons/upper/018.json	shuimu	upper-018	Electric currents in modern art	passed_edited	62c7908ce23a72756012cd42b582f789d90e43633718587ae7b81f0773747cd5	c93e7e8b09198f7ae23584b4e300fa249bea1d51ec2045985f4a97bc1605599a	28	true	true	2026-10-07T07:52:47+00:00	aa3084521edb5aebb51f5bd1e6ef24be25edc809abb25cbac8088a60c8cc951c	完整通读Electric currents in modern art词表、两组英汉正文及九条注释、20道理解问答、An interesting exhibition三段写作提纲范文和12题答案。展览经历多句保持一个对应叙事单元；范文按参观开场、画作描述、观众评论保留三段，选择题第三题d选项末词untouched接回同项。
151	public/shuimu/lessons/upper/019.json	shuimu	upper-019	A very dear cat	passed_edited	7abdfe75daced2dfbca46988a3330511df46a5e5730164db0b472e1d3da61050	3aacf0b342a8fefbd368830603c8ff2f0aec88b6fe5e45dd848ecdc2e2d5a223	20	true	true	2026-10-07T07:52:49+00:00	178486a2f4f70f978436687cad3dc46cc315998e07ca1957ccef00d131781252	通读A very dear cat词表、猫失踪及赎回的两组英汉叙事、六条注释、20道理解问答、绑匪背景的单段写作模板范文、12题答案。保持英汉对应自然段和所有选项独立；货币符号和选项disciplined bow we等字词异常保留，不影响确定段落边界。
152	public/shuimu/lessons/upper/020.json	shuimu	upper-020	Pioneer pilots	passed_edited	14eead59ba8e51fffd90b207498f07fc2cc46d5b07efe874b807e3f87139338b	fc18edd71d5e95ce6ad156163b868837be2523b5aec7cf6215f58f19aff2a055	14	true	true	2026-10-07T07:52:50+00:00	8a63e34eab33e5f0e95fdeebed593d9d7eb1e7129130b53b18ac63c9fb05757e	完整通读Pioneer pilots词表、Latham失败和Bleriot成功两组英汉正文、七条注释、20道理解问答、My flight across the Channel三段提纲范文、理解题小标题及12道选择题答案。作文按试飞、海峡飞行、着陆三个多句段保留；注释第二条英文与中文对应两块保持。
153	public/shuimu/lessons/upper/021.json	shuimu	upper-021	Daniel Mendoza	passed_edited	9fdb3bce4b46d105006ef625af80e09d824b887bd89e97e5016bb37e64833efd	e81520bc5ec357b0317df893651f26dbc039f5ac7e7812ff29d38ddb46699bba	29	true	true	2026-10-07T07:52:51+00:00	4903863f77aac599611bd26aabff32843b0b078efa38741740180cdeba9218f8	完整通读Daniel Mendoza词汇、三组英汉拳击史与生平正文、11条注释、21道理解问答、The first fight四段作文和12题答案。作文按赛前背景、气氛、比赛过程、失败反应保留四段；字数标注独立；选择题第10题原有c,d,a,b顺序保留，不重排。
154	public/shuimu/lessons/upper/022.json	shuimu	upper-022	By heart	passed_edited	70a0fee72903352d1f3fa0fa9513dad154430fbb044fe38ca71d8a5ef9dc95e8	1ed5ee410504db638e5b09440320c769afbc36c18aa3cb73c9a8926401aea01a	28	true	true	2026-10-07T07:52:53+00:00	48930bbca3965735b8fd8b69c2b18f5ab9ca9e7958effe646fa6cf4ade17081f	通读By heart词汇、三组双语正文、十条注释、20道理解题、Six short weeks写作提纲与三段范文、全部选择题答案。正文内贵族和狱卒引语处于连续叙述中，保持故事段；block111孤立汉字吗为文字残留旁注，未删除或猜接。范文三段符合不超过四段要求。
155	public/shuimu/lessons/upper/023.json	shuimu	upper-023	One man's meat is another man's poison	passed_edited	63c21652bb550ed2bfcb00126f8998af293c496715d8b945c35483c50ed96936	87d1712df1b865613191338775c528566d363d818402eba65e20abc18cd71781	33	true	true	2026-10-07T07:52:55+00:00	995fd40b09ccaa420ad874361b44119d7a556b8ad2317a97cbeecf2ac92075e0	全文通读One man's meat is another man's poison标题和问题、词表、饮食偏好与蜗牛送礼两组双语叙事、六条注释、20道问答、Snails, snails, snails!三段续写及12题答案。范文按发现蜗牛、收集清理、拒绝用餐分三段；所有选项均独立，长选项d的as the main dish接回原选项。
156	public/shuimu/lessons/upper/024.json	shuimu	upper-024	A skeleton in the cupboard	passed_edited	70d87d7759c654d799706bf32d8cd694e258dc424b6cc96ec87f753903b42147	249289546dbd916029d22fbe6b87c98afc1052fcf098ef38f635e3df1b6ee92f	33	true	true	2026-10-07T07:54:34+00:00	c4586d76d0283a70b6922e1a67b035772dbbe634a445e4145da0b4d4d3f7fd61	通读A skeleton in the cupboard导入、词表、两组英汉正文及六条注释、20道理解问答、A weekend with Sebastian四段续写提纲范文及12道选择题答案。范文按拒绝挪走骷髅、夜间搬运、女仆惊吓、两年后小说四段保留；完整正文段中的引语保持叙事上下文。
157	public/shuimu/lessons/upper/025.json	shuimu	upper-025	The Cutty Sark	passed_edited	b0a5964da21eb6500fbb9e240e09cc30d2f952dfbe38f8fc75180cc29ebe4c74	d1c00a2813ae2fb357fa44ac8ab5ee4ccdbc5ffe6850408f21411eb3641d3825	30	true	true	2026-10-07T07:54:37+00:00	1c88e8c3096867a534693c6fbe0b962916300f929756eb40cde4b27085717aba	通读The Cutty Sark导入、词表、两组英汉帆船叙述、五条注释、21道理解问答、Ships of the past写作要求提纲与四段范文、12题答案。范文按独木舟、桨帆船、远洋帆船、蒸汽船四段复核；字数标注独立，原文大写或文字缺失不校改。
158	public/shuimu/lessons/upper/026.json	shuimu	upper-026	Wanted: a large biscuit tin	passed_edited	53e4086eb018d93576d0e3aaa24b8e6fc075f203d4fa150cb9208513bce38707	4b66043d8318b355575c799e0d97f73e247f54f0d39fead9309117b5c3507326	29	true	true	2026-10-07T07:54:38+00:00	ec735fbd8cddfae530f9105ce44ea7e60b504e93fc660fc385789c31c92a3c81	通读Wanted: a large biscuit tin词表、三组双语正文及五条注释、21道理解问答、广播竞赛写作提纲和The last question完整范文、12题答案。范文前两叙事段完整，后续第9题、第10题问答与主持人祝贺按轮次各自分块；第1注释英文及中文解释分别保持对应单元。
159	public/shuimu/lessons/upper/027.json	shuimu	upper-027	Nothing to sell and nothing to buy	passed_edited	aea4cd292818755258d450c34b90735e4567a39a807d20f6a197a33f57e2bc32	54bad75dd97f99ff441de4507ba025ba95903b44be0cb25b45818137d4c5a44f	30	true	true	2026-10-07T07:54:40+00:00	3c789fd9dc92290fd0e57baf4d170bb28c46b277b6c5eba2b4ae758116fd9317	完整通读Nothing to sell and nothing to buy词表、两组英汉论述、八条注释、22道理解问答、Tramps are parasites的四段反驳范文与提纲及12题答案。正文论点和解释维持完整多句段，作文按社会贡献、自由代价、假设后果、自我反问分四段；注释第四条英文例句与中文解释分别保留。
160	public/shuimu/lessons/upper/028.json	shuimu	upper-028	Five pounds too dear	passed_edited	ffad1c5184155e74ec6fffd343a1b05e1af830061b0e850453c0f8913fa2aade	82c6d996392cf83835d55fb705dba7ce1a8cd8eec4b0959ce4608d5fdd3117c5	27	true	true	2026-10-07T07:54:41+00:00	57e4b1fde02200bd28448b0db5909299e5c7c4a2cb8e55b52d7bed3b55dabd0c	通读Five pounds too dear全部词表、三组英汉正文、五条注释、19道理解问答、The bargain写作提纲与含对话范文、12题答案。范文问笔和卖方回应分块，三次价钱商谈各自连贯；回船发现笔不能写的多句结局完整保留。
161	public/shuimu/lessons/upper/029.json	shuimu	upper-029	Funny or not?	passed_edited	6aecdf33a18cdaf098eb8cff4cdd965f3124ef06dd36c932ab8065b55628a8c6	bdb892dc2c878e66d263a8887f5b6e7a89dbf24f4ed82df3c11d6f13ea60fadc	25	true	true	2026-10-07T07:54:42+00:00	476a6dd5e177f0acc10bcc9cff94c46c9a5f8df18436a8a7c972d3a36ed31031	完整通读Funny or not?导入、词表、三组英汉正文、八条注释、20道理解题、The gasman三段范文及12道选择题答案。正文多句论述/笑话保持完整；范文按乡村背景、下午茶准备、抄表员误会三段恢复，与三至四段要求一致。
162	public/shuimu/lessons/upper/030.json	shuimu	upper-030	The death of a ghost	passed_edited	731a341e3dc12fbdc57a046270f59bb798955bb45c71d9f63ad55a727406a9a9	f2696a442ca92e372754b545d598a4362058d2223f7f176d52dd028cbe3cf8d7	25	true	true	2026-10-07T07:54:43+00:00	a7e3424c050cae52862337bfbeaafd4ef153efef2787c909b3597b40f504c3c4	完整通读The death of a ghost词表、三组英汉正文、四条注释、22道问答、The ghost of Endley三段提纲范文以及12题答案。正文按传闻、葬礼揭晓、隐居缘由保留多句对应段；作文按守夜、发现人影、辞职三段，未把完整叙述逐句拆开。
163	public/shuimu/lessons/upper/031.json	shuimu	upper-031	A lovable eccentric	passed_edited	ab7438a85150d2a4c5205ba8dc1d7371a44e137cafa105d03edbb4675a47d7d9	79a40df9c136d32cb3b4724d4c1fafb50b0844e00c052b8184ecef6128605bd4	30	true	true	2026-10-07T07:57:17+00:00	d6518ae43eda5183411a01ce9d07882787b5a3f3b0c8d617f891c4c31bd1d37d	全文通读A lovable eccentric词汇、四组英汉正文、九条注释、21题理解问答、A true eccentric四段人物描写及12题答案。正文保留Dickie买表及画展叙述的现有英汉单元；范文按外貌、商店、政治活动、旁人评价四段恢复。选项末尾乱码等仅视为文字问题原样保留。
164	public/shuimu/lessons/upper/032.json	shuimu	upper-032	A lost ship	passed_edited	0ef29629253527504295f26bd4dfb7239eb1ae05b2a3f8d1d050581cd2da3009	0b7ef0ad0d51a538ac823882bb7b536114691cc9f9b84079f927a31a7b56861f	33	true	true	2026-10-07T07:57:18+00:00	5aec75f0ed815def7bc49c450f15e39370c56a53c118da30cb681aa786778c1a	通读A lost ship词表、三组英汉打捞叙事、七条注释、21题理解问答、The last day日志提纲及四段范文、全部选择题答案。日志按此前航程、首次潜艇袭击、反击、15:15最后记录四段保留；结尾The captain has just announced--为有意未完日志，保持不续写。
165	public/shuimu/lessons/upper/033.json	shuimu	upper-033	A day to remember	passed_edited	4da357b9d00cd42b8802f3f3619d19a713f8243a735a74fa897c595cd1126b3a	b95284056c3796b46ca01b0ca807bb87de7132cc2d08212fc01663058a3fe3c7	25	true	true	2026-10-07T07:57:20+00:00	fa89353824cb6e1ed1f37d7c8ad5545cb2a629c355a9034b78a9dc54388e3fb9	通读A day to remember词表、两组英汉正文、十条注释、24道理解题、Mistaken identity四段写作提纲范文和12道选择题答案。家中事故和道路事故分别保持完整多句因果链；作文按寻车、误开车门、破窗被抓、真相四段复核，选项与词条独立。
166	public/shuimu/lessons/upper/034.json	shuimu	upper-034	A happy discovery	passed_edited	bd5766c19c84743bbc42065011282b40639fa36b78c858d34ba3e846e427b631	e9faebc4cfeb6ab8270b8d907cf3087877904318456736ab2291a8d6c29a2b1c	33	true	true	2026-10-07T07:57:22+00:00	82850f87fc01998621dba0f47bd33b972a31a7830c2eae2786daf8cb338d7565	完整通读A happy discovery词表、三组英汉正文、六条注释、23道问答、An antique shop四段提纲范文和12题答案。Frank发现画作的多句经过维持完整对应段；范文按橱窗、店主、室内货品与客人、寻宝乐趣分四段，各词条选项保持独立。
167	public/shuimu/lessons/upper/035.json	shuimu	upper-035	Justice was done	passed_edited	e7123e718830e8ea0f840d309c27f0763b9f5e365ebadef70fb058aa341dcd4f	bc64497e9d53c41fc4f02958fbb9e90e0a5c23487dce98c1e9c63fb3a06434cb	27	true	true	2026-10-07T07:59:44+00:00	005fbe6ce20087e06ff3bb28245c5b538d8dc3819130e108ccf147f2c75e0cd0	通读Justice was done词表、正义法律与自然惩罚三组英汉段落、七条注释、20问答、入室行窃四段范文及12题答案。保留盗贼卡烟囱经过完整长段、范文谋划/两次尝试/困境/获救四段。题干原有缺词仅旁注，不改字。
168	public/shuimu/lessons/upper/036.json	shuimu	upper-036	A chance in a million	passed_edited	570a619faf689183fb23407e7e3ecc18c422e7b647d9828ff9a14f18839bac65	47ede99319989f752c6c1bd21afa67e8b3b12a6a90e60f9517c2aa07d8f9dea1	26	true	true	2026-10-07T07:59:46+00:00	a57dbc1ea78b7262806b05b25a0a84fc9e9758dbd0d3f8b0e39eb4067c11306a	完整通读A chance in a million词表、三组英汉正文、十条注释、20问答、The past四段范文及12道选择题答案。保留小说巧合对比、偶遇疑似兄弟、战后失散解释三段；范文寻找/漂泊/成家就业/重聚计划四段。
169	public/shuimu/lessons/upper/037.json	shuimu	upper-037	The Westhaven Express	passed_edited	e2a42e3f8f8dd4cdcee6024c7231a59ff2c65a87d36d8a36181dae86f1ffc70f	fe991c99a84f929ab77f1ba2e1ac3843be7463659c89f442586923a2ff1e0f88	32	true	true	2026-10-07T07:59:48+00:00	a1a1559901717ea5eb8032ed4dbace417ac8bc25131ba391e0d9e28958492053	通读The Westhaven Express词表、三组英汉正文、八条注释、19问答、四段误乘快车范文和12题答案。正文保留列车准点信念/上车观感/发现停运说明三段；范文上车、错过站、补票、返程四段。angirly和rain等原字符保留。
170	public/shuimu/lessons/upper/038.json	shuimu	upper-038	The first calendar	passed_edited	9162ef581147a8ad4fe576d3fab10758a96c7f2b58a676fcf5d69cfa4295f89a	8e6a2e539c3de0af70c02dfe57d343014d2a9e3fd90446a1a7e49a2a16589b40	37	true	true	2026-10-07T07:59:50+00:00	f5cf7df86a1850cee6c0cdffb3678be02d2e63a4fd250c79bad1d0d01fe98146	完整通读The first calendar词表、三组英汉正文、七注释、20问答、Studying the past四段范文及12选择题答案。首段未来与古代史料对照保持完整，中段历法农业假说与末段符号考证分开；范文资料/社会生活/战争人物/结论四段。
171	public/shuimu/lessons/upper/039.json	shuimu	upper-039	Nothing to worry about	passed_edited	59826ad9a34848060a323950ff168cfa0212b1ac86131733087f43c37d2d4f99	07e4ce6cf497b52158f4659f2106a01011fd3b98ac79136142e9581ec37de170	34	true	true	2026-10-07T07:59:52+00:00	c2474de23b675a5ebd19846692786a0af3b671b552be75fad8f88a290b60c8c3	完整通读Nothing to worry about词表、三组英汉道路历险正文、六注释、20问答、Bruce remained unperturbed四段续写及12题答案。保留性格介绍/碎石路担忧/裂缝水塘长段；续写受困、推车求助、租车、拖车损坏四段，单独in续行归回问答14。
172	public/shuimu/lessons/upper/040.json	shuimu	upper-040	Who's who	passed_edited	cbe13618ab3c862fce7a1f1e87dac961fa6628c259b038540a362af3078d4275	a20c34a21b036fdaed527ea56c09f8ea1a847729c260e07a711cce4131c72a74	24	true	true	2026-10-07T07:59:53+00:00	b95d5b551becc48432936c8918a5c4a8d80a5415487ca739df7633253922abd1	通读Who's who词表、三组英汉恶作剧叙事、九注释、19问答、Arrest the police三段范文、12题与答案。保留骗局介绍/学生铺设骗局/警工冲突揭晓三段；范文也保留三段，不因最多四段要求凭空再分段。第4题选项原a,c,b,d顺序不重排。
173	public/shuimu/lessons/upper/041.json	shuimu	upper-041	Illusions of pastoral peace	passed_edited	5d13c289d7240e06bb590626553029f4adebb009e91406f3eaed8ad8c3ba2a39	bbf4ba6dac2fcfce201702694e735800c1a1c1c4eafde086757c33cced67933a	35	true	true	2026-10-07T08:02:08+00:00	8393168d7adba58d7b7c10292618a8d750878ed79144564ba55241d8614d1d3a	完整通读Illusions of pastoral peace词表、两大组英汉论述、七注释、18问答、乡村生活反驳提纲和四段范文、12题答案。正文长段分别是乡居幻觉与城市便利，各段内部论据未按句拆开；范文引言/乡居优点/城市缺点/结语四段保留。
174	public/shuimu/lessons/upper/042.json	shuimu	upper-042	Modern cavemen	passed_edited	662203a3402694dc590f7af73c3559fe88765536036ff3b28ce5c36a90affb9c	cc78098e12f1e3b08f1bfbd3e737af58ffe0f08aec027455700d67e7b7bf957a	44	true	true	2026-10-07T08:02:11+00:00	4132b76018a7b8b693de3cab81ca08c1677e9b0e5df1e1b5aff8c546ff017692	通读Modern cavemen词表、三组英汉正文、七条注释、19问答、海边洞穴脱险提纲四段范文及12题答案。动机/深洞准备与发现/团队实探三组完整长段保留；注释5英语从句续行保留词间空格，问答2的isn'与t合回。
175	public/shuimu/lessons/upper/043.json	shuimu	upper-043	Fully insured	passed_edited	d72a879b361442f70c98b49655a0af77b8b919b041bba870d092a13271ca6a06	416ca05494434bc575d7c70395f5cead6d8e940f8d8efe009fe26b9024db8973	35	true	true	2026-10-07T08:02:13+00:00	753ba4a33b47ebe1646e6b9f0dc4c4e6545cbed629c8b649e0065d955e851ab1	完整通读Fully insured词表、三组英汉保险和馅饼盘打捞正文、六注释、18问答、沉盘提纲及五段范文、12题答案。正文打捞两次尝试维持完整长段；范文盘子介绍/登盘/滑倒/跳舞翻沉/反思分五段，306 words单独保留。
176	public/shuimu/lessons/upper/044.json	shuimu	upper-044	Speed and comfort	needs_confirmation	d653a8153a3bdb58118a5604349b3654434d6ec6cf150e131dc769a8fe0bcfcf	5c2e6d0a4d23648d448412334d417ca427b9cdb765a2d61a5d24248dfb19e59e	47	true	true	2026-10-07T08:02:16+00:00	af0572a60f1a5107ff43ef0d91a02622e8f848d9e997478a5a058b167a887a54	完整通读Speed and comfort全部词表、两组英汉正文、五注释、19问答、飞行缺点提纲六段范文及12题答案。正文陆海旅行与航空优势保留各自完整多句长段；原正文small almost exhausted缺文及fights等原字保留不校改。
177	public/shuimu/lessons/upper/045.json	shuimu	upper-045	The power of the press	passed_edited	a5129301e1ec304c397c93e74c982d4e4378fb6f11764093a57769e807257457	05581c6700a148c280ebd51197e2811fa20b7a36d350b7e2e9d9a60155245c7c	27	true	true	2026-10-07T08:02:18+00:00	5df940e8fbbd07fec0707ba2d01748c97aced2847ff7b4e6e9ad5c6bd89ed28f	通读The power of the press词表、三组英汉正文、11注释、18问答、足球博彩致富故事提纲四段范文及12题答案。正文新闻自由影响/五胞胎出生/商业化代价三段保留；范文由成语引言、普通生活、中奖婚变、反思组成。原fortunee及选项e标记不校改。
178	public/shuimu/lessons/upper/046.json	shuimu	upper-046	Do it yourself	passed_edited	3cdb7a8037a632366c9d92088a24e1e51b364e1a492420722f13a229df97c2b6	23c274ce28712383c880ae001772d4d12c9ec6109510500081e636a5830dad6f	39	true	true	2026-10-07T08:02:20+00:00	7e72f48b52dde13a7d825496f3180ad38940193b2bd1e0c707a6ad38129928ab	完整通读Do it yourself词表、三组英汉正文、八注释、20問答、滴水龙头提纲和四段范文、12选择题答案。正文热潮/能力错觉/割草机失败三段保留；范文决定修理、寻找总阀、换垫失败、教训四段，原文字异常不改。
179	public/shuimu/lessons/upper/047.json	shuimu	upper-047	Too high a price?	passed_edited	5cd711eb69b33f88bcfa10087c444775f1aa296e8dc6faea565571c880abb0f0	124bdaf9c6ffa5f25780ef94592db98ca421e999b08b83c24475ad84ab1a6d3b	43	true	true	2026-10-07T08:02:23+00:00	92f1b3c0c9bea4a8745912acc2f8a0f4be3fa7ceaaa8b0a7c0014aeaa7079c64	通读Too high a price词表、三组英汉垃圾/食品/噪声正文、八注释、19问答、You are what you eat提纲及三段范文、12题答案。保留噪声来源到鼾声调查的完整长段及对应译文，范文膳食实例/生活方式/个人体重三段不逐句拆分；题干缺词保持原字。
180	public/shuimu/lessons/upper/048.json	shuimu	upper-048	The silent village	passed_edited	a163c71e1872f1c25ee42ead9923ce37f93d8a5a19f0dfc8fe162ea33c75b116	66cc079fe0e2beb74aa5146b3595560f1ae2c2e79256ee55dc2ab189e054e10f	32	true	true	2026-10-07T08:02:25+00:00	fa10f7d32799384cd1a86904cbe9314460f3276c4b25ce0b1ff9db8854d3a94c	完整通读The silent village词表、三组英汉正文、十注释、22問答、渡溪续写提纲和范文、12题答案。正文偏村印象/林间渡船/村内沉默经历三段保留。范文坐岸叙述、丈夫回忆两次困境与妻子答话分别成块，仅合并丈夫话中断行。
181	public/shuimu/lessons/upper/049.json	shuimu	upper-049	The ideal servant	needs_confirmation	4e46ab74b3f029cf27885a98eef8f946cf3833401f822314b3eace8e558a460f	91b43eb7dc6dfb6dd10149466876c502d94d69ed86ca3830d295cd5d58d1106d	32	true	true	2026-10-07T08:04:37+00:00	e5d267ee9031f2e25549e2818e754c9961d38d4f4bfb1f1cc7e52fc0bb5cfe49	通读The ideal servant词表、两组英汉正文、八注释、19问答、家佣减少提纲与四段范文、12题答案。Harriet的宅邸仆人更替与Bessie酗酒揭晓两组完整长段保留；范文现状/国民信托/私人宅邸/观点四段。
182	public/shuimu/lessons/upper/050.json	shuimu	upper-050	New Year resolutions	passed_edited	e3a284f6d243abc42171a238c49e861235d842f57bb887d2fcc1d9d0fbfbf3fc	794f180447cbef8b6b2ab7264d27af430ef79f495629e49d2413b11a96d901ce	39	true	true	2026-10-07T08:04:40+00:00	72f1859a62f859dbd2d7b0e1b1ce9e2bfcb80fbaedc603a9d25d1f29870028bd	完整通读New Year resolutions词表、两组英汉正文、12条注释、20问答、Broken resolutions提纲四段范文及12题答案。保留决心与计划、锻炼阅读失败两组长段；范文虚弱决心/大学计划/执行放弃/不再立志四段和字数标记分明。
183	public/shuimu/lessons/upper/051.json	shuimu	upper-051	Predicting the future	passed_edited	0e4acc35af28398458b6a64506c5c77c85b7e1213b6603e56336626f9c5ee8f9	56c6c57efed9fed57f7dc734d5701ad710676741ffc6b2f21d13d3a2bc30c223	31	true	true	2026-10-07T08:04:43+00:00	1f0b51c85d6b4b76e1f840b5fb08fa01a454c44fa983f1aee75428f70d4c84e2	完整通读Predicting the future词表、三组英汉正文、八注释、17問答、二十年计算机预测提纲和五段范文、12题答案。正文主机/家用电脑发展/Bagrit预测三个单元保留；范文首段猜测、发展背景、日常应用、医疗、结语分明。所有原有史实与字词仅保留。
184	public/shuimu/lessons/upper/052.json	shuimu	upper-052	Mud is mud	passed_edited	be7131ba8720aea241320d89ca6b0d52bf530f5b46b9804e306aedae62b4631e	42fe1de7a9bd58acdb79dfb41df6be582196370bfc0fee60d660586219d80018	41	true	true	2026-10-07T08:04:45+00:00	416cc2e77a6f41c53af7a337788b34f14ff5dd8957c02d7de559ce74679b7414	完整通读Mud is mud词表、三组英汉正文、八注释、20问答、购物提纲及六段范文、12题答案。正文香水泥引子/假货恶作剧/购买败退分组对应；范文准备、出门、购物方式、购衣鞋、礼物寻书、归家六段明确。
185	public/shuimu/lessons/upper/053.json	shuimu	upper-053	In the public interest	needs_confirmation	7908ae4a6a39b58df4f8d07798f0d931b760c27ebafcc69bb3178e95c4600600	741d6304159e1680f6ba0b995acae5bc789662aec6d83427be7f7b2ca8117702	32	true	true	2026-10-07T08:04:48+00:00	c7042bf77999066caf6c79b1508543131fe12e32a49382d9230bf7174bf7d6dc	完整通读In the public interest词表、三组英汉司法特派员正文、十注释、22问答、警察工作提纲六段范文、12题答案及尾部桃树问题词表。正文制度引言/职责/调查案例及范文交通治安侦查应急分段明确；未校改历史事实及字词。
186	public/shuimu/lessons/upper/054.json	shuimu	upper-054	Instinct or cleverness?	needs_confirmation	bbed8ccdd3a11bce0b5bbe22127fc3ffc2a9912b3fbf56b9754d351b34886a01	589a9e593493ff2809a0e9a1cb44bb61a352e40004d43632b20050920e43afc9	33	true	true	2026-10-07T08:04:50+00:00	4416712c610918304ce695b17564989483f97a391fb964e17f35b71e069f16e8	通读Instinct or cleverness开头20词条、两组英汉昆虫论述、五注释、22問答、防虫提纲四段范文及12题答案。正文恐惧与魅力、桃树蚂蚁实验各完整长段保持对应；范文定义、虫鼠、鸟害、总结四段。
187	public/shuimu/lessons/upper/055.json	shuimu	upper-055	From the earth: Greetings	passed_edited	e2b1d2d16c793fe433e184a440e491126785290e31311d35cd671753451d22d8	d3134646d27c21cb9625347f0dfcc29bd4b9a4ee1e175eca6cddb3c71ed1eab2	27	true	true	2026-10-07T08:07:16+00:00	1fc2d238cf55f479a72a595a2071908fa50444eca4ace75dfd8150663d769504	完整通读From the earth: Greetings词表、三组英汉正文、六注释、18问答、Extraterrestrials提纲四段范文与12题答案。行星探测/恒星条件/望远镜生命意义三组保留；范文ET形象/无形智能/传言/发现影响四段完整，原文科学论断不作校改。
188	public/shuimu/lessons/upper/056.json	shuimu	upper-056	Our neighbour, the river	passed_edited	dbc64e178693aeb92669558ee9096fc798e0533edf9f7dd67e1111c154e68931	037e7d5646c7f50b920206691d3ea36b0f022dcc6c28b37532af0b28afdf4255	37	true	true	2026-10-07T08:07:19+00:00	0c077cffa404560624b465a57edbef1a82646ce58dc9e2ae7c0711c053c50368	完整通读Our neighbour, the river词表、四组英汉正文、六注释、21问答、暗街经历提纲四段范文及12题答案。正文河流生计/节庆/洪水概述/邻居获救四段对应；范文转入小街、见陌生人、引领、次日感悟四段保留，故事判断原样。
189	public/shuimu/lessons/upper/057.json	shuimu	upper-057	Back in the old country	passed_edited	4ba92b9892a1f1e6b2d14f70148846f449bd6b1f0c2c32ec7083e98be3d02420	4812ad5f7ff68e8f260a5d792ad07d0f85d0423a093ab7b625efd73c8d1c031b	25	true	true	2026-10-07T08:07:21+00:00	d938c9691d2a62c70be331a59124a434ab2892a77ae9ff7138562ab088f0d864	通读Back in the old country词表、三组英汉正文、五注释、21问答、理想住宅提纲六段范文、12题答案。正文父亲移民背景/租车迷路/水库真相三组完整；问答13内的两个关联问题保持一个题项，范文房屋概况、参观、前厅、后部、装修、愿景六段。
190	public/shuimu/lessons/upper/058.json	shuimu	upper-058	A spot of bother	passed_edited	05c4ba75e63ddc5ebd26316cbb820454751d66a13ca296d846a3b660c2b52cda	1ef76220a6ac8058eda0d33d782ab3760467d025817cef4cbcbfa25f7785c66e	31	true	true	2026-10-07T08:07:23+00:00	0ee2633a22f4241f4d81f318ebb7312dae70358f4d6845b04fa83a4fcc819963	完整通读A spot of bother词表、两组英汉入室窃案正文、八注释、22问答、英国初访提纲和范文、12题答案。正文发现求助/警察调查两组长段完整；范文访英背景、到达适应、问路情境、三轮问答、释义与感悟结构保留。
191	public/shuimu/lessons/upper/059.json	shuimu	upper-059	Collecting	passed_edited	8087811c7dfcd21a6648e6798ccdd17d98c302c521cef4c5f73ebfd6f2bf6663	9c9d56aaa6190af2f1dc8e0ebdca0587ee303765c25e44fd247d548e6fd4a6d8	29	true	true	2026-10-07T08:07:26+00:00	e455883fe821d7f92a3946053680402aef624cdfec47b4ba8eca75203e8f59d8	完整通读Collecting词表、三组英汉正文、七注释、20问答、敲窗故事提纲四段范文及12题答案。杂物积存/节俭收集/严肃收藏益处三组长段保留；范文敲声、环境、门外查看、孩子真相四段。注释3的both of which连续词组正确接续。
192	public/shuimu/lessons/upper/060.json	shuimu	upper-060	Too early and too late	passed_edited	1c3b9bcb40afba1188c7b1a0b5eb12252ec02aa488c71ebc404d33b8b47e43b6	5e0f2149f2573c6deb745599ef0debd0859f938e2c9f8051f4f8d75783ee32a8	28	true	true	2026-10-07T08:09:00+00:00	df6fc679446e50efe6135cb1063a1f314bb6716bbb9bd00d8a03867c0faf22d5	通读守时议论、女孩误车故事及译文、词表与注释、20项理解问答、纸片彩票作文和12道选择题及答案。恢复连续议论、故事与双语自然段，作文保留四段；词条、注释序号、问题及选项独立。已复核全文，无需推测的边界遗留。
193	public/postgraduate/lessons/volume1/01.json	postgraduate	volume1-01	Traits of the Key Players	passed_unchanged	beed9f9865813fcd5c5ec8ea0c093157dfbd022f381eea2e032541769144e74a	beed9f9865813fcd5c5ec8ea0c093157dfbd022f381eea2e032541769144e74a	0	true	true	2026-10-07T07:30:20+00:00	c0700ca767f3da8155e341984e67b95e639eeb25d5b019eecaf2c08a4b990148	逐段复核关键人才定义、合作精神、紧迫感、风险承受与人际能力四项论述及中译；24块均为完整的中英对应自然段，保留各段内部多句和引语。
194	public/postgraduate/lessons/volume1/02.json	postgraduate	volume1-02	Culinary Delights in China	passed_unchanged	2aa1ae0f3d7dfcb7d7eb27e836c29202f7ecc40a3c36bfe066f9584b707ea39b	2aa1ae0f3d7dfcb7d7eb27e836c29202f7ecc40a3c36bfe066f9584b707ea39b	0	true	true	2026-10-07T07:30:21+00:00	aa52984142a2adcaaa003a8178a1f1ec975add7be1eba79cd95a69e671fb61ac	逐段复核地方菜系、川粤浙菜、狗不理与东坡肉和佛跳墙故事、待客与节日食品；32块中英交替，冒号引出的佛跳墙故事续在下一对应段，诗句内斜线原样保留，无须跨语言合并。
195	public/postgraduate/lessons/volume1/03.json	postgraduate	volume1-03	Why Harry's Hot	passed_unchanged	14e402dec5cf0c3d49853503d4996ee79dbe872faed6892b7579e1cfd288eb58	14e402dec5cf0c3d49853503d4996ee79dbe872faed6892b7579e1cfd288eb58	0	true	true	2026-10-07T07:30:22+00:00	6f4d207070aba01f116c8134de70a358cf1aa056391665a7abdf553c7caf8008	逐段复核哈利波特销售热潮、宗教争议、经典判断、命名艺术、丧失主题与反派评价；20块中英段落配对，长段保留整体论证，书店引语保持在叙述所属段中。
196	public/postgraduate/lessons/volume1/04.json	postgraduate	volume1-04	LOVE AND LOVING RELATIONSHIPS	passed_unchanged	132f2d6ad67f4f3b823f8c131fc33852f3b170b1e280d115d95eeb66eaa08c5c	132f2d6ad67f4f3b823f8c131fc33852f3b170b1e280d115d95eeb66eaa08c5c	1	true	true	2026-10-07T07:32:08+00:00	a9ab27eb7269e7caf278cbf0123a14c971353ae897182edecc187c260c129ff2	全文含导言、标题作者与24个正文/译文块；自爱、尊重、日常承诺和文化选择至欲望区分均为连续自然段，标题作者不并入正文，未见须调整的段落边界。 内容旁注（不属本轮句段验收）：blocks[18]英文引文年份为Johnson 1985，blocks[19]对应中文为约翰逊，1995；两者不一致，需改动非空白字符才能统一，本次保留并待确认。
197	public/postgraduate/lessons/volume1/05.json	postgraduate	volume1-05	YOGA IN AMERICA	passed_unchanged	de9924a842941b24fb5a687decdf1b898e6e06b26616ae4c9fd1b4cf0baba000	de9924a842941b24fb5a687decdf1b898e6e06b26616ae4c9fd1b4cf0baba000	0	true	true	2026-10-07T07:32:09+00:00	2829cd80fc494062e3f30acf903e1e0081372e97e62c513db6fff589aa71f74a	全文复核导言、双语标题作者、流派、练习时长、医疗应用、练习条件及收束段；32块边界完整，中译与英文一段一对，无句子被切在相邻同语言块之间。 内容旁注（不属本轮句段验收）：blocks[1]中文出现“更健康穹在精神上”，疑似文字/标点损坏，仅变更空白不能确定修复，保留待确认。；blocks[6]英文为from over 3,000 B.C.，blocks[7]中文为3,000年前，时间表述不一致；不在本次空白与边界修改中猜测改字。
198	public/postgraduate/lessons/volume1/06.json	postgraduate	volume1-06	Here Is New York	passed_unchanged	b311eae84fc0e0a8c7cc82510c30501557ef98e9770268e8dd71f73ae22404db	b311eae84fc0e0a8c7cc82510c30501557ef98e9770268e8dd71f73ae22404db	0	true	true	2026-10-07T07:32:10+00:00	76cdbc4b47dd84fa0d857e06ab4df874fb2c73ddb0c0814f0fe32da03d9ddd10	全文从简短导言、纽约孤独与隐私到18英寸的联系、活动的可选择性及精神滋养；18块为9对中英自然段。城市事件列举虽长但主题连贯，不拆成逐句段。 内容旁注（不属本轮句段验收）：blocks[10]“A cornice falls, that it hits every citizen on the head”连接关系可疑；现有完整句内文字问题无法以段落边界或空白确证修复，保持原文待确认。
199	public/postgraduate/lessons/volume1/07.json	postgraduate	volume1-07	ON HUMAN NATURE	passed_unchanged	9943fe313f78e0b4e1eb137d0615c06304a8c41a5ca801f5764518ee5290cce7	9943fe313f78e0b4e1eb137d0615c06304a8c41a5ca801f5764518ee5290cce7	0	true	true	2026-10-07T07:32:11+00:00	1b2db2601772ab45347f858ee3598d0f39017c337a8d874d803df5c83aec2775	全文包含约翰逊题辞、署名、双语标题作者及人性恒定与善行论述；题辞署名分立有明确用途，27块保留。正文各论证段中英对应，结尾完整。 内容旁注（不属本轮句段验收）：blocks[4]英文作者行仅为“and Lydia Hammer”，以and开头；blocks[6]中文作者为“弗兰克，莉迪亚·汉默尔”。疑似英文署名前半缺失，空白或相邻块合并不能恢复，保留待确认。
200	public/postgraduate/lessons/volume1/08.json	postgraduate	volume1-08	THE HIDDEN DANGER OF SEAT BELTS	passed_unchanged	788d63fd9e8c16a796f5b0ef1412dde7732d4bc4b45efdd17eed27e2f1c9ae5f	788d63fd9e8c16a796f5b0ef1412dde7732d4bc4b45efdd17eed27e2f1c9ae5f	0	true	true	2026-10-07T07:30:25+00:00	51378afd8ef4f3f42aa5b8573f11b0d91c40a621fc656539dd48b9f9d718f258	全文22块覆盖导言、双语标题作者、安全带与风险补偿、不同风险因素和日常判断。各段为完整论证或译文，导言与标题原有顺序保留，无依据重排。
201	public/postgraduate/lessons/volume1/09.json	postgraduate	volume1-09	The Housing Crisis Goes Suburban	passed_unchanged	a22fb08b76d693e0824e38146ff1cd5d78d34aea60af861f06d5fcb2d2f054b5	a22fb08b76d693e0824e38146ff1cd5d78d34aea60af861f06d5fcb2d2f054b5	0	true	true	2026-10-07T07:30:25+00:00	562f70a22e1c77684215de04b8a431dbc2e9a2b76d4e41bebc04c95164fa759f	全文30块核读费尔法克斯数据、联邦住房政策、补贴时限、通勤、建设供给与房价崩盘讨论；每一英文自然段及对应译文完整，短引语段独立承接前论点，保持原边界。
202	public/postgraduate/lessons/volume1/10.json	postgraduate	volume1-10	The Role of the Academy in Times of Crisis	passed_unchanged	dc36be344ca3ed8c1b68377326c4b5c26ea571d5e66a20dd6e17f3c7857fba32	dc36be344ca3ed8c1b68377326c4b5c26ea571d5e66a20dd6e17f3c7857fba32	0	true	true	2026-10-07T07:30:26+00:00	2d9608d5d12ec55ac05b6912f45981150925dfbb4fa5234a3c0ec0c48a546350	全文16块从高校特权与责任导言到研究、知识传播和公民教育三项义务；长引文、跨学科列举及末段校训均留在各自论述段内，中英配对完整。
203	public/postgraduate/lessons/volume2/01.json	postgraduate	volume2-01	The Hidden Side of Happiness	passed_edited	bb814de7f22b49245a9833ff64266becf94f806ed1588385a177098e9809361b	3c524c7bade47025cd84b3c894453e7520642192ca27fc9d31186ffd2d6e3ed2	0	true	true	2026-10-07T07:32:30+00:00	40776ce80f8a576a8e95a86c63015f9e723c862c1b8ca353136f315ba3b0ebd2	从灾难与幸福的悖论、Tracy Cyr经历、创伤后成长到耐力运动和育儿均逐段通读。合并中文引语内“自我形象、/对事物的看法”被截开的同一列举句，其余多句自然段保留。 内容旁注（不属本轮句段验收）：blocks[3,11,13,15,17,22,32]可见姓名或词间异常问号，blocks[11]夹入博客来源语；blocks[12]的fqr、blocks[19]的l felt、blocks[30]缺闭引号、blocks[36]的重复点等需非空白文字确认，本次不猜测删除或替换。
204	public/postgraduate/lessons/volume2/02.json	postgraduate	volume2-02	Commercialization and Changes in Sports	passed_unchanged	7bc51b9bae0d97755a9a048d4e443134d7d083bafb1073ba42e1ddbbf9003990	7bc51b9bae0d97755a9a048d4e443134d7d083bafb1073ba42e1ddbbf9003990	0	true	true	2026-10-07T07:32:32+00:00	792a87c654f6dd4351e4972de21b0e86bae34c3ffcfaade3700964df2b0a1f26	18块全文覆盖体育商业化、观众兴趣、审美与英雄取向、组织控制权；各论述和对应译文完整，保留各段内部例证及列表。 内容旁注（不属本轮句段验收）：blocks[2,6,8,10,12]可见it success、beyond and their、a single slam dunks、an iey、actions signs等文字/句法疑点；blocks[10]heroic orientation In fact之间疑缺标点。均不能凭空白/边界确证恢复，保留待确认。
205	public/postgraduate/lessons/volume2/03.json	postgraduate	volume2-03	Oslo	passed_edited	a53bf2b29340347b254ffe1692fb0754c4af805988b9d8efdf88ec28db9d98e4	877885ebb8d187381ddf2b1ceb297e6ce77e587f4f5436567ddf01940af4ef1e	0	true	true	2026-10-07T07:32:32+00:00	1ffbd36d974c04af074f3c3faec1e9a093d1e1405de9d056706332bc2673ef76	全文覆盖影院座位故事、各国习惯、奥斯陆洗涤剂和电视误解、城市漫游与列车时刻表。合并I loved the idea that you could/never be sure构成完整末句，保留叙述及电视对话轮次。 内容旁注（不属本轮句段验收）：blocks[1,11,22,28,32]夹入博客来源语，blocks[2]and.、blocks[10]upside一down与数字1、blocks[28]中文“几分光突然亮起”等损坏、blocks[29]simly及缺词疑点、blocks[31]with;a和across一storied均需要非空白文字确认；不擅改或重排。；blocks[11,24,26]中文引语缺可见闭引号，不能靠段落合并补回，保留待确认。
206	public/postgraduate/lessons/volume2/04.json	postgraduate	volume2-04	Is Google Making Us Stupid	passed_unchanged	d417937d7043907caac32665561a7aeeb56d7b8243dc61bd3161bed533b4bca9	d417937d7043907caac32665561a7aeeb56d7b8243dc61bd3161bed533b4bca9	1	true	true	2026-10-07T07:32:33+00:00	2363132e72b5aaa52200387692a8ca4dc1323af7d9841989310a343467926796	20块全文从读书注意力变化、网络检索与读者轶事、英国研究到阅读脑回路及尼采打字机，全部英文和译文边界连贯，无物理续行应合并。 内容旁注（不属本轮句段验收）：blocks[0,4]英文混入汉字一，blocks[4]universa一medium、Wired’s0、blocks[18]ntake及引号组合疑似文字损坏；blocks[3]创门、blocks[5]博客来源语、blocks[13,15]设释等也需非空白文字确认，保留原文。
207	public/postgraduate/lessons/volume2/05.json	postgraduate	volume2-05	An Alpine Divorce	passed_edited	49635e921e0af44e5fb3192afb26adc6554b1aacd1101c6100895759254a5cba	0d65baaff749e59ccd467cdfd77cc2aeacb864bc8f9298841eac4e26858d465c	0	true	true	2026-10-07T07:32:34+00:00	68e336d6b70fac33336a415c1d5c3594a40d21a9668ad5cbdabbdbad5429f569	68块全文读至妻子坠崖、两名证人到场结尾。将四处中英粘连按完整叙述句或对话轮次拆开，不拆多句自然段；16与22等已有数字不删除，人物对话先后不变。 内容旁注（不属本轮句段验收）：blocks[30,41]译文前的16、22似段号混入，但删除会改变非空白字符，保留。；blocks[12]fro钾、blocks[30]hoteL、blocks[32]??、blocks[45]anyhing、blocks[55]in heart以及多处问号人名、blocks[63]博客来源语属于需文字确认的问题，未猜测改字。
208	public/postgraduate/lessons/volume2/06.json	postgraduate	volume2-06	Inaugural Address	passed_edited	f2e8765fa5d6a0f718ced1df4e998c6fe6c0dc00b77119286edee3ec3019efdc	ca70cd0a7ba718e0b33923bb812835b1cc3cd50d0e9fce47ca370fdbaab064a3	0	true	true	2026-10-07T07:32:35+00:00	30c8ad4d178b9c175dc2313cf293da2dc429186a4bf7f47791174e892ecaedbc	50块全文含开场称呼、对各方承诺、核军备与和平、国民义务和结尾祈愿。拆开三个中英粘连块，保留Let both sides排比各段及ask not的独立句段。 内容旁注（不属本轮句段验收）：blocks[47]“些什么。 而要问我们能共同为人类的自由做”显示译文句序错乱/末句未完；需要重排字符，空白或换段不能修复，本次保留待确认。；blocks[12]格守、愚教及blocks[41]慢长等疑似字词问题保留，未作非空白修改。
209	public/postgraduate/lessons/volume2/07.json	postgraduate	volume2-07	The Poetry of Architecture	needs_confirmation	a1b6d355e12f0729ea7c16eacd334e39225dc399d74e022e29322263e04d4b2a	a1b6d355e12f0729ea7c16eacd334e39225dc399d74e022e29322263e04d4b2a	0	true	true	2026-10-07T07:32:36+00:00	40e92aa8e8b0b95cc8847a8f6759771710aaa85b00bf463fa8670bec348a8cd3	23块全文均已核读，包含建筑诗意论述及紧接的The beauty industry中英内容。双语段落本身完整，第二题名保持独立块，未擅自重排或删除整篇附文。 内容旁注（不属本轮句段验收）：blocks[0]从a science of feeling突然接a majesty of a building且句法不完整；blocks[8]painting There疑缺句界；blocks[14,16,20]分别出现poorer/略胜一筹、affected/不会受到、disharmony/和谐的中英语义冲突，需要非空白文字确认。
210	public/postgraduate/lessons/volume2/08.json	postgraduate	volume2-08	Thinking Like a Mountain	passed_unchanged	ba2366bcaacc220cc5569ed279b6253a8a52d9888bc5f5dfa88ddc42b55e2d7f	ba2366bcaacc220cc5569ed279b6253a8a52d9888bc5f5dfa88ddc42b55e2d7f	0	true	true	2026-10-07T07:32:38+00:00	c4de7b8faacc515d98e9aa41701208390e85845ac1d6f551f3b2095c80db4a29	20块全文覆盖狼嚎各层含义、射狼经历、鹿群失控、生态反思和结语；10对中英段落连贯，长列举与因果说明均保留为自然段。 内容旁注（不属本轮句段验收）：blocks[7]狼息、blocks[13]整夭与博客来源语、blocks[19]徽散等疑似字词/混入文本问题不能靠段落边界修复，保留待确认。
211	public/postgraduate/lessons/volume2/09.json	postgraduate	volume2-09	How Mass Media Affect Our Perception of Reality	passed_edited	f719defa44bc3cc62ca0973c011dcd04ca9a8507a5489a2ff5d4d24cac383fa3	b724578994703443e8f7a59dedcbd4dfe4c08583748e1556e76b6bf4cea491ca	0	true	true	2026-10-07T07:32:38+00:00	c5fa7b9aa0fd38cd3933aed4ca1e26c1b647e76d6108be35c44f58363576b610	33块全文从911媒体转向、媒体经济与情绪吸引到媒体集中和平民化；拆开第5块中文译文后粘连的第4英文段，完整保留前后中英配对。 内容旁注（不属本轮句段验收）：blocks[1,8,24]的9“11、blocks[11]tolerate of、blocks[28]开头多余点等需要非空白字符确认；拆分时保留blocks[5]已有4.段号。
212	public/postgraduate/lessons/volume2/10.json	postgraduate	volume2-10	Marketing Across Cultures	passed_unchanged	76d90907f2d86c12632b3b359236a2ce4039dfb1ab12a75225e078b4fb58121a	76d90907f2d86c12632b3b359236a2ce4039dfb1ab12a75225e078b4fb58121a	0	true	true	2026-10-07T07:32:39+00:00	d886999d39751ff9df3d4c3c79bad84899264e3c6ee4b5265afe3e85c7bdc5fa	28块全文覆盖Nova/可口可乐引例、日本洗涤剂、语言数字文化、广告比较、区域差异与飞毯测试结尾；14对中英段落内容完整，问题与示例留在原论述段。 内容旁注（不属本轮句段验收）：blocks[2]tablls、tendd、extrotic、blocks[4]aesthetica、blocks[10]estend等可见文字损坏；blocks[1]蛾蚌啃蜡、blocks[9]客客无几及重复句点也需非空白文字确认。未对历史文化断言作外部事实核验。
213	public/postgraduate/lessons/reading-writing-translation/01a.json	postgraduate	reading-writing-translation-01a	Stay Hungry. Stay Foolish.	passed_unchanged	aff386a3766cf8b2a6e49f13aad75bad1abb52a7edc358fb55ed1d29f44934ec	aff386a3766cf8b2a6e49f13aad75bad1abb52a7edc358fb55ed1d29f44934ec	0	true	true	2026-10-07T07:35:56+00:00	5034e7c62f6cd8a8be8288c7feb1e2aed8af0e205c0bbb8f29973e36b59a0544	25块全文从毕业礼问候到三个故事及结语；连接点、爱与失去、死亡三个subheading和Stay Hungry结句各有明确演说用途，段中多句叙事完整。
214	public/postgraduate/lessons/reading-writing-translation/01b.json	postgraduate	reading-writing-translation-01b	Barack Obama's Victory Speech	passed_unchanged	67e7cf91cbb6a22fd19ebdcba4950e7fe9017d7988195b3ade3eeaafe3827519	67e7cf91cbb6a22fd19ebdcba4950e7fe9017d7988195b3ade3eeaafe3827519	0	true	true	2026-10-07T07:35:57+00:00	405891d45a33bbfd8d890d2d6c67717860dab126953c13ffb1da7ea647407fcd	48块全文从Hello Chicago到祝福结尾；选举答复、共同责任、Ann Nixon Cooper生平与Yes we can排比保留原演讲停顿，短句段并非断句残片。
215	public/postgraduate/lessons/reading-writing-translation/02a.json	postgraduate	reading-writing-translation-02a	Two Truths to Live By	passed_unchanged	20e394cb195aa50ceff9fb40bb3befa632cc07641df3fa00de68dce273b21d09	20e394cb195aa50ceff9fb40bb3befa632cc07641df3fa00de68dce273b21d09	0	true	true	2026-10-07T07:35:58+00:00	3444fc41f9dd58ef6142e3749197569141829d001cf02744d2046dde89aac21f	20块全文覆盖紧握与放手两重人生真理、住院阳光经历、剧作和拉比例证及末段理想排比；转折段完整，保留多句自然段。
216	public/postgraduate/lessons/reading-writing-translation/02b.json	postgraduate	reading-writing-translation-02b	Approach to Life	passed_unchanged	ea82fbd524a1571c2ca664840e9d6f3b98f5ce5438ab8f3f5950f64912f346b2	ea82fbd524a1571c2ca664840e9d6f3b98f5ce5438ab8f3f5950f64912f346b2	0	true	true	2026-10-07T07:35:59+00:00	5b44f447a11b541e296cbafbfaa3839cbc5eefda081d2a3bba674d32c6f89001	5个长自然段全文核读，包括中国人生观、达观超脱、西方闲适欲望及民族哲学收束；长段各自保持同一论证，不按句长任意切段。
217	public/postgraduate/lessons/reading-writing-translation/03a.json	postgraduate	reading-writing-translation-03a	A Few Kind Words for Losing	passed_unchanged	6c764535a1d4a3443b64180f3884559d6e38ce5713209ce541fed92e7ffa2dd3	6c764535a1d4a3443b64180f3884559d6e38ce5713209ce541fed92e7ffa2dd3	0	true	true	2026-10-07T07:35:59+00:00	1b1b0c93c54908a7d2acc139be44f4c9536825685cbbb5e4817278b21d8f8085	14块从体育与金钱引子、运动失败和天赋局限、自身经历到为失败者鼓掌；例证列举及结语完整，无续行截断。
218	public/postgraduate/lessons/reading-writing-translation/03b.json	postgraduate	reading-writing-translation-03b	What Makes a Champion?	passed_unchanged	0402fc6f896b9bda4a46cace658bc99d6d02e9102ec79b77b305a14b918fd141	0402fc6f896b9bda4a46cace658bc99d6d02e9102ec79b77b305a14b918fd141	0	true	true	2026-10-07T07:36:00+00:00	df94534edcc6cfe9186a570b299584211b6fd25b311e3671db9948703e7a2395	29块全文包含中国奥运祝福、440码赛跑回忆及七项冠军品质，末尾慈善责任与祝福完整。各品质主题及其扩展自然段保留，未按序数机械拆句。
219	public/postgraduate/lessons/reading-writing-translation/04a.json	postgraduate	reading-writing-translation-04a	The Future of Books	passed_unchanged	fce55f501e4558ed20e124f7a952c1a87a9c851cf1d47240d7804e1c87999894	fce55f501e4558ed20e124f7a952c1a87a9c851cf1d47240d7804e1c87999894	0	true	true	2026-10-07T07:36:02+00:00	fc473d3a905c443c66a6030c553356fd9592fca5b9049beea83c1dc73070f820	10块全文核读三种记忆、图书馆、纸书便携性、按需印刷、电子书及技术共存与打印结论；段内论证连贯，保留多句自然段。
220	public/postgraduate/lessons/reading-writing-translation/04b.json	postgraduate	reading-writing-translation-04b	Hypertextual Game and Interpretation of Texts	passed_unchanged	1f6837e948ebf68eee2c8d2df23a3b9c5e25ce04793ddfb6916075db539511ae	1f6837e948ebf68eee2c8d2df23a3b9c5e25ce04793ddfb6916075db539511ae	0	true	true	2026-10-07T07:36:02+00:00	642ce40e38610962f5b39dc48de420580654e81109031122aca2662f9d889784	10块全文核读语言系统与文本区别、小红帽超文本、多作者创作、既定文本和战争与和平例证；提问承上启下、结论完整，原边界适宜。
221	public/postgraduate/lessons/reading-writing-translation/05a.json	postgraduate	reading-writing-translation-05a	Scientists, Scholars, Knaves and Fools	passed_unchanged	a1e0306b98e6638c2dd024a2e181d9ec6d7ee5fb3a1317f9f0a8f98b7b5cdcaa	a1e0306b98e6638c2dd024a2e181d9ec6d7ee5fb3a1317f9f0a8f98b7b5cdcaa	0	true	true	2026-10-07T07:36:03+00:00	d9bc695c7c14415aa9fdf194f7cd5b6c89399145091230892f1f17bb051666d6	12块全文从科学定义和五标准到发现者、学者、性格动机及科研建议；段内编号标准和引用是完整论述，保留同段列举，不拆每句。
222	public/postgraduate/lessons/reading-writing-translation/05b.json	postgraduate	reading-writing-translation-05b	English Next...	passed_edited	2af370bef204689bc0c16e7411e71b51a8872c82bce9696ea9d2f59191a506e4	1d0668873ad54344d97fc05b6470e4bc555e413006f62696449fa070b36f619d	2	true	true	2026-10-07T07:36:04+00:00	ea9ee54fb084fe65e97f2412833d5795357a782cf51e19afff70dad2df8e9475	25块全文包括英语史宏大叙事、世界语言体系、商业语言、汉语和西语；末块的Languages trends是转入总结的独立题语，按随后The world language system起始的完整段分开，其余小标题和多句段保留。
223	public/postgraduate/lessons/reading-writing-translation/06a.json	postgraduate	reading-writing-translation-06a	Anthropologists on the Front Lines	passed_unchanged	4fcf4e80bf3b7e6f85efb61171aaf53882de11c0aac51708acd03713fdd22a88	4fcf4e80bf3b7e6f85efb61171aaf53882de11c0aac51708acd03713fdd22a88	0	true	true	2026-10-07T07:36:05+00:00	c7071d513cff7418b720d524037ae331099dfa97d9cb65d0fd33af2dff2db04c	10块全文从AAA会议争论、Human Terrain项目、知情同意伦理到政府培养人才及政策局限；报告、反方意见与引语段完整，未把引语与发言来源分开。
224	public/postgraduate/lessons/reading-writing-translation/06b.json	postgraduate	reading-writing-translation-06b	"Book Review: ""College: What It Was, Is, and Should Be"" by Andrew Delbanco"	passed_unchanged	9603637dadaf9c294692c0cb5668eda032657ee33ed559d3ccb86868c90b5127	9603637dadaf9c294692c0cb5668eda032657ee33ed559d3ccb86868c90b5127	0	true	true	2026-10-07T07:36:06+00:00	2777014628dfc8ed1cd884bbc3a649ea4aaf3d190b2aa5615926f8e8e17817da	9块书评全文覆盖大学人格教育、专业化、择校不平等、多元共同体及理想收束；引述Delbanco的语句均在相应评论段，保持原边界。
225	public/postgraduate/lessons/reading-writing-translation/07a.json	postgraduate	reading-writing-translation-07a	Entropy	passed_unchanged	a91ba11230253f098386347f7f5802ffe2e54eb0d4a1e93ca480c53689cf8c09	a91ba11230253f098386347f7f5802ffe2e54eb0d4a1e93ca480c53689cf8c09	0	true	true	2026-10-07T07:36:06+00:00	18542252fbac5d652d71e39e807d9890b5a746910fe3781f5bc0a412b0f2d4a7	17块全文从生活故障引出熵，论及无序、生命创造、长笛练习及社会复杂性；单句反问与转折段有独立论述作用，长例证段完整。
226	public/postgraduate/lessons/reading-writing-translation/07b.json	postgraduate	reading-writing-translation-07b	When the Pestilence Struck	passed_unchanged	33c8871cf8e023cc52465f840598edb6deaced436a85bba321abcdaea5f177a0	33c8871cf8e023cc52465f840598edb6deaced436a85bba321abcdaea5f177a0	0	true	true	2026-10-07T07:36:07+00:00	93871c762fd0cb7ad64d21bfc19c8adfe2b186bf7099b2131ebfc637de836213	6个长段全文核读瘟疫起始与症状、传播与猪的例证、封闭/纵饮/温和/逃离诸态度及亲人遗弃结尾；各段各有同一中心，未按长度任意拆段。
227	public/postgraduate/lessons/reading-writing-translation/08a.json	postgraduate	reading-writing-translation-08a	Of Ambition; Of Fortune	passed_unchanged	91ee460c7bf59801e559917df62b4218162bb262143c512c2bf049e18fb3cade	91ee460c7bf59801e559917df62b4218162bb262143c512c2bf049e18fb3cade	0	true	true	2026-10-07T07:36:08+00:00	166a5e7730bd6a09bb4ba11653db0eb594bf62d373562675aac66e1f4ea2eca0	15块完整阅读Of Ambition与Of Fortune两篇，Of Fortune已有独立subheading，雄心利用约束和命运归因的论述各自完整，古英语句法保留。
228	public/postgraduate/lessons/reading-writing-translation/08b.json	postgraduate	reading-writing-translation-08b	The Giving of Orders	passed_unchanged	cb8cd2a201ae12fe1bf772dfde7669537b0a049a7b0c1a02649eb4f973940dd5	cb8cd2a201ae12fe1bf772dfde7669537b0a049a7b0c1a02649eb4f973940dd5	0	true	true	2026-10-07T07:36:09+00:00	2fb74f3dafd4971a8c9d983dfa23367aec3417b64da79c4699ec20fcd5fb9d60	6块全文核读命令执行与习惯模式、销售三阶段、员工训练和场景距离影响；列举、心理学术语及例证同属对应主题段，无断裂句。
229	public/postgraduate/lessons/reading-writing-translation/09a.json	postgraduate	reading-writing-translation-09a	In DNA Era, New Worries About Prejudice	passed_unchanged	9c88acdd1af24fa19af209c767759df4bb01c20570fb430e4c37c9d796ca2d3a	9c88acdd1af24fa19af209c767759df4bb01c20570fb430e4c37c9d796ca2d3a	0	true	true	2026-10-07T07:36:09+00:00	a68577ab025d15082b5e4598a39cff6f5f553c4adf2e83877ac72b93da01f43c	31块新闻全文核读基因研究、偏见担忧、博客言论、科研回应与祖源测试课堂反例；短段和直接引语符合报道轮转，所有非空白论述及顺序保留。
230	public/postgraduate/lessons/reading-writing-translation/09b.json	postgraduate	reading-writing-translation-09b	Are Your Genes to Blame?	passed_unchanged	61ccc174c26f30ac90e834e7fa54f311000ad790abf63a7adb66a6308821f6c0	61ccc174c26f30ac90e834e7fa54f311000ad790abf63a7adb66a6308821f6c0	0	true	true	2026-10-07T07:36:10+00:00	625471ec36e2326bbbce0306c185527c4cf3df80213819eb8efa6d94a0137c70	7块全文覆盖双胞胎、基因与自由意志、多基因组合、环境及个人改善；末长段连贯讨论家庭影响和基因决定论，不逐句拆分。
231	public/postgraduate/lessons/reading-writing-translation/10a.json	postgraduate	reading-writing-translation-10a	Fishes in the Concord River	passed_unchanged	27156df104162c5bbe074b3aac7db4c7812c97beb7fedb60e81dad6881d53e36	27156df104162c5bbe074b3aac7db4c7812c97beb7fedb60e81dad6881d53e36	0	true	true	2026-10-07T07:36:11+00:00	8fdf7a4a4422ce06df2b7c8e681f45edaba9ba53c8b7c2ac733d22a9635f8fac	7块全文从鱼类自然观察、洄游与水坝、对鲥鱼呼告到农田积水原因；括号中的古英语释义、连贯呼告及末段解释保留完整边界。
232	public/postgraduate/lessons/reading-writing-translation/10b.json	postgraduate	reading-writing-translation-10b	A Strange Experience in Yosemite	passed_unchanged	f9124bc1155c8cff58f8076368367305a19cbdff098d27a65e4c7d08f26af0a9	f9124bc1155c8cff58f8076368367305a19cbdff098d27a65e4c7d08f26af0a9	0	true	true	2026-10-07T07:36:12+00:00	61b5d6a27f72201c2fc638697bea8bb7354f2e68c64f8fe4fd243025d5d97269	4个长段全文核读辞别朋友、山谷植物和两瀑布、游客钓鱼感叹及感应经历；瀑布长段为一组连续观察，结尾段回到营火和自然奇妙，均无截断需合并。
233	public/nce/lessons/nce1/001.json	nce	nce1-001	Excuse Me	passed_unchanged	0375f1e903ff52d42e9f82001f26505c5885f11a046beaaf6b5c61ce49baa79e	0375f1e903ff52d42e9f82001f26505c5885f11a046beaaf6b5c61ce49baa79e	2	true	true	2026-10-07T07:39:38+00:00	d7f2ef401b8b949bb08d70c0e7e46b1cb75fcf87283bf30dcba6fb145cf968c1	手提包问答从Excuse me到致谢逐句复核，现有短行各有明确问答或礼貌停顿作用，保留。 text与bodyText同步；sentences对象及时间、角色、索引原样保留。
234	public/nce/lessons/nce1/003.json	nce	nce1-003	Sorry, Sir.	passed_edited	2266c939485f43c6148f77c685d5c1db47ba60e929b4afe99adf7af29deccb13	0ba6577680f71ea1f66246f8d160c37ba35af83c19a41a621aa9763145e67ac4	2	true	true	2026-10-07T07:39:38+00:00	c82c113d700889c709d101a0bc7c5c5d2e72458650be2cb7782dd06b33a7782b	取衣伞对话；合并索取与票据、服务员报号交物、道歉追问及确认致谢的各自完整轮次。 text与bodyText同步；sentences对象及时间、角色、索引原样保留。
235	public/nce/lessons/nce1/005.json	nce	nce1-005	Nice to Meet You.	passed_edited	555e5bb29090b80e2779fb6baf631724f7d534f0bd1088ccc7a21a1de1024158	802e52554fd6488aeaf1530e5c42696888cd6dd2960b2a481ad1cd622114c137	2	true	true	2026-10-07T07:39:38+00:00	e9c0714c1d86db9c9a9925efef2a1a36c437f747794bebceb07463b44ea64ed7	新生介绍；每组姓名与国籍合为同一介绍段，各Nice to meet you回应独立保留。 text与bodyText同步；sentences对象及时间、角色、索引原样保留。
236	public/nce/lessons/nce1/007.json	nce	nce1-007	Are You a Teacher	passed_edited	016e96424b90e86632e8ff0c64182790e00336d30218a6c73df246d719f647b8	6c433d504c774fe0997f1ef8c87c30574bca439d9075cff759bcbfd60ad42bf3	2	true	true	2026-10-07T07:39:38+00:00	a55416d20bc569c59ddc603bcce2752f6cf6efcf91057a310e07685c3c1c0df9	罗伯特与索菲自我介绍；合并姓名介绍及肯定后反问，后续国籍和职业问答各轮保持。 text与bodyText同步；sentences对象及时间、角色、索引原样保留。
237	public/nce/lessons/nce1/009.json	nce	nce1-009	How Are You Today	passed_edited	dda402680386f707a59fdeb5e765e0d2b3ea7e1339ad29da6b5073da30871908	d66babff4ee8926a90a3b10d15dfe011576e57d07ad02e6cf1874e947d57d124	2	true	true	2026-10-07T07:39:38+00:00	547cf208eadada0e0489b1ee9f628bde95b32bfe540ecf491c5c6dba7791ba90	海伦与史蒂文问候；合并海伦回答反问及两方各自告别语，关于托尼艾玛的问答不跨说话人合并，I’m fine与How is Tony保留分行。 text与bodyText同步；sentences对象及时间、角色、索引原样保留。
238	public/nce/lessons/nce1/011.json	nce	nce1-011	Is This Your Shirt	passed_edited	cb5804e20bfda15798719b97307f7a9390a24eb7b661d1fd71b92a7759723407	b3066e1f2badf41f293dc3d41fba3f7fde2090d95e5a4d6d74ff23c7c02cd980	2	true	true	2026-10-07T07:39:38+00:00	bb98c7d481273b7c929f8e75ffc0d046ebd3682c673c7fe565ee720c167146b4	认领衬衫；老师问戴夫、戴夫解释颜色、蒂姆白衬衫的提示及交衣指令各自合段，Tim呼唤与回应分开。 text与bodyText同步；sentences对象及时间、角色、索引原样保留。
239	public/nce/lessons/nce1/013.json	nce	nce1-013	A New Dress	passed_edited	7bf1a90a657bfb68c965ecd5a1d379416e6e04885cd1612d89eb5fc0a068ccae	9f1f5b4ca9ba259312f7f06b8c09636ca90baec1b7eb5336a47180fc709312bf	2	true	true	2026-10-07T07:39:38+00:00	9c385fc9cea74b52eba40166cf8c079e8586932f3feb9f675537b45a4a2830ee	新裙子与帽子；颜色回答加邀请、展示、评价及同色说明合为完整话轮，帽子新话题与追问保留。 text与bodyText同步；sentences对象及时间、角色、索引原样保留。
240	public/nce/lessons/nce1/015.json	nce	nce1-015	Your Passports, Please.	passed_edited	d29ba9fa4cde8d9f4a71d8631a331e18861828c15135fbcb79add3c6e182fec3	fe26951d919e29a5a828c43317ca90d7cc2ff13e19baadf42838addcc766d14e	2	true	true	2026-10-07T07:39:38+00:00	81c24f93ea6ca1ef041ccd33cf81feb583c8ffad285c703a04dad840bcc2f98e	查验护照；否定加国籍说明、箱子归属加颜色展示各自合段，海关提问与旅客回应不混并。 text与bodyText同步；sentences对象及时间、角色、索引原样保留。
241	public/nce/lessons/nce1/017.json	nce	nce1-017	How do you do	passed_edited	2a088f83a2a412958532c591c14d02f2cda04d78a659ca917b89172d836d1fd0	06b54aa0d6c5a8af55f39f0cbd24d2b67b5d53827d9b1fefde28bdb39d56adc0	2	true	true	2026-10-07T07:39:38+00:00	ea48a33633a42dda012f29543b7164ee76e0e9f8ebb8f3b9b93ed18ccfbc68f2	介绍雇员与岗位；销售代表及懒惰评价合段，吉姆和办公室助理说明合段；其他问答和打招呼保留。 text与bodyText同步；sentences对象及时间、角色、索引原样保留。
242	public/nce/lessons/nce1/019.json	nce	nce1-019	Tired and Thirsty	passed_edited	bfdc8b0954a392e928a4c3cebce980340b2b9ba54a1352982440f3b4839ea9d5	80c0b98e2ec98c4233425f91bbbdceeb6b41610bc8219bf83e35595e0bfe4bb6	2	true	true	2026-10-07T07:39:39+00:00	936a3c0a2aec78479b08a710a911750d57a351f10d9a8cb9862a27f3414568ca	儿童疲倦口渴、买冰淇淋；合并请坐追问和指认卖冰淇淋者。带省略号的累与渴、感谢与评价可能是不同儿童的接话，各保留两行。 text与bodyText同步；sentences对象及时间、角色、索引原样保留。
243	public/nce/lessons/nce1/021.json	nce	nce1-021	Which Book	passed_edited	f25b3ebd496feefe2eb3d993996aa8c74c5c86c547307e3d01969ef88bc07aa4	79fbe8f76547b8dc5e9fc926ce520bdbd587310640794f4d2cbebfb5b3cfff4b	2	true	true	2026-10-07T07:39:39+00:00	cb6fa8e4ca2e5697efc43721da718255aafb96ed4a28b849926a7eaf50aa715c	索取红色书；Which book和This one为简的连续询问，其他问答、递书及致谢各轮保持。 text与bodyText同步；sentences对象及时间、角色、索引原样保留。
244	public/nce/lessons/nce1/023.json	nce	nce1-023	Which Glasses	passed_edited	68b57900f811fe000ad8494f17e9a20524b10b95f30fad1c0fe4902b167cee14	462ce30a37a1fc172709245c0c508fdf7221ba14a4147fc8112509f78c25435e	2	true	true	2026-10-07T07:39:39+00:00	9504c71791efe1f8d2e8bc5847d09e0e977750aeb2ec3d66a1d1c590b8ae610e	索取架上杯具对话；询问哪些与确认这些合段，否定那些与指定架上物品合段，不修改译词。 text与bodyText同步；sentences对象及时间、角色、索引原样保留。
245	public/nce/lessons/nce1/025.json	nce	nce1-025	Mrs. Smith's Kitchen	passed_edited	b807899e187fb3902313b36bbfab68fcd035315a19b237604f045aded3ac2dab	402c1cd8833775e9930b59a045e191ec84c8eed3739348e71d68a8c5c33ccfe0	2	true	true	2026-10-07T07:39:39+00:00	7d8a729b018e65bb227d0af11c6df225d7b613f57302b2a337774ea3648c42ba	厨房描写按冰箱位置颜色、电炊具位置颜色、中央桌子及瓶杯三个中心合自然段，开篇概述独立。 text与bodyText同步；sentences对象及时间、角色、索引原样保留。
246	public/nce/lessons/nce1/027.json	nce	nce1-027	Mrs. Smith's Living Room	passed_edited	d81610514ff2107cdef2409db5a2167c754ca56e554140a2243cc756dd9b6432	c7cdb23eedb8d690e5ed881bda115755ad4a2821a91a8fd8baf61dca9ad13f08	2	true	true	2026-10-07T07:39:39+00:00	21c64919426daed751920c245c93b15c1fbfd300e2c4ace6e70f333bc66457fc	客厅描写按电视窗边与杂志、桌子报纸及扶手椅、音响书本、墙上图画分成多句自然段。 text与bodyText同步；sentences对象及时间、角色、索引原样保留。
247	public/nce/lessons/nce1/029.json	nce	nce1-029	Come In, Amy.	passed_edited	bc3192ed6b31c26860d01cf3d86f71270341d3c9e399cac4dd5f954f72bfcdde	45cccca0f3a71c074a04fa351d8a4bc3f09b55ff371721030a073ec57be08d30	2	true	true	2026-10-07T07:39:39+00:00	0c8d5c4e84c5c4de140c26239fa121b25e81de0ff5adfa6330209d9e5f40ab4a	琼斯太太召唤和描述卧室为同轮，艾米提问独立，随后通风收衣铺床除尘扫地的一串指令保持顺序合段。 text与bodyText同步；sentences对象及时间、角色、索引原样保留。
248	public/nce/lessons/nce1/031.json	nce	nce1-031	Where's Sally	passed_edited	9457087af8e8221effd160aa18d9d23dc3c774dfbed0b1e68f75edf1d36fc1b4	a77c6a0cffc2070cb5c686457e50cd70383b52e2e5866f5bddeec2e2b840dd7c	2	true	true	2026-10-07T07:39:39+00:00	cef348cb4b9e20f27f76d54b531d0a02bef0864c1d4ee099b21de34a4cfc570f	花园问答；肯定蒂姆在花园并解释爬树、请求重述和问谁爬树、狗在花园追猫各自同轮合并。 text与bodyText同步；sentences对象及时间、角色、索引原样保留。
249	public/nce/lessons/nce1/033.json	nce	nce1-033	A Fine Day	passed_edited	1ba963b5b8029f1c62b35a0444422339a511ab6fa8ee33d81f88afaefcff23a9	8dc3013a1ec9bcf4df644a8f52a02dd734f51ac3dcaf782e5980047126be9714	2	true	true	2026-10-07T07:39:39+00:00	f1fb1c27c8b055c4abdacc4fae91c1c07529f81ec495d245c675f2c06432a2c9	晴天场景依天气、琼斯夫妇过桥看船、莎莉看大船、蒂姆看飞机分多句自然段。 text与bodyText同步；sentences对象及时间、角色、索引原样保留。
250	public/nce/lessons/nce1/035.json	nce	nce1-035	Our Village	passed_edited	fa68eb0757704bdc154f38b02796161a74024a7b59160104a5275a530d916645	9c84f972f5c803cecb2cf0f5f91618a08250c2835f3c9bdcde19ec8650a132be	2	true	true	2026-10-07T07:39:39+00:00	ed12facb7de1defc8b68d798d71448ae7eeaa00d60d5c1f0069c5bae2aa2ac11	三张村庄照片分别构成完整自然段：村庄地理、河岸夫妇与游泳男孩、学校公园与儿童。 text与bodyText同步；sentences对象及时间、角色、索引原样保留。
251	public/nce/lessons/nce1/037.json	nce	nce1-037	Making a Bookcase	passed_edited	65a9a4706ca8f8de2716659419c6470b4defa58ca736061958b3ce738af48e4c	ec3fcd2cfd79ba7a287a1c83d82771c56e76cc337f30391aaaf015df05388e20	2	true	true	2026-10-07T07:39:39+00:00	e10428e66a7da47340666c170a20819cdffb25697e3896c059d0147a8ec220d0	制作书柜；开场问候询问、做书柜索锤、锤子确认、否定指定大锤、给女儿做粉色书柜的解释各自合轮。 text与bodyText同步；sentences对象及时间、角色、索引原样保留。
252	public/nce/lessons/nce1/039.json	nce	nce1-039	Don't Drop It	passed_edited	8ea00833a0f1a7808590c3cd6b178ea321197aa3962e5d36d424213db04a8650	405a058c97bc64eb828dbc37837b2435b5ac1c0beabbd94012848b3fa4c91feb	2	true	true	2026-10-07T07:39:39+00:00	18c98da34e436dcd48a805b04a469f8266ce5739cf1edc9674620b71a64cb6ce	搬花瓶；Sam阻止与索要合轮，Penny小心别掉及改放架子的连续指示合轮；末尾花瓶与花的评价保留各行。 text与bodyText同步；sentences对象及时间、角色、索引原样保留。
253	public/nce/lessons/nce1/041.json	nce	nce1-041	Penny's Bag	passed_edited	b77e52186e67820a2614619a2fc26e88000f1805365866d05a1f05b462bbb7c7	14f0013e4023f8770c1c3a0d249818cc5544465bc1f1dc1ab80369f9d3c21194	2	true	true	2026-10-07T07:39:40+00:00	8a431bb8982c9dbd1ccd1aa399806448011d8db8702002a459519ad78e7b4b9b	Penny包中物品；Here与放椅子指令合轮，奶酪至烟草为逐项物品清单保留各行，末尾烟草归属问答独立。 text与bodyText同步；sentences对象及时间、角色、索引原样保留。
254	public/nce/lessons/nce1/043.json	nce	nce1-043	Hurry Up	passed_edited	bb926da01e57e705132bf7e2093eb309b21abbce197b30d8f7f8e29022dc50cc	ed7d0814af86897fc33724dad1039b50f815655c43f1b4c8e9a7d3f693e2d3cc	2	true	true	2026-10-07T07:39:40+00:00	f980aee131377570f84903713a0418069ba7ccddc67882f97c7c1bd844729e42	Sam泡茶；肯定和问水、指茶位置及追问、再指位置、看见后找杯、柜中杯子及追问、催促与水沸各自合为完整轮次。 text与bodyText同步；sentences对象及时间、角色、索引原样保留。
255	public/nce/lessons/nce1/045.json	nce	nce1-045	The Boss's Letter	passed_edited	f4b7e051a0d216475472d5659826f112bdfd659043fd264a0f0d3cad9a62c260	4efb50b141ffc9fbc2b52c8f4754e4f217d3a6a34a067d0df80c42a0329be3a2	2	true	true	2026-10-07T07:39:40+00:00	3eb440fe4cc4d36711d801642735ab8c669cf414d49602f734815de89d020356	老板信件；办公室位置答复、老板请求、Bob回应和追问、Pamela解释无法辨字各自合轮，转去找Pamela处保留转换。 text与bodyText同步；sentences对象及时间、角色、索引原样保留。
256	public/nce/lessons/nce1/047.json	nce	nce1-047	A Cup of Coffee	passed_edited	86e1101a56be48c61a1593051a642544ca79c7ff95ca0434ece74910876d8831	9bb6e04f44120c63d418630cb0ffe6b3f939d378967b152988c6461d2fa69282	2	true	true	2026-10-07T07:39:40+00:00	9cfa3540c2a033a354298a44915858c2d6a8a6d233ee03370bb71a66ba9d3b1f	咖啡偏好问答；仅将不要牛奶与喜欢黑咖啡的完整说明合为Ann同一回答，点糖和饼干轮次不变。 text与bodyText同步；sentences对象及时间、角色、索引原样保留。
257	public/nce/lessons/nce1/049.json	nce	nce1-049	At the Butcher's	passed_edited	95cd86c8bc4a0a7938668e5442ed9a001c7002639755f78b6a0e42562222c3db	a71b7314202b41d9b0ef2341d9316b628dd83b800c63be592b2dc1648cb4e3a8	2	true	true	2026-10-07T07:39:40+00:00	b23a92d63bb17c77f15c544874cfad345fb5aa6779041bc0cd39c596269e081b	肉店选购；牛排推荐、订牛排和肉末、推荐鸡肉、拒绝鸡肉理由、店主To tell you the truth续句分别合轮。 text与bodyText同步；sentences对象及时间、角色、索引原样保留。
258	public/nce/lessons/nce1/051.json	nce	nce1-051	A Pleasant Climate	passed_edited	cfa25de0069cad0e569037387ef7ecab556ffcfd6ed3f742ad381d73dec6e3f2	32fc571898f85f34206a23801a4c4f7bae90d352ce31167a0031789a85c72b3c	2	true	true	2026-10-07T07:39:40+00:00	d77eb4fef017f16fe66361bff70d08910f171eb019ffca5fa7a48b470f1adf2e	希腊四季问答；春夏秋冬每季的多句回答合段，每次季节提问仍独立。 text与bodyText同步；sentences对象及时间、角色、索引原样保留。
259	public/nce/lessons/nce1/053.json	nce	nce1-053	An Interesting Climate	passed_edited	d0499e51d2a2504fe5868cdc99b98d76d3f0f9647430920100aea97d169007ac	9cbf619ac175f1ac37cc19ced22acc8002b75a517a85ae4f7154fb8b3362c8b6	2	true	true	2026-10-07T07:39:40+00:00	f67b983dce80c4d2a3b404ad4c5f7c5bf741f851e2c46e03bbf260ad3e669feb	英格兰气候问答；各方气候、喜欢春夏、反对秋冬以及总结谈天气四个连贯答复段，不跨问题合并。 text与bodyText同步；sentences对象及时间、角色、索引原样保留。
260	public/nce/lessons/nce1/055.json	nce	nce1-055	The Sawyer Family	passed_edited	be3939e702650b5dfe13106d54e66da48acfda5d1ec09c17f5831886be1481f5	0ecbab4a734968824b6c613ce8ab04f11a9e62e73d7c9884791eafb463ad05a0	2	true	true	2026-10-07T07:39:40+00:00	bb3602b586835ff8e965b51eeb623d51cc91f096d5d20d876ed749ecbf31732a	Sawyer一家日常；住址和早晨出门、太太家务午饭、下午茶、傍晚回家、夜间作业报纸电视分别归为自然段。 text与bodyText同步；sentences对象及时间、角色、索引原样保留。
261	public/nce/lessons/nce1/057.json	nce	nce1-057	An Unusual Day	passed_edited	64614d2a5f4e17755f2735f6c3de6a3dcec16fc95c113ac15351d384d9df9ef7	0d1794e801c10fc7e7e8afcc8690996699b396ee53849ad772e02e6cc43d76be	2	true	true	2026-10-07T07:39:40+00:00	3cf6e15aef5404b563177616ce1bcea598ee648c62ef2f27341be0dc992a6d8e	不寻常一天按八点、十点、四点、六点、九点五个时间场景合段，每段保留平日与今日对照的完整多句。 text与bodyText同步；sentences对象及时间、角色、索引原样保留。
262	public/nce/lessons/nce1/059.json	nce	nce1-059	Is That All	passed_edited	35fd2b2df02542cab70555dc26f3b4c744cee74681ceee59c8f963865ce141fe	9e28a40cffe1922815d3733ffb7d596f30894b494395143ce99f4f836f6eab96	2	true	true	2026-10-07T07:39:40+00:00	073d73e9d787848e06776215c67217637ca01c4aca61d90960b6a5e5fa94a684	文具购买；大号并问信纸、店主说明本子大小并询问、顾客接受并要胶水、小粉笔盒询问各自合轮；A bottle of glue为复述回话，保留独立。 text与bodyText同步；sentences对象及时间、角色、索引原样保留。
263	public/nce/lessons/nce1/061.json	nce	nce1-061	A Bad Cold	passed_edited	40a5eaaf7c416b47c5381b637e5fbea93386027cabeabb6648d2359534b4582e	33a8a1eb4bd694efba596620a58b3f6dc1bf319ca6aa6890c7c4a4ddffcb9631	2	true	true	2026-10-07T07:41:57+00:00	1c66590e95d5d905cdf910b837ec7b13fb7f22e59432216ee1510e426bad537b	Jimmy重感冒；He looks ill与叫医生的判断合轮，医生张嘴伸舌指令合轮，父母的feels/looks不同观察与其他问答保留。 text与bodyText同步；sentences对象及时间、角色、索引原样保留。
264	public/nce/lessons/nce1/063.json	nce	nce1-063	Thank You, Doctor.	passed_edited	da5fd3ece859beae75ce7c016d5d7a699872f966bffd200482d61ac72e06abdc	86049565271be0b2ce27bb7373bd687103dc3fbe16e9d17ffe5ff48479407890	2	true	true	2026-10-07T07:41:57+00:00	07ef3616f5e7699b61d6693f42824316de026d20c8951d2d699d3de634332c01	医生复诊；母亲回答感谢、邀请上楼、对Jimmy及母亲的嘱咐分段，卧床与起床时长说明、父亲也感冒的请求合为各自轮次。 text与bodyText同步；sentences对象及时间、角色、索引原样保留。
265	public/nce/lessons/nce1/065.json	nce	nce1-065	Not a Baby	passed_edited	b4b45248c85380b804b7c7aac11da723ed9db305bdf8f8aa05b5736d7708edfc	95bb0dd5d3f811dad03d85bc4bd4777e2843ba11fb98e8999af4a845431875d5	2	true	true	2026-10-07T07:41:57+00:00	1b996628676b3a60a595ba236198405c9148b8a12558b951834aa7ffe0eb7261	Jill索钥匙；父亲限时、女儿反驳请求、母亲劝说、父亲同意附限制及女儿确认感谢各轮合段。中间再见和祝玩好保持原行避免猜定轮次。 text与bodyText同步；sentences对象及时间、角色、索引原样保留。
266	public/nce/lessons/nce1/067.json	nce	nce1-067	The Weekend	passed_edited	7a13d9750c999d0b35afce8c6c4059224cbb844d746d182927e96218f771e6f3	72f34a3c28defa0e62def74c4acd51e197f8727fbfc3c54786f787deaa7583d3	2	true	true	2026-10-07T07:41:57+00:00	5e008a142eeb9e940e276bd0c3d50839acb1b6151623c135e0a6a81fddb1d027	周末闲谈；去肉店反问、没去而去菜店、缺课日期、乡下过周末计划以及重复三天并羡慕各自合轮。 text与bodyText同步；sentences对象及时间、角色、索引原样保留。
267	public/nce/lessons/nce1/069.json	nce	nce1-069	The Car Race	passed_edited	ce188ad2c7c057f33b04e43c606529bb034d9e4a9943db70b140b79c44215e98	880cf85402c79cd03bc6beae9ea9896af7d35fcb28f5f83f6164cbb9f8d40a00	2	true	true	2026-10-07T07:41:57+00:00	f73f2e340586a2772d31132d85596af86e9750010280106f066ec1a28ff65797	车赛叙事按比赛背景、到场人物照片、车辆种类、冠军冲线和归途妻子告诫分为五个多句段；恢复被字幕切开的引语。 text与bodyText同步；sentences对象及时间、角色、索引原样保留。
268	public/nce/lessons/nce1/071.json	nce	nce1-071	He's Awful	passed_edited	de345d41ff624f4df23202d2d0bf5cc574e1f9997440dc392190bd685ea2ac5d	a16a07371bd0a7faf2fe6e510e897605f080102acf5e4c42f2909a288d25dfd3	2	true	true	2026-10-07T07:41:57+00:00	ee6c85bdc461ed599efe2d7c89d56f711d397132bec057369a0c4cda5eba6cb0	Pauline诉说骚扰电话；办公室来电、老板引语、回家后电话、九点电话和冒充母亲引语分别完整合段，提问者轮次保留。 text与bodyText同步；sentences对象及时间、角色、索引原样保留。
269	public/nce/lessons/nce1/073.json	nce	nce1-073	The Way to King Street	passed_edited	26d9a363c1b63d65074b72cc70195976759450968a42e1f71f1d9a58c8da9301	07de02e5afe18a291b99d6805d83fbf48731103cdf232bc898e2b2b37b3c0d71	2	true	true	2026-10-07T07:41:58+00:00	54d8665e5f56880e632bafe02d50b600aa64c2351b1ecb84cd438c51a9d16283	Mills夫人问路；迷路、发现男子并问路、男子身份、拿短语书读答四个叙述阶段合为自然段，保留所有引语。 text与bodyText同步；sentences对象及时间、角色、索引原样保留。
270	public/nce/lessons/nce1/075.json	nce	nce1-075	Uncomfortable Shoes	passed_edited	77b39869ef3f7d4d93d85ed276beb6933359e1ffb93ed11da4a5520ee0d04a7f	7a5ec84d6b2d464b1a88d5ad37189f19c50b873cfac4204e836027e6cccb3fee	2	true	true	2026-10-07T07:41:58+00:00	37312d8e953d04932959457d01e688fe393818aaa813bb7c8e740ac7468d6bc3	买鞋；店员道歉缺货、过往流行与现款说明、不舒服鞋评价各自合轮，尺码颜色及顾客质疑保持问答。 text与bodyText同步；sentences对象及时间、角色、索引原样保留。
271	public/nce/lessons/nce1/077.json	nce	nce1-077	Terrible Toothache	passed_edited	aecf2c37c855079d9964a8ae567c06e969d3e134c3fb56189cf8537083196a22	c93de46a40a466b1990c30e12b9fe2e5a540ffa226dbf7adcf35502ceb63043b	2	true	true	2026-10-07T07:41:58+00:00	23d77765202cce22123caf1b59c41027e4e812902d214928e46f13ed7a88a471	牙痛预约；患者问候需求、急迫和牙痛解释、护士忙碌并提时间、患者嫌晚追问与护士拒绝反问合为各自轮次。 text与bodyText同步；sentences对象及时间、角色、索引原样保留。
272	public/nce/lessons/nce1/079.json	nce	nce1-079	Carol's Shopping List	passed_edited	a43c7674bef4415583ffc724d16fe1b3e988cd9bb124f78bff2927632295b455	238a12b5cbd1745720b0dbcd76c2d90d7632d70496af62361e87238595b56a01	2	true	true	2026-10-07T07:41:58+00:00	cb022e923d5329870d49a94eac9a3f692ff5fab8ad4e03c56a7c64e2d3309826	购物清单对话按杂货、蔬菜、肉类的需求说明分成完整回答段，不买啤酒葡萄酒为一轮；末尾双方谈钱保持分行。 text与bodyText同步；sentences对象及时间、角色、索引原样保留。
273	public/nce/lessons/nce1/081.json	nce	nce1-081	Roast Beef and Potatoes	passed_edited	256369f05414c88f60605824f7574442843d8298f7bd7491d54891336b4cea19	0a25c451f0545974fef25d4fa0a3180e2e31011bdfcd6f29ea52fe97681894a4	2	true	true	2026-10-07T07:41:58+00:00	94b6c94a0c492c77e77b1af3bb2931d922f026f28d67767f049a4a4989deeb5f	烤牛肉晚餐；楼上洗澡说明、招呼递烟、接受感谢、晚饭时间和午餐经历分别合轮，失望感叹及追问保留。 text与bodyText同步；sentences对象及时间、角色、索引原样保留。
274	public/nce/lessons/nce1/083.json	nce	nce1-083	Going on Holiday	passed_edited	787432d59f3710f8ae1c014d5205a508a34477ffb29e535b268ab4d4dcdfd5e2	a384a6dd6b4a1fe82066c4d13e1bf18663ca3b20f1f9ab7085e7603fa886e19c	2	true	true	2026-10-07T07:41:58+00:00	7c4ab6c3babb0ed5a09c38d4cae7aca341cea8459fcc628e654ec832beb2a82f	假期来访；问候邀请、午饭邀请与拒绝理由、喝咖啡回应、转客厅、收拾行李明日度假说明以及已休假回答按轮次合段。中文原第13行末缺标点，保留其后换行，避免与下一句粘成无界句串。 text与bodyText同步；sentences对象及时间、角色、索引原样保留。
275	public/nce/lessons/nce1/085.json	nce	nce1-085	Paris in the Spring.	passed_edited	f04994e41d90b465dfb53ee43d8ac1b9435804d2adf9bad867fb1c800dc85a78	61e5f3d23d23c9667489ebfbe4cc47269c998ef736b829885ec782f9ab64ef33	2	true	true	2026-10-07T07:41:58+00:00	ed4cc46138e7f3698b8d985026b406e9a29191dafd02f441245189ac42fb9675	春天的巴黎电影对话；去年已看、从未去并问Ken、四月去过以及天气一直下雨各自合段，电影和城市评价各行保留。 text与bodyText同步；sentences对象及时间、角色、索引原样保留。
276	public/nce/lessons/nce1/087.json	nce	nce1-087	A Car Crash	passed_edited	dbe1f4a7260c3daecec356e888191da46dac74d6394701f070de28378c730ffa	b558436a7d758e8ecf1703b67758c1c0a3680dbef96049dc2e70ff4b31ca8cc9	2	true	true	2026-10-07T07:41:58+00:00	2e4972256ee44fdce3f9cd0c19fa481950b34a151b313bb293ac246d2c00f5d2	维修撞毁汽车；不知道并问车牌、仍在修并邀看车、撞灯柱并问能否修复及建议换车各自合轮。 text与bodyText同步；sentences对象及时间、角色、索引原样保留。
277	public/nce/lessons/nce1/089.json	nce	nce1-089	For Sale	passed_edited	9d6c1433d167b06c899a7749928fb80e3d596628f08489216e7ffdc2c72d820d	a4c69aee2ffe214c40ae5f84dc6097c1ccaa667840e5a34da5ea0603b2665791	2	true	true	2026-10-07T07:41:58+00:00	f17852c9daa4ec17fd7ddc88539468971993a3efd30a2030a1ead48fba00bdb3	看待售房；买家开场、邀请入内、二十年惊叹、退休购乡下小屋原因以及须妻子先看各自合段。 text与bodyText同步；sentences对象及时间、角色、索引原样保留。
278	public/nce/lessons/nce1/091.json	nce	nce1-091	Poor Ian	passed_edited	9b5508fb0be05246d04757f5f36968ee823c55e5528468dec773d37bf87824cc	d47ce705585c0810794c3076cc9eec942508a23e3742c3e178a46ccc1f1d2c8a	2	true	true	2026-10-07T07:41:58+00:00	23e707f14c4ec87852ffd8e066ce105d4a687637ae41f2e94c4edba16b89efb7	Ian搬家；售房时间、仍在且明天搬、好邻居的怀念和友善的评价分成完整话轮，结尾妻子想搬的回答独立。 text与bodyText同步；sentences对象及时间、角色、索引原样保留。
279	public/nce/lessons/nce1/093.json	nce	nce1-093	Our New Neighbour	passed_edited	b165fea1c6d88d9f71e72629cfbd053b46262b2dd7d04e07fa2396270266a879	b6b5eb390ca1cb75d9e6f099ea21159c733e482cd4ba1a6a9dc660a20b46c231	2	true	true	2026-10-07T07:41:59+00:00	fc6d0208e95f29da25a4d2af985bee182f7c56542cee263338232de72f47ef3d	新邻居飞行员简介按身份、未来航程、当前西班牙与归期、周游世界幸运、妻子留家对比合为自然段。 text与bodyText同步；sentences对象及时间、角色、索引原样保留。
280	public/nce/lessons/nce1/095.json	nce	nce1-095	Tickets, Please.	passed_edited	0e36bdadff571321c29f7735625a0a8fba7e017d5448373c52d97c611e49124c	277ac60e30b598a7b814c14f6d9aff054895634cd9c726e639ce461a64e5d2b0	2	true	true	2026-10-07T07:41:59+00:00	8528d06a4b9ec5ac95be7c0135a20642b784ab37eaf5ee97494924721c1f1311	买票误车；索票问时间、站台方向、时间充裕判断、喝酒建议、惊讶报时及慢钟解释合轮；两人间复述开车时间不跨轮合并。 text与bodyText同步；sentences对象及时间、角色、索引原样保留。
281	public/nce/lessons/nce1/097.json	nce	nce1-097	A Small Blue Case	passed_edited	3a6718b0fee61cc0049365e77078a817c386ed8883d8f0e3a763203a5d45777d	5b2686d9f732c65edb7c1b29849c78a3bd94100eb376fc1307eea5d9343a0a6c	2	true	true	2026-10-07T07:41:59+00:00	56a298ca12129c639be62bda4bf9bb15aa9528de4d6b2c9b19057b4f396776fc	遗失蓝箱认领；箱子及标签描述、提出另一箱、核对标签收费与最后认错箱投诉各自合段。 text与bodyText同步；sentences对象及时间、角色、索引原样保留。
282	public/nce/lessons/nce1/099.json	nce	nce1-099	Ow	passed_edited	d3e9f024cd98ede38a8ed9f79eed8fa837684fa919a3021b3768fb37786d9820	ba9dea634ea8b49e6d331e41ffaabafd98524d2863e8d8335a3803c7ae03c454	2	true	true	2026-10-07T07:41:59+00:00	ab752a603e4779f3a2954964b19f9c1acb1842c183df0e2648f0fc5bfaf4a52f	Andy摔伤；确认背伤、Lucy扶起指令、起不来说明、联系医生及电话后回话分别合段，电话前后情境保留断开。 text与bodyText同步；sentences对象及时间、角色、索引原样保留。
283	public/nce/lessons/nce1/101.json	nce	nce1-101	A Card From Jimmy	passed_edited	b9f3838e9b1c1f7cf4f1875ade7d11efacb38e481f432050ad07c8d8ed221637	e2f95c577195a282259266a41e9a1a423465d10e1bba5ab785060b4c7fb0914b	2	true	true	2026-10-07T07:49:02+00:00	1849a27008010aff826eb615ca980da7e3a5394b4d2676d6bb11d325115da2d4	Jimmy明信片；Penny转述到达及旅舍身份、YHA展开、卡片的将写信问候、祖母听不清请求及嫌文字少各按话轮合段，Love Jimmy署名独立。 text与bodyText同步；sentences对象及时间、角色、索引原样保留。
284	public/nce/lessons/nce1/103.json	nce	nce1-103	The French Test	passed_edited	86db3494012cfa56371872e0b0580209d50977fb48666284fd92d31dc42d427d	5fecfe373bfb842a54e3ea39955817d4a67ca47c399958ad59378c2126e06a5c	2	true	true	2026-10-07T07:49:02+00:00	a3a2a74437103711b94ed3555c2656159a622ad4d6febd3100a5ddadd23f6196	考后对话；英语数学回答、担心不及格、法语答题情况、抱怨法语、安慰并介绍邻座及结尾白卷笑话各自合轮，Yes追问独立。 text与bodyText同步；sentences对象及时间、角色、索引原样保留。
285	public/nce/lessons/nce1/105.json	nce	nce1-105	Full of Mistakes	passed_edited	27414772ce84072ae0c4bb407dc293d9340408134c004d301801da7dd5e375e8	14f886ebf26d24f2c2153ecd6ac2357e347bdb019241c1301e89958be26f6e74	2	true	true	2026-10-07T07:49:02+00:00	356492b748f461755a58be86af139e468a1b43ae34764f6ed39a85874284a8f1	Sandra打字错误；找人指令、叫她来、拼写提问、错误说明重打要求、道歉回应及送字典说明合为各自话轮，拼字行保留。 text与bodyText同步；sentences对象及时间、角色、索引原样保留。
286	public/nce/lessons/nce1/107.json	nce	nce1-107	It's Too Small.	passed_edited	2d6bac243373f2de361d4b8dab8df9dcf44a8c6ec988185ec0f8278867bbd266	2fdb7fe7bf21d05d5bdc8ba75d3567605b14f07521d4ae65b6f261a67137411f	2	true	true	2026-10-07T07:49:03+00:00	b5462f68788926b35cb90c1591d5c1756c4af05ea0e62af6effcf7947583a53c	试裙；顾客喜爱但太小、店员推荐试穿、绿裙不合适、蓝裙尺码请求及无更大号说明合段，试穿前后保留场景边界。 text与bodyText同步；sentences对象及时间、角色、索引原样保留。
287	public/nce/lessons/nce1/109.json	nce	nce1-109	A Good Idea	passed_edited	76cc6fdc709813f608328ec8d554d9377ab25d74b86896bbcd268177a224780a	0dedc43f577d533f7a09a8f1a8ab0d5058aaa93fcf48a967c32d44e32ced29e1	2	true	true	2026-10-07T07:49:03+00:00	bb213154b53a425456831a5628c8115be2ef343740c7047ccc1e0242bc247099	咖啡和香烟；加奶询问、糖量询问与回答、续咖啡索烟、给烟说明和饼干劝告各自合轮；遗憾与不要紧接话保留分行。 text与bodyText同步；sentences对象及时间、角色、索引原样保留。
288	public/nce/lessons/nce1/111.json	nce	nce1-111	The Most Expensive Model	passed_edited	6de16a03e6864f1b841c763ae347c2a9b990a6d6ac85702fd3f214c1ba313c7f	e54bcc9344e6d3af3fc690d24ef306c3a8d4339ad5812cdc71e9bee7efb1eb75	2	true	true	2026-10-07T07:49:03+00:00	d7823c41ccc9f9aec6bd288029357a84a704d00ec8a54367124ea77613f3c4b3	电视机价格；询价、最贵型号报价、买不起、较低价型号介绍、分期请求、付款条件及妻子抱怨各自合轮，结尾百万富翁回应独立。 text与bodyText同步；sentences对象及时间、角色、索引原样保留。
289	public/nce/lessons/nce1/113.json	nce	nce1-113	Small Change	passed_edited	40c327b4c50242cac5f84db14a6827f011977a203d2712e053b8018a9d965b22	b8ac9197f6b028ea5d757327fc2f34f0a89cf0807b7f15f5ef23f6bb5afeedd3	2	true	true	2026-10-07T07:49:03+00:00	4dcacb9673902bc4d2032f03b61597d3399e80683ffbcabe1c57db375abc90d0	车上找零钱；售票员无法找十镑、乘客无零钱句、另一乘客回答和下车要求合段。询问不同乘客及孩子接话均保持独立轮次。 text与bodyText同步；sentences对象及时间、角色、索引原样保留。
290	public/nce/lessons/nce1/115.json	nce	nce1-115	Knock, Knock	passed_edited	8b11db3eb47b14eb59e90a6e6ddd4f98ba971bcdc79e921fffbf5e2741087b54	e686e1f741a8eaab708f1a3fd0748639ad19ce687774cdf95a0b72a157dc3890	2	true	true	2026-10-07T07:49:03+00:00	4b26c2c6e5d387f2df033980fb6d7c170f59d378b2742f23ae6d9cb43f615724	敲门赴宴；安静无人推测、受邀反驳、看窗请求、主人邀请、客人索啤酒、无啤酒玩笑及Tom揭穿合轮，前后门行动保留切换。 text与bodyText同步；sentences对象及时间、角色、索引原样保留。
291	public/nce/lessons/nce1/117.json	nce	nce1-117	Tommy's Breakfast	passed_edited	11889e75fc13787bd12da0ebc4f7934ba1dea0e1c7a62583a41a0e72fb96d38a	4186add65e23743cad5da3630fdaa671e2061429a84693213c2af59a44ff8f7c	2	true	true	2026-10-07T07:49:04+00:00	c991b7cc4fad416de29a130607d398b67298d3112947dcd98044ddefd469205c	Tommy吞硬币；硬币散落、孩子吞币、稍晚丈夫致电及妻子回答四段，恢复While从句与主句及结尾引语。 text与bodyText同步；sentences对象及时间、角色、索引原样保留。
292	public/nce/lessons/nce1/119.json	nce	nce1-119	A True Story	passed_edited	9e4d97231c8c3d4b62a538c10c46e44477b6c56ee70def4ebca863da14e00299	59cd7c3b567799828fc698b51173ab25295a2d9588f87cc956100f2a1afb69bb	2	true	true	2026-10-07T07:49:04+00:00	10ebdf2644ea8091120f40cd63629de25a1893580369b647e0f30180462b9ffc	鹦鹉吓走窃贼；开篇引入、窃贼进屋、闻声逃走、George查看、鹦鹉问话及George答复六段，末尾两角色各自保留。 text与bodyText同步；sentences对象及时间、角色、索引原样保留。
293	public/nce/lessons/nce1/121.json	nce	nce1-121	The Man in a Hat	passed_edited	5126ea7473eaf2171d54167c29c9a0a9ce85df4fdb31ce47de2588f6ad332c8e	c6eeb523a45393f642362190c054bab8097743bc3672ad216b3fb48841ce67e9	2	true	true	2026-10-07T07:49:04+00:00	2afb256e71a7ee379fdf2124c141c1f9b11fd75249892d92b4676e92f2f06785	戴帽子的顾客认领词典；店员转述、Caroline回忆帽子、最后认出顾客各自合轮，试戴帽子前后问答保留。 text与bodyText同步；sentences对象及时间、角色、索引原样保留。
294	public/nce/lessons/nce1/123.json	nce	nce1-123	A Trip to Australia	passed_edited	a5e9d8f210d77cdc670942b5216eb35833ad8d72eb138b5cc0417e09c477196d	10c0b560a59bcca9f42fe27383717f98857938dcccecf6a8e0d0c6e2c878e8e5	2	true	true	2026-10-07T07:49:04+00:00	0b4114078f5910a12888212b3e631189e27707d5c355f3c8e7a8c376d68bb60b	澳洲照片对话；展示照片、索看评价提问、人物船只介绍、追问人物、回忆工作邀请和胡子解释各按轮次合并。 text与bodyText同步；sentences对象及时间、角色、索引原样保留。
295	public/nce/lessons/nce1/125.json	nce	nce1-125	Tea for Two	passed_edited	0288de2521e9684316eab064dcc4128e7694863fa90253626775f60a671e85fd	6d65f8ae5eb2a26188fcf28cd747567e25a840b95004dfbdc4b719a18845630b	2	true	true	2026-10-07T07:49:04+00:00	80510aab813a4c58fe348efe2e6eae4acefc3073795b84b9decbc1e27e2408bb	浇花与喝茶；必须浇水、干旱说明、去年回忆、完工惊讶、看窗指示、下雨免浇和喝茶结语合轮。题干译文疑似不对应属于文字校勘，原样保留。 text与bodyText同步；sentences对象及时间、角色、索引原样保留。
296	public/nce/lessons/nce1/127.json	nce	nce1-127	A Famous Actress	passed_edited	46bf81c6267cee3f637a07820b375c3e3b35d37d6b82dbd12ce4ed1998cbd086	f8b55bf93431e824caca90215d1a9e6b6b1f2faf6fc5bcdcea5ecb094eb482a7	2	true	true	2026-10-07T07:49:04+00:00	c5e4191971ca8a06a809f914106da71392ac110da57a01c0f8b8ede0e5d8bc9f	辨认女演员；人物确认、身旁人追问、演员怀疑再看、丈夫次数及显老、年龄推测和自己29岁反驳各自合轮。 text与bodyText同步；sentences对象及时间、角色、索引原样保留。
297	public/nce/lessons/nce1/129.json	nce	nce1-129	Seventy Miles an Hour	passed_edited	b1573f866b822639664310f0f6924e30e6cc6f6c72acb6a21d4418bfeb03546d	9f6ca59fec5b8099e0ec32a1f80e6b7315babfcd1b362772b3ba88e3de9dfe28	2	true	true	2026-10-07T07:49:04+00:00	eb0a91808340269e809eb18157e5f646a43ba88107a08f49563d5da09be12a1a	超速警告；妻子提醒、警察质问、司机说八十、未见限速理由、妻子插话、警告及致谢承诺合轮，最终夫妻问答保留。 text与bodyText同步；sentences对象及时间、角色、索引原样保留。
298	public/nce/lessons/nce1/131.json	nce	nce1-131	Don't be So Sure	passed_edited	539009095356e41f15eb9d3c5427a52e07e3d96cf41ddc19199ff3add36d8287	9ad6947a96ab8fbbe2f5b03429778048bff604c058fbcbc6d768fea303869c6a	2	true	true	2026-10-07T07:49:04+00:00	7986b7b99ccf5bde9e9fcb8aceb450c04a36b0bce2e5d2f52257792d7f0478fd	未定假期；埃及意愿、船费、朋友提醒祝愿、不能成行说明、照料狗房屋花园三个问题、每年留家结局各成自然话段。 text与bodyText同步；sentences对象及时间、角色、索引原样保留。
299	public/nce/lessons/nce1/133.json	nce	nce1-133	Sensational News	passed_edited	079054d788172578a8013248af970d96241129f7e6eee39d18336a147352c017	5a7bf4e1a38aab2133ca483a7966cc18f5b75855d7fec127560a57ad1727f463	2	true	true	2026-10-07T07:49:04+00:00	c26fd2642cbaa3894b93de7d197ae0f7bc4e7d0869177efe49bd9da21a1b39a5	女演员退休新闻；拒绝拍片理由及读报提示合轮，报纸标题与记者署名保留独立，抵达着装和退休报道各成完整段。 text与bodyText同步；sentences对象及时间、角色、索引原样保留。
300	public/nce/lessons/nce1/135.json	nce	nce1-135	The Latest Report	passed_edited	6aa97304f14038a53a0c978bb05ba098144b3008299426b793c10988a1523848	f16461c2fc08863b64b2786ac1865af6c6c3131af19e822829132957e9d2434f	2	true	true	2026-10-07T07:49:04+00:00	28ef1d12feee940a946aa22f61ff4b47a7ff28e4226791f83f823ab3341fb4c8	退休续报；未婚夫限制与介绍合为各自回答，报纸标题独立，报道正文合自然段，末尾第六任丈夫笑话同轮。 text与bodyText同步；sentences对象及时间、角色、索引原样保留。
301	public/nce/lessons/nce1/137.json	nce	nce1-137	A Pleasant Dream	passed_edited	b8dcc61985d8db16bedfc222c99ab4ec1192bce767aeb679baf979742f3009d4	4d484f22a8554b1cfc737aa6e2b0d03655893cbd0d593bf93c25db4cde4754fd	2	true	true	2026-10-07T07:49:05+00:00	3bd0491c3f1c875adaa1dba6d861869c46c5508c720eba309737183b40aba13d	足球彩票梦想；确信中奖、质疑追问、不要貂衣想旅行、旅行置屋畅想及花光再穷的忧虑各自合輪，结尾回应保持独立。 text与bodyText同步；sentences对象及时间、角色、索引原样保留。
302	public/nce/lessons/nce1/139.json	nce	nce1-139	Is That You, John	passed_edited	846a44099329cdbc861c144958f2b9c4da715bcad3ed9cc9d264881c7cdd45e3	5f5bd5a47fe1321c3c6f2ab0beb6d3bdfde8423f4448611de72a5cd978866da1	2	true	true	2026-10-07T07:49:05+00:00	1cd77a78edc272fd47b8143861186875874530904cdde2b7a18de0d9f08d454a	打错John Smith电话；晚宴邀请和加班原因的连续说明合段，顺便帮忙另起话题，最后电话工程师自明身份合段，其余核实问答保留。 text与bodyText同步；sentences对象及时间、角色、索引原样保留。
303	public/nce/lessons/nce1/141.json	nce	nce1-141	Sally's First Train Ride	passed_edited	ad485bc69a6c8f4fd6a04165e4c7610d769899d4770260c36984825ac09a8deb	c44788a5e19e201148daf59e3599128442143de546db6ae0493a5b2ee2c3f94b	2	true	true	2026-10-07T07:49:05+00:00	f5387498540864f8a6596cc171808f6564d0af568709e8844d12c0f2e2a7f701	Sally初次坐火车；赴宴旅途背景、女士上车和外貌、化妆动作分别合自然段，女孩提问及女士回答分开，末尾冒犯评语与母亲尴尬合段。 text与bodyText同步；sentences对象及时间、角色、索引原样保留。
304	public/nce/lessons/nce1/143.json	nce	nce1-143	A Walk Through the Woods	passed_edited	9746d41eddb167bbf5cf56f7cf57f43cc86da18a5860cce09e8919e4859142ea	df0f5edcef87066a457e3241ddbdca02d0b9382ce669b99dfbdfaea2687a77c8	2	true	true	2026-10-07T07:49:05+00:00	02476b55791e5977f64066f62aa04402755d601302198c35977416e9e12c5298	树林垃圾；风景小镇介绍、保洁要求落空、散步见垃圾三组自然段，末尾垃圾中的告示独立形成讽刺收束。 text与bodyText同步；sentences对象及时间、角色、索引原样保留。
305	public/nce/lessons/nce2/001.json	nce	nce2-001	A Private Conversation	passed_edited	2585c78eec2f217c8c80f5e0ade2b69faa1fdddf7a63f64aa440ec24701d3ea5	6b1be59b1a9a9729be6368f995234ccc8780c1da3739b599264b782f6a6095bb	2	true	true	2026-10-07T07:49:05+00:00	a9454787d1962a00d1ab979ab5b39e5029a92fa118816a67e62e48de1b100291	剧院争执按观剧背景、身后说话与愤怒、作者抗议、年轻人反驳四个自然段；末尾同人引语合并。 text与bodyText同步；sentences对象及时间、角色、索引原样保留。
306	public/nce/lessons/nce2/002.json	nce	nce2-002	Breakfast or Lunch?	passed_edited	4131aa9eceb752b689b1731a67cf1d94bb3fb761a5ba55d2f753f05105ae2331	8536b050815ad417d96014e2ae457657391b92af50bc909c660ccca0821da4d2	2	true	true	2026-10-07T07:49:05+00:00	4e93a4cb39610dc1ba3fa2ad60896a387042c884c416ec32b7d247fa7d1d372c	周日起晚；习惯、当天窗外与自语、阿姨来电开场、阿姨惊讶的完整引语各成段，中间问答保留轮次。 text与bodyText同步；sentences对象及时间、角色、索引原样保留。
307	public/nce/lessons/nce2/003.json	nce	nce2-003	Please Send Me a Card	passed_edited	7864ae1cfd2bfd482ae7ab26670a25678b5c8cb857bbc0556b3ef7ee13058dc6	b003cc552d22a74ee7694b104e613ddcd19119b7c5c1315840a62d9bd5ab8043	2	true	true	2026-10-07T07:49:05+00:00	b8eca891181f3e5a1afb3d7c8b62b1b644fae9a799c88bae42d03f3486b5514f	明信片烦恼；意大利游览学语言、天天惦记却没寄、末日买卡仍没写三个自然段，开篇概括独立。 text与bodyText同步；sentences对象及时间、角色、索引原样保留。
308	public/nce/lessons/nce2/004.json	nce	nce2-004	An Exciting Trip	passed_edited	ee709375c78572a3fa23d8e51a9032a1ac72023de6019e4909bf7324aaa4c938	2b5a59a3850dc66f6212f3e5d1dcb764e7d52f9f21c28814fe6cbd88f42e3732	2	true	true	2026-10-07T07:49:05+00:00	6ad14b092511c2641cc408542352c6c786a2470b6c32cbf4bb1a71e6d6b4936d	兄长澳洲旅行；来信及工作背景合段，买车赴爱丽丝泉至珀斯的路线合段，首次出国兴奋作结。 text与bodyText同步；sentences对象及时间、角色、索引原样保留。
309	public/nce/lessons/nce2/005.json	nce	nce2-005	No Wrong Numbers	passed_edited	903c207e8d329f81af33809fe74f7bd5d941096f706330521a15b461f899f2e2	87de01c11d0ecffbe1079a899b484881b9fe0f053d32504bc2082f7cb7c9578f	2	true	true	2026-10-07T07:49:06+00:00	e69585cebe872fb7e28725400942068d81bd965497b98006da862d6be7551ea7	鸽子通信；两车库无电话的原因、首次运送、至今私人电话服务三段，恢复Up to now被切开的主句。 text与bodyText同步；sentences对象及时间、角色、索引原样保留。
310	public/nce/lessons/nce2/006.json	nce	nce2-006	Percy Buttons	passed_edited	b6085123300e2450a651d9696156e7c37369be246e1f0c689b8a4ef176257ca0	e9afc524105fc098883db1191ba50f825a01f0899a791e2ccf3a95e0d3b963e8	2	true	true	2026-10-07T07:49:06+00:00	d21ccc804109582a47c9c08bed92485d8871bc7f37db1c890d98717717698fb8	Percy乞讨；初来与索食表演、用餐离开、邻居介绍月度拜访三段。 text与bodyText同步；sentences对象及时间、角色、索引原样保留。
311	public/nce/lessons/nce2/007.json	nce	nce2-007	Too Late	passed_edited	cf713b42777f17c51307e02aa9262e84663ef46c021655633cf3eaff85f8d443	d5d2738937d1b0362d551e1fda0b6e9182e1ec79d4e8cd7865dc1e3f3a96e08b	2	true	true	2026-10-07T07:49:06+00:00	b0afa0ac69eeea45601ed3c0af772740b610cd824b49d229c74fdb0b38ec9427	钻石包裹；警察等候背景、飞机到达与搬包裹、守卫开包发现石沙三段。 text与bodyText同步；sentences对象及时间、角色、索引原样保留。
312	public/nce/lessons/nce2/008.json	nce	nce2-008	The Best and the Worst	passed_edited	d527ec71829d7689165266afc8d04b8e666b82e65303dd8f8f4e2c8a8bded34c	423694e17b57f84dbef81d20cfd22ef71e03a0bf0cdf85c7f0c471d4eb3de6de	2	true	true	2026-10-07T07:49:06+00:00	d5fe7119863d88ab8919e34ac247bd89b382df7addb7cba05539cb5135ed04b4	花园比赛；Joe常胜、与Bill对比及作者最差花园三段，恢复enters for和Every year两处断句。 text与bodyText同步；sentences对象及时间、角色、索引原样保留。
313	public/nce/lessons/nce2/009.json	nce	nce2-009	A Cold Welcome	passed_edited	a537b338a1eb8d98d36610c9f3cd1ca64b457ac098e97bb1dd4c69ae60cc7b54	bac10da1519eeae3f2a37c78ed4a7d332906ae0dad47fd383911250ef9ec1c09	2	true	true	2026-10-07T07:49:06+00:00	662ea44f5bb160c798091af4a68ec1866111a5da9b8f98df87cc7eb6fe253807	跨年停钟；聚集等待、停摆、有人提醒和众人笑唱四段，完整保留两句喊话。 text与bodyText同步；sentences对象及时间、角色、索引原样保留。
314	public/nce/lessons/nce2/010.json	nce	nce2-010	Not for Jazz	passed_edited	4b41264d5c0d603536b9a0aa3290eb27622d7446e4987f707483a923211aeeeb	7c271b2bb49d8e1e0abd1f0d542a686267d1e3f42e412293159e2b1ff562dc3f	2	true	true	2026-10-07T07:49:06+00:00	bfc01b0a7eeef6be01e21226ff3942f42b23dabed4a0aad452f3911a97680b63	古钢琴；乐器来历、访客弹爵士损坏及当前禁碰维修三段，器名和年份原样。 text与bodyText同步；sentences对象及时间、角色、索引原样保留。
315	public/nce/lessons/nce2/011.json	nce	nce2-011	One Good Turn Deserves Another	passed_edited	2125c3d7e148a1187e67a465836224e58976aafb45d1c9aa1d8bfdf8e80a4f08	637f8e5f9ce216d344b090b36be950b30edc835787db3c31bac19eabaf0c2547	2	true	true	2026-10-07T07:49:06+00:00	f7d697cba2ff53f6e6f0f21b7af05600f7d42482db5c3d8bef6c9f434473e70e	Tony借钱；餐馆相遇和借钱习惯、主动借二十镑、Tony要求付饭钱引语三段，恢复引语和说话者间切断。 text与bodyText同步；sentences对象及时间、角色、索引原样保留。
316	public/nce/lessons/nce2/012.json	nce	nce2-012	Goodbye and Good Luck	passed_edited	22206a038593591c47d7d2bf99bf7843f75834e784da8be25454f60cd10db676	385df606e77243342220856a811c6cac6b7452cc8e56188b752de111cae3ce71	2	true	true	2026-10-07T07:49:06+00:00	98b053a6a4c64e4d64cd58d20b6dd449d53591c0ae1284e627c01284428001a1	送别船长；出发与帆船来历、港口告别安排、两月跨洋赛与自豪三段。 text与bodyText同步；sentences对象及时间、角色、索引原样保留。
317	public/nce/lessons/nce2/013.json	nce	nce2-013	The Greenwood Boys	passed_edited	d01973f861ac095bd272e84caca78740e61ed4591d5c4dc1289b3ca5045a1065	ebb7649ebbfe1b58c92a65169fa2a596872f3d5735c80a3efbe42e7b9e4b8845	2	true	true	2026-10-07T07:49:07+00:00	fa6166c1c47c466b19bf4874b8f74fe3abc9470e7ece0f37f4b716367f297951	流行组合；巡演到达与迎接、五日五场演出、警方维持秩序三段。 text与bodyText同步；sentences对象及时间、角色、索引原样保留。
318	public/nce/lessons/nce2/014.json	nce	nce2-014	Do You Speak English	passed_edited	85531f57c1fabdcb102dde8104c2ceebc52e17049db799baadb18606b70a2d81	09c768bc9596402816d41aba437e79d0b52c7565952121703736d43640ebc225	2	true	true	2026-10-07T07:49:07+00:00	ff748609839631c25677a05f862ba3a0b7249924318d3e444c4589f7475d93a8	法国搭车；旅途接客、法语寒暄后沉默、临近城镇英语提问和身份揭示三段；中文原1与2重复属文字校勘保留。 text与bodyText同步；sentences对象及时间、角色、索引原样保留。
319	public/nce/lessons/nce2/015.json	nce	nce2-015	Good News	passed_edited	aeaba3e020c642459c3ae8cd5ae40314d0c6a7ac4fe6c67ee4aec104c7e1757a	1f421c510d4006a062bb6b8011de0e8e60fc9159e3ceaebae12c7d73bbb0e8dc	2	true	true	2026-10-07T07:50:51+00:00	9ec5c96f794247e891baaefcc403087839964f91c39b4821bac2cafa36be063e	加薪消息；紧张进办公室、经营不佳担心失业、老板打断后宣布加薪，作者试图插话独立。 text与bodyText同步；sentences对象及时间、角色、索引原样保留。
320	public/nce/lessons/nce2/016.json	nce	nce2-016	A Polite Request	passed_edited	73d9539afd4574102f53853b88e9b76d602b4df4153619bd13b9fdbecae5adf1	a6ff09152ea23f5a8c445ec91bb4b92696195c76e882bd08e9c3502b681bf8d8	2	true	true	2026-10-07T07:50:51+00:00	8aa305b8bbf032f0a6a91be8a7b674e0b8301fab7d08579a2b8eb8fd796de715	停车礼貌便条；常见罚单与反例概述、瑞典发现便条、完整纸条三段，保留最后评论，恢复During从句。 text与bodyText同步；sentences对象及时间、角色、索引原样保留。
321	public/nce/lessons/nce2/017.json	nce	nce2-017	Always Young	passed_edited	55a504ac6c49d8fd10f43f824a12620ca1a4dd7153d5d7a6ecc7da11944eab61	ab7e5699b985154e491220710dd6a9757fc9592ba9d84b9dc917e0d3590c11c8	2	true	true	2026-10-07T07:50:51+00:00	897d90d879dd53ac313e09d43a99bbbe6cb4d9a872218371bfd1d94f31508609	姑妈扮少女；年龄和舞台形象概述、新旧戏服对比两个自然段，拒报年龄引语作为结尾独立。 text与bodyText同步；sentences对象及时间、角色、索引原样保留。
322	public/nce/lessons/nce2/018.json	nce	nce2-018	He Often does This	passed_edited	eab52aa071ca6dd3405fd80278915de4f8eca5c9ec26f12434474052de376e75	26be022a2fe770eecd8c3e6c6ba80df6c57800acb0dcda342405328b305cf63e	2	true	true	2026-10-07T07:50:51+00:00	44dc2de5cf95af85f8f1ebe41f20bc1f1b5b3e5c278b9905d55332ccea358b61	酒吧失包；寻包、店主问候、取回包与解释狗的习惯各成段，作者无法付账回答单独保留。 text与bodyText同步；sentences对象及时间、角色、索引原样保留。
323	public/nce/lessons/nce2/019.json	nce	nce2-019	Sold Out	passed_edited	81c0b46c1ea5e6d49f8417103e6856a72322168579af95c1ef7c1f991777b4b5	8f5edf3f2eb3b258177dceabca90fc1529b3c482e4ed7b6dd3a04c048bb48cd7	2	true	true	2026-10-07T07:50:51+00:00	338647c1f09e483e71138c0e9121722274febcc3af9a081fb4fc9233ce24258c	买到下周票；各角色动作与对应提问合段，售票员对日期与是否仍要的回复完整合轮，不合并不同角色。 text与bodyText同步；sentences对象及时间、角色、索引原样保留。
324	public/nce/lessons/nce2/020.json	nce	nce2-020	One Man in a Boat	passed_edited	80aef84da98a0026932352087b729ea86041885925daa4b0d6404f6f9c486a3e	d6e823969e6a7925a9523c30b34c1b2d7c62448e3f9dba758b34efd0dd886090	2	true	true	2026-10-07T07:50:51+00:00	528cf9f831f8973b06ae636a1652f48f38ca224205ae878c7e8901f8c81c2b68	钓鱼乐趣；个人爱好、别人钓垃圾与自己空手、最后说明享受闲坐三段，朋友劝告独立，恢复After从句。 text与bodyText同步；sentences对象及时间、角色、索引原样保留。
325	public/nce/lessons/nce2/021.json	nce	nce2-021	Mad or Not	passed_edited	38a43b37f7ae7a4a5130582995dd308b3eafe1c72a35295377f518d849702a55	327b003346135f7445e90ca11dc1d57e55641c7e1b95a73e948f56277aff7d69	2	true	true	2026-10-07T07:50:51+00:00	1c55dab784562371cd140f6cbec39c66c601fdc0f33edfcaddb511a816062136	机场噪音；机场背景、居民迁走与留居恐惧、坚持不走及疯癫评价三段。 text与bodyText同步；sentences对象及时间、角色、索引原样保留。
326	public/nce/lessons/nce2/022.json	nce	nce2-022	A Glass Envelope	passed_edited	16f567d3ba2c49829afbf3f1150d305eff98828d57b0e9dce3c03a2036b89d24	b35bab0ef9740cbbe1e7f1fabc9d5d0ab4fa1473e3d9b74bb7c495c79dea05ce	2	true	true	2026-10-07T07:50:52+00:00	53259a4b17807dc2bf4ccfb4f8ea1f19f17aae1cb1ed1915fe377eabc2f7377a	漂流瓶通信；投瓶到荷兰回信合叙事段，如今用邮局及速度评价合结尾段，意外收信开篇独立。 text与bodyText同步；sentences对象及时间、角色、索引原样保留。
327	public/nce/lessons/nce2/023.json	nce	nce2-023	A New House	passed_edited	7251beb80a3280bc857858ac60ea09eef1226402d22e045f790bb8e4add033eb	70bf9c7c2f944aec439baba83d13c68628a65627da51fba4a53976b5e993ce29	2	true	true	2026-10-07T07:50:52+00:00	d97b8e1360cc3f4c48914131af14da936e375db2b608a89523bd3332c87f223d	姐姐来信与现代新房；回英消息、建房惊喜、邀请居住及房屋特点三段。 text与bodyText同步；sentences对象及时间、角色、索引原样保留。
328	public/nce/lessons/nce2/024.json	nce	nce2-024	It Could be Worse	passed_edited	3a7bd381c70c178d828958d8910e20f007d0e298ed6cc1a0800184d7c0d92226	14cbe4febefed9e9eec7fb9196745d6efe69589da727d9aca431db603b4c0f93	2	true	true	2026-10-07T07:50:52+00:00	9054cc5c5f1ee20367f52f20829602739a2fe73022c9537e0762822715b32443	旅馆丢钱；作者陈述、经理抱怨、女孩交回信封各成段，末尾作者感叹独立；text引号前多余空格同步为bodyText。 text与bodyText同步；sentences对象及时间、角色、索引原样保留。
329	public/nce/lessons/nce2/025.json	nce	nce2-025	Do the English Speak English	passed_edited	649a82e3cbf7fc372eb1e5305fb1cb54dc41595c879088cbbe6eb7d6ef2fe4c0	dcc4d5c2b31cb914a395aaa1719c6e78a4e429f440128c3b0f9b83ce488fc0bf	2	true	true	2026-10-07T07:50:52+00:00	4ff151569db74c38f0f1a1915caae8b59e8671bce68a6395981ee3da8a9ac36b	车站问路；到达求助、双方听不懂、放慢仍困惑、搬运工鼓励及作者反思分段，作者外国人插话独立。 text与bodyText同步；sentences对象及时间、角色、索引原样保留。
330	public/nce/lessons/nce2/026.json	nce	nce2-026	The Best Art Critics	passed_edited	134f28f015b54a4888dc66e4af3ab6bc71594dcd01cf828920a26bd85d46201c	4aa813c5e7dc93730d9a7ca32a6d66ae248e64ae23fdc322da62b67271990c99	2	true	true	2026-10-07T07:50:52+00:00	2c85c48fb2c9d1d0ef8a4807a7991228a4de6631d7d66cf0da14d460ebffe389	艺术评论；现代画观点、儿童理解、妹妹来问、挑评倒挂、作者确认各成段。中文2与3近似重复属校勘保留。 text与bodyText同步；sentences对象及时间、角色、索引原样保留。
331	public/nce/lessons/nce2/027.json	nce	nce2-027	A Wet Night	passed_edited	fb67561166e6730aa53a5c33aa46b7bbf4b454dbaa86119121cfca1b4f38d323	f300e6f86e481ed590d856b1138ae5db8ef44db9ee078b8ec76e2d426aea84bd	2	true	true	2026-10-07T07:50:53+00:00	24e37ffa7f48e81fe18690f8d225691375f6a94616cdc976841feea7de97c53a	露营雨夜；搭帐做饭唱歌、下雨入睡、半夜进水及发现溪流三个自然段。 text与bodyText同步；sentences对象及时间、角色、索引原样保留。
332	public/nce/lessons/nce2/028.json	nce	nce2-028	No Parking	passed_edited	530c10a6636fb1b1c984d81d01acf03d86dd649596628c334d7843e0c4c0d844	4f279cb9a345907fbbb9428edd9b3f920310d0718af009a4ba9eb05e69a26547	2	true	true	2026-10-07T07:50:53+00:00	c237c8a75882dc11392229a6a7c75746df9a4c831c1bb2badcbbc41ae02eb7db	门前停车与美杜莎；人物及堵门困扰、禁停无效改装石像、期望落空三个自然段。 text与bodyText同步；sentences对象及时间、角色、索引原样保留。
333	public/nce/lessons/nce2/029.json	nce	nce2-029	Taxi	passed_edited	ca63c6399e2e57e8a318fb8ecb6812f60ebfae8eadbc56dd6618f8de6a6656d8	2970598eabda75a4d38e0a93c68a08a987929dcf27e90c1b4bfb2bbf5ddf1449	2	true	true	2026-10-07T07:50:53+00:00	a7284ff152fa153e3cbfffd9dd5146e3f339b965704390ff7d2542646dbe6337	飞机出租车；飞机性能、首位乘客及特殊降落、拒绝孤岛航程三段。 text与bodyText同步；sentences对象及时间、角色、索引原样保留。
334	public/nce/lessons/nce2/030.json	nce	nce2-030	Football or Polo?	passed_edited	a372807725ebbdbde21e5b9039bbc26473b34f1ffc1137c18eea4353f022fcb2	3d5e6b1f239871b3f26c7264f4748f73677fd710c2113727a2cdd46e515cf1c4	2	true	true	2026-10-07T07:50:53+00:00	c84c939cab6be368c0a7a7816605c661f5dcf3b1773c5115b916549573dbec6c	河畔足球；场景背景、踢球击中船客与孩子逃离、男子笑还球三段。 text与bodyText同步；sentences对象及时间、角色、索引原样保留。
335	public/nce/lessons/nce2/031.json	nce	nce2-031	Success Story	passed_edited	b0dc95d087d1c37017f5efa151a40efd671d71497a484b56e43b783bbb6cd7e4	5a4761ce077159a9bac756aea06cc47a9585034bef84645030fac3e08e6b39c4	2	true	true	2026-10-07T07:50:53+00:00	b64ad306674d05ea849d73a1ad889c858900c1a461ddd21e8347f885c59c8635	Frank成功经历；昔日修车工作、创业扩厂、回忆微笑又修孙子车三段，恢复Before he retired断句。 text与bodyText同步；sentences对象及时间、角色、索引原样保留。
336	public/nce/lessons/nce2/032.json	nce	nce2-032	Shopping Made Easy	passed_edited	205c5a2f0ba1c2b0ea0baafc901c1206a671302df94e5353f0b4b1d5757ae796	ff05c9109586ff2055d7583f941da9f73277504439a4a9413450a01be565b40a	2	true	true	2026-10-07T07:50:53+00:00	2985cac4bec08afedb11df5a892dcbe1e4b24e7c0d425d0ae910c2fc587640c3	商场偷裙；诚实概论、侦探观察购物盗取过程、母女关系揭晓三段。 text与bodyText同步；sentences对象及时间、角色、索引原样保留。
337	public/nce/lessons/nce2/033.json	nce	nce2-033	Out of the Darkness	passed_edited	7404fd8f7c5845c8ce0774045e775a4c54ec6ef7b8a4484ce8b308c85380c8c6	c5605376b572df4956a783bc2b349e9d2b48cc52fe48997954247186ae25c8fb	2	true	true	2026-10-07T07:50:53+00:00	6a12ca22e92df7d221fdeab30248838d53d38165103a7e10d3051567ffc8eecf	暴风海上逃生；乘船遇险游八英里、见光攀崖、医院醒来三段，开篇一周后述说独立。 text与bodyText同步；sentences对象及时间、角色、索引原样保留。
338	public/nce/lessons/nce2/034.json	nce	nce2-034	Quick Work	passed_edited	d61e9e5d3b62ff6e0fbe26e202e843f1480616af3e97275bb2852e387d2ed490	17a7b9c5a3e78540ad40cc5d0c6d4000b12200b8d673d066a88a042a513765e1	2	true	true	2026-10-07T07:50:53+00:00	5afffa9512da2f9524954c9671b65e766f77914a32492bc35cff32b592429bcf	找回二十年前自行车；警方来信忧虑、找到及送还消息、惊讶原由三段。 text与bodyText同步；sentences对象及时间、角色、索引原样保留。
339	public/nce/lessons/nce2/035.json	nce	nce2-035	Stop Thief	passed_edited	6ac4ddc1dbf45da0e42dcaa94c5f3d627d838524cc3d59025fdadd27efc3f6c7	e600aec895c6610350cbdc3baad921be67b289a10deaa405fcdfada5ebd8b60c	2	true	true	2026-10-07T07:50:53+00:00	3f129c0d6a1728688fa47d7bfa51c91a101f0b621c1e42c0223868ba72180abe	公交车捉贼；换工作背景、见贼撞向并掉钱、撞车尾报警、警方抓捕四段。中文掉袋句末缺标点，特保留与下一从句的段界。 text与bodyText同步；sentences对象及时间、角色、索引原样保留。
340	public/nce/lessons/nce2/036.json	nce	nce2-036	Across the Channel	passed_edited	b0e35aaa32856690e001823175a1e94755d383cafd1f4320ba1b4b9705241bad	7f21e0441466829338389c7ca1abe6ec2eec25f6049c8890c30b8da4c26df9a1	2	true	true	2026-10-07T07:50:54+00:00	d256f2e12c774f3d3c8f9595ab1245770db4ca70847e1889d6b5caa4efab1b25	Debbie横渡；年龄出发及目标、父亲伴随、休息饮食安排、同学母亲迎接四段。 text与bodyText同步；sentences对象及时间、角色、索引原样保留。
341	public/nce/lessons/nce2/037.json	nce	nce2-037	The Olympic Games	passed_edited	4874466a7aeb89b42daea65357a5f9bea22d4fdbc6cc53c3e4321ca499cb057b	613b8939e8621d18c06e9fcc2d4fcc015d14260ee9cb2bae7aed19137ca9f0e3	2	true	true	2026-10-07T07:50:54+00:00	169b8f0dfb5962f222a9195a4d9b780dd660b715d8535bb4cf9f18ff774ee0dc	奥运建设；英文按场馆交通计划、工程进度设计、期待举办三段；中文多处句末无标点且有重复错接，只保留原行界以免粘连句子，文字校勘不在本轮改动。 text与bodyText同步；sentences对象及时间、角色、索引原样保留。
342	public/nce/lessons/nce2/038.json	nce	nce2-038	Everything Except the Weather	passed_edited	cd3b0a0b76ea8cdf53d664f2d41e56be9f40222587d86ea85aa3311d10741a19	28f251bf098cd570509797d44b5053ad1a8bb9c64600641d9b55e0c86e3dec75	2	true	true	2026-10-07T07:50:54+00:00	86e91b424d90d4c53173c52ec07db61616a407f9e026fe388e0a9ff9a4133443	Harrison退休；归英买房、气候冲击、卖房梦碎三段。中文数行缺句末标点，保留其句际换行，仅合可明确的从句及有标点衔接。 text与bodyText同步；sentences对象及时间、角色、索引原样保留。
343	public/nce/lessons/nce2/039.json	nce	nce2-039	Am I All Right	passed_edited	5e179d57afb60db5720bf18ffee13c4c7a11d72c34694b168727dd26f189296b	6b05a4e249ca674417322f258807397c873493cfa88e9d27146492a2b3a0d803	2	true	true	2026-10-07T07:50:54+00:00	035b51382611c3b47809403f8559b3ac3520a6029bc33e4e11ca9eb096448110	患者自询手术；索电话致电、假扮他人询问手术归期、揭露身份回答合段，医生问亲属独立。 text与bodyText同步；sentences对象及时间、角色、索引原样保留。
344	public/nce/lessons/nce2/040.json	nce	nce2-040	Food and Talk	passed_edited	6324029adb445c39be247576501a25e130197db5563b6bb46195ee09f5accdb0	f65203078b421c1eed1204b0164ae5d6e191753e28ffbfab613215febcd10f0e	2	true	true	2026-10-07T07:50:54+00:00	27917ae5080cf2a2b8731baca78e397a037dddb281fcda18de691ba16d14e074	晚宴少言女士；人物进食背景、作者开场及戏剧提问、末尾女士劝少说完整合段，其余每次问答保留轮次。 text与bodyText同步；sentences对象及时间、角色、索引原样保留。
345	public/nce/lessons/nce2/041.json	nce	nce2-041	Do You Call That a Hat?	passed_edited	14e40995cac37f813331742d3c9d8b15e0e1c671b8391290a7c188b9a614e9de	5dcd4826926a0b1927c58840958da1bb71e17b7855d3849fcc08bd7882dd886c	2	true	true	2026-10-07T07:50:54+00:00	18cb45d404cb320a76eb291b018d186415bf572e92ae709337e335dcf5c0ecbc	夫妻买帽；等候背景、作者评论后后悔、妻子举领带反驳、戴灯塔帽离店分别合段，交锋话轮保留。 text与bodyText同步；sentences对象及时间、角色、索引原样保留。
346	public/nce/lessons/nce2/042.json	nce	nce2-042	Not Very Musical	passed_edited	c0543e91283f3b6d2d6394f0b1c141b05a48b90f40e655e097f3117b71a7d43c	a15fca1b4c91ac722223bff7e2bfb110a555b03c24775404e904838e5fdd080b	2	true	true	2026-10-07T07:50:54+00:00	7de88b7d322cfa77eece8daaf7c3732d57e9ae674ab51c025ff0c1ffee5faa51	德里耍蛇；广场休息发现艺人、吹笛蛇舞、爵士与蛇无差别反应三段。 text与bodyText同步；sentences对象及时间、角色、索引原样保留。
347	public/nce/lessons/nce2/043.json	nce	nce2-043	Over the South Pole	passed_edited	4eb6b51486952f4e034da177ca05899acb0fecfe5abe04f95652f0b439639c4d	0d1299736e63b9c2e2d4f10e1b364b416f76f7f383177ebbc34c0be0d9a264df	2	true	true	2026-10-07T07:50:54+00:00	cbab58408dd5024b6ecd299101d440ee4289cc875f3042d5d3a2bb9553725ca3	飞越南极；开篇航行史独立，山脉险情、抛袋爬升、抵达无阻三个自然段。 text与bodyText同步；sentences对象及时间、角色、索引原样保留。
348	public/nce/lessons/nce2/044.json	nce	nce2-044	Through the Forest	passed_edited	91806b68811391ff6aef63f22291f98bb5b4a415987764671c7f1f7bd3202b3c	8eb84d0b2b7ae913df4771b30c6a8b1a2d69734a1e4c611970a2cac14375702e	2	true	true	2026-10-07T07:50:55+00:00	74b34b17ac5a25f7619ce777c061b8a96b555ea6fd07bc033c2449d2abbb8163	Sterling追贼；抢包背景、追逐夺回两个自然段，事后肩带与未失财物引语独立。 text与bodyText同步；sentences对象及时间、角色、索引原样保留。
349	public/nce/lessons/nce2/045.json	nce	nce2-045	A Clear Conscience	passed_edited	1ca918628347d2872adcf4cf0f477c8f73726fe5b60f1c0e7adb42bcb6307cd2	d67550bd2ba5722cff7dd173ba9bc5dc0542e7759c1772126d68f6d8b43360c4	2	true	true	2026-10-07T07:50:55+00:00	66f4f97bc7e4241b1c68aa0874f702721623f1f377ccd5ac70d1afe1cb686ad7	分次还款的小偷；钱包遗失、三月后还一半、两月后再还、最终全还四阶段，便条各随当次动作合段。 text与bodyText同步；sentences对象及时间、角色、索引原样保留。
350	public/nce/lessons/nce2/046.json	nce	nce2-046	Expensive and Uncomfortable	passed_edited	edc2940d8561eca1fc2ab62859f35f09780c97c89c6cbd1d2970c401e8352619	961eff337c134fa3b3bfcc6663d5d47a638a7af79264639674af494d7997a06d	2	true	true	2026-10-07T07:50:55+00:00	83314243a730bc1ff80386a40398110d007ff32618c70bf31b915867730d162f	木箱偷渡；异常重箱、打开见人、被捕供述及高昂旅费三个自然段。 text与bodyText同步；sentences对象及时间、角色、索引原样保留。
351	public/nce/lessons/nce2/047.json	nce	nce2-047	A Thirsty Ghost	passed_edited	d6842a01ee7b98c25daa3b8bfb4d7f8f196c4afc54a001fc8861f84109784450	73e5f19acab965d35f146ffd5a25908eff219e9b2c53ad54db44d93af4ef30b8	2	true	true	2026-10-07T07:50:55+00:00	589c836fda6602a14b2ff65c22ce830413994cb73b3459ed69310f29aebaf04d	闹鬼酒吧；出售原因、夜晚声音与早晨证据、作者解释和村民拒绝三段。 text与bodyText同步；sentences对象及时间、角色、索引原样保留。
352	public/nce/lessons/nce2/048.json	nce	nce2-048	Did You Want to Tell Me Something	passed_edited	3f993ec3c94e42629b7e49aa1298c39c58874574833df6bb6c7dcb250f76e10d	c8be5f4122713dc0820764c8b0871202907ce741b189263660a42c004b02a9a2	2	true	true	2026-10-07T07:50:55+00:00	667e8a03a8db1a5af894c122dea9227ee9cab1c3d06cef5272452378449395f3	牙医拔错牙；无法回答的拔牙后闲谈一段，舌探牙洞至取棉后告知真相一段，开篇概括独立，恢复When从句。 text与bodyText同步；sentences对象及时间、角色、索引原样保留。
353	public/nce/lessons/nce2/049.json	nce	nce2-049	The End of a Dream	passed_edited	31b67aa07e41d10dfaca1ad0cedeb99721c17488d25247e2a8bcb0be6d6648e6	4370bea3afe11db24c4773e9bd415e33a295d73543620d12212c1f7abe356443	2	true	true	2026-10-07T07:50:55+00:00	0d04fdcbeed6b634c876b7c11c5df0628a282c17a06a9d3b09f676322e491a28	屋顶新床；积蓄买床搬上屋顶、风吹坠地幸无伤、搬床垫回地板三段。 text与bodyText同步；sentences对象及时间、角色、索引原样保留。
354	public/nce/lessons/nce2/050.json	nce	nce2-050	Taken for a Ride	passed_edited	fea25497987f399781ab554458a4965b95e0bf93134e69b1b2933d43bcc5573a	98a3d2686217b7c88ea7ee05ba393c2a686e975897b5396ca3a46549625c3bc5	2	true	true	2026-10-07T07:50:55+00:00	35f57be526c837328d9f54489f67f733264a213126280da39d073ccb10ed1b80	公交过站；乡游开场、上车目的地完整请求、发现只剩自己、售票员道歉及末尾留车完整回答各成段。 text与bodyText同步；sentences对象及时间、角色、索引原样保留。
355	public/nce/lessons/nce2/051.json	nce	nce2-051	Reward for Virtue	passed_edited	5d58aca976d535899262a431cbde61cc420db64e95827bb57564516dd5854487	5304ce2e6bb81e32269d7af36988f6826f8a9f5e8165bd7e255c18bf08686f35	2	true	true	2026-10-07T07:50:55+00:00	2049f38076c047cf94bef6eee941725526d2db54cae1d31e1090c0bdca9853b0	Hugh减肥；节食禁食清单、来访看见藏包、以糖果奖励自己三段。 text与bodyText同步；sentences对象及时间、角色、索引原样保留。
356	public/nce/lessons/nce2/052.json	nce	nce2-052	A Pretty Carpet	passed_edited	9b37b57b71e973204ad0cb9cf718d93f91bace24f910aca155f4aa6667a7c1da	30ec90836c1f9a464354e26562b533a3af4c9850dc8fa9c6ae70d715658f099b	2	true	true	2026-10-07T07:50:55+00:00	06672627363d6e4a8003c6ca690df7aaa28d95089da1da9698f3e3ef4f48da7f	书作地毯；整理小房间铺满书、姐姐搬书架进门、姐姐评价及读地毯笑话三段，恢复最后两行引语。 text与bodyText同步；sentences对象及时间、角色、索引原样保留。
357	public/nce/lessons/nce2/053.json	nce	nce2-053	Hot Snake	passed_edited	8bbed576051dede55034565789ccddfde488fc975dfc9dbe6252f0ab331a0eaf	4c4e61994eac2ec5c0533dd0170848c46a8ab04de5e495977b164afcb3d782ed	2	true	true	2026-10-07T07:50:56+00:00	492c0528dcff255d4d0cb552396cfb712be64113127419c17653391f645ce976	森林火灾蛇因；排除常见火源、发现高压线蛇骸、鸟丢蛇引火解释三段。 text与bodyText同步；sentences对象及时间、角色、索引原样保留。
358	public/nce/lessons/nce2/054.json	nce	nce2-054	Sticky Fingers	passed_edited	a10b46e0755a181f8870a726442193c16d966d20654feffd839007b9200ee2c8	a7ccb8ff46895d927c51d2ae17031580a7e663121a573b03dbe0651aa6de6a39	2	true	true	2026-10-07T07:50:56+00:00	7d42be66f8389c81cb489227ee2059a6a9d57401c183563e250687d34f8b3bd3	做派受扰；家静做派手黏、接电话弄脏各处、邮递员索签第二次打扰三段。 text与bodyText同步；sentences对象及时间、角色、索引原样保留。
359	public/nce/lessons/nce2/055.json	nce	nce2-055	Not a Gold Mine	passed_edited	d48ce29462aff505c5b17ca33445164a4a37791dc210af38823add79a1fc67bd	8bce744fe2af9d13946a914bfaeba0cbcf7946f7547196e31f189d19bd293a59	2	true	true	2026-10-07T07:50:56+00:00	1a0488eceae8512d499b34215ff55abf66c59ed4d528a24ac1e089dc808f49ed	探宝机器；机器与海盗洞穴背景、搜寻仅获廉价金币空箱两个自然段，未来有望的评论独立。 text与bodyText同步；sentences对象及时间、角色、索引原样保留。
360	public/nce/lessons/nce2/056.json	nce	nce2-056	Faster Than Sound!	passed_edited	cadb5b1af61e78495f52ee664971a90e59c3f778f0aaedf7671448e4762e7918	d582b74ab865fa534f00016d0d73b65858319aadd94d4251145b1e00a1b604d8	2	true	true	2026-10-07T07:50:56+00:00	f0b6b4ef93c0585279de26e9aa450ddd1bfc1bbd80448f2491cb579927d50b5f	老爷车赛；参赛车介绍、故障和胜者疾驰、愉快比赛评价三段。 text与bodyText同步；sentences对象及时间、角色、索引原样保留。
361	public/nce/lessons/nce2/057.json	nce	nce2-057	Can I Help You, Madam	passed_edited	ac3e87d7ec691670d141dd64fac1e9b3ccf08161c740488e08a5ee597ed696e6	f24ad2879ed589ce875a33b1751118d2f1f775f57386d704cdccf14ec186db4f	2	true	true	2026-10-07T07:52:19+00:00	d32d2cd818eaa8216448846c373dbd5e628c5129d30e85ef9c1e5cc83d55f2ec	店员以貌取人；初访受冷遇、翌日盛装返店、反复取物报复三段。 text与bodyText同步；sentences对象及时间、角色、索引原样保留。
362	public/nce/lessons/nce2/058.json	nce	nce2-058	A Blessing in Disguise?	passed_edited	3b6c8731c49c8d395668dacce6b5cb1092334550fac46af2123e0dc3cc2921fc	e27e42ec7e7723b41a55f6386c7361274886ba5a9afbd53a95f00a72645c22fd	2	true	true	2026-10-07T07:52:19+00:00	fd3004753da70b8cc63d5dd806956fffb511baceb49b7d0beed5b47133a6a3a4	诅咒树；传闻与受害者说、牧师收入理由、游客摘叶未亡三段。 text与bodyText同步；sentences对象及时间、角色、索引原样保留。
363	public/nce/lessons/nce2/059.json	nce	nce2-059	In or Out	passed_edited	138518b472d1e5356d5a36da36e0b276410c32251a4d0fd85686c8eb7a50a0a3	ce17aa79e0ba6f29e3de7d1e52340c55e39ecbd733d37eb71944af715c732a30	2	true	true	2026-10-07T07:52:20+00:00	508bc8a6bafd7bc07dc6a4ce67f8e194ac119af54913b9b3bd706f2a8b2689ae	Rex开门；训练自己进门、求出门发现、进出反复坏习惯三段，拆门后离去结尾独立。 text与bodyText同步；sentences对象及时间、角色、索引原样保留。
364	public/nce/lessons/nce2/060.json	nce	nce2-060	The Future	passed_edited	94aa6b85b155857eba7e4ab47ba62987630d6d1d8891288d17155644e5d65829	352a284211af9fc8896288e2f02a55a3ff25915ff2666f05c68bded4b417905a	2	true	true	2026-10-07T07:52:20+00:00	553e7156dcd48fded0d007c3a14f1740e373807044d8864ceb93ad77c20bb5ab	算命应验；进帐付钱、完整预言、妻子来催接妹妹三段，跟随离集市结尾独立。 text与bodyText同步；sentences对象及时间、角色、索引原样保留。
365	public/nce/lessons/nce2/061.json	nce	nce2-061	Trouble with the Hubble	passed_edited	c80d9954c957c33d166170c8e1dc3da9cc1e1a0602bd6694a35e0801d6a36196	298f848f2a5754f7da19cf340eae0e83ebba41fcacd604e0c292699465d15ff5	2	true	true	2026-10-07T07:52:20+00:00	e9c506ebc53886163b448b6a1c66f14fe85ad1d0140e281ada341865f6950c3a	哈勃望远镜；发射与主镜故障、奋进号维修过程、太空观测价值三段。日期及中文重复原样保留，不作文字校勘。 text与bodyText同步；sentences对象及时间、角色、索引原样保留。
366	public/nce/lessons/nce2/062.json	nce	nce2-062	After the Fire	passed_edited	995cf1918a2bb32edec19130051c79a3dad7f596e21f6d462fe4b1801174d919	dcc85e99b4e345e116cce27f4ed19fa5a8826a89bb1a89cdc3d5557781a6aab3	2	true	true	2026-10-07T07:52:20+00:00	266f0b689b260bde61390ef3072fdac0d3a9f946dc90dba4ee32d62dd99a38c8	森林火灾后；毁林洪水威胁、飞机播草、雨来前生根三段。 text与bodyText同步；sentences对象及时间、角色、索引原样保留。
367	public/nce/lessons/nce2/063.json	nce	nce2-063	She Was Not Amused	passed_edited	e2a10d05e7f18d5347eacca3993db55a43431d5bd74e0f83a7ac5f8632b751f5	089b12a181b561aba867607f775357fa473df1edc10395bd7d5c32dff5a1b439	2	true	true	2026-10-07T07:52:20+00:00	29754e63ac9c8579fb70e46f9e17a7bafa1e771bf909867e4d8b12e65dd3a94b	幽默父亲演说；社交背景、婚礼演讲成功、女儿要走、归途解释四段。 text与bodyText同步；sentences对象及时间、角色、索引原样保留。
368	public/nce/lessons/nce2/064.json	nce	nce2-064	The Channel Tunnel	passed_edited	8c18a4aee669a621d9d8f9b4b30d91549b9e850d2b72520f71b48bc385465bb6	fe38c0ad61029aab6d49aabb8f963b62074294ebd97316f7c884413608ef845c	2	true	true	2026-10-07T07:52:20+00:00	858ff21c497ac78de93de87e39e41529e80320d9c874222f7af13257fe3910c0	海峡隧道；法国工程师平台通风方案、英国双线方案、开工中止及最终开通三段，原有年代不改。 text与bodyText同步；sentences对象及时间、角色、索引原样保留。
369	public/nce/lessons/nce2/065.json	nce	nce2-065	Jumbo Versus the Police	passed_edited	deed97dd7f78047979f58dbaea87b3bb704f755706f7240bdc8d439714ed1ac8	31a16a9ecd24a871bba04e734bc4e04c204cff7d4b6bbf2b85dcea3ffeeacbcf	2	true	true	2026-10-07T07:52:21+00:00	82d16c5e60f0a03f16da33b656139b7149e746600809dda15d32dfcd9694508b	Jumbo堵街；圣诞送礼出发、警察推象、事后诙谐评论三段，恢复警察多句引语。 text与bodyText同步；sentences对象及时间、角色、索引原样保留。
370	public/nce/lessons/nce2/066.json	nce	nce2-066	Sweet as Honey	passed_edited	4146780a0273276623f549d3cb7376492a69a2b6947fba942d7a2281b47e65a5	55a6aa2bf4c4d2a6596d9620cad91adc34381413fc8d06596ffe391d123bee30	2	true	true	2026-10-07T07:52:21+00:00	2ff4bd10c1cd645bf6e5c2364ae1f09ea78ac4622e0070a3cb73e83a6514f45b	蜂蜡护发动机；坠机遗忘、航测发现运返、修复时发现蜂巢保存三段。 text与bodyText同步；sentences对象及时间、角色、索引原样保留。
371	public/nce/lessons/nce2/067.json	nce	nce2-067	Volcanoes	passed_edited	30c2a636507cbf5b59876a88959b1fd3fd362bd35e6bd692796240bedfb8a961	107623650b719ac10c5a14a6045885245acb1ec40bda33d7abd9e1969d007a17	2	true	true	2026-10-07T07:52:21+00:00	162e373846c9405f65745820daec206d38af8b11dc4b46a6ff1df8d355803b72	Tazieff火山研究；Kituro冒险逃岩流、两日后返测、冒险贡献三段，生平概述独立。 text与bodyText同步；sentences对象及时间、角色、索引原样保留。
372	public/nce/lessons/nce2/068.json	nce	nce2-068	Persistent	passed_edited	bc9d5bb85eac9c5a630825fd39051e4b08e64744598eaa8de854d86af9bac819	36fb13ea26079e4263df4bf9e0b7c4e6547d91b782896b884c17a543021fa8a9	2	true	true	2026-10-07T07:52:21+00:00	4fba805c29d531300bf6c8e1987221f6d42af259805ab3a6da3bfb2f261c086d	摆脱Nigel；躲避失败和跟随习惯为背景段，Nigel招呼追问与结尾候诊室借口各为完整话轮。 text与bodyText同步；sentences对象及时间、角色、索引原样保留。
373	public/nce/lessons/nce2/069.json	nce	nce2-069	But not Murder!	passed_edited	52849ac4afc7cab6c4a2418b7884efad149074f2220a1808e743dd1971e5c0a3	5abeb8bda54df86ef5159cd02936d2b101daa5d72c188cffd3a60506f69c944c	2	true	true	2026-10-07T07:52:21+00:00	4f267ebfa4e5a07977c2369c08acafda92664ceeb6f3763dc07f93ff413bc1ef	驾考紧急停车；顺利自信、考官假设指令、反应迟缓猛刹、考官结语四段。 text与bodyText同步；sentences对象及时间、角色、索引原样保留。
374	public/nce/lessons/nce2/070.json	nce	nce2-070	Red for Danger	passed_edited	1fdbede2961a9d9e64ed5d7caf87956201972dc8a6cf24b25ff65465ee3f416c	c21d0a8773be2b5da600ee3bcd3ceca3bd89f5f2af9e0f914b9acfe3a48a911d	2	true	true	2026-10-07T07:52:21+00:00	81ef1dbf1d59733c0a62bd361e5c10fff9a05f11e6c1fcbafa9ba0cbd7cc2759	醉汉斗牛；闯场引牛、闪躲获欢呼、被拖出与牛再找斗牛士三段。 text与bodyText同步；sentences对象及时间、角色、索引原样保留。
375	public/nce/lessons/nce2/071.json	nce	nce2-071	A Famous Clock	passed_edited	15d0d5237bb6f896b63dce4e3c2f75d441bd2e7cf906724014707b775e571f8f	dd4ddec2ae035295943eaa301db0d3750522310293eb45d2cbe8adcef5802f65	2	true	true	2026-10-07T07:52:21+00:00	de3a8f78652abba117a63a5e683213ce453b730657f78edbb9588c210be8f677	大本钟；名称与建造史、精确校时广播、油漆桶造成走慢三段。 text与bodyText同步；sentences对象及时间、角色、索引原样保留。
376	public/nce/lessons/nce2/072.json	nce	nce2-072	A Car Called Bluebird	passed_edited	f8059106fe8af4e2069bea55b3e4d4add07656a4d95932160c186af63758a70b	d480717241059e399beda8e7ccb717e85bdd93cfc0f9af72f9c0f213eaf2e46b	2	true	true	2026-10-07T07:52:22+00:00	5143509ec84b8a941ebae84312dbdb3176398045191422861fdf6eafc3412604	蓝鸟赛车；赛车手纪录与车辆、爆胎及平均时速更正、后继纪录和儿子三段。 text与bodyText同步；sentences对象及时间、角色、索引原样保留。
377	public/nce/lessons/nce2/073.json	nce	nce2-073	The Record-Holder	passed_edited	4abaa9fc741686c350e2a3e5f884d2fc860c263b5c0e9285b3975a5fc2081713	f5d9f56859326a396f4594677018e1f584082d6def95cc622ebb2201d3019b1f	2	true	true	2026-10-07T07:52:22+00:00	9384f060e5531d324a05292a14d6feb6ab21202c46af9383b90bf6fa2054a250	逃学纪录；常见逃学与远行男孩对照、搭船至加来、赴巴黎误至边境送回三段，末尾纪录评论独立。 text与bodyText同步；sentences对象及时间、角色、索引原样保留。
378	public/nce/lessons/nce2/074.json	nce	nce2-074	Out of the Limelight	passed_edited	1861c9e3cdb31de64bf15b85515c70465ff305d7d60ce0e0f6aecba529e44f7f	bffba79a912a96e8f36566174924664a7a9907dfdc47fafd7597d8015c363bf0	2	true	true	2026-10-07T07:52:22+00:00	2f8be5eea03442b5b35e34e07a5d1d5e3637fd9244b4aac758ac5b4215014c06	演员伪装野餐；背景、同人赞叹、搬食物陌生人出现、警长驱逐、演员自报与警长嘲讽各成段，角色轮次分开。 text与bodyText同步；sentences对象及时间、角色、索引原样保留。
379	public/nce/lessons/nce2/075.json	nce	nce2-075	SOS	passed_edited	10e070e85c9c170001bca8e0ccccd61a5e76d08c2217b9fb62ff2aed50888e6e	0d199c6e74dab3f0acd6f55c1470946dfe532fa085061ad9bf3898c868664e19	2	true	true	2026-10-07T07:52:22+00:00	201cb9348bac52a632ccd069ddf1b12d5bec3f0bb6fbc4291b60a57bea811c43	雪山SOS；坠机和偏僻雪地、箱内过夜取暖、翌日雪上信号获救三段。 text与bodyText同步；sentences对象及时间、角色、索引原样保留。
380	public/nce/lessons/nce2/076.json	nce	nce2-076	April Fools' Day	passed_edited	9d50c52b350fc59e2c60a433940c1e24c9cacfdc715db64aebe0dabaccf59e10	7ae177830a7954d5f897a9fdbd76d1aee5208fd8cb3ba5bb5ee51611adb34695	2	true	true	2026-10-07T07:52:22+00:00	b62e0c28bd64ecfe882899c66b23d5ff9e2bf505d6da5d9cc72329c4c11e9b6e	愚人节通心粉播报按介绍作物、工人收割、夫人加工厂、吃面比赛、结束回演播室五段；同一播音员长引语保留原引号。 text与bodyText同步；sentences对象及时间、角色、索引原样保留。
381	public/nce/lessons/nce2/077.json	nce	nce2-077	A Successful Operation	passed_edited	e54ac6bf9e58305ae0e705c24238cc62a8251209134742d7f9f7e629ecf8c448	152f1d8c5dc5276f2bfb0d6b22f2831eb9dc2457f5c137eb4f642c52c6969a67	2	true	true	2026-10-07T07:52:22+00:00	fbd087f1d8dce0b385c35d174b63cda5dd06c6791614fdacd5fdc78e15b6f9be	木乃伊手术；身份与探因、困难取样和蜡像、死因未定但手术完好三段。 text与bodyText同步；sentences对象及时间、角色、索引原样保留。
382	public/nce/lessons/nce2/078.json	nce	nce2-078	The Last One	passed_edited	02fa0d147c80a024ac54de502bd862e33b4bd50c3fc579eadd0b9c205b4d9748	8e3f7338d53f4064a0a729caaeedb6a0f559c7fec4b74128a9048633fbf5b857	2	true	true	2026-10-07T07:52:22+00:00	57df92b2f56ab152d2ac58d7433562a33b83004e3ab6585af53acdeaf35e81ab	戒烟一周；最后一支决心、戒断与朋友调侃、聚会复吸、朋友屡次戒烟笑话四段。 text与bodyText同步；sentences对象及时间、角色、索引原样保留。
383	public/nce/lessons/nce2/079.json	nce	nce2-079	By Air	passed_edited	c4d3ea3b85cc0bdad442fbbae2c6377fa3283b95061df6a17183e7f3a911be59	47c5f38f8486a814ca14a6f0cfff360460ea3f88b8fb56f90e01e00b51208a67	2	true	true	2026-10-07T07:52:22+00:00	1d50807bb8e810b2250b9446f0c2ef17d9afb5ed0dd1b340a36ea38e7b22d839	乘机恐慌；童年飞行习惯、突然返航及机上反应、炸弹情报与搜查重飞三段。 text与bodyText同步；sentences对象及时间、角色、索引原样保留。
384	public/nce/lessons/nce2/080.json	nce	nce2-080	The Crystal Palace	passed_edited	0480fa5f4590d0ae68a693256422a5e8373763e92a874fda1985b308483f6aec	91e5d2b4ea17d4c2b7438eaf37ac80b9f636b40b5e06fe57efb5060dd4941a64	2	true	true	2026-10-07T07:52:23+00:00	886ac957477d292b35cf2783f118bf778cc5f4eda270aa8838adf2c3c8fc3b9f	水晶宫；建筑特点、展品蒸汽锤、游客交通和收益、迁址火毁四段。 text与bodyText同步；sentences对象及时间、角色、索引原样保留。
385	public/nce/lessons/nce2/081.json	nce	nce2-081	Escape	passed_edited	ae383473a8f3325c2adcc2d3fb22485775cb50c701639818d0e6f3cb43c13401	5ff0057482d1d2e9887419df05137a9946e1c24fb5657613ba621414cc95f97a	2	true	true	2026-10-07T07:52:23+00:00	f52f156bde7365b97655408ee5768f9b1c5db354817c5daec8ad1b6682b17715	战俘逃亡；换衣伪装与营内搜寻、军官进营、司机走近遭击及驾车逃离三段。 text与bodyText同步；sentences对象及时间、角色、索引原样保留。
386	public/nce/lessons/nce2/082.json	nce	nce2-082	Monster or Fish	passed_edited	9fb044236e16ce03a6b15d3f7bbc1529f564b673597f593e662891aec89c7b4c	83b069de3e5e3a6cd8ec3d43840e8939c516070a6e1943aaf366c71d18f4ea08	2	true	true	2026-10-07T07:52:23+00:00	719f5d70c2fb17bbe76564d47ba51ad4ca07d90eaf37c08fc354898191958f2d	海怪与桨鱼；怪物传闻、海上捕捉、外貌鉴定及深海习性三段。 text与bodyText同步；sentences对象及时间、角色、索引原样保留。
387	public/nce/lessons/nce2/083.json	nce	nce2-083	After the Elections	passed_edited	3730beadd2434dfc028ae8e902fa9afead7ce3a510c9a5caab1262f79507a024	78a1e5f54f7e37c4c04c3eec9e723c22f95c6f520b08de9bf4b01d4bd30c8b88	2	true	true	2026-10-07T07:52:23+00:00	e4f5cb782042ef1baa09e5702cf35be0cfe10d61363d883c311b26b8167b37b1	选举后反复询问；政敌背景、首访、次访、第三访警察完整怒答四段，Patrick爱听的回应独立。 text与bodyText同步；sentences对象及时间、角色、索引原样保留。
388	public/nce/lessons/nce2/084.json	nce	nce2-084	On Strike	passed_edited	90307758c5407465f794fe10cb9942d5e4b09a3e149284cbaa123bcf81987764	0a12abef3f6bc24421a7e49e7de6c3463a9f9514dc584fd5f926a4ee8afbaa59	2	true	true	2026-10-07T07:52:23+00:00	4f6d545088a14f9f6d5af50520669356ee0ab7829235cac3c1919b184508d68f	司机罢工；原因预计时长、私车搭乘、学生志愿测试、公众反应四段。 text与bodyText同步；sentences对象及时间、角色、索引原样保留。
389	public/nce/lessons/nce2/085.json	nce	nce2-085	Never Too Old To Learn	passed_edited	0e50ecf4664ea546993a5ce48da3df84c1f462adf191dea72a12e1b58bc4eb23	128aed9a9930abbf32a9a8d1c5cd943c7a453f40a7091fb631f337a921a58b93	2	true	true	2026-10-07T07:52:23+00:00	eecd68447c7e64b9275b078488830d71b052768ed3d24cd232955017eec0acaa	校长退休；来信赠礼与感念、欢送及四十年教龄、园艺新兴趣三段。 text与bodyText同步；sentences对象及时间、角色、索引原样保留。
390	public/nce/lessons/nce2/086.json	nce	nce2-086	Out of Control	passed_edited	a046a05ffc63d55796842cb50a2d975dca3bcb95134966622f782d97aa5f2b2d	ca5495680763a38f7f60bbcb52b083b4c2113faf08aad3312375dbe998a3994d	2	true	true	2026-10-07T07:52:23+00:00	2822bb861221499a62a5d72513c43fd738e0d6d945c205b3e89b0b85e4a68a5a	快艇失控；方向盘脱落落水、盘旋逼近逃险、油尽漂流三段。 text与bodyText同步；sentences对象及时间、角色、索引原样保留。
391	public/nce/lessons/nce2/087.json	nce	nce2-087	A Perfect Alibi	passed_edited	28df31e974809b8666696e04e4e26dfeb942be99ca9c133a16089f306a369daf	6b5e274a4f2c79d581a1acb0de8af5ff6656abd5089184de864e45defd49f796	2	true	true	2026-10-07T07:52:24+00:00	ca181d6dceec3354bda5aa0674b80114ab4c191c3d57a44d4b0a7e4a0f79b88c	不在场证明；男子准时上班依据和警官揭穿八点列车停驶各合完整话轮，其余审问与回答保持分段。 text与bodyText同步；sentences对象及时间、角色、索引原样保留。
392	public/nce/lessons/nce2/088.json	nce	nce2-088	Trapped in a Mine	passed_edited	58741337868c458ab63f0fd0f7be1845c3b7e53d2e6b041cd0e32e86be36ff1d	9709370e4ff9f0e62403c370398aba8c62db364ba0f514bd310c2bbd162746c4	2	true	true	2026-10-07T07:52:24+00:00	04986b46a16f71e69d2d18f63985eb54d7d9cd155a33aa60c3a3030b2fb9261f	矿井救援；受困生命风险和爆破不可行、钻孔硬岩阻碍、通话与矿工乐观三段。 text与bodyText同步；sentences对象及时间、角色、索引原样保留。
393	public/nce/lessons/nce2/089.json	nce	nce2-089	A Slip of the Tongue	passed_edited	07c05f30613267b3354119f28b59225c5a4cf08f010cf008dbb1351bbe85d9d9	ad1cc9f89b8188da0d5c46019a1f80449fc8532d595f7acdf548aa3fdad1485f	2	true	true	2026-10-07T07:52:24+00:00	271a64f9a8592bcff88a392838f334795b18db508cd651b44ffad4c3d3d9cfaa	免费喜剧口误；争看演出、节目乏味、播报员紧张口误三段。 text与bodyText同步；sentences对象及时间、角色、索引原样保留。
394	public/nce/lessons/nce2/090.json	nce	nce2-090	What's for Supper	passed_edited	b32519dfc26d11414ec77f6bae35b7c6a639d0f541f007fd65d582b9b57854a2	0a18ab760ac3a34607046449085f067f111476c5089e4ccb0df4f97067c912d2	2	true	true	2026-10-07T07:52:24+00:00	ee9acd11a5ef77bad780f02e22e85efacf69925d4dea29b89effb979b829b05f	钻井平台巨鱼；鱼价背景与潜水员受惊防护、食用鱼品种和三个生长原因两段，谁吃谁问句独立。 text与bodyText同步；sentences对象及时间、角色、索引原样保留。
395	public/nce/lessons/nce2/091.json	nce	nce2-091	Three Men in a Basket	passed_edited	8b32610673f35658c8cce9e090188460f62749e5517bb46b7982db87fe8e4ccf	bed280982f8c65b17ee396237920f84296762f3708cac56fcd41dbdd2cc43d8d	2	true	true	2026-10-07T07:52:24+00:00	5f789abbec89ebd97a893d132980afb320c63bc4721f1af05881db464a1daadc	气球疑似侦察；通报怀疑、飞行员盘旋观察、降落揭示议员指挥官及解释三段。 text与bodyText同步；sentences对象及时间、角色、索引原样保留。
396	public/nce/lessons/nce2/092.json	nce	nce2-092	Asking for Trouble	passed_edited	ecc0e42bccbcbcda030f3d0f5ca63cb6fe67efc5ec08647db647026fc19150e6	aa3ec38c6c0abe7d6d40dc96b26b427a675bead04e97ee56329aba541545fe67	2	true	true	2026-10-07T07:52:24+00:00	34ef40ded929c8519f49b4abcc2cc5094d3562d30dbb141800ab677bd5bb05a2	忘钥匙爬窗；起因、警察挖苦、作者回应、警察邀请去警局、忘钥匙解释各合段，喊钥匙问答与妻子开窗保留。 text与bodyText同步；sentences对象及时间、角色、索引原样保留。
397	public/nce/lessons/nce2/093.json	nce	nce2-093	A Noble Gift	passed_edited	cf227931bc25d7e3bc0a4d513bd20608922ee0969fec9b310fdc9ecad7800c47	29eb9c44d1cd107722afba046d2d64eb6f8c8eb5621346262064f66bf3b5e0aa	2	true	true	2026-10-07T07:52:24+00:00	cd4a78977af8c755788892f3c7665a0c312d0a90e3dcc83e57342db5b08a7f85	自由女神像；赠送及制造、选址基座、巴黎建成运美安装三段，自由象征结尾独立；重复日期原样。 text与bodyText同步；sentences对象及时间、角色、索引原样保留。
398	public/nce/lessons/nce2/094.json	nce	nce2-094	Future Champions	passed_edited	7592ba576491a79a2a632adbd909c00e42412cc218b9d68c97d51694f2e0c8a1	ee39ffd60b88f0f43c1ac8fc898cf5de46e5232f3d17165210131f9fbde39209	2	true	true	2026-10-07T07:52:24+00:00	1a9655a0343acacaca37abd254fd217ea99299bc9585dbf7128c15f2466dc3f9	婴幼儿游泳；早期学泳实验、水下三轮车竞赛、未来冠军与成人鼓励三段。 text与bodyText同步；sentences对象及时间、角色、索引原样保留。
399	public/nce/lessons/nce2/095.json	nce	nce2-095	A Fantasy	passed_edited	a2f9d2be64aae9ce566f721d183a786a744d0e372e750de20bd4d62beba72c26	6a1f97c6fe6c0df49da24635817284c0d9ec8e7bb5dfcb1af64aabdee5f82cdb	2	true	true	2026-10-07T07:52:25+00:00	289a6dfca83f5ce7f8357f6cfc085eeba084720ff819f68886de07f85cee9fc2	大使午餐归家；妻子惊问、灭火器简答、追问位置、大使完整解释、帽洞追问及未戴帽的幸运回答各为独立轮次。 text与bodyText同步；sentences对象及时间、角色、索引原样保留。
400	public/nce/lessons/nce2/096.json	nce	nce2-096	The Dead Return	passed_edited	6c5a62c9006b4106849b2c0bb8907d726a80ec0334793e47c36676034eea5774	70721008396c92f77aa0a30b2399918cab58c7b3a7d8fc25e44762a65b07603e	2	true	true	2026-10-07T07:52:25+00:00	b74c0b73e927dcf6f7ff09a54ac162f768878a127afc55e47912d81396e336f8	亡灵节；迎接与食物灯笼歌舞合段，清晨弃食独立，放灯入海及送别场面合段。 text与bodyText同步；sentences对象及时间、角色、索引原样保留。
401	public/nce/lessons/nce3/001.json	nce	nce3-001	A Puma at Large	passed_edited	888efc60ab6c7f0663b9307d238004a02494a9f9fb789663594bee78fd53139f	6ed37deef76cd793cbd803bc3f0fc7368c6b245f41107371e33fb8d26b47a677	2	true	true	2026-10-07T07:54:33+00:00	1ddd4e2eeedd91db2d74eac12b011c5fddae0359ad49577b069fc2758e5192b6	美洲狮追踪；报告与调查动因、村庄目击搜寻证据、来源推断与未捕获忧虑三段。 text与bodyText同步；sentences对象及时间、角色、索引原样保留。
402	public/nce/lessons/nce3/002.json	nce	nce3-002	Thirteen Equals One	passed_edited	459fc6b43d3a13e5574a2fd589cad936dca010217fba4788281f1f0d077e4aac	07de9ded1f25fe8e34986c21f0315a72f6d479bd6e4936ad9db217d670ba8325	2	true	true	2026-10-07T07:54:33+00:00	1c3d7c2cef410f2de839f6b381c9eb050524506cf65ac6691e6d8843ad80e2df	钟敲十三下；筹款损钟背景、夜醒上楼询问、Bill修钟解释、牧师惊喜和最后喝茶各依角色合段。 text与bodyText同步；sentences对象及时间、角色、索引原样保留。
403	public/nce/lessons/nce3/003.json	nce	nce3-003	An Unknown Goddess	passed_edited	0cd3ab92f39dfc200f19802d84f5865c6c290d4ee73509fc5f2c3c37d3b39ad3	ebf3260f8f01fab68721385a2d8d1db84c12e0b4a80cf85887626bc4555abe6a	2	true	true	2026-10-07T07:54:33+00:00	412019b261650701baaf8d51f9ecd88e7cdee62e82616e5a102e87cc00b71844	未知女神；古城文明、寺庙雕像碎片年代、重组后的形貌身份三段。 text与bodyText同步；sentences对象及时间、角色、索引原样保留。
404	public/nce/lessons/nce3/004.json	nce	nce3-004	The Double Life of Alfred Bloggs	passed_edited	f4c4820df9e420276b99807ed0f6f4852213615b96e0856155d0ddda7ec43124	ac7e310c56b928c4f10039ac39ccc3ad43798f3d91e93892865a8dfd2b0b66da	2	true	true	2026-10-07T07:54:33+00:00	acd1e922c32ff00fc466f30a14d20a8e83c2bd9adbe87dc8ad205ad85f7ba6c4	Alf双重生活；白领身份观念、隐瞒清洁工每日换衣、转职减薪获称先生三段。 text与bodyText同步；sentences对象及时间、角色、索引原样保留。
405	public/nce/lessons/nce3/005.json	nce	nce3-005	The Facts	passed_edited	f1a96704020210d19b5486f8553b3fe5d9ebcd88b3562ca6e8b03d578b592598	e567539590d3dac02a8bf8aee753e15a5c14cbd2c0bd9ef89d2758d55c9ea356	2	true	true	2026-10-07T07:54:33+00:00	8ed5a05128952ae9654f494c85e3e2302b704f356fad4464ea3bf0ba8cb2b6e0	编辑追求数据；稿件遭拒及索取台阶墙高、催稿未果原文发表、记者被捕传真揭晓三段，概述独立。 text与bodyText同步；sentences对象及时间、角色、索引原样保留。
406	public/nce/lessons/nce3/006.json	nce	nce3-006	Smash-and-Grab	passed_edited	1e0925d6131e7bc658477f1cfa3ab48de9de6f30bdf8cf2a21cb82f3609900c4	b8a64ccb2156cfdf45edec1a075d06073cf94908bddff746ab7970e06862c16a	2	true	true	2026-10-07T07:54:33+00:00	7debe1ce2fbef61efedd21940c01b2ee24f611899af142b9f345955dbd563640	珠宝劫案；早晨布展、车辆冲入砸窗、店员投家具、盗贼逃走及追赶四段，恢复Just as从句。 text与bodyText同步；sentences对象及时间、角色、索引原样保留。
407	public/nce/lessons/nce3/007.json	nce	nce3-007	Mutilated Ladies	passed_edited	6a835fd436d0ad76b203814e6233924c5a4f72672d2dfdfeb798e750601a605e	f93230e92cd2f595cea3c7de4552fefca6595d8e0ac6132d2c8a90a464b44007	2	true	true	2026-10-07T07:54:33+00:00	cdf0843ce84611123b412dbc4d6762025d457164497ba7f4f52f0e5a54ae5600	残币赔付；洗钞设问、银行机构、微波炉烤钱包、残币送检获赔、发言人数据五段。中文多句末缺标点，保留那些句际换行，仅连接有界衔接，不改字。 text与bodyText同步；sentences对象及时间、角色、索引原样保留。
408	public/nce/lessons/nce3/008.json	nce	nce3-008	A Famous Monastery	passed_edited	aa81b11c382eddab7a9b3ad37ff9e52cf24acef306c63cca57bb77d6d4f8700a	8e6d2e1fa8ae406cd01f897081f337d30738a2c89e22181aad7668ad6ea79f2f	2	true	true	2026-10-07T07:54:33+00:00	8b97c9c5746d6089aff8b70c8060e0aec16f4e2f65e95c3609c64c0d057a8262	圣伯纳德修道院；山口与救援犬背景、夏季游客圈养、冬季宁静犬自由及滑雪者三段。 text与bodyText同步；sentences对象及时间、角色、索引原样保留。
409	public/nce/lessons/nce3/009.json	nce	nce3-009	Flying Cats	passed_edited	4eba15f6e6d41d44e09304e93c1013abe7726168b3fc10f657b265293e0a2574	60f81e8bb6ce8d748a0a0c2152f1a44e0ef7e709377f81b7f82e5ecba2056220	2	true	true	2026-10-07T07:54:33+00:00	7ef4ee519e13148372d333e001eef0a89511b6f7ed833dde67a7d87707669b34	会飞的猫；独立性与九命说、纽约坠楼研究例子、伞兵比喻和空气阻力解释三段。 text与bodyText同步；sentences对象及时间、角色、索引原样保留。
410	public/nce/lessons/nce3/010.json	nce	nce3-010	The Loss of the Titanic	passed_edited	cfb013f34be93a4af9ff60b21916a6ad4147e722be6d74d752abfa1c3fd3c705	ab317d0485aed547722da312cd2806c8635e126d80b345063c9fa05b304c9f7e	2	true	true	2026-10-07T07:54:33+00:00	e484c56d3ed3bba0b19211aca02eb7941ba4b65bce8f9adcfd4a3e50957d38a8	泰坦尼克号；航行及不沉背景、发现冰山转向、轻震实已进水弃船伤亡三段。 text与bodyText同步；sentences对象及时间、角色、索引原样保留。
411	public/nce/lessons/nce3/011.json	nce	nce3-011	Not Guilty	passed_edited	e282e8746d7520c6a3d89fde0d7c6a45a0166c9963728b74e96c6231960f21e0	8e86bfad173730bcb250235c933179083d3394d0b03f962ab743451ffa710449	2	true	true	2026-10-07T07:54:33+00:00	21741debc4b5a1354647b69524169ee842f4b8f3e20068d4e9c27530bd3d466e	海关发胶检查；背景、盘问开场、翻箱、发现瓶子指责、作者说明、鼓励尝试、嗅闻放行分段，问答角色不混并，原引号缺陷保留。 text与bodyText同步；sentences对象及时间、角色、索引原样保留。
412	public/nce/lessons/nce3/012.json	nce	nce3-012	Life on a Desert Island	passed_edited	37cb27c03447829bd8c12bd7ad0ec2822ba6161c5126c70a4166f616eb54c195	f79c3f5fe739807bcb6c8150faa3c3ab2ffd74e7683cad6e3771fbf40b60a59a	2	true	true	2026-10-07T07:54:34+00:00	8187eefe75bf893388f00f07bde3f66a661d27252a557b59305ce19b47bfa460	荒岛生活；天堂与困苦想象对照、两人弃船登岛、取水捕鱼与获救不舍三段。 text与bodyText同步；sentences对象及时间、角色、索引原样保留。
413	public/nce/lessons/nce3/013.json	nce	nce3-013	It's Only Me	passed_edited	6139bc5ccce3f6bba1242f171ff15d364c487fc748d6cc13882718f181b2f974	24ba9dcf8f58a3f36a971206c87eed9fe8c2030499937ee633da0ff496f0e248	2	true	true	2026-10-07T07:54:34+00:00	04c3ee3ca854c0001efc2187471ad79da7a9d3a87c90695ff8bd6304932665da	鬼装惊吓；兴奋试衣、误以面包师而藏身、抄表员闯入受惊三段，恢复saying后引语。 text与bodyText同步；sentences对象及时间、角色、索引原样保留。
414	public/nce/lessons/nce3/014.json	nce	nce3-014	A Noble Gangster	passed_edited	5f909177b16a2dde0b42d97fab80371f71201de83c2c977f216f13def80c0044	1b283c3855afa9b97c6a556e0469501fc095d2e431293c26fb98a997896e0bb5	2	true	true	2026-10-07T07:54:34+00:00	46552982fe077cb95499d7251a9d1edb2ec9a9ff84d804b22d72bd7e8f327b0e	Hawkwood保护费；现代黑帮与古代引入、赴意及战时和平获利、英雄国葬讽刺三段。 text与bodyText同步；sentences对象及时间、角色、索引原样保留。
415	public/nce/lessons/nce3/015.json	nce	nce3-015	Fifty Pence Worth of Trouble	passed_edited	cf4ae1edc08cdad7eb16a205a43b0716e94f9cd1fad83b1df9870bde55fe5d8c	2a140ffccf60884d322961dd391f1f1e913d6f9a19e6f74b31060acc98ed6d47	2	true	true	2026-10-07T07:54:34+00:00	4b388ba3bf3312dcd7edd35785abb345eb8bcae597d18c1f8718a82606663f48	五十便士麻烦；零花钱习惯、侄子不存钱、硬币落井卡臂救出三个段，最后巧克力奖励独立。 text与bodyText同步；sentences对象及时间、角色、索引原样保留。
416	public/nce/lessons/nce3/016.json	nce	nce3-016	Mary Had a Little Lamb	passed_edited	538189e2ff06bd39c9f3494b2114e61ed4a7d439939625653bee0299f3782750	9cf6187357bc5eb666ffe7546b05089e2b69203a92d66b3f752d66912438f546	2	true	true	2026-10-07T07:54:34+00:00	e90882e59024f11e49aa2021c2f9909daacb08988b16c5fd9a798e2728d01dc3	白羊变黑；养羊失窃、丈夫查找、质问邻居却道歉、雨洗染色揭晓四段。 text与bodyText同步；sentences对象及时间、角色、索引原样保留。
417	public/nce/lessons/nce3/017.json	nce	nce3-017	The Longest Suspension Bridge in the World	passed_edited	ab472bfea90a301bf65690d0f02dad23bc6d31dce7535882a8bbb1d1b534ca68	19a02cb764d3cbd119b6b9a92bb3da947a069bc4e13369437fbb9c429e1c4c11	2	true	true	2026-10-07T07:54:34+00:00	ba5e37b66ac76faed69a53c4db503dfa7d402d3672d3ba04f06c472252056c2d	维拉扎诺桥；命名来历、桥址跨度、塔缆平台承重结构、简洁优雅评价四段。 text与bodyText同步；sentences对象及时间、角色、索引原样保留。
418	public/nce/lessons/nce3/018.json	nce	nce3-018	Electric Currents in Modern Art	passed_edited	c06c5fd45e3327507134284aa4300ad853b812205706608f518953de8166b98d	0c7c9ee3d2d98eaeef6bd1ef587bf4973b85a3e78a0721be38b3360373636ccc	2	true	true	2026-10-07T07:54:34+00:00	94ccafa2f806585c9bdcb3540abec8bec3b08c19aceb55b18d385c5c258802aa	现代电动雕塑；习惯雕塑仍惊讶、警示动态展品、磁球、灯光火花与电击评价四段。 text与bodyText同步；sentences对象及时间、角色、索引原样保留。
419	public/nce/lessons/nce3/019.json	nce	nce3-019	A Very Dear Cat	passed_edited	dbe91edeb45c346a280ce5416a9fa09baf8fcb5e8624fabe601fe554b16ae6a4	c09f30e51f6b01052284cb8afe04dbff84227a1b9342e44e62d476d45c94975e	2	true	true	2026-10-07T07:54:34+00:00	b2c3a65656340be6c66c448547ed932c5f3d4efc0a5822ca1df90781fba22518	猫的赎金；规律生活及失踪、匿名信和付赎金、如期归猫、警察惊讶与dear双关四段。 text与bodyText同步；sentences对象及时间、角色、索引原样保留。
420	public/nce/lessons/nce3/020.json	nce	nce3-020	Pioneer Pilots	passed_edited	c9e63ff133e386369b16375825287cd829743dc93cff92b939f71f5f4ec17ada	f44341e5073569522555227b28684feb13d9b939c3790e42b444ed21eb868f03	2	true	true	2026-10-07T07:54:34+00:00	59491466ba72a3c09d34b2fbb4e54c73f20ce84ab7a5d6062b20d01859bc5342	飞越海峡先驱；奖金与Latham初次失败、Bleriot到来、比赛预期、Bleriot成功、Latham再次迫降五段，恢复日期断行。 text与bodyText同步；sentences对象及时间、角色、索引原样保留。
421	public/nce/lessons/nce3/021.json	nce	nce3-021	Daniel Mendoza	passed_edited	11dcf254e76dbb3e049e8dcccfd3ea94e191c826421185937a42ca83187b59f7	ca6a35c3a6ff5ddcbf346e26882dcbfed3e6838d806d804c5b17b4417b65e1e1	2	true	true	2026-10-07T07:57:15+00:00	0d444dfb2847006f156426b6c1b68e9d83056d194a59cc009dbc5422f51e776c	Mendoza拳击史；徒手比赛背景、人物与科学贡献、成名师徒反目三战、学校盛名及贫困末年四段，恢复Though从句。 text与bodyText同步；sentences对象及时间、角色、索引原样保留。
422	public/nce/lessons/nce3/022.json	nce	nce3-022	By Heart	passed_edited	efc59aa3ccfb313fa264e86d609c8883a752c268e869aa4f626814d78b74e9df	13519d44901aa596739b8f88e525d35451a54103a0ce5291c316b9cf4ba31977	2	true	true	2026-10-07T07:57:15+00:00	02b6d6f0174ef6e9b65f99277a6d2d303b1a96cb4879a806423daf17759cbdfd	演员背信；重复台词概论、贵族角色和捉弄意图、白纸上台、贵族要狱卒读、狱卒取眼镜真信五段，text引号前空格同步。 text与bodyText同步；sentences对象及时间、角色、索引原样保留。
423	public/nce/lessons/nce3/023.json	nce	nce3-023	One Man's Meat is Another Man's Poison	passed_edited	694bd8ce2dc4ffef88f5461e9d335630b1629a822e261aa960b0b38fe736da48	bd1f2bb5590c79de33b0454122e65d9b3bc08941bd39596ea29f9b6488cbfafd	2	true	true	2026-10-07T07:57:15+00:00	9ce49ae839d601be97946273c45de6d6abf40b5dbca019856d990d47a85b42ea	食物偏好蜗牛；习惯差异、蜗牛争议及Robert请求、雨后采集赠送、留饭时满厅蜗牛四段，恢复雨后断句。 text与bodyText同步；sentences对象及时间、角色、索引原样保留。
424	public/nce/lessons/nce3/024.json	nce	nce3-024	A Skeleton in the Cupboard	passed_edited	3a7587ca729d000c47a223f77d1d06dfa987b27c17b773b2b7075f0f300219c0	165016ad1867f25c300b2fdfd88d0bc5156aa7e4f435a1c55b19fc49d186cb59	2	true	true	2026-10-07T07:57:15+00:00	20d994d5cd71bcfa55d5442bcca07d1c72339df402462fb21179993a5f1298ae	柜中骷髅；小说隐秘说法、George身份、客房开柜惊吓、医学骷髅解释四段，最后同人引语合并。 text与bodyText同步；sentences对象及时间、角色、索引原样保留。
425	public/nce/lessons/nce3/025.json	nce	nce3-025	The Cutty Sark	passed_edited	826cd1a1ce55182c08199381ca33ae56794e45d5b5ac5e60e24bf6d9e4eddcd5	c85e25b4edd80f2e4570bdd2ee869e8d69ba260598d923b4a224743f737c7f66	2	true	true	2026-10-07T07:57:15+00:00	3370a3ad51bfd4a994b7146c5f3c39a8eddfd557510ac1a372f3b2d8cd30cb1b	Cutty Sark；展示与历史用途、双船赛程背景、暴风失舵临修落后、换舵晚到的评价四段。 text与bodyText同步；sentences对象及时间、角色、索引原样保留。
426	public/nce/lessons/nce3/026.json	nce	nce3-026	Wanted a Large Biscuit Tin	passed_edited	0b7c122e4166bf5a0a1854dd90769646c90538c437be3946f6e6257cda33eedd	c5371ad43db9c8922180c5b77df55e8042e49ba95aee76c6d84a1887e5e0a111	2	true	true	2026-10-07T07:57:16+00:00	8ed413995788dc7ea86263beded8abd0c7643779a140c15d7209a8a500b6e5d2	巨型饼干广告；免费诱惑原理、广播竞赛与早期参赛品、学生巨饼及厂商高价三段，完整衔接原料列表。 text与bodyText同步；sentences对象及时间、角色、索引原样保留。
427	public/nce/lessons/nce3/027.json	nce	nce3-027	Nothing to Sell and Nothing to Buy	passed_edited	1fdbaa4efc925d02754ab22ae6798a1851dcfc61b43982e3cf58a4b008102a25	e892d94cdddb5d44eb71f763f53c932a8ba4ef848d52c58e5f0dd52da2d48b1a	2	true	true	2026-10-07T07:57:16+00:00	f517721f951f609cd4eba324db3274302660c604b4c0d693fe9f91b2614a3c89	流浪汉自由；出售技能与服务的社会规则、流浪者与乞丐区别、轻装近自然而自由的生活三段。 text与bodyText同步；sentences对象及时间、角色、索引原样保留。
428	public/nce/lessons/nce3/028.json	nce	nce3-028	Five Pounds Too Dear	passed_edited	257033b3f3cc7a04c2f8fe3e71c451b1c5e1187d48f818738003f93a1b036bb1	5f99506d8d79e12987505eccdf4daefd952afb17e7ff4956b64647ae29c1eb73	2	true	true	2026-10-07T07:57:16+00:00	aa7d49e4285dfae4fd4609b17319c195c70b96b9b0435f1407f44188d5833667	五英镑钢笔；上船商贩、钻戒纠缠、钢笔讨价成交、回船发现不能写四段。 text与bodyText同步；sentences对象及时间、角色、索引原样保留。
429	public/nce/lessons/nce3/029.json	nce	nce3-029	Funny or Not	passed_edited	20ef668be376d970bf5107156f51b34e47da620e4e53e7588a32cfebd06b27e1	4970876e03ec5cdb3146b5e69e4fb7907f17f1f149582d89b50e384059933a6e	2	true	true	2026-10-07T07:57:16+00:00	eced20e371b6a1790f987196922f1354bae3f739f3db6c88ad16ad09e3f540e4	病态幽默；民族差异与普遍情境、新类型介绍、住院圣诞苦闷、新年出院又摔另一腿四段。 text与bodyText同步；sentences对象及时间、角色、索引原样保留。
430	public/nce/lessons/nce3/030.json	nce	nce3-030	The Death of a Ghost	passed_edited	2db0e6172ec3bf1ca7f4f4f2a36cd0bc5d4c367a29c1f8c012acf97d43bfe61d	e2a78b312ffcbe0e45896508834f17c5cbf672471182f73be658d0ea145d8808	2	true	true	2026-10-07T07:57:17+00:00	8d07cb30e4dbd4923da0f8da5b36263b6670f9b19e3921a0865e56488bcd23ad	农场鬼魂；夜间劳动传闻、葬礼揭示、逃兵及家人隐瞒、日眠夜劳直到死亡四段。 text与bodyText同步；sentences对象及时间、角色、索引原样保留。
431	public/nce/lessons/nce3/031.json	nce	nce3-031	A Lovable Eccentric	passed_edited	e129d3ffac9c216d7f354c2460e5873b52f993ac295550bc3f7506e1f32d0ef7	09e347a50cb0e40dff01a23c9ddbd593cb1b5be799ceff9e25d04b72990c6774	2	true	true	2026-10-07T07:59:39+00:00	4ba181e13fa4123bac24b4feea8426ba751be8538f846e55ede22282e602c195	Dickie怪人；怪人特性、人物与习惯、便士买表报复、画作戏弄评论家四段，动作和同人引语连续。 text与bodyText同步；sentences对象及时间、角色、索引原样保留。
432	public/nce/lessons/nce3/032.json	nce	nce3-032	A Lost Ship	passed_edited	7804a6339dcd26ac337007443d2221d6b65d633af8c6e1a7d3ded5280f791ddb	fc13cbb09a2ff9c9e4aff432036cc26efd507c8d02c167bb7f9d440329eccbeb	2	true	true	2026-10-07T07:59:39+00:00	7e8e4d3c701f95e3d77e85d851791b6e962c4f7fa20843230899f4c4ca4a56e5	失踪巡洋舰；打捞任务、发现别船箱子、遗物与未完信、日志证实历史四段，保留船物叙事顺序。 text与bodyText同步；sentences对象及时间、角色、索引原样保留。
433	public/nce/lessons/nce3/033.json	nce	nce3-033	A Day to Remember	passed_edited	b6dc21bf188740a3e5439c455c813efae1412eb7a19e586a4cae1c8ed523d0c0	eb1c768eb88a0fcc2d3ffe595dacfc6b45f0ed7308dcac4fd056f19dbe38200c	2	true	true	2026-10-07T07:59:39+00:00	099f15ef96422d03c12c9e0b664b5a9ebfaf5893c9982713c1fdbb4e1c2dca8b	倒霉日连锁反应；总述、家中做饭看婴儿、交通蛋糕啤酒事故、清场和狗吃蛋糕四段，保持连锁叙述。 text与bodyText同步；sentences对象及时间、角色、索引原样保留。
434	public/nce/lessons/nce3/034.json	nce	nce3-034	A Happy Discovery	passed_edited	40de87fd3eef2dda6fb3d61a7f881c21d2bcb2c62cb6b2a716ca37dbb633fe1f	f219f67446dc575e3587d981c08cf9ccef5dd4acaea1f089a832c1bcf86f2e0c	2	true	true	2026-10-07T07:59:39+00:00	cf030c004cfa659926ab86890fcb7776647f33d876a32381028f49b738e5a93f	古玩珍宝；商店吸引力、猎宝者与Frank、开箱失望、发现名画四段，报价与买画结局连续。 text与bodyText同步；sentences对象及时间、角色、索引原样保留。
435	public/nce/lessons/nce3/035.json	nce	nce3-035	Justice was Done	passed_edited	5001bfa34db076acfe887355dd69c67d47cef662d0e29609dafb81fc36c95bc8	ffc96c4e9ee765c611f5df7ed2c8334125565a9b76de214b0c7c54a2a5a1c688	2	true	true	2026-10-07T07:59:40+00:00	795c80574cca93b49d48f634a35bf2324bcf0f5c50b068db64146b8f2a80a09a	正义双义；司法判定、自然报应、珠宝店营救、窃贼自承四段；额外prompt提示已通读保留。 text与bodyText同步；sentences对象及时间、角色、索引原样保留。
436	public/nce/lessons/nce3/036.json	nce	nce3-036	A Chance in a Million	passed_edited	efb1c9d702b11a7e1e7a0900b8d54f91759f232f908a909548b9dd6210fa61a1	eb4869b14ae3c3d305d72ae0cf3e6dc49261dade0e854f11bcf57306455e120e	2	true	true	2026-10-07T07:59:40+00:00	9ed9ffc1dfe2f205d9d47ace8ec31ee9860c78b8116c3ce16cd8c527e81e54b9	兄弟重逢巧合；小说巧合议论、妻子认人核实、战争失散经历三段，恢复When及Assuming两处从句。 text与bodyText同步；sentences对象及时间、角色、索引原样保留。
437	public/nce/lessons/nce3/037.json	nce	nce3-037	The Westhaven Express	passed_edited	f60c91c5b960d275c83e0a113b742ea6764ef0c155394a65c40e5ac8d278fe98	14efab35428830e55a39cb1f8eeae397749f8951437de92f61b32bb13c791e78	2	true	true	2026-10-07T07:59:40+00:00	bc6a067aba198fd5428f207a82cfdbfc2503ec3e93949a63cab063904822cc9f	错读列车表；准时信念、查表上车、慢车疑惑、投诉发现停运脚注四段。 text与bodyText同步；sentences对象及时间、角色、索引原样保留。
438	public/nce/lessons/nce3/038.json	nce	nce3-038	The First Calendar	passed_edited	ceee21486578f5f5dc6c7511ebcb1e3db784f2cc57e8ca2b8db8b6d07b3f2a0f	42756b9c627e8d9ef34e6bc30cca993fe575d860705eac25f2873d77b1379fc8	2	true	true	2026-10-07T07:59:40+00:00	7a70826585cb720d29810fce4fd1fde4429188e7e2a4d64e7b88e2588e4a5c75	早期日历；未来史料、古代线索与旧假设、标记解码、壁画关系四段，保留年代文字。 text与bodyText同步；sentences对象及时间、角色、索引原样保留。
439	public/nce/lessons/nce3/039.json	nce	nce3-039	Nothing to Worry About	passed_edited	9720e2622b5964dac9cf907cfd817f76e7f25a027c07ff06754c38b7a48c1a44	fd8f820b946d4cbeb87fca700ad16f6e19641862f2d52a1c5eaaca36288cafa2	2	true	true	2026-10-07T07:59:40+00:00	ae6f5b07b5290fc47dd0ac108120e417cfb343041d7570d21376a1730252da45	Bruce危险驾驶；人物与路况、碎石忧虑、跨裂缝、水中缺油四段，题干拼写不属边界修复原样。 text与bodyText同步；sentences对象及时间、角色、索引原样保留。
440	public/nce/lessons/nce3/040.json	nce	nce3-040	Who's Who	passed_edited	3191c7258abbdcee46eb72ae453b654011eaf568c82428e1f777316f209100b1	cf4604cf1f476a53c11ca2bb00e8951cb1df5c2cfc960b60ab19eb8e18392780	2	true	true	2026-10-07T07:59:40+00:00	eea077c772fc70d19b96a33867fd6de95e8635befb72129d86f338ccf3359069	学生骗局；恶作剧概述、双向误导、警察工人冲突、报警识破四段，不改变叙事引语内容。 text与bodyText同步；sentences对象及时间、角色、索引原样保留。
441	public/nce/lessons/nce3/041.json	nce	nce3-041	Illusions of Pastoral Peace	passed_edited	d3ffe937122e34446694da17e97aaad30347bb5c8294e4675128b71f43a35102	63a5638c870c5740534290d67d246eeb214a12cecffd9d90de356df53e0bff29	2	true	true	2026-10-07T07:59:41+00:00	d883a74dcdf7b1e6f24ec63d4f87deb3da3fa5fbbc491e87eef51602c4ad448b	田园幻想；个人与朋友观点、乡居缺陷、城市交往观剧、购物、城市美感五段。恢复City born续句，末尾中文重复原样保留。 text与bodyText同步；sentences对象及时间、角色、索引原样保留。
442	public/nce/lessons/nce3/042.json	nce	nce3-042	Modern Cavemen	passed_edited	5dc37ff200c9bd335a6f2d00cab9e531f7bdbb3f2a982e169fbc19d0e481509b	be61cce648c1adcff5e235149bee5a632ead1a1a2cf4b73a233a8bc7912d1fea	2	true	true	2026-10-07T07:59:41+00:00	88dab7be3582b20ba9dc7ad5ede635900430257ca57df94b1fd461dcbd915f73	洞穴探险；动机、准备、洞穴地理来历、进洞渡湖、巨大洞厅五段，地点与洞景连续。 text与bodyText同步；sentences对象及时间、角色、索引原样保留。
443	public/nce/lessons/nce3/043.json	nce	nce3-043	Fully Insured	passed_edited	114d4c4a92d6291680c4543e8a5f60a440cfbeee6056d99c67b47cd9864f151e	7ae99e19dbc4dc82b18db5013b63436c891b6ea8a3c4ec665ef2b2fb9749a0df	2	true	true	2026-10-07T07:59:41+00:00	89325ae262b433908d8facfa8774f0f641fb7e63117433061b6e141da3f55616	派盘保险；投保概述、派盘用途及沉没、首轮打捞失败、再试成功四段；中文第4行重复属于译文校勘保留。 text与bodyText同步；sentences对象及时间、角色、索引原样保留。
444	public/nce/lessons/nce3/044.json	nce	nce3-044	Speed and Comfort	passed_edited	4d55d8659018da4c87a4deb80091b606e86b41647c702727b01c1317828c56ec	acdb52fb49f81efe87829bb60d2f0bf51b83bb9748f1ef7bb900376c2dfd1ceb	2	true	true	2026-10-07T07:59:41+00:00	af17a081a5be957eb32d1b636197e8f6a04932c1f4f5d68e99a0c96aaf0488b8	交通比较；火车、汽车、海路、航空速度服务、空中景色与到达状态五段，保持多句论证。 text与bodyText同步；sentences对象及时间、角色、索引原样保留。
445	public/nce/lessons/nce3/045.json	nce	nce3-045	The Power of the Press	passed_edited	f1c08bfb4cff574e750fdcda4ff09482328bdf1c9a5e387592591d7503e82f48	1efbcb181aae96d76182fb4bbe5606afc514108f06a2e36964bba33e675dbbed	2	true	true	2026-10-07T07:59:41+00:00	bd7662a8edc28b590a8b3c54f01ee72d62593eb2584eb4f53f1a5ad16893f8f3	媒体力量；自由与隐私、贫困家背景五胞胎、报道带来财富、商业化代价四段。 text与bodyText同步；sentences对象及时间、角色、索引原样保留。
446	public/nce/lessons/nce3/046.json	nce	nce3-046	Do It Yourself	passed_edited	8ccda55961511552c001e8ecfb15d5074b35ee7d6fc581ccb861f643144e6fdd	e21142808925ec98c4f4e84f4d6159276379a126e82c003fd53ddaf90bee45f0	2	true	true	2026-10-07T07:59:41+00:00	b1da28ac32062932b1e06088892dc1a419fc61c93ebdbdfdb2785ea46fc50942	自己动手修割草机；DIY热潮、万能丈夫幻想、接下维修、拆装失败、荒草结局五段，恢复When从句。 text与bodyText同步；sentences对象及时间、角色、索引原样保留。
447	public/nce/lessons/nce3/047.json	nce	nce3-047	Too High a Price	passed_edited	49d7dac9486c334f69164919bfd01a504ccbf5c56619b1eff7c501b32a08b4b3	4f7fa8e949147bbc799ef436a95cc7bc4ced0b173a2a3ddc1b757a532316e7fa	2	true	true	2026-10-07T07:59:42+00:00	b4d33df614671647383598817fb54ff94cb0c1fdf97e50f3434710378103d73f	污染代价；垃圾、廉价食品、传统噪声、手机、打鼾调查五段；恢复冒号例举与revealed that续句。 text与bodyText同步；sentences对象及时间、角色、索引原样保留。
448	public/nce/lessons/nce3/048.json	nce	nce3-048	The Silent Village	passed_edited	b41921f6b5f376f67a6a280819c4d1287cffa8e32b063a8ae52a9d7df23f700a	482893af7d99bd1a02d8ecd3285cbe41104fd1af449b6556867e3178997dd8de	2	true	true	2026-10-07T07:59:42+00:00	d09789ad9e8120158f32279333a0fc7a169e67058d4590146c26377c1e7dbd4c	寂静村庄；偏远村落概述、离镇缘由、穿林渡河、村貌午餐、孩子围观、居民敌意促返六段。 text与bodyText同步；sentences对象及时间、角色、索引原样保留。
449	public/nce/lessons/nce3/049.json	nce	nce3-049	The Ideal Servant	passed_edited	576d09d13a2a19eccc0e16cc706dbd76d366c568971157cf7599af46e7a2df6b	0772e6962778818e9bd9cf97396ae9cb5687cf3588c3e32d7e887a7dd708a2e7	2	true	true	2026-10-07T07:59:42+00:00	94f5eaa42aa1d711df0fac850c04d26895458ddb2ab3b28a27200b3320247066	理想仆人；姑妈房产背景、洁净豪宅与换佣、Bessie受信任、醉酒宴会、解雇后空瓶五段。译文节目等词义问题留原文。 text与bodyText同步；sentences对象及时间、角色、索引原样保留。
450	public/nce/lessons/nce3/050.json	nce	nce3-050	New Year Resolutions	passed_edited	b19932d01f366695d7aa60bb6ff25e5e0084e191b0b9796fa6c2faf4b1ff7be4	3ef62180b00d88b5b76231dc3f974166bb5ebc4faa7000dcd801c789ea540691	2	true	true	2026-10-07T07:59:42+00:00	37ec1847168d5e043df0b7ce6e4554a52d7037037897cc4672c4a42a48ffaf66	新年决心；通病、两目标、锻炼被发现、锻炼消退与借口、阅读失败五段；恢复After、if及Resisting跨行从句。 text与bodyText同步；sentences对象及时间、角色、索引原样保留。
451	public/nce/lessons/nce3/051.json	nce	nce3-051	Predicting the Future	passed_edited	274af5ded981b1cc64bede95b62bfcf989d7e5c2f67dbefd7f6b2fdd2e1da808	fa858d93017d554a3b1629313bcf350c46666989e075c5d19630ebedd09b871e	2	true	true	2026-10-07T07:59:42+00:00	3aba0c701761551402b7fd600375a2927d729561247b2f8795e33040621a1d74	预测电脑；大型机背景、家用电脑进展、Bagrit预见、互联网超出预见四段，恢复英国人姓名与主句。 text与bodyText同步；sentences对象及时间、角色、索引原样保留。
452	public/nce/lessons/nce3/052.json	nce	nce3-052	Mud is Mud	passed_edited	d0513b5113bf44e9caa614123734c9926d356f105f27765eed69659c0ae38c67	2337931fe849c012fd3f9c66b387ca51611f8ec8ad5db132a1c6151912481fdc	2	true	true	2026-10-07T07:59:42+00:00	5ed2f348e1832811c10d3c2b062dc96a35c890f01ef985ce9dca8f374ff1f158	香泥骗局；瓶子展示、哈利惯用伎俩、索Myrolite、香泥反将一军四段，恢复When女人摇头续句。 text与bodyText同步；sentences对象及时间、角色、索引原样保留。
453	public/nce/lessons/nce3/053.json	nce	nce3-053	In the Public Interest	passed_edited	273c30ce551fe7930a63bccd32784fc6badb124075073c287f4971dc06fc3a6d	054ef5a2f39f642d1babae9e41623b0d792edba1756bdf682a53fdb85ee51cff	2	true	true	2026-10-07T07:59:42+00:00	4342c843309ee84023645997cb27a36bdfb539c04877cb92d1bdc82499a5f797	监察专员；制度缘起、工作方式、外国人投诉初查、实地调查与处分四段；中文18行内部缺标点属校勘保留。 text与bodyText同步；sentences对象及时间、角色、索引原样保留。
454	public/nce/lessons/nce3/054.json	nce	nce3-054	Instinct or Cleverness	passed_edited	c60cdf9664848135c34d8d5ee4873438f8d1fa0ba4d76745363ccbafa8857a5b	365b9d72fce93622561040f4c0690d5400e52c20af47c6d9f113fbff5b97943d	2	true	true	2026-10-07T07:59:43+00:00	0062ad49c14d959f3ede259fcfa7398d77a6d528b275e714840614e1b6e709e2	蚂蚁聪明；怕虫、着迷、桃树蚜虫、胶带实验、蚂蚁绕路五段。 text与bodyText同步；sentences对象及时间、角色、索引原样保留。
455	public/nce/lessons/nce3/055.json	nce	nce3-055	From the Earth Greetings	passed_edited	b9fdfb2ef3af4e9d292c24feaef4b9ba7cc8caad483cac6860f4ea535080d15f	5234d9eaa6d104eb2c9011d78c77c5c439514e93df093bd8dc5e5069ba63d757	2	true	true	2026-10-07T07:59:43+00:00	e7d987b6864e6381152e606b6736d5c730011084738dab4b60ec654a3c0197f0	外星生命；发现难度、生命条件、望远镜限制、细菌、发现意义五段，结尾Goldin完整引语合段。 text与bodyText同步；sentences对象及时间、角色、索引原样保留。
456	public/nce/lessons/nce3/056.json	nce	nce3-056	Our Neighbour, the River	passed_edited	e5bb5ba65b284a18b14c79d45f2b95379c6aa60a2ef14797eb129ce1a901b11d	8aa045659abcdd93bcd729406cde33deec6d199204ca43babdde2c61d100178c	2	true	true	2026-10-07T07:59:43+00:00	f572fa00533034a5dee92e09067133dca988d2c68fd59ad0d492a63af2d76221	河流邻居；谋生与亲近、季节活动、洪水风险、担心邻居、木筏救援五段；开头译文缺失错位重复仅属文字校勘原样。 text与bodyText同步；sentences对象及时间、角色、索引原样保留。
457	public/nce/lessons/nce3/057.json	nce	nce3-057	Back in the Old Country	passed_edited	2cbf56437d6d5f5101749deed9db924354fc7258dc13b9eb90fbf74ed96b6d52	42d5069824585b256faafd8f48acfd09c56d73e0b9064210508946244f244799	2	true	true	2026-10-07T07:59:43+00:00	2db22142bd9a4024066874f0b4815f3f667409caca02f4be38a081bda5a3cf69	回故乡；停车忆移民、父亲遗愿、租车返乡、循图迷路、骑者解释水库五段；恢复父亲描述跨行主句。 text与bodyText同步；sentences对象及时间、角色、索引原样保留。
458	public/nce/lessons/nce3/058.json	nce	nce3-058	A Spot of Bother	passed_edited	3b43fc71d50cc0e9aa9a56b3d69e61bac02588f0b7cc284e53778838e0b80c51	67c01c0d1979268772f7d2d66d961dc8d1dda94c64633051a9dc79a3532e4ca4	2	true	true	2026-10-07T07:59:43+00:00	0ae53c2a9a5c2f6ad6aef218f960d4df24b613b695254e232a5c07a916add7f1	老太太遇盗；回家发现异常、门房陪同查看、警方勘查、女儿协助四段。 text与bodyText同步；sentences对象及时间、角色、索引原样保留。
459	public/nce/lessons/nce3/059.json	nce	nce3-059	Collecting	passed_edited	48fd0fd8c57a33e5be6f3beac91cccac8d4b024434145bdf6627db47f8221458	7904dd325a2cbafcc64751ca46581a3137bda6f1180aec4e08e5d8c2a99ef68f	2	true	true	2026-10-07T07:59:43+00:00	6bd213bd0c6070064819368dbaac9e40b1dd403c893ea1bbea17c662bf7e6495	收藏；无意囤积、节俭与剪报、严肃收藏知识娱乐、社交与自信四段。 text与bodyText同步；sentences对象及时间、角色、索引原样保留。
460	public/nce/lessons/nce3/060.json	nce	nce3-060	Too Early and Too Late	passed_edited	56bec9033244238e5cbcecf459d44b83c96563919ff009127bb71c7603f7f48f	e31ea12f582341a01f6580b991554bfd50d428d27060efdcbe3d368ad4b80042	2	true	true	2026-10-07T07:59:44+00:00	645ce96c171c8ebff45602409dcd3e437e12f715341841d34fdd6bbed203ad07	早晚守时；守时与宽容、过早赴宴、赶车原则、女孩到站、邮车拒载五段，完整保留解释与请求。 text与bodyText同步；sentences对象及时间、角色、索引原样保留。
461	public/nce/lessons/nce4/001.json	nce	nce4-001	Finding Fossil Man	passed_edited	cba05478873f3e42d50787f7bf534eb9a104c480bc25f08e1fc6e6dc0b8d5515	7e5a8040bea661b0d70fe383414fde562092403eb05fe2b8452389de74b76f6c	2	true	true	2026-10-07T08:02:04+00:00	5253a755cfbc23f803334fbf77b9ef862c09e5669782c9155b21d3cf2869d49c	古人线索；文字与传说保存历史、石器弥补史料缺失两个多句论述段。 text与bodyText同步；sentences对象及时间、角色、索引原样保留。
462	public/nce/lessons/nce4/002.json	nce	nce4-002	Spare That Spider	passed_edited	cb96428381fcde7aaae3eb6d5ee56fc6e2ec69f31e1da66b28ce4b51b4a6d163	121441ae8d38eb0b8106119f4d0d8916f2d09ed7e393e4d75a2995a14b36aff1	2	true	true	2026-10-07T08:02:04+00:00	285bbe795719d69044cae8c0dbe0376460d7f618fd4a62b055392df1c5d12d66	保护蜘蛛；捕虫益处、蜘蛛昆虫区别、数量与捕杀规模三段。 text与bodyText同步；sentences对象及时间、角色、索引原样保留。
463	public/nce/lessons/nce4/003.json	nce	nce4-003	Matterhorn Man	passed_edited	e3a328b730ca1148325c422aa8ea532fe4f211553f49206cdf77ae061c46ad1e	9d8912e9afc6918fce48085cf95e3d41ad1ad53d7faf79e5a1bc6cf7bd0d0fd9	2	true	true	2026-10-07T08:02:04+00:00	93c03556d228bf30285cea9e60c8440527419ae24ee70e82a6e2685db8c1a079	登山先驱；现代与早期目标对比、阿尔卑斯住宿艰苦两段，Except for续句合段但原句号不改。 text与bodyText同步；sentences对象及时间、角色、索引原样保留。
464	public/nce/lessons/nce4/004.json	nce	nce4-004	Seeing Hands	passed_edited	d9e1df0c9cb85fe5852d1dfc1d114cec58963f43e7e24d6392a9df1adbeb34af	2e77aff5e168335e7c5141e16957cadf968cf7b40d9db2c312047a27a87773ca	2	true	true	2026-10-07T08:02:04+00:00	2dc2f75bc5677d02d1aea306a4593045df02d2cd8999cfa3d81b3719e1ab0d3c	Vera感知；发现能力、科研测试、蒙眼与湿手条件三段。题干译文不对应仅属校勘，原样。 text与bodyText同步；sentences对象及时间、角色、索引原样保留。
465	public/nce/lessons/nce4/005.json	nce	nce4-005	Youth	passed_edited	5891982fd27c986153c9a843093b901fe1deacf55fac2433e50d90101b2a99ed	c903c1279c923b3e7e0a29c46e1eb50a6b8aaf4d1485c6ad8c1a41dbde9a6084	2	true	true	2026-10-07T08:02:04+00:00	b4cf1a3d05431af1c92816d123891a460898b17f24363d63b9e51848d12b618e	青年问题；代际与自身青年经历、青年特质、平等相待三段，恢复两个破折号断开的句子；题干误译原样。 text与bodyText同步；sentences对象及时间、角色、索引原样保留。
466	public/nce/lessons/nce4/006.json	nce	nce4-006	The Sporting Spirit	passed_edited	fb1e51774c4d4a130543633a9481d418f1cac6fab7adcfda40919c2b27dfa465	c12a4dcc5978076b70a5e1c84c005cdeff76f1ad897b6d31330b272918b84fc6	2	true	true	2026-10-07T08:02:04+00:00	a177db5e10d12ce21c118d65e3a166486457e75620b0d431564189c6a62968c5	体育精神；反驳友好论、竞争与荣誉心理、国际比赛与观众三段。 text与bodyText同步；sentences对象及时间、角色、索引原样保留。
467	public/nce/lessons/nce4/007.json	nce	nce4-007	Bats	passed_edited	d09e7eef9fc87275d91d3d8881adf8f89d05df80960c5867235c9c317a74bf39	bffff14637c5d265a8eda4c6db719046aef7ecf802a3b739cfbb92f7365f2b68	2	true	true	2026-10-07T08:02:05+00:00	a3a823a7a873a95259c3163ae7daca5185065eb2d3f07dbfcb2110102115eb71	蝙蝠回声定位；实用声音引入、测海深、测鱼群、蝙蝠用途四段，题干中文错位原样。 text与bodyText同步；sentences对象及时间、角色、索引原样保留。
468	public/nce/lessons/nce4/008.json	nce	nce4-008	Trading Standards	passed_edited	92773a140f78cfc277a55e3dda54ae89ad6ebf16f7d15ed38623234f9f9726ef	958130f9ee67b46287f8321e2222fcd937286e977dee295b1c600da355462883	2	true	true	2026-10-07T08:02:05+00:00	5928825099fc2f144fac50c274626180a2cc4b1c8be7aacffc4d59ad8a50577c	贸易标准；鸡肉争执、双重测试、协商进度、协议结构分歧四段，两国观点保留次序。 text与bodyText同步；sentences对象及时间、角色、索引原样保留。
469	public/nce/lessons/nce4/009.json	nce	nce4-009	Royal Espionage	passed_edited	8cbc9c78d9ef9c7b27029f81ee8288b3e75ef8ef1d84884d635afdefb5c3009c	c6ccb3652e045097da0a87869c3a4fbee7d7f725b8cec825ff4e2308c2e4c7d8	2	true	true	2026-10-07T08:02:05+00:00	09ff10e326bc24e9cf40bf6bc1a47eada8d095c70315b3988e0346e3107b4d27	王室谍报；吟游伪装、探营发现、骚扰战胜利三段，保留末尾评价。 text与bodyText同步；sentences对象及时间、角色、索引原样保留。
470	public/nce/lessons/nce4/010.json	nce	nce4-010	Silicon Valley	passed_edited	210028460cdaff9eaa72d4b0036c4e3e85297a4adb62d86e4b114d5c7b0f275b	39782fd69e8a9c8f9b3d21754a42e1635f1def2a88470203a24882ecdad6d485	2	true	true	2026-10-07T08:02:05+00:00	d2485b43950f8feb92b2c6d3cb6602bf0353748d29fe5301ae253363bbbcd160	硅谷未来；芯片设计与车库创业、亚裔工程师与全球业务两段；题干译文不对应留原文。 text与bodyText同步；sentences对象及时间、角色、索引原样保留。
471	public/nce/lessons/nce4/011.json	nce	nce4-011	How to Grow Old	passed_edited	817516cc8e66e5c89200909ccb12e54f3866f868a62a93f72ddac1cf33df32dd	edc648b97b462b57619ec43d10b8cf2e7407083e4b8bf65eefe3a495e0b19521	2	true	true	2026-10-07T08:02:05+00:00	0b681def94a7a254f2ee72df47c57c5b0a66e6c711a4fa54965b16507c2b82e2	老年与死亡；恐惧及克服方法、河流隐喻与工作愿望两段。 text与bodyText同步；sentences对象及时间、角色、索引原样保留。
472	public/nce/lessons/nce4/012.json	nce	nce4-012	Banks and Their Customers	passed_edited	856aa57f3b0eeb30345fdcd380f42c394174399c02f6047153451452dd501cbe	4021aa4eb81c85593b894ad0dd00fad407e4644a2f29cdaa7c3434ff0916ec19	2	true	true	2026-10-07T08:02:05+00:00	003081522c52364d450a389b135ca088d388f8a4ad22ba38b2b432cabfa26a2c	银行客户；债权义务、签名规则、印姓名风险归属三段，说明性长句原样。 text与bodyText同步；sentences对象及时间、角色、索引原样保留。
473	public/nce/lessons/nce4/013.json	nce	nce4-013	The Search for Oil	passed_edited	b117be96390faa6fedc5f4ccbdc1e23d8131c56b89e80f0647d018bebd123b6d	e529c4065c95390c9d9e62af2a71763236512d83a5b32e8fda787cf6c42f71a0	2	true	true	2026-10-07T08:02:06+00:00	b93f5147c9b515ed990ba579cba4f7144f779432513e07bdce084e0bf0a4128f	石油钻探；深孔与经验、钻塔取芯、控制出油压力三段。 text与bodyText同步；sentences对象及时间、角色、索引原样保留。
474	public/nce/lessons/nce4/014.json	nce	nce4-014	The Butterfly Effect	passed_edited	02418324559776e2e59728c1bdc12d6734ee521c6ce9f7197acb05283dcb19cb	685efe7af6631db0f18a6b1624e505d13da3a5860a0be8867d2cb28c2e3688b8	2	true	true	2026-10-07T08:02:06+00:00	275738689bb900daf4fff60e12785c324228261a3a796057a1eb848c04d14e21	蝴蝶效应；预测局限、密集传感器假设、微误差扩散三段；中文开头重复缺译保持。 text与bodyText同步；sentences对象及时间、角色、索引原样保留。
475	public/nce/lessons/nce4/015.json	nce	nce4-015	Secrecy in Industry	passed_edited	1b5d2c3058c13340ee4e852c7db8cd4e752081e9a2e490bd1b1edff9ab508e1f	9f669899ff348fe6ebd4526b434a20cbeaae2ffb296548178a501e2de8cc67e8	2	true	true	2026-10-07T08:02:06+00:00	aa06d948da414441c38dade983ca5e4d05cf1cfe146f5bd8d5d2b302819e7ecc	工业保密；科研障碍、保密程度及化工、借书保密例子三段。中文多行缺句末标点，仅合并原1..2与3..4，其余原换行保留以维持句界；文字未补改。 text与bodyText同步；sentences对象及时间、角色、索引原样保留。
476	public/nce/lessons/nce4/016.json	nce	nce4-016	The Modern City	passed_edited	b10877cd56b28d390ca165ae287909df48a284620bd68f267991a64ed2ea4c45	3f404bdf0ba5205405a86e6bc37b0a4b1913f6c99bbd1b2fa2d0e3efe732470b	2	true	true	2026-10-07T08:02:06+00:00	8c58f765608ca8cd535527506d2850ccf871097c81a364770dd1bb9207acbf50	现代城市；工厂忽略工人、城市建筑忽略居民两个多句论述段。 text与bodyText同步；sentences对象及时间、角色、索引原样保留。
477	public/nce/lessons/nce4/017.json	nce	nce4-017	A Man-made Disease	passed_edited	0c8a7d2d35c81bf3b1abaf0acf4c57de79c5e7fced8965aa2cc1ffa0f29abf92	b69924eec45e89aff58298ea0c1c306da56c9f142dd7bc260c1d4f82108471ef	2	true	true	2026-10-07T08:02:06+00:00	3b27ba44c02e49624a9176032ce02c0e6da3e807afd65aa764da7d182caad969	人造疾病；澳洲兔害、病毒蚊媒控制、欧洲蔓延三段。 text与bodyText同步；sentences对象及时间、角色、索引原样保留。
478	public/nce/lessons/nce4/018.json	nce	nce4-018	Porpoises	passed_edited	462839d44a007e1902e0e4070f58715c4479229e01de6bce4caf57715c29fe0c	cc93eeccdd551be7cd80a911976173f59aef1d49c21a2f0e5818eac2a4260f1f	2	true	true	2026-10-07T08:02:06+00:00	789a6d06d6707e907a629b4679dd326e6b597c14b7af839fb45452c6c05eac8c	鼠海豚；救人迷信与好奇解释、顶龟游戏、撞龟游戏三段。 text与bodyText同步；sentences对象及时间、角色、索引原样保留。
479	public/nce/lessons/nce4/019.json	nce	nce4-019	The Stuff of Dreams	passed_edited	181f8c52da317b5110a0ab7164875cf61cc1e920f0e007b81ce1721d5454ab46	84d17b5ff3522feb4007c17d7079a1370efee7ee1473cc5367ae320a10364d69	2	true	true	2026-10-07T08:02:06+00:00	0daee95b22ef794cad4803a1894ef0ee0911d778b66bbc4dc02778cbbf8e35db	睡梦功能；身体休息假说、脑电反证、眼动及梦被打断实验三段，双因素层次保留。 text与bodyText同步；sentences对象及时间、角色、索引原样保留。
480	public/nce/lessons/nce4/020.json	nce	nce4-020	Snake Poison	passed_edited	48cc2d97ec075afd4b65514c251571e2e32868207c143239e02de841b36a2fdc	f02194d8ba658dbb908589de6c3eaae8e6be3a06c94118aca802c6cd806b6e81	2	true	true	2026-10-07T08:02:06+00:00	4beb682507115347998a81102b1d722d5a6ae8c757beef03969fc67d378c4b1e	蛇毒；起源谜题、毒液两类型、效力与猎物三段，不改原文本科学表述与拼字。 text与bodyText同步；sentences对象及时间、角色、索引原样保留。
481	public/nce/lessons/nce4/021.json	nce	nce4-021	William S. Hart and the Early Western Film	passed_edited	a69182f05b6af67045a78ccc2ecb1e397c73be1c6320f7c2a59e9733e264ae6e	73c7ae2286f2cb73192d48a7c8645f1921028a10818d20aacc8d06f82732bb6b	2	true	true	2026-10-07T08:02:07+00:00	0a0f4c413366e1137d4a42b89f717d90b67ab10f10433506120a02869d797426	Hart西部片；成就角色模式、童年西部经验与文明冲突、观众逃逸愿望三段，恢复Unlike续句，中文开头重复不改。 text与bodyText同步；sentences对象及时间、角色、索引原样保留。
482	public/nce/lessons/nce4/022.json	nce	nce4-022	Knowledge and Progress	passed_edited	56d8eaaab596b47d317ef91f9fb29960949531d1c0ea8b157c5ed3dd9826cd4b	1d76e549f2939dd5018ffb4f6bd1325b96379879b9276d3a9f5fe49ae29ebaa1	2	true	true	2026-10-07T08:02:07+00:00	a8825b80dcb8e6e8e475ea2e63438975bb3ea7f4dac6db484a1d22d22f643603	知识进步；语言文字积累、科学加速、善恶双刃剑三段，恢复冒号后的提问。 text与bodyText同步；sentences对象及时间、角色、索引原样保留。
483	public/nce/lessons/nce4/023.json	nce	nce4-023	Bird Flight	passed_edited	73af96a0b9a4f3a12bf852f739c5bb2592fda2d10521e30284d8649f083fc425	66c68f9ecdcecc6eab3eb248a6ac3f986374e58d58b7999c79ef633078bd737c	2	true	true	2026-10-07T08:02:07+00:00	b6a956ec441adb28aeca8c58dde338cd106f4d9727b5bcac8d5c33dcfac0ca49	鸟飞行；信天翁滑翔、鸭鸽主动振翅、燕子兼长三段。 text与bodyText同步；sentences对象及时间、角色、索引原样保留。
484	public/nce/lessons/nce4/024.json	nce	nce4-024	Beauty	passed_edited	13be7d9910bf94b5cb9326ee520f1483ae3f280a7aaa8b9d43bbbf67ff32bf14	52992a8ef4dbab25a46658abc5bb5f4e1954bae7f32f5ee748a593d2a1248299	2	true	true	2026-10-07T08:02:07+00:00	8f37d6ba2dd3453f721fc3e937d601cb2b09537ed82bc0bd94e000f1253ecaa8	美的启示；开篇青年日落句末缺标点保留行界，其后审美感受、艺术自然、不可言说三段；中文原5行末但是引出下一论证，独立移到下一段但不改顺序文字。 text与bodyText同步；sentences对象及时间、角色、索引原样保留。
485	public/nce/lessons/nce4/025.json	nce	nce4-025	Non-Auditory Effects of Noise	passed_edited	ec02f1e36d62d761b516485fa1086af2f9a8f46d4d6a0d4686667775cd8dfa59	6fbfe3e6f969a937308cdc790946c3ccf3e954efe2c0872f587df493355e17a7	2	true	true	2026-10-07T08:02:07+00:00	0f1c49a2031575c36f07beda11f88cdc64b7add0c97c2c581f1fb4983e53c0e4	噪声影响；相反态度、轶事因果难辨、大样本海军研究三段，恢复末尾破折号补充。 text与bodyText同步；sentences对象及时间、角色、索引原样保留。
486	public/nce/lessons/nce4/026.json	nce	nce4-026	The Past Life of the Earth	passed_edited	823abe1877e96372f8e85a5b7ac8967cff087fb719da8a1368ebf74f2481a397	c87fadc5e53b620dd11af745946e790d68638282a7b4ee9b1b08c6c1254552c0	2	true	true	2026-10-07T08:02:07+00:00	bf1e52b1871b59bd06134fc7ead95ab742b1b086cae4b137445cb400734a1dc5	遗骸保存；水中掩埋、陆上稀少与冰冻猛犸、沥青坑三段。 text与bodyText同步；sentences对象及时间、角色、索引原样保留。
487	public/nce/lessons/nce4/027.json	nce	nce4-027	The vasa	passed_edited	58c2de8afd3236a9d5b9332ca64ecbbf80e375a51347363b65520ae12c1c568f	766a65463198d145ed8c72e95095a2ae7d08282b17919b028280967404652ebc	2	true	true	2026-10-07T08:02:07+00:00	c3e269c5690449a14ade174d93e70e5ea90e1c630d0b9c58229dee95359d6518	瓦萨号；舰船来历、首航装饰、礼炮扬帆、倾覆沉没四段。 text与bodyText同步；sentences对象及时间、角色、索引原样保留。
488	public/nce/lessons/nce4/028.json	nce	nce4-028	Patients and Doctors	passed_edited	fad113ebc0a7914dbd191ae534d5a362f2f5767534bec9c46fd895e6af0fc022	6bd955f743b26eb36722c9e969fef3fac717dcb0a4e0564cfa60c8eaadf23278	2	true	true	2026-10-07T08:02:08+00:00	6be4743966e92c4bd6d779453bdefd96afcd840ea3d1cfee697e365932e99e65	病人与药；药物信仰与门诊开药、Carlyle送药逸事合为两段，结尾服药省事独立；原and前句号与中文重复不改。 text与bodyText同步；sentences对象及时间、角色、索引原样保留。
489	public/nce/lessons/nce4/029.json	nce	nce4-029	The Hovercraft	passed_edited	e7aa36b7acecafa176f6c085fd0c7936945aaceb824a05b95e928212932924d4	55148fb4cdf366a6473d7eba716fe13adc767607ab311db307af906b1db21783	2	true	true	2026-10-07T08:02:08+00:00	39c3dda1dfdc6ae0e1bfea6862270d189bc234ce754a1926b708f3263d2f6b6c	气垫船；构想来源、气垫克服阻力、试航与应用前景三段。 text与bodyText同步；sentences对象及时间、角色、索引原样保留。
490	public/nce/lessons/nce4/030.json	nce	nce4-030	Exploring the Sea-Floor	passed_edited	4ea27ff2e79dbb65168c7a3f644d5c4797386861127562c3abc673c06e78f6cd	6b0b4525b3c9b37eadb7fda404a258c71809aff2f1183e2e36479c1e7a6c35a1	2	true	true	2026-10-07T08:02:08+00:00	7050dcab9b4513cdbbc7d705a1f96d2755625a4fb16baedaa49ea61f7a676e98	海底探索；早期认知、测深研究进展、大陆架大陆坡地形三段。 text与bodyText同步；sentences对象及时间、角色、索引原样保留。
491	public/nce/lessons/nce4/031.json	nce	nce4-031	The Sculptor Speaks	passed_edited	9cecd058b22bf5855120d7392c1eba4b01c55160234d1b82435c90ddb7ba0a46	1eb9edbcf30712c6405dfc04274bf2de47343944e4a17988c172f29ab6518989	2	true	true	2026-10-07T08:04:35+00:00	37eea1ed503bb55e9235a12097962251b9119e0bccea750fc97ec843dcb0a82c	雕塑空间；普通人的形盲、雕塑家空间想象、观赏者纯形感受三段。中文2、4、8、12、13缺句末标点保留其后换行，其余同主题合段。 text与bodyText同步；sentences对象及时间、角色、索引原样保留。
492	public/nce/lessons/nce4/032.json	nce	nce4-032	Galileo Reborn	passed_edited	65254f6d9b9dff301d9e933aa5dc9536cb63b585132cdbafd454fb8a31cb5b55	8a0b0cefe59388940ac848ac7012b92eaa791edd9e428936e2c809b24f01e433	2	true	true	2026-10-07T08:04:35+00:00	7b0c3488b0fdc279b9a15067ce823c0dd8a43e1ecad505957b1a0960914c16f5	重识伽利略；争议、旧英雄叙述、新史学观点、理解反对者四段。 text与bodyText同步；sentences对象及时间、角色、索引原样保留。
493	public/nce/lessons/nce4/033.json	nce	nce4-033	Education	passed_edited	af0c5e2eb99d16bb5e454761d844a86f7c46cb74fb993ac50b0cb6ab6ac57c64	b59c823712d177a4990a68505633d658fad6a5f42ca3fb41533dab2421eeb6a3	2	true	true	2026-10-07T08:04:35+00:00	a82b5de00e7f440d15a0d18bcb57f8d266ea8325575dd814adda39b721f08a1e	教育；现代教育价值、部落普及与历史对比、平等亲职保障三段。 text与bodyText同步；sentences对象及时间、角色、索引原样保留。
494	public/nce/lessons/nce4/034.json	nce	nce4-034	Adolescence	passed_edited	c006fb0abd21e8f58ab1cd0d1ebb12cdfb38d1849cb3bcfcb03336f644dd23fb	40102cce06cb07cf74d5f8e72d448e74e5395b7e30b5031618df18610ffe472d	2	true	true	2026-10-07T08:04:35+00:00	9cc3c427e82bce05a80f5a0cee9c0ff9c90d27bcf022c7de26edbaf5e11bd235	青春期；父母嫉妒导致隐瞒、失望是成长、坦诚承错与现实三段。 text与bodyText同步；sentences对象及时间、角色、索引原样保留。
495	public/nce/lessons/nce4/035.json	nce	nce4-035	Space Odyssey	passed_edited	076cd2eda9916a8eb1a5e862f8b72ae7488e37f7913b3cf31f3bbe6255fb51ef	4696c54c6d9c193cb1d8f24482530c8b306bf632ed744f21e2fdec903caa2acc	2	true	true	2026-10-07T08:04:35+00:00	1c4487a6213dc427a989390aabdf578d7788f0642df0d0d8753e11489a3ac23f	太空漫游；月球低能耗完整论述合段；Clark引出语和三条编号观点各行保留，火星殖民条件独立，火星吸引力合段。 text与bodyText同步；sentences对象及时间、角色、索引原样保留。
496	public/nce/lessons/nce4/036.json	nce	nce4-036	The Cost of Government	passed_edited	aa4729aac2320d069627a166630b6dff0302753473e83df59dc2f868739310e4	88c1fb6257b8b077a940dc6077de8e3d7468ced98c1967fdb04a26046d5f0326	2	true	true	2026-10-07T08:04:36+00:00	8e416921d770a2a8d856cd11e4864382717c39154337efe0cd25012757c79c6b	政府成本；不团结成本、企业类比、员工信任与开支、国家推论四段；中文15句末缺标点，保留结论16独立。 text与bodyText同步；sentences对象及时间、角色、索引原样保留。
497	public/nce/lessons/nce4/037.json	nce	nce4-037	The Process of Ageing	passed_edited	97b2ec81a7a3475f3d113c87bd539a6f4a54cac05bc3c45a3ab445d5221cd281	834357fca78f7db96701a75393fd4e7d4abf44e6b4988b2a3e29f87996f133f2	2	true	true	2026-10-07T08:04:36+00:00	78c85f19543b7feff420c9f6eee1dec5a6cc15601cdeab2e434aba77702fc697	衰老；活力下降寿限、常见耗损类比、手表与自修复差异三段。 text与bodyText同步；sentences对象及时间、角色、索引原样保留。
498	public/nce/lessons/nce4/038.json	nce	nce4-038	Water and the Traveller	passed_edited	f8b47529bab35051b07580ca8d94abb0b2f9ec1e517c4f222c58d0f260e5961a	591c1a6d5b9d792debbd3294ae5a52ca836f661abae234a555ca3abe02eb72e6	2	true	true	2026-10-07T08:04:36+00:00	d83bf88a4a137d6c9696151772170131c3fd106dfc63e9441f4424a9ca987617	旅行饮水；污染、瓶装饮品、煮沸、冷饮冰块、酒精、其他准备六个主题段，原建议与数字只做排版。 text与bodyText同步；sentences对象及时间、角色、索引原样保留。
499	public/nce/lessons/nce4/039.json	nce	nce4-039	What Every Writer Wants	passed_edited	b4c720a3509721d4841450227196ae02315680454d70cbb46e31d7b684c860f5	a4a4d2fa9f891b32c1fb7f3b73f268c5450b4e40422fe6597cf1ac7d809afe6a	2	true	true	2026-10-07T08:04:36+00:00	ba24952350b2a940d569729b18a690a87420a7ebf0eaf8393798670085fa7685	作家追求；写作重塑自发现、求回应取悦风险、内在纪律三段。 text与bodyText同步；sentences对象及时间、角色、索引原样保留。
500	public/nce/lessons/nce4/040.json	nce	nce4-040	Waves	passed_edited	93b8e47f8057e63e1301a8cc0dc21099964469b2c764f5b4e2874ec233cf0eab	9f544e6e3bee739af50bd3857f4d3d41e9cbd33f3fd366fd33573c65216f506f	2	true	true	2026-10-07T08:04:36+00:00	fdbca958bf27aae36289b2fdad756a1fd3420b312617142c035db1a86263a9e9	海浪；太阳风海诗性引入、波形与粒子运动、生成与重力三段。 text与bodyText同步；sentences对象及时间、角色、索引原样保留。
501	public/nce/lessons/nce4/041.json	nce	nce4-041	Training Elephants	passed_edited	c3b0b7849cd4d9261b9b1f8a89a0069a7d25bc481558dee725f24a8408bb5816	d0c654c222da7deb4f8bd41c9bcc8b1306bfe8f16250fe619105f20b7b6ee174	2	true	true	2026-10-07T08:04:36+00:00	2d4555c270d79f3339dfd6d46b466cc836d38f363a149619250359f3f55da21e	驯象；强硬温和法、单一驯象师、捕获适应、移往训练场、正式训练五段，步骤叙述各自完整。 text与bodyText同步；sentences对象及时间、角色、索引原样保留。
502	public/nce/lessons/nce4/042.json	nce	nce4-042	Recording an Earthquake	passed_edited	f7bedf7c6e54140d3c338c38a72a04cdb383ac912e70872ba849596c935c14b7	e66199de3c739247771244b15567ac252d1c523c154a1c1c296eb1c21073447b	2	true	true	2026-10-07T08:04:36+00:00	ef48382b1733f548cfd1b19fb363bd367ab67b99bf45f96eb391bc8b53bef895	地震记录；简易倒杆、纸笔记录难题、惯性观察、悬重实验、滚筒与分量、三波六段，实验顺序保留。 text与bodyText同步；sentences对象及时间、角色、索引原样保留。
503	public/nce/lessons/nce4/043.json	nce	nce4-043	Are There Strangers in Space	passed_edited	ac32552cb1df4be5db7c46cd458513ff8fd7840d781ab23d160795f566a049e5	eafd91cbdebbf6b90c1a8c8064d553283f27ae7241662bf9a90244e391b0f8dd	2	true	true	2026-10-07T08:04:36+00:00	7b8509b37961e92f58beccade0c39b10fb996a6e15296a790d53c4d9fe00fed7	星际智慧；存在概率、未访地球与信使、距离障碍、氢波通信四段，恢复破折号与书名We Are not Alone断行。 text与bodyText同步；sentences对象及时间、角色、索引原样保留。
504	public/nce/lessons/nce4/044.json	nce	nce4-044	Patterns of Culture	passed_edited	b2fcbc139290dd27906c8091f8709550f21d516c00d4e1423c94f7cae584c90e	3f5604151dffc9382a6d6dfc6c3dfbd9ef65cf58c58f1aa147865875c147651c	2	true	true	2026-10-07T08:04:37+00:00	abf8fcc22f00c81e23cccc68ae5329bb8cb8dcdb248f28c1793f8ef08270e1ef	文化模式；习俗重要性、观看世界框架、成长塑造、科学比较方法、人类学克服偏见五段；中文误译原样。 text与bodyText同步；sentences对象及时间、角色、索引原样保留。
505	public/nce/lessons/nce4/045.json	nce	nce4-045	Of Men and Galaxies	passed_edited	6827b4d5ff62c67c38c346aaa34dcee8806d7c2a67fba534b0238552eb89ca13	c8bc33e0f03c2673bd91c7a7cf30afeffbaa816c9f262546de89c71acbbbbacb	2	true	true	2026-10-07T08:04:37+00:00	6901769a9b83e1fd35bc8d07cbe6347de548a3f26cba483f6693ae280bb33f96	人与星系；动物竞争、观念塑造环境、思想破坏性、核弹类比与思维局限四段，恢复无现代武器从句。 text与bodyText同步；sentences对象及时间、角色、索引原样保留。
506	public/nce/lessons/nce4/046.json	nce	nce4-046	Hobbies	passed_edited	e60fa133ba4efc50cd892cea76e5884c1736424f21a11f25eeb2fb1383123bca	e8799a098ea70624f857c6036c7fbdb8a6520cb38b241e568fb4d17ce6eb7af3	2	true	true	2026-10-07T08:04:37+00:00	ac9509221a829bbfd4f772a335b6b51ed345941e6cf4356eb227d250d9fc8740	爱好；转移忧虑、长期培养、真兴趣、三类人的休闲、工作娱乐二类、共同转换需求六段，译文补充和错误不改。 text与bodyText同步；sentences对象及时间、角色、索引原样保留。
507	public/nce/lessons/nce4/047.json	nce	nce4-047	The Great Escape	passed_edited	05267bdeecc9c173b6f0583e368447183b3405881c3008521d55423611bfab3d	b6aa012a7f045ec9ecc4ef04400df4112bc6d9164229136060c96097bfde7649	2	true	true	2026-10-07T08:04:37+00:00	55ab4b594176dba167964dd044452b6b4bb3a9387175c55542f3dadb22669667	露营；费用装备、摆脱酒店拘束、汽车自由、国际混居、守护自由五段。 text与bodyText同步；sentences对象及时间、角色、索引原样保留。
508	public/nce/lessons/nce4/048.json	nce	nce4-048	Planning a Share Portfolio	passed_edited	65fa7abd9a49a9ba7121da8e2505f725d0e24e54f6b0d6baccbb5d583412c95c	98422a66d95e82a9456148aefc1665531b458e3a9365fcc7e705429c1fcd2842	2	true	true	2026-10-07T08:04:37+00:00	c224d32fdccf43577028aebf35a42cd47c11008dee0d603af3eaef80b59990c8	投资组合；无统一方案、个人目标、年长者、年轻者、分散原则五段，恢复股票顾问答复后破折号限定。 text与bodyText同步；sentences对象及时间、角色、索引原样保留。
509	public/pep-english/lessons/pepj7a/001.json	pep-english	pepj7a-001	Do You Have a Soccer Ball?	passed_unchanged	9208fbd7ef6a6b7e1898478ed2f989e5917b0822920e933de2b9bf68f1a6581a	9208fbd7ef6a6b7e1898478ed2f989e5917b0822920e933de2b9bf68f1a6581a	3	true	true	2026-10-07T07:39:46+00:00	66498b1d53ebdd75dfebd7fe8a3f2f6f0c0f95c4ffe0da323c61e07ee39ff5eb	Frank、Gina、Wang Wei三份运动自述各为一个完整人物单元，保留姓名行和对应多句正文。
510	public/pep-english/lessons/pepj7a/002.json	pep-english	pepj7a-002	Sports Star Eats Well!	passed_edited	6b196f33241e04a4e768bd0497de1d5842fa8968123900c7c77aff2c294d006a	3cf76e18ced6fe6a5fdc6fa42567d0115890d598607de346c49964b5e8eb4fda	0	true	true	2026-10-07T07:39:46+00:00	36a0ac257b7847e7ae06eaeb0e2b75ad17a019d2ea44ba91dc418099c0d9558c	Cindy饮食访谈引言独立，David/Cindy十轮对话拆块，早餐午餐晚餐冰激凌问答保持各轮。
511	public/pep-english/lessons/pepj7a/003.json	pep-english	pepj7a-003	Mr. Cool's Clothes Store	passed_unchanged	8309c6cf04a4b2143e7d4634d14b32dd6a77cb5ed36797612974de3ae47887be	8309c6cf04a4b2143e7d4634d14b32dd6a77cb5ed36797612974de3ae47887be	0	true	true	2026-10-07T07:39:46+00:00	022b296070683828096bc2bb14118b0cc7892db420089c1f4e1a5b070ba6dd23	Mr. Cool服装促销连续问答式广告为同一完整销售段，商品价格语句不误作角色对话拆分。
512	public/pep-english/lessons/pepj7a/004.json	pep-english	pepj7a-004	Dear Jenny	passed_unchanged	442046e8deba6c19d7c439dde8d151bbe091ca96eba741951f079b1836dd4ff3	442046e8deba6c19d7c439dde8d151bbe091ca96eba741951f079b1836dd4ff3	2	true	true	2026-10-07T07:39:46+00:00	718b5678dbd1d88b4bb1140eb898298fa6cc4986220bd1bf7072b8968fbba9c0	Yu Mei给Jenny信保留称呼、完整周五课表叙述段、询问对方、落款，不按各时间拆碎。
513	public/pep-english/lessons/pepj7b/002.json	pep-english	pepj7b-002	Tony and Mary's Habits	passed_unchanged	357b86c4dbedbe3538a0404d589b88598a1338ecba3f39b6a3b152aaa8a3b978	357b86c4dbedbe3538a0404d589b88598a1338ecba3f39b6a3b152aaa8a3b978	0	true	true	2026-10-07T07:39:46+00:00	3090da06b62fc2169b7c871df53da6dfb26150b4773f0863296976c55d3ba8c7	Tony与Mary日常习惯各为完整人物段，时间顺序和对照边界保留。
514	public/pep-english/lessons/pepj7b/003.json	pep-english	pepj7b-003	Lisa and Jane's Commute	passed_edited	104c7443180cc003fbad00e6a6a85a6c5d3fec506771ce05d06e35152c2fd328	3bee683044ef1b9d42154feb8f52efdb7b718acd36071b844e0711b5fe8c8c92	0	true	true	2026-10-07T07:39:46+00:00	8fdb1c0162a613933b27e6dbd150eeb2e8f618a62ad9d37c520d4fc89b432a1f	Lisa与Jane通学八轮对话拆为独立发言，距离和时长说明保持本轮。
515	public/pep-english/lessons/pepj7b/004.json	pep-english	pepj7b-004	Crossing the River to School	passed_unchanged	d5d0494a1c75994f9855fb01e860c546f7f3e84511bc22f479e04f77d5ca8e5c	d5d0494a1c75994f9855fb01e860c546f7f3e84511bc22f479e04f77d5ca8e5c	0	true	true	2026-10-07T07:39:46+00:00	24c158cd9c056cb5367ffdf915a86267d12065d660731e687d8ae9200b40c2fb	上学过河文章三段分别困难、Liangliang感受、桥梁愿望；首块STUDENT LIFE日期栏以空行和正文分明，保持现有栏头排版。
516	public/pep-english/lessons/pepj7b/005.json	pep-english	pepj7b-005	John's First Day at School	passed_edited	d24707b34e7069ec29d3866b729b44ea4fa03e9f25e0e18e4ebf5e8b1c2ee8a9	5c07abf22250bd363192cd4c97e831891dacd402419e6db73afdf2b3419e0a42	0	true	true	2026-10-07T07:39:46+00:00	41111be12686cc2d8dcff235278c5c33f476f0c401650893600954908f3c50fc	John与Alice入校规则八轮对话逐轮拆分，音乐播放器及校服规则保持对应发言。
517	public/pep-english/lessons/pepj7b/006.json	pep-english	pepj7b-006	Molly and Dr. Know's Letters	passed_unchanged	bbaec93223227bc71bc6a56fc2d98f7793f3ab659d1315864bd07f5e46cce6be	bbaec93223227bc71bc6a56fc2d98f7793f3ab659d1315864bd07f5e46cce6be	4	true	true	2026-10-07T07:39:47+00:00	393e6cded68dd0d96ff502d95f53275d6c854d39445fb228c5dacc434ab6517f	Molly来信两段规则烦恼及Dr. Know回应完整，双方称呼和署名边界清楚保留。
518	public/pep-english/lessons/pepj7b/007.json	pep-english	pepj7b-007	Let's Save the Elephants	passed_unchanged	1fdf3736e49e07b7b5a7b4f3c9b499357ed8ba31fdd93028282b952bdff6dbfc	1fdf3736e49e07b7b5a7b4f3c9b499357ed8ba31fdd93028282b952bdff6dbfc	0	true	true	2026-10-07T07:39:47+00:00	368bb3c7b23c23c21942b422f5db50cf41155f643550db7006f8b6f4436341b3	保护大象三段为泰国象征、能力、威胁和行动，保留完整自然段。
519	public/pep-english/lessons/pepj7b/009.json	pep-english	pepj7b-009	Zhu Hui's Dragon Boat Festival	passed_unchanged	0a283226e20b07a66723cb32127c332b71fa513cf1524a181f5a2599f5b31f17	0a283226e20b07a66723cb32127c332b71fa513cf1524a181f5a2599f5b31f17	0	true	true	2026-10-07T07:39:47+00:00	999dd06f56e7079a8c8a4f4e26fda9ad71fdd6e875e2160d7b05609f771101a8	Zhu Hui端午故事两段对照深圳早晨家人与纽约前夜寄宿家庭，完整场景段保留。
520	public/pep-english/lessons/pepj7b/011.json	pep-english	pepj7b-011	An Interesting Job	passed_unchanged	992f8b8760869f39f927324005ee01662f38811472135d858e8b25222a30f2a7	992f8b8760869f39f927324005ee01662f38811472135d858e8b25222a30f2a7	0	true	true	2026-10-07T07:39:47+00:00	484ccda0fcb06af3bfc0d400ea3fbe9650fb992b0a9476b61af667568d49910b	警察画像师两段分别职业流程和证人描述差异，案例引语与结尾真实外貌保持同段。
521	public/pep-english/lessons/pepj7b/012.json	pep-english	pepj7b-012	Birthday Food Around the World	passed_unchanged	95747828b2d41340746a6880083e3bc50618aa15dad8ca4aff80af5203112774	95747828b2d41340746a6880083e3bc50618aa15dad8ca4aff80af5203112774	0	true	true	2026-10-07T07:39:47+00:00	81664c3db6805e8dd38996b377ab35b0c5e83149e69645de88ba08d207be44a0	生日食物四段总问、蛋糕、中国面条鸡蛋、共同寓意，保留段落。
522	public/pep-english/lessons/pepj7b/013.json	pep-english	pepj7b-013	Helen and Jim's School Trip Diaries	passed_unchanged	96559d5b6305057c6570a82627d6db0308bfd87851252ba1cb424d3e6eac4b01	96559d5b6305057c6570a82627d6db0308bfd87851252ba1cb424d3e6eac4b01	2	true	true	2026-10-07T07:39:47+00:00	e9152f50b43d0c9838656070ca553acc73acd1c2efd1d207b76afda02b1a1554	Helen与Jim同日校游两篇日记各日期与完整评价段相连，保留两位作者独立单元。
523	public/pep-english/lessons/pepj7b/014.json	pep-english	pepj7b-014	A Weekend to Remember	passed_unchanged	757b416e884092c12ac44ef80de4cc036e612625e3d96412a33eb02ba1406d09	757b416e884092c12ac44ef80de4cc036e612625e3d96412a33eb02ba1406d09	0	true	true	2026-10-07T07:39:48+00:00	424ab2075dfac6d3f3810d89324591ba0bf44e6c0be484391d480730fedf1ae7	印度周末三段引入、露营首夜、遇蛇及经验，保留完整叙事段与父亲解释。
524	public/pep-english/lessons/pepj8a/001.json	pep-english	pepj8a-001	Jane's Vacation Diaries	passed_unchanged	d7354058edb7b5053e9fbe5471a0e3166d81bfe05d58914a6cc36b8031c8a9bc	d7354058edb7b5053e9fbe5471a0e3166d81bfe05d58914a6cc36b8031c8a9bc	2	true	true	2026-10-07T07:39:48+00:00	f165c7693a0a662ea45534996ce7689490f75ada6369358677b9127df5627a01	Jane槟城两日日记各自日期加完整旅行段，海滩城镇与雨中登山两日体验边界保留。
525	public/pep-english/lessons/pepj8a/004.json	pep-english	pepj8a-004	Jack and Claire's Weekly Plans	passed_unchanged	8b21ca348bd954743257c97df954499d6d486d90e5e1c2e30edd299e1e651c90	8b21ca348bd954743257c97df954499d6d486d90e5e1c2e30edd299e1e651c90	0	true	true	2026-10-07T07:39:48+00:00	c1e1c06dd6110b0eb699171370735dfd8b58d3593e56e6b6c340dd8ce0b13f18	Jack与Claire下周计划十一轮已分别成块，舞蹈钢琴网球问答多句轮次完整，无需改动。
526	public/pep-english/lessons/pepj8a/007.json	pep-english	pepj8a-007	Should Friends Be the Same or Different?	passed_unchanged	507cc2dbd581ccd82ad69092fc079f6498afed2f2addbe76fe71891dfdf5281b	507cc2dbd581ccd82ad69092fc079f6498afed2f2addbe76fe71891dfdf5281b	0	true	true	2026-10-07T07:39:48+00:00	691025ab618b9b3a6ea299e4e6d4007cefd857e4812eea55021b542c08f9e1d0	Jeff、Huang Lei、Mary三人朋友观各为完整署名自述，保留人物边界与例证段。
527	public/pep-english/lessons/pepj8a/008.json	pep-english	pepj8a-008	Greg's New Neighborhood	passed_unchanged	febc715e6c680d5cccb47d2490f007d2c9fdcde9cee1a3b1d4fec2ea31a29d65	febc715e6c680d5cccb47d2490f007d2c9fdcde9cee1a3b1d4fec2ea31a29d65	0	true	true	2026-10-07T07:39:48+00:00	45669375777dd6b0a55194c5edc67fe2ad1d40b00a2d23f5affd5ee4dcd4f936	Greg新邻里八轮对话已经逐角色分块，超市及影院介绍完整保留。
528	public/pep-english/lessons/pepj8a/009.json	pep-english	pepj8a-009	Who's Got Talent?	passed_unchanged	70220e542859442e126ab8dd0d1c9ab66a797af98f9c04fbdc9b32f266cb9301	70220e542859442e126ab8dd0d1c9ab66a797af98f9c04fbdc9b32f266cb9301	0	true	true	2026-10-07T07:39:48+00:00	d6aec3e2ff6e77b3cd4ee1bedf5cc3995380a275f2810ca73853a5af072672be	达人秀三段为流行概况、选拔投票、争议和好处，保留完整论述段。
529	public/pep-english/lessons/pepj8a/011.json	pep-english	pepj8a-011	Mickey Mouse: A Symbol of American Culture	passed_unchanged	781cb88fa82aa985eb5079c0beae62d80b0510c269ef7b660c7dc8ae87badb03	781cb88fa82aa985eb5079c0beae62d80b0510c269ef7b660c7dc8ae87badb03	0	true	true	2026-10-07T07:39:48+00:00	954bfe4afa5dc9805f4b1fa96276f60735d5fb743c279087e4ea8df29a152584	Mickey三段依诞生历史、受欢迎原因、星光大道与今日影响，保留多句自然段。
530	public/pep-english/lessons/pepj8a/015.json	pep-english	pepj8a-015	Do You Think You Will Have Your Own Robot?	passed_unchanged	0d15fb5fb7244c64ef2ee11a1c0d4aec7d2851275984d941793dd065dbe2ef67	0d15fb5fb7244c64ef2ee11a1c0d4aec7d2851275984d941793dd065dbe2ef67	0	true	true	2026-10-07T07:39:48+00:00	36677617343566fa952f0b995e4f5e27a90627319af785d0b6f30fbf535112e8	机器人四段从电影想象到工厂应用、类人争议、未来形态，保留例证与观点同段。
531	public/pep-english/lessons/pepj8a/019.json	pep-english	pepj8a-019	How to Make Russian Soup	passed_unchanged	85c1e88109ece4e7a572b905e6a3d3dc0b5881c7bb1d8f439d59907a2c894f8e	85c1e88109ece4e7a572b905e6a3d3dc0b5881c7bb1d8f439d59907a2c894f8e	0	true	true	2026-10-07T07:39:48+00:00	53eb73b6503a5fd98aeca9760708a273becf262494c2762c4bfd4d71b896965b	俄式汤六轮Anna/Sam对话已分块，材料采购和烹饪多句步骤属于Sam整轮，保留。
532	public/pep-english/lessons/pepj8a/020.json	pep-english	pepj8a-020	Thanksgiving in North America	passed_unchanged	4aaca301c6d5c580273b7f50f8ba5cb8a7e8da88946b2509633d9d3868da7517	4aaca301c6d5c580273b7f50f8ba5cb8a7e8da88946b2509633d9d3868da7517	0	true	true	2026-10-07T07:39:48+00:00	5c1e2fe37d0d34b86e4355e5d7445afc649e62de8b9a58c93048f406b4441b0e	感恩节日期意义、家庭餐两段后烤火鸡引导及五步分别成块，保留独立步骤。
533	public/pep-english/lessons/pepj8a/022.json	pep-english	pepj8a-022	Jeff Invites Nick to Meet Sam	passed_unchanged	7805aecc3946f199da545e40b502dea076aaaed4a51d0fc66593b8abbfbcc55b	7805aecc3946f199da545e40b502dea076aaaed4a51d0fc66593b8abbfbcc55b	0	true	true	2026-10-07T07:39:49+00:00	f7a62863faed8b8644582639a0d1c37c788e8c13ce4a276210d0e37d5c677cf8	Jeff邀请Nick六轮已独立，周六与周一晚安排对应清楚保留。
534	public/pep-english/lessons/pepj8a/023.json	pep-english	pepj8a-023	Invitation to the New Library Opening	passed_unchanged	5806950022894436973db0dce2978a325a21916f700ddfe54c2d34d4c7f27c9d	5806950022894436973db0dce2978a325a21916f700ddfe54c2d34d4c7f27c9d	2	true	true	2026-10-07T07:39:49+00:00	065ead465c68430e1f0bc98bed27f65a7804300af4148e45196be78689bb8507	图书馆开幕邀请称呼、活动安排及回函要求的正文、校长落款三块合理。
535	public/pep-english/lessons/pepj8a/025.json	pep-english	pepj8a-025	Planning Food and Games for the Party	passed_unchanged	4c8359956218c82a604dcb47a4620fa4bc40b43cc74cd1ff9738c960f5a8d2c8	4c8359956218c82a604dcb47a4620fa4bc40b43cc74cd1ff9738c960f5a8d2c8	0	true	true	2026-10-07T07:39:49+00:00	3e2f621481b46dd01651628300de12b6d598c3302cf75e1b69cc73ef0666e13c	Jeff与Ben派对食物游戏五轮已经独立，条件句解释保留本轮。
536	public/pep-english/lessons/pepj8a/027.json	pep-english	pepj8a-027	Talking Helps Solve Problems	passed_unchanged	110b3077d3c2a8179d066b8f894a9939053b8d74fa6f26dec543a2df8d462fb7	110b3077d3c2a8179d066b8f894a9939053b8d74fa6f26dec543a2df8d462fb7	0	true	true	2026-10-07T07:39:49+00:00	6c0a6b4e1282efde512b8a68d49e08d0731a9de74d7dffdba25420e73882f2b8	倾诉解决问题三段为总观点、Laura丢钱包、Robert建议，各引语与论述段完整保留。
537	public/pep-english/lessons/pepj8b/001.json	pep-english	pepj8b-001	Bus Driver and Passengers Save an Old Man	passed_unchanged	5ed0e79d8775746c7612a88aa06e6c5e8214cc763790ccb548dd9b12ef529133	5ed0e79d8775746c7612a88aa06e6c5e8214cc763790ccb548dd9b12ef529133	0	true	true	2026-10-07T07:41:59+00:00	b8502716fc54c4807bb850bb2c42d5e12872dba09a8077e307065f1a18b0ec70	公交救人三段为发现、司机乘客行动、获救与评价，保留完整事件段。
538	public/pep-english/lessons/pepj8b/002.json	pep-english	pepj8b-002	Students Who Volunteer	passed_unchanged	7e51bb3f8c9ce378ab7c634a697a2be9d706161cb15585224a83ebe00df9946d	7e51bb3f8c9ce378ab7c634a697a2be9d706161cb15585224a83ebe00df9946d	0	true	true	2026-10-07T07:41:59+00:00	1fc533efc9ca2b7c23a23f4144e6d2c1be3b52b683917f40ff90b0e800935e92	学生志愿者引言后Mario动物医院和Mary阅读项目各完整人物段，保留引语。
539	public/pep-english/lessons/pepj8b/003.json	pep-english	pepj8b-003	Ben Smith's Thank-You Letter to Miss Li	passed_unchanged	47c41e6478621733bc6c4c06d400f8000bde3628afde80051eeac017eb9fbda1	47c41e6478621733bc6c4c06d400f8000bde3628afde80051eeac017eb9fbda1	2	true	true	2026-10-07T07:41:59+00:00	2c25183d9516328cade1743565bd3db5ca7c0da6eefe609e32da22b8216944cb	Ben感谢信按感谢、生活困难、Lucky训练与帮助、再次致谢分段，称呼落款完整。
540	public/pep-english/lessons/pepj8b/004.json	pep-english	pepj8b-004	Nancy Learns to Share the Housework	passed_unchanged	08629e6498b053ba4c89771147de53cb88034f8c17f8465e009f660a00c7b3e8	08629e6498b053ba4c89771147de53cb88034f8c17f8465e009f660a00c7b3e8	0	true	true	2026-10-07T07:41:59+00:00	4314bdb081468f286b870edc072973a004e750fa11e4210da1f2803609da3980	Nancy家务冲突九段含独立母女对白及停做家务叙事，轮次边界已清楚保留。
541	public/pep-english/lessons/pepj8b/005.json	pep-english	pepj8b-005	Should Young People Do Chores at Home?	passed_unchanged	660e5825ceacab9f65a1680ae57f05d2459ccf80c7d3e9eef324f3db6bcea2fd	660e5825ceacab9f65a1680ae57f05d2459ccf80c7d3e9eef324f3db6bcea2fd	3	true	true	2026-10-07T07:41:59+00:00	2a2a6626f67ac4244309230323afa3d41e5e87b5b993246d38caa4f15784bfc4	Ms. Miller与Mr. Smith两封相反家务观来信各称呼正文署名明确，两篇多句论证保留完整段。
542	public/pep-english/lessons/pepj8b/006.json	pep-english	pepj8b-006	Kim's Problem with Her Sister	passed_unchanged	6f5a73b1835ed5c5b7e20b4b7ea94b15f9611f8863d395ef4d767f04c7917835	6f5a73b1835ed5c5b7e20b4b7ea94b15f9611f8863d395ef4d767f04c7917835	0	true	true	2026-10-07T07:41:59+00:00	b6044167a7322e7d7499317a876ab4c334599be36b480c50c2637fb5d006f069	Dave与Kim姐妹矛盾七轮已逐轮成块，建议的三句发言完整保留。
543	public/pep-english/lessons/pepj8b/007.json	pep-english	pepj8b-007	Maybe You Should Learn to Relax!	passed_unchanged	9b614f284d3d96ad4b88170585c1042eadd166b686a40cd31667a379b77cd4f4	9b614f284d3d96ad4b88170585c1042eadd166b686a40cd31667a379b77cd4f4	0	true	true	2026-10-07T07:42:00+00:00	e872ac620f62ef493352e24dfdce860ff1685ea6770083841737640bb201eece	课外压力四段为中国概况、Taylor家庭、Linda观点、医生建议，各来源引语清楚保留。
544	public/pep-english/lessons/pepj8b/008.json	pep-english	pepj8b-008	The Storm Brought People Closer Together	passed_unchanged	23b2a156c7e85fd0875ffa77c90d9df922a774af25d23c20c4df470b169fe9db	23b2a156c7e85fd0875ffa77c90d9df922a774af25d23c20c4df470b169fe9db	0	true	true	2026-10-07T07:42:00+00:00	127c8a455875942eaf0bf8902a727be725749a43543342f351c433d0221578f7	暴风雨四段按预兆、准备、风暴中、雨后互助推进，末段事件和主题感悟连贯保留。
545	public/pep-english/lessons/pepj8b/009.json	pep-english	pepj8b-009	Do You Remember What You Were Doing?	passed_unchanged	d71ea961635b1f559c8953e3897e1fc344166fdfdc6f5c0f62723813efae0532	d71ea961635b1f559c8953e3897e1fc344166fdfdc6f5c0f62723813efae0532	0	true	true	2026-10-07T07:42:00+00:00	26e2cce47526659e6f7d52a693f44a663054e1dd16d78a34ba5bd19ea8f10d5f	历史事件记忆四段中两事件背景及Robert/Kate回忆分别配对，人物引语完整保留。
546	public/pep-english/lessons/pepj8b/010.json	pep-english	pepj8b-010	The Monkey King	passed_unchanged	0f8b7b3f684a8c19bbb23702f0b027e710775287e888586f3e99f96d91381b37	0f8b7b3f684a8c19bbb23702f0b027e710775287e888586f3e99f96d91381b37	0	true	true	2026-10-07T07:42:00+00:00	06061e99658970d22bb69b924d577e90aa9ea70d5253d5112acb6e5a0619f7c5	孙悟空三段为英国节目引入、七十二变金箍棒、影响和品质，各完整段保留。
547	public/pep-english/lessons/pepj8b/012.json	pep-english	pepj8b-012	Qomolangma — the Most Dangerous Mountain in the World?	passed_unchanged	1a6d04c56ab7ff3d86cf9d7892d7be64874e3d017b6b8a084af2938cc1254a54	1a6d04c56ab7ff3d86cf9d7892d7be64874e3d017b6b8a084af2938cc1254a54	0	true	true	2026-10-07T07:42:00+00:00	f37cee26ed0dd4a19229a764572261661562071b4beb30b94cabe03fdb401437	珠峰三段依自然风险、登顶历史、挑战精神展开，原高度等内容不做文本更新。
548	public/pep-english/lessons/pepj8b/013.json	pep-english	pepj8b-013	Pandas at the Chengdu Research Base	passed_unchanged	9fc77ff823db578a6652240b1327aab96e642ec08b3b827d33fe0c740cd909e6	9fc77ff823db578a6652240b1327aab96e642ec08b3b827d33fe0c740cd909e6	0	true	true	2026-10-07T07:42:00+00:00	1cbbc30adece293a08051db0a45d3237fc46014b94f4204d3f206eb74f37b2d4	熊猫四段为早晨照料、饲养员感情、数量和生存压力、保护措施，保留自然段。
549	public/pep-english/lessons/pepj8b/014.json	pep-english	pepj8b-014	Robinson Crusoe on the Island	passed_unchanged	d677c547879a9e4d382ab9c7621f06e56e238c769ce0f759c2206ac4fd2c64b8	d677c547879a9e4d382ab9c7621f06e56e238c769ce0f759c2206ac4fd2c64b8	0	true	true	2026-10-07T07:42:00+00:00	a856a8daa35b5461a7be51050a354c5b09c2f241b29b16b8f229eee2b06cae63	鲁滨逊两段分别岛上生存及救Friday，完整经历与时间转折保持。
550	public/pep-english/lessons/pepj8b/015.json	pep-english	pepj8b-015	A Country Music Song Changed Her Life Forever	passed_unchanged	3265b7301b7d93a3fafb8c92d4e0ed687746cfc3d0347e6d9b038c7431199154	3265b7301b7d93a3fafb8c92d4e0ed687746cfc3d0347e6d9b038c7431199154	0	true	true	2026-10-07T07:42:00+00:00	00f2b149da1543d2a241a6825b6be69fdcf0e9cc759c93d8a003c6e080c90331	Sarah乡村音乐三段为个人改变、音乐精神、Nashville梦想，长引语仍归本段。
551	public/pep-english/lessons/pepj8b/016.json	pep-english	pepj8b-016	Three Interesting Museums	passed_unchanged	cc5d8db6eee3aa6e1220c4e74e6202c616dcb6444e51e01334fe9ae49cc92971	cc5d8db6eee3aa6e1220c4e74e6202c616dcb6444e51e01334fe9ae49cc92971	0	true	true	2026-10-07T07:42:00+00:00	1e00229759e070839a6a19417aaaf3d151ef9178b81cfd2c87b042c235ab176c	Ken、Amy、Linlin三个博物馆推荐各独立署名段，多句场馆体验完整保留。
552	public/pep-english/lessons/pepj8b/018.json	pep-english	pepj8b-018	Singapore — A Place You Will Never Forget!	passed_unchanged	c84f3fb90219e85010e389739a0eb1e4f5f077ecd5f0da1fb7117a73fb3d068e	c84f3fb90219e85010e389739a0eb1e4f5f077ecd5f0da1fb7117a73fb3d068e	0	true	true	2026-10-07T07:42:00+00:00	794eb6a7d8179682d54f3e8dd3f0897cd0fe0a9119bfc7eb245bbcc13512c321	新加坡四段语言、食物、夜间动物园、气候，保留问句引导与段内说明。
553	public/pep-english/lessons/pepj8b/019.json	pep-english	pepj8b-019	A Family's Yard Sale	passed_unchanged	b7ac11389ebdd204d2387f09800a2ce2b05874eb720b78bff575288b71b9c61c	b7ac11389ebdd204d2387f09800a2ce2b05874eb720b78bff575288b71b9c61c	0	true	true	2026-10-07T07:42:00+00:00	365370c11be6b997a724a49600471045cf6cfe0c156bc5fcfca10e71554b06dc	庭院义卖三段介绍动机、子女舍弃玩具、父亲球衣，保留完整家庭人物段。
554	public/pep-english/lessons/pepj8b/020.json	pep-english	pepj8b-020	Hometown Feelings	passed_unchanged	9ba2af162a1b2528e124f31e8991321e5afe3569908c1d13173a1a399879ca5b	9ba2af162a1b2528e124f31e8991321e5afe3569908c1d13173a1a399879ca5b	0	true	true	2026-10-07T07:42:01+00:00	3084056c2d46ee049c76a19196531ce3e1580101ea208bef672e1cab890ea43e	故乡四段为Zhong Wei打工、变化概况、学校更新、老树记忆，引语与叙述自然边界清楚。
555	public/pep-english/lessons/pepj8b/021.json	pep-english	pepj8b-021	Why Kate Missed the Basketball Competition	passed_edited	44c68752a1df4b6f176494d41dcd9e46b1c94c7e7132ab165cea110dd93c31e7	64a99f87660327436584bd0a596deb808076b3a34361fd0b28c6aa8970989ea1	0	true	true	2026-10-07T07:42:01+00:00	306d754815fc2d132ef96b38ece3aa4f16cf7631274da885f1b4bf898a5abe5d	Kate错过比赛原同块十二轮对话逐角色拆分，忘包及救狗的多句说明保持轮内。
556	public/pep-english/lessons/pepj9/001.json	pep-english	pepj9-001	Jack Asks Annie for Reading Advice	passed_edited	d6e2eb185c281f5a05259e34e62a0e9b0eb25bee3ec69d4033e633daad39b109	7cca2149b39ad01ee6c09983d70cdef2d56c4751ecc94499bac8b684e8393da2	0	true	true	2026-10-07T07:42:01+00:00	516a65ef6c4dab11d8725a2dbf6aceca571c49ec57239a73c8b68570f1ad4df7	Jack向Annie求阅读建议八轮对话拆分，词群阅读猜词耐心建议各轮保持完整。
557	public/pep-english/lessons/pepj9/002.json	pep-english	pepj9-002	How I Learned to Learn English	passed_unchanged	019fad4ca7fed0091bc12687925c887683646aea530cadd5066c84a80e622df7	019fad4ca7fed0091bc12687925c887683646aea530cadd5066c84a80e622df7	0	true	true	2026-10-07T07:42:01+00:00	1f17a7f92d2adfde312198eea7a5970675d0866de91e6dd60c2bc5eb1d3f7f73	英语学习三段按过去困难、Toy Story启发与方法、现在目标推进，保留多句学习过程段。
558	public/pep-english/lessons/pepj9/003.json	pep-english	pepj9-003	How Can You Become a Successful Learner?	passed_unchanged	b592d153697c71e5951c8c492f4899712635d9eb9fd652457818ecd1cdc67566	b592d153697c71e5951c8c492f4899712635d9eb9fd652457818ecd1cdc67566	0	true	true	2026-10-07T07:42:01+00:00	96d10016ef315adcfc55b0397a43d30827c3a85285a15ea13df269d9942a1687	成功学习四个习惯小标题及解释段，首尾引言总结清楚，保持标题和整段例证。
559	public/pep-english/lessons/pepj9/004.json	pep-english	pepj9-004	The Water Festival in Chiang Mai	passed_edited	531c1ecf1b18210d46bbdf283289ce216110ea18b0f0d2d7e731dc9101240adc	f8164845df3e79ffa9a42e9f411e9db9127fa3f0493bf1b22cd877090d958583	0	true	true	2026-10-07T07:42:01+00:00	afac38e8783b8e1ac2ef45b80b675fffb8fbc7ae520adeb54f5875f548b85ce2	Clara与Ben清迈泼水节七轮问答按角色拆分，日期习俗寓意留在对应轮次。
560	public/pep-english/lessons/pepj9/005.json	pep-english	pepj9-005	Full Moon, Full Feelings	passed_unchanged	887f2df2ccc7cc0d8c775168abf2271dce48e38b6cc299f2b0ee0ebc4d8e3dfa	887f2df2ccc7cc0d8c775168abf2271dce48e38b6cc299f2b0ee0ebc4d8e3dfa	0	true	true	2026-10-07T07:42:01+00:00	25399245c359d5cd57c57cba824d1b5c6204c1bccae4d2f71ddec7c2834e90b7	中秋三段为月饼寓意、嫦娥完整故事、赏月传统，保留长故事自然段。
561	public/pep-english/lessons/pepj9/006.json	pep-english	pepj9-006	Mother's Day and Father's Day in America	passed_unchanged	5c93f78fbff7c7a48228f8adf7ef5765bb0d4db36e76afd30cc576771372a60e	5c93f78fbff7c7a48228f8adf7ef5765bb0d4db36e76afd30cc576771372a60e	1	true	true	2026-10-07T07:42:01+00:00	f70ed5c791ed8b2b15de74860e50d926bb1e44b844c391ba6fbcfa4195e62537	June给Xia Yu父母节书信称呼、完整习俗建议段、署名清楚，保留。
562	public/pep-english/lessons/pepj9/007.json	pep-english	pepj9-007	A Christmas Carol	passed_unchanged	9a5b9011fc95672f7c47474955c986949f9cdad6d837cc83ac0612cee460b857	9a5b9011fc95672f7c47474955c986949f9cdad6d837cc83ac0612cee460b857	0	true	true	2026-10-07T07:42:01+00:00	8e6b8776ef8075f101bad266c12776370e7433f74ab89b1a1976d1052b75f534	圣诞颂歌四段为分享精神、Scrooge背景、三幽灵之旅、转变，完整故事段保留。
563	public/pep-english/lessons/pepj9/009.json	pep-english	pepj9-009	Asking for the Restrooms at Fun Times Park	passed_edited	8b5667d81b5114b1067d94bbc7b78888e24ac41eecd7428a9ea25be01b64bac1	19da0e441f765c2406a8f050b0d3643af05ae3b97688197234aae648a828ef2b	0	true	true	2026-10-07T07:42:01+00:00	84ef68e0208b497809670701139a6158090073a1d2212439c33a0bf1ba8c9b18	游乐园restroom误解十一轮He Wei/Alice对话拆分，解释及道歉保持原轮。
564	public/pep-english/lessons/pepj9/010.json	pep-english	pepj9-010	Fun Times Park — Always a Fun Time!	passed_edited	9e8f1a32048c8c8e44a58708001dc9f4bd17552e7f64a2eb41d6dc98aeeb0f5a	36cca955872a526e7097dd8b5ecaea21446e60d4d4b829bb8a55ea5d4b2e715d	1	true	true	2026-10-07T07:42:01+00:00	11ed4ba30eee7a56a8752b356ad1e29f90d0d74e394bf736bf5cb0df324f79b6	游乐园四场景原各混对白，现按场景指示与角色轮次拆分，保留每轮多句和场景先后。
565	public/pep-english/lessons/pepj9/011.json	pep-english	pepj9-011	Could You Please...?	passed_unchanged	9328f3a2b6e86fac9ac6c9e69ae2125c92df643690f6e4f7578cc460c99e7bea	9328f3a2b6e86fac9ac6c9e69ae2125c92df643690f6e4f7578cc460c99e7bea	0	true	true	2026-10-07T07:42:01+00:00	ba006a10db506fbd0d3a7f8efaf2b9811dad7c7fef1f1c04a20235a685e84965	礼貌请求四段分别重要性、对象差异、表达长度与引入、总结，各对比例句归所属完整说明段。
566	public/pep-english/lessons/pepj9/013.json	pep-english	pepj9-013	Billy Has Changed So Much	passed_edited	c5bfa5faec76c4400b036dac512fc41ee935cc606cfb3898d2ebc7104e1ed6bd	cdb6cd7ecf69249e0bfbf8bb5d6c4957a07966ee253353268bcccd64c014daa8	0	true	true	2026-10-07T07:42:02+00:00	af8f49947ba36c4a58d513ca49607cd465d471e7734db46470cf841447dfb8c6	Alfred与Gina谈Billy变化十轮对话拆分，旧印象与现在表现保持每轮完整。
567	public/pep-english/lessons/pepj9/014.json	pep-english	pepj9-014	From Shy Girl to Pop Star	passed_unchanged	33d59f6bbd59ddfc61e4f35c91aaedc1567be541366320615c222e71e81bed90	33d59f6bbd59ddfc61e4f35c91aaedc1567be541366320615c222e71e81bed90	0	true	true	2026-10-07T07:42:02+00:00	3da1da08c4f4592ef7e98e4c3d8a2cac4b964a847f9bcc964da8020dcc7cd02a	Candy采访报道三段为克服害羞、成名利弊、给年轻人建议，长引语与自然段完整保留。
568	public/pep-english/lessons/pepj9/015.json	pep-english	pepj9-015	He Studies Harder Than He Used to	passed_unchanged	33f62a8a83a660dcef7ed7396973e1f5c323df3b02e1d172f08d86f36d19d692	33f62a8a83a660dcef7ed7396973e1f5c323df3b02e1d172f08d86f36d19d692	0	true	true	2026-10-07T07:42:02+00:00	4792a36aff858449808c293929289decc5218e39fd4490efa3c6cbbcd61727fa	Li Wen四段从父母外出、学业困难、谈心、改善展开，保留完整事件段及引语。
569	public/pep-english/lessons/pepj9/016.json	pep-english	pepj9-016	The Difficult Search for American Products in the US	passed_unchanged	54580f28e42aba0182861d407c081fea9b5647f31e1f7a8f2f0af6ff85c2e42c	54580f28e42aba0182861d407c081fea9b5647f31e1f7a8f2f0af6ff85c2e42c	0	true	true	2026-10-07T07:42:02+00:00	6d7ee3c044fa7fd9f3b11dfe052f607c55e556e547600786efbce7f5bb2c257a	美国购物两段分别玩具和鞋等中国制造发现，并保留Kang Jian对未来的愿望与本段说明。
570	public/pep-english/lessons/pepj9/017.json	pep-english	pepj9-017	Beauty in Common Things	passed_unchanged	b72cf4efa7ee1d6bce500da9c895ae4f308240ef96401b1290fc31f53e849dce	b72cf4efa7ee1d6bce500da9c895ae4f308240ef96401b1290fc31f53e849dce	0	true	true	2026-10-07T07:42:02+00:00	e421b3da725e34f178ad72ddd54999ae19f7b58ae22739e08ef38e36469aba69	传统艺术四段为总述、孔明灯、剪纸、泥塑，制作步骤留在各艺术完整段内。
571	public/pep-english/lessons/pepj9/018.json	pep-english	pepj9-018	The Invention of the Zipper	passed_edited	cb17fc1fe4c36f64b44d81373a1f90549c3d65017e908354f33ed4eba50561bc	4947b9eef520d2339684af5cf8d9ee657cd6b2902b50042d728eb83f07e6ce6e	0	true	true	2026-10-07T07:42:02+00:00	47b5a1c17efe9c1c258be367bbfaf8197f0ad53b7c67ebbd07606533d58305f5	Paul与Roy拉链发明八轮对话拆分，Roy历史说明多句完整保留。
572	public/pep-english/lessons/pepj9/020.json	pep-english	pepj9-020	Do You Know When Basketball Was Invented?	passed_unchanged	b8c3a5ba215f2c620eb59cbeb197748ba987e005585e872685141a58a65d54d9	b8c3a5ba215f2c620eb59cbeb197748ba987e005585e872685141a58a65d54d9	0	true	true	2026-10-07T07:42:02+00:00	b0bf032c805423d5f86aca228fc7af350270d255be4c128670ee89d9e48cd4cc	篮球三段概述历史、Naismith发明和规则、当今流行，保留完整说明段。
573	public/pep-english/lessons/pepj9/022.json	pep-english	pepj9-022	Mom Knows Best	passed_unchanged	0e20e139d94f7a667f13cbfc5f42f678e76f1cacda6cdfbf39d8afbe6f5001c9	0e20e139d94f7a667f13cbfc5f42f678e76f1cacda6cdfbf39d8afbe6f5001c9	4	true	true	2026-10-07T07:42:02+00:00	0bc9162c6b7c0bba1c7f2b02ff58f3cff8d2889d64506cd3bd5ed974ee47c498	Mom Knows Best四节成长反思诗，保持母亲劝告与回嘴的诗行及最后成人感悟诗节。
574	public/pep-english/lessons/pepj9/024.json	pep-english	pepj9-024	Should I Be Allowed to Make My Own Decisions?	passed_unchanged	10d8e2dc183c21a64d55007ea8fcdff5bb75303934dbed18ba70130962976293	10d8e2dc183c21a64d55007ea8fcdff5bb75303934dbed18ba70130962976293	0	true	true	2026-10-07T07:42:02+00:00	569a5dcf32f348ff707da7153d1bf1af21ef2557abd2c28b785d27d39367e4ea	Liu Yu跑步选择五段引入及父母儿子交替观点，各采访长引语完整保留。
575	public/pep-english/lessons/pepj9/025.json	pep-english	pepj9-025	Where Is Linda's Schoolbag?	passed_edited	715563e15a1ce77e36a2a066e61fc2f5ee23e27833cfad84bbba43c8b6bd9956	f3fcff86a7f1d99cbaa1f17da92d1c00c18f8d7e21e202b9f16f0d6e80a8fb84	0	true	true	2026-10-07T07:42:02+00:00	6676e85d05a409eaf68a8dd0b36cc2fbe37fe8eb9e4cf774e4f02f6501362ed2	Linda和妈妈找书包十一轮对话拆分，音乐会与野餐回忆保持完整发言。
576	public/pep-english/lessons/pepj9/026.json	pep-english	pepj9-026	Strange Happenings in My Town	passed_unchanged	bea0733839ae0416ca44e145f3b2131e0d5923324e1768371507a4b2a3b00ea2	bea0733839ae0416ca44e145f3b2131e0d5923324e1768371507a4b2a3b00ea2	0	true	true	2026-10-07T07:42:02+00:00	bd2003d2bd3eed74cb5bf73bb4554b508664077054f119bb9f2460471cc053cf	小镇怪声三段为Victor及家人、Helen等邻居、整体不安，各猜测引语归属保持。
577	public/pep-english/lessons/pepj9/027.json	pep-english	pepj9-027	Jill and Scott Talk About Music and Movies	passed_edited	ee5c290f2d0ece476ccead8263badd0c6cbf0951bcc81036151f1063ada52b56	09081f2702a070d53bd36f2227755ca97b52304cbe1974a037b0927d73aa498d	0	true	true	2026-10-07T07:42:02+00:00	d995cda242968347638c657503c6c1702008230de2c75a3becc7698183e722cf	Jill与Scott音乐电影偏好九轮对话按角色拆分，放松音乐和电影理由留在本轮。
578	public/pep-english/lessons/pepj9/028.json	pep-english	pepj9-028	What Do You Feel Like Watching Today?	passed_unchanged	b6a89e2d0e886333bc12124102b2c5fd4c1e65029b3c25a2121fdfa674a358a7	b6a89e2d0e886333bc12124102b2c5fd4c1e65029b3c25a2121fdfa674a358a7	0	true	true	2026-10-07T07:42:02+00:00	d0af44989bd56aabd9a28e37f71c6c43a08343ae01b5e0fa4f9f0a2e2d9b3b54	观影偏好四段按总述、喜剧动画、剧情纪录动作片、恐怖片分主题，片名例子保持完整段。
579	public/pep-english/lessons/pepj9/029.json	pep-english	pepj9-029	Sad but Beautiful	passed_unchanged	842d54d773fe37082490d2c263dfc599fd76247eae9e3eb26ed7d59b737218de	842d54d773fe37082490d2c263dfc599fd76247eae9e3eb26ed7d59b737218de	0	true	true	2026-10-07T07:42:02+00:00	81c5bc01dad897d592eae62d086951d168e321806d2dcdc237249cc2b3b0bbf0	二泉映月三段音乐体验、阿炳生平、艺术影响，多句叙述段和感受保持。
580	public/pep-english/lessons/pepj9/030.json	pep-english	pepj9-030	Greeting Customs in Japan and France	passed_edited	7284629567dea170622cdb3ae47db2282aef3b2429332310317f81e82cd2b1e0	9b4ae733ebbea79d2ed620095db1e37c1ef5d1e0842fcb7739152f7c8a94f3af	0	true	true	2026-10-07T07:42:03+00:00	fd6ce3998140b774fc8ca21c70f0c5dcfdc183202df755b8c469339150e9bc69	Katie与John日法问候九轮对话拆分，鞠躬和亲面颊故事各轮完整保留。
581	public/pep-english/lessons/pepj9/031.json	pep-english	pepj9-031	Time and Social Customs in Colombia and Switzerland	passed_unchanged	7aef8e532a4b9e261e0c2c013537541c2021020880e9fb66a9c577f96e7123e4	7aef8e532a4b9e261e0c2c013537541c2021020880e9fb66a9c577f96e7123e4	0	true	true	2026-10-07T07:42:03+00:00	6028bad6a84e8cfec8db1364e11af49ae2f0a8d9ad1090764473be1813061fc5	Teresa与Marc两个姓名城市标题及完整文化介绍段配对清楚，时间及拜访习俗对照保留。
582	public/pep-english/lessons/pepj9/032.json	pep-english	pepj9-032	Lin Yue's Student Exchange in France	passed_unchanged	264644c4b5e857e02e51327d312e5677778490b539589033d9dac8bc7f57d7de	264644c4b5e857e02e51327d312e5677778490b539589033d9dac8bc7f57d7de	2	true	true	2026-10-07T07:42:03+00:00	f4678c4d57e4018b4f4a7928d67fa37a49d0d7966983871e09dfbfc81f1d3794	Lin Yue法国交换书信保留称呼、寄宿与语言、餐桌习俗、结语、落款，习俗长段例证连贯。
583	public/pep-english/lessons/pepj9/034.json	pep-english	pepj9-034	Nancy Asks Bert for Friendship Advice	passed_edited	aa693aa8c2534271824620f3f24612bfc55dd3a12c37a05456344ad66082082f	3845ba745b0208b0bceabfcfbc589f4eeabaa702f7ffbf1a7074e9ad357f2245	0	true	true	2026-10-07T07:42:03+00:00	7f5587fbdad3343bf54002f790e67ba66465d7b08553040fd1f2b57d21b1de13	Nancy向Bert求友情建议九轮对话拆分，Julie与Alice关系说明和邀请建议保持整轮。
584	public/pep-english/lessons/pepj9/036.json	pep-english	pepj9-036	The Winning Team	passed_unchanged	a5f2d9ed64060880283150934cefc58c65ea2f508799d88edaa26400602c35fe	a5f2d9ed64060880283150934cefc58c65ea2f508799d88edaa26400602c35fe	0	true	true	2026-10-07T07:42:03+00:00	333a2d4ba9bb9195465b9f30c0a824e3a3530d80cb24cd93a3a8e2ca9b4bc4b6	Peter团队故事十一段按失误内心、回家、父子对白、训练道歉、队友回应和释怀组织，已分轮短段保留。
585	public/pep-english/lessons/pepj9/037.json	pep-english	pepj9-037	Why Kevin Was Late for Class	passed_edited	4f961260b5232faa41873b58bed6bb1ccd59c665b6687674d6fa4dd85037e6c2	479a7f41707891e36b8f56af6fdc9459a09f0158ada562c4a6dd15162aa59169	0	true	true	2026-10-07T07:42:03+00:00	ddd73f8cb975104a9ac609d0328d31b9310d63d023dc8ae3a754ca9cf23c566e	Matt与Kevin迟到缘由九轮对话拆分，起晚、错过公交、搭车每轮完整。
586	public/pep-english/lessons/pepj9/038.json	pep-english	pepj9-038	Life Is Full of the Unexpected	passed_unchanged	80aa99fc68aba19a3333035e57faab757ff4432dad05b81285fcf3d6ab347492	80aa99fc68aba19a3333035e57faab757ff4432dad05b81285fcf3d6ab347492	0	true	true	2026-10-07T07:42:03+00:00	007809dd3b3d05cdbf7424c0b833601d1fd3e0a0890d495ffccf39754c8fe0e4	Unexpected两个段落各叙一次意外避灾，2001与2011事件独立完整，保留。
587	public/pep-english/lessons/pepj9/039.json	pep-english	pepj9-039	April Fool's Day Tricks	passed_unchanged	180eadaa13dd5cc9633f15fba691c3888a9e4784f9ecaaba0fda4fc8d72cc244	180eadaa13dd5cc9633f15fba691c3888a9e4784f9ecaaba0fda4fc8d72cc244	0	true	true	2026-10-07T07:42:03+00:00	cc330287037a4164162beda3d9f5c8cbd091fa127e97ccbdf9406ed387bff10a	愚人节四段为总介、两则媒体骗局、求婚恶作剧、1938广播，现有主题自然段保持。
588	public/pep-english/lessons/pepj9/041.json	pep-english	pepj9-041	Ideas for Solving Pollution Problems	passed_edited	80ebde24f0af99879635b92f0c98f8d0bde75c8c32c7ab2761d83a39ed18fb93	472000176ae063f92ce7a48a91b41d80e9a42a12fa28a11d151d402c93231593	0	true	true	2026-10-07T07:42:03+00:00	0e087f101425b6c69509c28896744371b18d137e5833f9c14d7f100a84256bc8	Interviewer、Jason、Susan环保建议八轮逐发言拆分，公交骑行与减少垃圾建议保留整轮。
589	public/pep-english/lessons/pepj9/042.json	pep-english	pepj9-042	Save the Sharks!	passed_unchanged	7f1b47ba37d7acc59138d6fc4026d19b8c5c94258a7c9e89a44a18582a37e8bb	7f1b47ba37d7acc59138d6fc4026d19b8c5c94258a7c9e89a44a18582a37e8bb	0	true	true	2026-10-07T07:42:03+00:00	a45f4c3d3aaeba2ce4241afd368c16f1340943d9900c5c6f0f7952c3c89d6b61	保护鲨鱼三段为鱼翅引入、危害及数量、保护行动，保留完整说明和呼吁。
590	public/pep-english/lessons/pepj9/043.json	pep-english	pepj9-043	Rethink, Reuse, Recycle!	passed_unchanged	c0e141c91fdbc61e2b5ec70c8ab854290f522fea1f4ab30ba5a3291d71a7f770	c0e141c91fdbc61e2b5ec70c8ab854290f522fea1f4ab30ba5a3291d71a7f770	0	true	true	2026-10-07T07:42:03+00:00	8d0a2103b8360fed735e5ef790ce38dd66ca7faa48f0fa14d1e3241571545ae6	再利用四段为创意引入、Amy房屋、Jessica袋子、Wang Tao金属艺术，各案例段完整保留。
591	public/pep-english/lessons/pepj9/044.json	pep-english	pepj9-044	The Teachers Judy and Clara Will Miss	passed_edited	009aba8228b5ad41962b7452f6170aa7055fdf1374f1c783390048cfc1a1e731	62b7c8169c763f99ae7e54318e7fe493c8da0f3a071bff137b17f2429b07de3c	0	true	true	2026-10-07T07:42:03+00:00	e96b9c19f8b6a73154c99427d62e6143dc54e5e599fb3c4d888156fa212b2738	Judy与Clara感恩老师七轮对话拆分，数学科学英语老师回忆各轮完整保留。
592	public/pep-english/lessons/pepj9/045.json	pep-english	pepj9-045	My Time in Junior High School	passed_unchanged	4f03201c0a524f16a3d9f35f533e55ce73cd85e028f944cb670a341649df47fc	4f03201c0a524f16a3d9f35f533e55ce73cd85e028f944cb670a341649df47fc	0	true	true	2026-10-07T07:42:04+00:00	6b2363025c6830217387c4250cf3fd97dee22bc1f810fd871e0f468819ba1b68	初中回顾按年级叙述学习社团与高中愿望为连贯单段，保留完整回忆不按年度碎拆。
593	public/pep-english/lessons/pepj9/047.json	pep-english	pepj9-047	A Graduation Speech at No. 3 Junior High School	passed_unchanged	45a7abd2e18e52623663cfc93f0de878df1c42a00d816a92d9a02e8f8f3868f3	45a7abd2e18e52623663cfc93f0de878df1c42a00d816a92d9a02e8f8f3868f3	1	true	true	2026-10-07T07:42:04+00:00	2ec753b1b6f6a6056219e9119a20fa383e0457a8141053bdf25319711c8159b7	毕业演讲称呼、祝贺成长、感恩、未来责任、祝福五块，保留长展望段及演讲结构。
594	public/pep-english/lessons/pephr1/001.json	pep-english	pephr1-001	First Impressions	passed_unchanged	e929700b4e496c00950bb8d329687b24aef01f35f9ff63ee21c0087800463230	e929700b4e496c00950bb8d329687b24aef01f35f9ff63ee21c0087800463230	4	true	true	2026-10-07T07:30:09+00:00	cd9132cc76e1fb9bea5be43a8638b7b9986ec7a70d44392d2c024b2e04ae1705	四个时间标签各引领一则完整校园日记，保留标签与对应多句段落。
595	public/pep-english/lessons/pephr1/002.json	pep-english	pephr1-002	Tim Studies on a Ship	passed_unchanged	5a070b57386fcdf9b832e18d0b585922bce6e1522967cd593f004f47f95594ab	5a070b57386fcdf9b832e18d0b585922bce6e1522967cd593f004f47f95594ab	0	true	true	2026-10-07T07:30:09+00:00	03d93427dd1d95b8554b5d181329230799dc19f759eb86ca139c87f9c0448af8	Tim船上学习从课程、家书到观星为连贯介绍，完整单段保留。
596	public/pep-english/lessons/pephr1/003.json	pep-english	pephr1-003	Student Profiles: Ann and Thando	passed_unchanged	e2d52a562363e74defd67fdb572070a27881de428275264d935f99dc72853bfb	e2d52a562363e74defd67fdb572070a27881de428275264d935f99dc72853bfb	2	true	true	2026-10-07T07:30:10+00:00	9e1ca16c25338ecc77d2a52c2e9ebac4726a9e64ff6e86b4c4f0079fbfa8980a	Ann与Thando简介各有姓名学校标题及完整自述，标题内部三行和两人边界保留。
597	public/pep-english/lessons/pephr1/004.json	pep-english	pephr1-004	Cheerleader Try-outs	passed_unchanged	7a8f066178e0f4f1fa443fb292b15f529f8272326a8a5e14f6fd75902e18b5ce	7a8f066178e0f4f1fa443fb292b15f529f8272326a8a5e14f6fd75902e18b5ce	0	true	true	2026-10-07T07:30:10+00:00	03ec70b47cad800e41670b66b7b53e6f81df532e94ffef4d9d99c09b8d900f33	啦啦队选拔按First、Second、Finally连续叙事并以担心结果收束，完整单段保留。
598	public/pep-english/lessons/pephr1/005.json	pep-english	pephr1-005	Advice for a Worried Friend	passed_unchanged	9dd46d10b44f3a16e1284d3509639e90f68b922e74c4780d8a5cc5a7bcec804e	9dd46d10b44f3a16e1284d3509639e90f68b922e74c4780d8a5cc5a7bcec804e	3	true	true	2026-10-07T07:30:10+00:00	97870fbaf2d6dc06fa9e555f5df5008dcba078286837981013072ab4af368e95	劝慰信日期、称呼、说明问题、建议、落款五块结构清楚，Susan署名内部换行保留。
599	public/pep-english/lessons/pephr1/006.json	pep-english	pephr1-006	Make the Most of Your Education	passed_unchanged	fd4148a28fa9e2ae6d6b5c0f077e9cb13bb617dbc6e88abcd48cac4198d3557d	fd4148a28fa9e2ae6d6b5c0f077e9cb13bb617dbc6e88abcd48cac4198d3557d	0	true	true	2026-10-07T07:30:10+00:00	02032b28c213e0a43d6400513bb6acc293aa1a7326e4754485b878d618502729	失学比例引出珍惜教育机会，例证与劝告形成完整论述，现有段落不按句拆碎。
600	public/pep-english/lessons/pephr1/007.json	pep-english	pephr1-007	Peru: Geography and History	passed_unchanged	afb859c4abe06d663fc75007092ac76e4f34ceae28a4f2fb67160918800e18bb	afb859c4abe06d663fc75007092ac76e4f34ceae28a4f2fb67160918800e18bb	0	true	true	2026-10-07T07:30:10+00:00	a097c83bb9f5f18a0255a2d5a7814e754959b93e2b53d513e31f668ef4e1a39c	秘鲁地理与印加及西班牙历史各自为完整自然段，保持两段。
601	public/pep-english/lessons/pephr1/008.json	pep-english	pephr1-008	Travel Peru: Four Package Tours	passed_unchanged	2cffe77365b1aecfdf50393c9aaa947ec8b9e3f172346e70d2e61b9bbe92ce1c	2cffe77365b1aecfdf50393c9aaa947ec8b9e3f172346e70d2e61b9bbe92ce1c	0	true	true	2026-10-07T07:30:10+00:00	75bed959fe26e4f7098ff371615a3b8c0107e21bc72be4360c751b11d9af11e6	亚马孙、马丘比丘、Cusco和Titicaca四条行程各对应独立标题及介绍；末尾邀请和联系方式分块合理。
602	public/pep-english/lessons/pephr1/009.json	pep-english	pephr1-009	Amy and Jeremy's Weekend Plan	passed_edited	ee4f6f03a5edfc7473e915f7ee6d1930a0da925ada45331058f24b5f605119d6	f820e79be04bfb520f05eeffb7eaffcf58a49dfcc5e755245016135d2bc3763d	0	true	true	2026-10-07T07:30:10+00:00	7d7150472945a7a7a10c9c59a5249d028a206f0807194af3a6cc40845ade9124	Amy与Jeremy约定水上公园出行，六个具名轮次原被装在同块，逐轮拆分，保留轮内多句。
603	public/pep-english/lessons/pephr1/010.json	pep-english	pephr1-010	A Travel Plan to Xi'an	passed_unchanged	5ccbc6cdcda394cbf051a0d08368d62ca1dfbc591ae1eae3d0393178fac37d5d	5ccbc6cdcda394cbf051a0d08368d62ca1dfbc591ae1eae3d0393178fac37d5d	4	true	true	2026-10-07T07:30:10+00:00	0bba3330f3e67df37d9a08d92aa6622ff3838cc49835f2a120b7f1a4530bbb0f	西安旅行邮件保留地址主题、称呼、兵马俑、其他景点、交通、询问对方安排及落款，各段语义完整。
604	public/pep-english/lessons/pephr1/011.json	pep-english	pephr1-011	Terracotta Army	passed_unchanged	aeae23de5881976b257ae27440052969cdd8f62a1454c25dc95cbf62966ae4b7	aeae23de5881976b257ae27440052969cdd8f62a1454c25dc95cbf62966ae4b7	0	true	true	2026-10-07T07:30:10+00:00	9d9c58d21f34706fd549191cb2efb0e8d18bcaf574927d3e93a62ecc625cbaa6	兵马俑介绍从雕像特点到陵墓建造和发现，完整段落连贯，无句内断行。
605	public/pep-english/lessons/pephr1/012.json	pep-english	pephr1-012	Paul Calls Meilin from Lijiang	passed_edited	53ce4cc0ce3cd05abf5909191fede24fd92336a99d76fa40d42d02f4948afe7a	bb054a41d5086b522c28314adb00b695091b1ac15613561e2dd1be84211a1154	0	true	true	2026-10-07T07:30:11+00:00	74088229e9fc4e8e9f8c856e416f718947a629e14c205d7cb495322fed02aed6	Paul与Meilin丽江电话七轮对话逐轮拆分，Paul雪山行程的多句发言整体保留。
606	public/pep-english/lessons/pephr1/013.json	pep-english	pephr1-013	Dave Recommends the Spin Bike to Jack	passed_edited	4fb3af45fe0acf10759507cf5857bcff7179c1f85b19f6f96b02b8e10fcdf0ef	003fe08cecbe627d5295cb5de7467406ea21ee67aafd20528dfbfda59c4a8f87	0	true	true	2026-10-07T07:30:11+00:00	8993705bef94fcd48b1ab799daf79900f43a5a5c95c331c57491a2e5b6ae3b1d	Dave与Jack健身问答十一轮逐轮拆分，附加问句仍保留在本轮。
607	public/pep-english/lessons/pephr1/014.json	pep-english	pephr1-014	Living Legends	passed_unchanged	09f67255162cf03c5496bc18b89141a1bf35cd6cde66fb0eb7e2234bb0665821	09f67255162cf03c5496bc18b89141a1bf35cd6cde66fb0eb7e2234bb0665821	0	true	true	2026-10-07T07:30:11+00:00	e90646e648c8559f859538df05632b39db2cbd059a908d0056a0626e99ed2c65	Living Legends总引言、郎平及乔丹标题与完整人物段落、征集地址结构明确。
608	public/pep-english/lessons/pephr1/015.json	pep-english	pephr1-015	Going Positive	passed_unchanged	e7c2a8cf11cec3f06d9ca4b76ec336d266c679902e00b54f8cd117c257611554	e7c2a8cf11cec3f06d9ca4b76ec336d266c679902e00b54f8cd117c257611554	0	true	true	2026-10-07T07:30:11+00:00	bd243f15aec13ed7719d2949ea3fa3449e716e2384b33f48d9276fe00237fbf2	Going Positive由体重焦虑、转向体能、积极自我评价三段递进，保留多句自然段。
609	public/pep-english/lessons/pephr1/016.json	pep-english	pephr1-016	The Night the Earth Didn't Sleep	passed_unchanged	c22d2774a6d4b7672e144629c047d7daebea004f4bdff603af1c89b7cf3f8a82	c22d2774a6d4b7672e144629c047d7daebea004f4bdff603af1c89b7cf3f8a82	0	true	true	2026-10-07T07:30:11+00:00	def848d459c0e45904a8ca1534c500ef70c76c536872accb8c7716fe5a7c9ef5	唐山地震按预兆、震发、破坏、救援、重建五个完整自然段推进，边界合理。
610	public/pep-english/lessons/pephr1/017.json	pep-english	pephr1-017	Tsunami Hits Asia: Over 6,500 Dead	passed_unchanged	98e9e1826df4375403e5e73f1b7d0b13a0a19a2657e14973131ee4acf018a135	98e9e1826df4375403e5e73f1b7d0b13a0a19a2657e14973131ee4acf018a135	1	true	true	2026-10-07T07:30:11+00:00	867aa36fc54edf8378739e0b1ab6a7dc73fd78e426bd78325e572acc259ed22d	海啸报道署名日期独立，主体按事件、各国损失、当事人引语、救援障碍分段，保留现有结构。
611	public/pep-english/lessons/pephr1/018.json	pep-english	pephr1-018	Why Study French?	passed_edited	d871403d3742d0584a43e4d710159ec54f375048b084328eb9efda793e1bdae4	3aec59403884fbbe7fb2b1c68a13bd716346bc6d6e92433bd85ad71434c7fc82	0	true	true	2026-10-07T07:30:11+00:00	3a00ce775defadb269e0c9ff8603ed37affb503e51f4ef3cef03c18dadb1e5c9	学习法语的A/B问答五轮逐轮拆分，理由解释维持在同一发言内。
612	public/pep-english/lessons/pephr1/019.json	pep-english	pephr1-019	Pants in American and British English	passed_edited	2652052449355aff96eb14a46658e61752ab5932c1297cae6d7da8fd68164930	c6b60dc5b5a54a3097d6038364a6a4a5ed9f0beff2af5d85c400cec0f861bfc1	0	true	true	2026-10-07T07:30:11+00:00	a6f6e7551a98f5139876deded3a460f85dd0baf17f213899c358307647feea5d	pants英美差异九轮对话逐轮拆分，各角色解释和末尾省略号完整保留。
613	public/pep-english/lessons/pephr1/020.json	pep-english	pephr1-020	Learning English: Biggest Problems	passed_unchanged	4be6d39843a6298e3626d42b424fcc5530164af1d94a12bea32857ffa2205a1f	4be6d39843a6298e3626d42b424fcc5530164af1d94a12bea32857ffa2205a1f	0	true	true	2026-10-07T07:30:12+00:00	351653dd5d59a38419b6324fdbe52840dd84e69f31c7fbcf7589d905268cc06e	Wang Le提问及三位学习者的论坛回复按姓名标题独立，Jia Xin和Li Rui的多句讨论各保留完整回复。
614	public/pep-english/lessons/pephr1/021.json	pep-english	pephr1-021	A Difficult Chemistry Quiz	passed_edited	7ff7921b68fe0386527d0c8cffb9f5b458d1e141af72ed4ebd23cf5d1bd747bf	553b781cfad8f078a449f322e71eecd8e34ca4b0787ac44ef1cbf217bda8b130	0	true	true	2026-10-07T07:30:12+00:00	5e75047edb6da5c3fc8876895f725ea458d2109728eac6f62fee0ead17726a82	化学测验受挫及同伴鼓励九轮A/B对话，拆分轮次，安慰和建议各保持原发言。
615	public/pep-english/lessons/pephr1/022.json	pep-english	pephr1-022	A Daughter Who No Longer Asks for Advice	passed_unchanged	af0b6159d4ff8c15c604b481d3e01ee019faec64556947c631af034a0b915bc4	af0b6159d4ff8c15c604b481d3e01ee019faec64556947c631af034a0b915bc4	2	true	true	2026-10-07T07:30:12+00:00	44dbef1c24cf4fc1f7b742a7952dc1fc6c34172d053632e240bdb113585e72f0	母亲询问女儿不再征求意见，称呼、完整来信段、落款边界清楚。
616	public/pep-english/lessons/pephr1/023.json	pep-english	pephr1-023	A Son Who Wants a Girlfriend	passed_unchanged	1570eead73c4fdf645a394312b9da475462130beed5f84491b42284c3143d63b	1570eead73c4fdf645a394312b9da475462130beed5f84491b42284c3143d63b	2	true	true	2026-10-07T07:30:12+00:00	e96c52ac7f26dfd633cf1f6d5475074c8f0b644aa15b38fb49268949e56d0cb0	父亲询问十六岁儿子恋爱问题，正文单段及书信首尾独立保留。
617	public/pep-english/lessons/pephr1/024.json	pep-english	pephr1-024	A Birthday Gift for a Fifteen-Year-Old Son	passed_unchanged	05a6f089071f6e875423981149ef3653d99e968aaf0f3df50559632ab2bf25f8	05a6f089071f6e875423981149ef3653d99e968aaf0f3df50559632ab2bf25f8	2	true	true	2026-10-07T07:30:12+00:00	21c68336a566daab2a05d08c451c7bfdab74d7dc6a7c21698d3ffcfade091c97	父亲求助十五岁生日礼物，完整求助段不按句拆分，称呼落款保留。
618	public/pep-english/lessons/pephr1/025.json	pep-english	pephr1-025	A Fourteen-Year-Old Who Wants to Study Abroad	passed_unchanged	77ab99ee6017279bb1b7f9ea33ab5218862d0651a6acd20cf9b7d2273a58d293	77ab99ee6017279bb1b7f9ea33ab5218862d0651a6acd20cf9b7d2273a58d293	2	true	true	2026-10-07T07:30:12+00:00	164a0e8d394bb47c7ec8005332d999f5ccb21c3c4add08659c62fa2b5879e002	云南母亲讨论十四岁出国留学，年龄费用和建议同属一段，信件边界合理。
619	public/pep-english/lessons/pephr1/026.json	pep-english	pephr1-026	Teenage Life Around the World	passed_unchanged	2e8fa29dcddcb6634cfe6b1c79b2af4c5858f78d80eaea3d728a6e50d5ba46ae	2e8fa29dcddcb6634cfe6b1c79b2af4c5858f78d80eaea3d728a6e50d5ba46ae	0	true	true	2026-10-07T07:30:13+00:00	b8f7f655cf2bdad75c0011bf12b6322e7611484eb090de49b1b3f7a861b813d6	Asha、Samika、Frieder三人各有国家姓名标题和独立生活自述，多句段落完整保留。
620	public/pep-english/lessons/pephr1/027.json	pep-english	pephr1-027	Be a Good Tourist	passed_unchanged	ec16b406ea6e89dbdb61d0e18a20daabcfd07d7e3cb6764e8cdc8fc783d20b6d	ec16b406ea6e89dbdb61d0e18a20daabcfd07d7e3cb6764e8cdc8fc783d20b6d	0	true	true	2026-10-07T07:30:13+00:00	76498d98d62f9794917482c7a9e559e63d72666c64715b405f89b79010b57c71	文明旅游论述由总起、破坏景点、打扰居民、总结建议四段组成，事例与评价属于同段。
621	public/pep-english/lessons/pephr1/028.json	pep-english	pephr1-028	A Letter About Pisa and the Improvisatori	passed_unchanged	78577d33ca2008184fc554496b199af44e2cb07412afc8433379d0c1582f5365	78577d33ca2008184fc554496b199af44e2cb07412afc8433379d0c1582f5365	1	true	true	2026-10-07T07:30:13+00:00	5498729cc1ca95818e32c59efa1e47deea18d1c71183259d7d50fad2bfc47cf1	Pisa书信保留称呼、城市概况、斜塔、即兴诗人及署名，三段说明边界明确。
622	public/pep-english/lessons/pephr1/029.json	pep-english	pephr1-029	What Great Athletes Have in Common	passed_unchanged	69478e7105dad418ff1f9ba6bc8d648b62848d3942518aa328c83aff5acd5529	69478e7105dad418ff1f9ba6bc8d648b62848d3942518aa328c83aff5acd5529	0	true	true	2026-10-07T07:30:13+00:00	c88737fb8d8fa6e773306322964ac296f086faf9306b227dbdc33f1d16bc3f1a	优秀运动员四种共同特质用First、Second、Finally串联成完整短论述，保留现有段落。
623	public/pep-english/lessons/pephr1/030.json	pep-english	pephr1-030	Jumping Jacks	passed_edited	5bab71d473ab24817add15d1e70f2c66bac198810021d693a733e7613bfc54c3	3050e708ee93aa9da64c63311ff0b399178a8ff70cab6f40d2b85bc39a8c6b9f	0	true	true	2026-10-07T07:30:13+00:00	6344b16235ed0962341ad6db5f42fa66f42d73f33a779199eeabccf509ee4856	开合跳介绍六轮A/B对话分块，动作说明的多句内容仍在同一B轮次。
624	public/pep-english/lessons/pephr1/031.json	pep-english	pephr1-031	Cool Cold Sports	passed_unchanged	e1c4b5453a4e32665ae526639cd7e55d43b5533119e8220ee99c62319f247896	e1c4b5453a4e32665ae526639cd7e55d43b5533119e8220ee99c62319f247896	0	true	true	2026-10-07T07:30:13+00:00	29bc5e561cc81c7cf2a3ebdce9e2d608880eff6b22371399e807646855f617da	冬奥总介、滑雪、滑冰、俯式冰橇四段各有明确主题，完整保留。
625	public/pep-english/lessons/pephr1/032.json	pep-english	pephr1-032	Hot Tickets	passed_unchanged	c530c7e5f37ddce5e14c32f08a0d09de7b65126ed5695d6aa6653114aab50bd8	c530c7e5f37ddce5e14c32f08a0d09de7b65126ed5695d6aa6653114aab50bd8	0	true	true	2026-10-07T07:30:13+00:00	d9b0dbdf507b318a991361e4c1a8ec993f4bb7c9ec02080a28375fac83341e77	Hot Tickets引言及棒球、板球、温网三个标题和介绍配对清楚，小吃说明仍归各项目段落。
626	public/pep-english/lessons/pephr1/033.json	pep-english	pephr1-033	The Story of an Eyewitness (Adapted)	passed_unchanged	4fe42aa8938d40d7ed0e23562245efc5469db2c468cf8fc42eddbdd5389492f2	4fe42aa8938d40d7ed0e23562245efc5469db2c468cf8fc42eddbdd5389492f2	1	true	true	2026-10-07T07:30:13+00:00	8f1e5847afa6a42d18fde5cdc012304d4fd40f17f8e387fe06470f11dc07006a	地震目击记署名日期独立，正文按总体破坏、周三清晨、下午、夜晚推进，保留段落。
627	public/pep-english/lessons/pephr1/034.json	pep-english	pephr1-034	China to the Rescue!	passed_unchanged	f04f3408e3f30632526d15dbf2b76822073265e0ce6bdff9d78836093384398a	f04f3408e3f30632526d15dbf2b76822073265e0ce6bdff9d78836093384398a	0	true	true	2026-10-07T07:30:14+00:00	caf6468eb2cdb855a88d4d16ad97b801494fa6a6466a227cb4285a88a1344b5e	中国救援队按成立、首次任务、后续任务、工作要求、精神品质分五段，语义完整。
628	public/pep-english/lessons/pephr1/035.json	pep-english	pephr1-035	A Chinese Calligraphy Class	passed_edited	fa18557096cd757c6e900b181673f3ddde7b970273a2103477637da11ac35bf5	b4825c0e55eb11353b4765e6f6100ae6a985d9f5ee7ba0469089981c8adc637a	0	true	true	2026-10-07T07:30:14+00:00	2a6e720376a69eab866a3ad877c78a90c5cd66744657e8945ddf79b6c2c03c46	书法课程邀请四轮A/B问答拆分，学习动机与理由保留本轮内部。
629	public/pep-english/lessons/pephr1/036.json	pep-english	pephr1-036	Polyglots: What Are They and Who Can Be One?	passed_unchanged	e3ed160389892d25d0612160f9135977a05b2beaf69a0a82ea697ce52daef9d1	e3ed160389892d25d0612160f9135977a05b2beaf69a0a82ea697ce52daef9d1	0	true	true	2026-10-07T07:30:14+00:00	788bef7c50f00f89b81fc3c16f04ecf7ffeaa8d1ee28032ba53894060e8f27bc	多语者文章以名人和Tim引入、Tim学习过程、语言文化意义三段组织，保留完整多句段。
630	public/pep-english/lessons/pephr1/037.json	pep-english	pephr1-037	The Book That Keeps on Growing	passed_unchanged	68e9362e21cc1f82aa885a7b27d2f01a196fcf3b7aa71134e0cb9d8ee9d4bd61	68e9362e21cc1f82aa885a7b27d2f01a196fcf3b7aa71134e0cb9d8ee9d4bd61	0	true	true	2026-10-07T07:30:14+00:00	4a126d5540bd23e5aa89d52fe7ac0be1429f05ca33410dcec9ee90e89c6d1418	OED文章由书籍引入到起源、Murray工作、出版、更新及文化价值六段展开，日期和引文没有错误断段。
631	public/pep-english/lessons/pephr2/001.json	pep-english	pephr2-001	From Problems to Solutions	passed_unchanged	91311a8f97939abbf55f5a1ebf3a746dbceebdd61ddc70619bf54c8aa892b5ad	91311a8f97939abbf55f5a1ebf3a746dbceebdd61ddc70619bf54c8aa892b5ad	0	true	true	2026-10-07T07:30:14+00:00	3b241b87d68deb42800363826b728042ddf883982cbca3d27cccb91ee5e4318f	阿斯旺项目从保护与发展难题到倡议、筹备、搬迁、成果及国际合作精神六段，保持自然段。
632	public/pep-english/lessons/pephr2/002.json	pep-english	pephr2-002	Protecting African Elephants	passed_edited	e0b35e26d6e2550837d39dbde99e856ae6ac9617255c96aa1044a6512832e3b4	72490d1f26b74ea54dae524cf9d4916913d415ad5e7e14092ee1876d35672adc	0	true	true	2026-10-07T07:30:14+00:00	ceb978572fe6a1d9137203b1ac594f839b8ccdc7b0907b17fd58484ec01bade7	非洲象威胁及保护措施A/B四轮逐轮拆分，栖息地解释保留同轮。
633	public/pep-english/lessons/pephr2/003.json	pep-english	pephr2-003	Give Ugly a Chance!	passed_unchanged	75de41922e14295fe8fa297f2d1ab58dad7eed1e93f2864ac02c65e7d0a0a59e	75de41922e14295fe8fa297f2d1ab58dad7eed1e93f2864ac02c65e7d0a0a59e	0	true	true	2026-10-07T07:30:14+00:00	ddd70440eb70edc324c866619a7ce1fa18c4f2299c433c754ddd380a7a8f90ef	Give Ugly a Chance海报从平等保护到物种多样性和呼吁构成完整短段，保留。
634	public/pep-english/lessons/pephr2/004.json	pep-english	pephr2-004	Don't Make Paper with My Home!	passed_unchanged	35d7cbfbdaca28439aef2bf116ff1bbb960e3584e600ce11892a3075946acb67	35d7cbfbdaca28439aef2bf116ff1bbb960e3584e600ce11892a3075946acb67	0	true	true	2026-10-07T07:30:15+00:00	f235b7e502821b2cc16bfadbf567e48d352a9f11e9090b6fd355e6da5121375f	考拉家园与造纸海报四句同一呼吁单元，保留完整段落。
635	public/pep-english/lessons/pephr2/005.json	pep-english	pephr2-005	Cyber Sense	passed_unchanged	eb8483c5564d5d624b2be917ba6253d43a4228c5308ed43477bb9bdf4eb07af1	eb8483c5564d5d624b2be917ba6253d43a4228c5308ed43477bb9bdf4eb07af1	2	true	true	2026-10-07T07:30:15+00:00	3b28851733e929db8dbba66f8faa341e519f52fb8ff7a1510acb488bc50edf6b	Cyber Sense两节网络安全押韵诗，各节四行，保留诗节和行内换行不合并。
636	public/pep-english/lessons/pephr2/006.json	pep-english	pephr2-006	Stronger Together: How We Have Been Changed by the Internet	passed_unchanged	78dd30e2ca11aaa4c4dcd1b21ce08b9e0d8479935709db36eeeeae96abd4a94a	78dd30e2ca11aaa4c4dcd1b21ce08b9e0d8479935709db36eeeeae96abd4a94a	0	true	true	2026-10-07T07:30:15+00:00	7a17b2277c7895d89ec879d74a1fb639ef92f66ba30633d78d6c62c32988bf34	Jan故事按互联网作用、患病与社群、IT俱乐部、未来目标、总结五段展开，保留多句段落。
637	public/pep-english/lessons/pephr2/007.json	pep-english	pephr2-007	Choosing the Best App	passed_edited	0dad442107a191ccd4d916d6060d85a095e4539fe6bedde495a13d26f69602e1	4484ce10a5fa25f66e01d21a2d258488f4c7ae22c24611f70d41a6c0e4355117	0	true	true	2026-10-07T07:30:15+00:00	3bc35407670d2158b04d66d00d5c3e865418fd1d2924564ae76526979e182988	两个说话者比较TV Me与Hear It First，每人完整论述为一轮，拆为两块。
638	public/pep-english/lessons/pephr2/008.json	pep-english	pephr2-008	How to Stay Safe Online	passed_unchanged	f7fbcb8eb7251fb1b5c60a81ab67d089a73afbcdb51f3f8c79eaa889e26a86e3	f7fbcb8eb7251fb1b5c60a81ab67d089a73afbcdb51f3f8c79eaa889e26a86e3	0	true	true	2026-10-07T07:30:15+00:00	c3f653605660d45e0b6e308eecf06de68a6906365bbe13aa2de69ef29a7b933c	网络安全博客保留引入、三项规则的完整论述段、邀请评论及Boy579和Amy各自评论，不误并用户名。
639	public/pep-english/lessons/pephr2/009.json	pep-english	pephr2-009	What's in a Name?	passed_unchanged	b3dc87ce04f7700caa99e9eccc7d0096adcfdfbaa308157767d6a9febb04af25	b3dc87ce04f7700caa99e9eccc7d0096adcfdfbaa308157767d6a9febb04af25	0	true	true	2026-10-07T07:30:15+00:00	2ed6d044c5a7fbd16f59f3bd4fd1f8cdf08370ce8635dc8195e2007c480263b2	英国名称文章由疑问、形成历史、四国关系、历史族群、游览建议五段组成，现有长段主题完整。
640	public/pep-english/lessons/pephr2/010.json	pep-english	pephr2-010	Beautiful Ireland and Its Traditions	passed_unchanged	552ddae31f7ac4777f53c98a59282dec5ab2ca97f324bd39aff0dfcba403d1b1	552ddae31f7ac4777f53c98a59282dec5ab2ca97f324bd39aff0dfcba403d1b1	0	true	true	2026-10-07T07:30:15+00:00	22eb687d653b198e5f248e306a3b8ed9b4cea5f798df7586dc82f79dcc8c643d	爱尔兰景观感官描写连至酒吧饮食歌舞体验，完整描写段没有机械按句切分。
641	public/pep-english/lessons/pephr2/011.json	pep-english	pephr2-011	Why I Like Techno Music	passed_edited	7819ae0fc9785a63ccb744e2a911e065bffa47360d2013d3798359151261e7e4	b646b8ab5dc8c355ff416f83438506dd8ffb4fb9c49a94f26ea7514653bf32e4	0	true	true	2026-10-07T07:30:16+00:00	88db9af2cfed52ed7132c2d490c605d5688cca515ddb614a178e655bef19bdb4	techno音乐喜好四轮短问答逐轮拆分。
642	public/pep-english/lessons/pephr2/012.json	pep-english	pephr2-012	The Virtual Choir	passed_unchanged	786e9fa20611e34adfe18bf04234fc708acafee2370307ee88653ad3d6fb6bb5	786e9fa20611e34adfe18bf04234fc708acafee2370307ee88653ad3d6fb6bb5	0	true	true	2026-10-07T07:30:16+00:00	7b213b00ff3be6ec58f79a04394a0bf1766cc3f80264ccdb9c6887d1d9c16262	虚拟合唱团定义、创办人生平、2009及2014项目、总结四段完整保留，引语属于所在段。
643	public/pep-english/lessons/pephr2/013.json	pep-english	pephr2-013	Planning a Music Festival	passed_edited	0a6a8aca994e6a5fb5e9873853d2c10f83ec6c1371b2d4fa23524fadc67c7ad4	e7b3d6967d4237b3c621f1fa487aa2286a42a0335554b1fa3f02fcd76cb491e0	0	true	true	2026-10-07T07:30:16+00:00	c88acf6b38f85bf43eb4319f9f67ebf408bc5fc33530a774c629e75f22d3c8ae	Debbie、John、Frank筹备音乐节十轮对话逐轮拆分，演奏和募款安排保留发言完整。
644	public/pep-english/lessons/pephr2/014.json	pep-english	pephr2-014	How Music Helped Me Recover	passed_unchanged	6fe8cacc4a7fd76b73a07e686af0afaf2a03a609bfbccde59e51b9a9439436a1	6fe8cacc4a7fd76b73a07e686af0afaf2a03a609bfbccde59e51b9a9439436a1	0	true	true	2026-10-07T07:30:16+00:00	776c7d4b78b532631a5bdd452bfb1af97a285e834b10a543e76f4e4760072051	Sarah音乐康复演讲按开场、患病经历、音乐作用、听众建议、致谢分块，保留排比多句段。
645	public/pep-english/lessons/pephr2/015.json	pep-english	pephr2-015	Learning to Love the Piano	passed_unchanged	be404a5b919a4c7c812cd7663179c64262d134fa95a719af0c915c62e180ddc4	be404a5b919a4c7c812cd7663179c64262d134fa95a719af0c915c62e180ddc4	0	true	true	2026-10-07T07:30:16+00:00	662e272284ed93cb223d08482a344199a9efcb944cd23d5e38204f9f50d6e315	学琴经历从被动开始到演奏成功并爱上钢琴，是连贯个人短叙事，保留完整段落。
646	public/pep-english/lessons/pephr2/016.json	pep-english	pephr2-016	Ludwig van Beethoven	passed_unchanged	d1b67976b019fa24d8812b8fb438d94b2a532e97447aa01846fd3fe7353b52b4	d1b67976b019fa24d8812b8fb438d94b2a532e97447aa01846fd3fe7353b52b4	0	true	true	2026-10-07T07:30:16+00:00	ee4beaeb82436a3abb7af9630e6c9896646ce6c7ec44e565c2bb4d1d70bcd0cf	贝多芬生平按童年学习、成名、失聪创作与晚年连续叙述，现有单段不按年代机械拆分。
647	public/pep-english/lessons/pephr2/017.json	pep-english	pephr2-017	Relics from Ancient Greek Ship Rescued	passed_unchanged	aa5ebd26c3578b76a84e457a7778bdde886374edcac44ca72c8dae87fc12e268	aa5ebd26c3578b76a84e457a7778bdde886374edcac44ca72c8dae87fc12e268	0	true	true	2026-10-07T07:30:16+00:00	240ab77f755d62b4c334032af0fc6d9003ba141ea08ccfb10567a00cb8ac3c05	希腊沉船文物简讯电头和发现抢救及引语连续成段，保留完整新闻短段。
648	public/pep-english/lessons/pephr2/018.json	pep-english	pephr2-018	Han Dynasty Treasures to Visit the Capital	passed_unchanged	2de67a0b393880c105cecdec76f10c9fd1fa5f4906399aa6df12bdbb94c9e539	2de67a0b393880c105cecdec76f10c9fd1fa5f4906399aa6df12bdbb94c9e539	0	true	true	2026-10-07T07:30:16+00:00	aa5e74d3ef043abc11ec2b570b12647b5ca704d512468e0460a4ccb5fee39890	海昏侯文物展新闻从电头、展品、发掘和保护至展期构成完整简讯，保留。
649	public/pep-english/lessons/pephr2/019.json	pep-english	pephr2-019	World Cultural Heritage Sites	passed_unchanged	a9096eae584f2a19914a34b35f1c0899aa7f224deaf61158049536f7a6246296	a9096eae584f2a19914a34b35f1c0899aa7f224deaf61158049536f7a6246296	0	true	true	2026-10-07T07:30:16+00:00	d798112fb781eebe3bacef20c0e494ed9cf8db21a4d121e2d1defa18f1aaa4a6	世界遗产六段分别为计划概况、泰姬陵建造、爱情背景、明清陵总介、文化特点及总结，边界完整。
650	public/pep-english/lessons/pephr2/020.json	pep-english	pephr2-020	The Strange Tale of the Milu Deer	passed_unchanged	f20225943caa3a91f5a2e38451ceca3e33f77d541f9d192a7e08351b8910fda0	f20225943caa3a91f5a2e38451ceca3e33f77d541f9d192a7e08351b8910fda0	0	true	true	2026-10-07T07:30:17+00:00	367614d01f70a08d05d5ba5d3fa0e8cc79ea50ec064afbf966aabe2fe6b7048f	麋鹿外形、在华消失、欧洲保护与回归、保护区扩展、未来放归五段，保留叙述顺序和自然段。
651	public/pep-english/lessons/pephr2/021.json	pep-english	pephr2-021	Urban Wildlife	passed_unchanged	6787f65bc0cd88860c9cc0c015b7f9edb649e13fcc14d64396199fdbdbd2c825	6787f65bc0cd88860c9cc0c015b7f9edb649e13fcc14d64396199fdbdbd2c825	0	true	true	2026-10-07T07:30:17+00:00	5a298e5d01efe87684cd224cea87c150ac3f003f8ca405b19dd572b5b60ebf57	城市野生动物按引入、栖息地问题、蝙蝠、北京森林公园、Birdscraper及总结分段，案例边界清晰。
652	public/pep-english/lessons/pephr2/022.json	pep-english	pephr2-022	E-Learning	passed_unchanged	28fb34d0efe2b06d4c289a00c6ddcc82143b2482275ad225cf034b8cf856fe1d	28fb34d0efe2b06d4c289a00c6ddcc82143b2482275ad225cf034b8cf856fe1d	0	true	true	2026-10-07T07:30:17+00:00	2b6c5769099bf88435e92b232001a695c5f71d7c84ceefdfea01a449c4fed591	E-Learning课程概况、新加坡课堂、韩国远程机器人与总结四段各自完整，保留。
653	public/pep-english/lessons/pephr2/023.json	pep-english	pephr2-023	Cleo's Email from Cairo	passed_unchanged	e9f47228f3ac787de99ee90619ade96325d86a2e297baa915285ad8ac630a252	e9f47228f3ac787de99ee90619ade96325d86a2e297baa915285ad8ac630a252	0	true	true	2026-10-07T07:30:17+00:00	2a080369021bcaa56f0c33bf5a4abaa0560449bcfb872f7d0171b01df387a1b7	Cleo开罗邮件称呼与落款独立，博物馆、金字塔、市场及食物在同一旅行叙述段完整保留。
654	public/pep-english/lessons/pephr2/024.json	pep-english	pephr2-024	Sally's Message from Athens	passed_unchanged	b0dc68561ac6a74610348c513f71a3f56fcc1330233c93919cbd62599357bd72	b0dc68561ac6a74610348c513f71a3f56fcc1330233c93919cbd62599357bd72	0	true	true	2026-10-07T07:30:18+00:00	8e42c4e019c5b1b1f9fc29e4ef43914ddfea8a07963256149d8ce8b0845a0a20	Sally雅典短讯正文从问候到景点、美食及次日计划连续，署名单独一块合理。
655	public/pep-english/lessons/pephr2/025.json	pep-english	pephr2-025	Samovar—the Special Teapot	passed_unchanged	a70f808a542489cb0c1eb2e4bbd189895962f467bddbc65a57f99657737872b8	a70f808a542489cb0c1eb2e4bbd189895962f467bddbc65a57f99657737872b8	0	true	true	2026-10-07T07:30:18+00:00	0b06de3da44ad9da7c773edebfcf01bdcc07d8161ce1445e114e00acfb6445a1	俄式茶炊演讲四段为家庭传承引入、祖先购置、泡茶步骤及结束语，步骤保留完整说明段。
656	public/pep-english/lessons/pephr2/026.json	pep-english	pephr2-026	Jill's Review of Cat's in the Cradle	passed_unchanged	9a1be435bc3bc3412aac1ff346be15fd350ec2021e3e5f9278caa03c79fc4905	9a1be435bc3bc3412aac1ff346be15fd350ec2021e3e5f9278caa03c79fc4905	0	true	true	2026-10-07T07:30:18+00:00	64f65dbc2976610a043acb52e2cc38c569cc45b4e86cf69e368e0916d5338f2b	Jill歌曲评论联系与父亲相处的愿望为完整一段，署名另块保留。
657	public/pep-english/lessons/pephr2/027.json	pep-english	pephr2-027	Dennis's Review of Cat's in the Cradle	passed_unchanged	d9e2eecf7704cfcc6982d0b655d6543dd454cf383af18bf78e8142ef4177befb	d9e2eecf7704cfcc6982d0b655d6543dd454cf383af18bf78e8142ef4177befb	0	true	true	2026-10-07T07:30:18+00:00	60de8dddf8b988b3bf3507ce96d4f2c64c1121741ed1ec6afff80775b366fd7b	Dennis歌曲评论对照自己良好的父子关系成一段，署名另块保留。
658	public/pep-english/lessons/pephr2/028.json	pep-english	pephr2-028	Music Scores in Films	passed_unchanged	d2adc16b74473fccec98ca6bd7fae5ee04f0636292150a56a49284e61fbca75e	d2adc16b74473fccec98ca6bd7fae5ee04f0636292150a56a49284e61fbca75e	0	true	true	2026-10-07T07:30:18+00:00	b7de65b1de768cbca5fb299b61c7664ed3e80a85a1cf7322c3d1f6114b7f2af1	电影配乐博客开场后分别讨论Williams、Zimmer、谭盾再总结，电影名和引语保持各自论述段。
659	public/pep-english/lessons/pephr3/001.json	pep-english	pephr3-001	Why Do We Celebrate Festivals?	passed_unchanged	5251d6b5d22a7d3b29a44301a4154bd8576cb761e0608033f2ba52918b510379	5251d6b5d22a7d3b29a44301a4154bd8576cb761e0608033f2ba52918b510379	0	true	true	2026-10-07T07:30:18+00:00	ba49d307a11e3b9190fd765d7f2b3056bb5143d2af8e421ff13f3ef394287518	节日文章依次讨论共同精神、丰收节、习俗变化、商业化及社会意义，五段完整保留。
660	public/pep-english/lessons/pephr3/002.json	pep-english	pephr3-002	Which Festival Is the Best?	passed_unchanged	11fb1783b81f35a581a63fb04be76840242949203966920b4e9bd6a98385bede	11fb1783b81f35a581a63fb04be76840242949203966920b4e9bd6a98385bede	0	true	true	2026-10-07T07:30:19+00:00	a180dc622a1974262e0380f38edd37a4b5f3bb6bb8b82470b1b5de67d859b1dd	四位网友分别谈嘉年华、春节、感恩节、圣诞节，每条用户名时间标题及回复完整保留。
661	public/pep-english/lessons/pephr3/003.json	pep-english	pephr3-003	Joe and Song Lin Talk About Chinese New Year	passed_edited	251863dca33f466c2b0a39786561c50e16e0e524ef7291af7d77292413887490	3e422c26aece4f6fefd878a012a3daf6908fc7f7ef772978f4197743916a5b70	0	true	true	2026-10-07T07:30:19+00:00	dc8371bcdaf586ee1bd36eb5a3f25ffa81a6b335c63f1e2ef678f7976220e1ed	Joe与Song Lin春节体验五轮对话拆分，烟花感受及传统解释保持原轮次。
662	public/pep-english/lessons/pephr3/004.json	pep-english	pephr3-004	My Amazing Naadam Experience	passed_unchanged	51889a8309403e8da40be3dba59ef1c1e3a5c290725f13d12fc8471b01e1ab01	51889a8309403e8da40be3dba59ef1c1e3a5c290725f13d12fc8471b01e1ab01	0	true	true	2026-10-07T07:30:19+00:00	6b0a96fe2f890a89df53c4f9009a09a2570359b8024ca38a1b673d77520d19c4	那达慕体验按背景、首日见闻、摔跤、赛马、回家感受五段组织，骑马引语不拆碎。
663	public/pep-english/lessons/pephr3/005.json	pep-english	pephr3-005	The Laba Festival and Laba Porridge	passed_unchanged	93f10e1d2f3bda75cde49c062d7021f2cfb53937730a7f4d560ffb8e815a0388	93f10e1d2f3bda75cde49c062d7021f2cfb53937730a7f4d560ffb8e815a0388	0	true	true	2026-10-07T07:30:19+00:00	227f0889bbd8940361c5e29b7b1d71643bb7775893ab835caf307e003412c341	腊八粥介绍、材料步骤标题、分号材料清单及四个编号步骤各自完整，保留独立步骤。
664	public/pep-english/lessons/pephr3/006.json	pep-english	pephr3-006	Mother of Ten Thousand Babies	passed_unchanged	09b4c7e8334bfd6448d13e5c57624bd51243571fbc73cc21a879790e52bb891a	09b4c7e8334bfd6448d13e5c57624bd51243571fbc73cc21a879790e52bb891a	0	true	true	2026-10-07T07:30:19+00:00	1173b5f68ee1aca645a4fa87d6feff4b56740582427d3696d223bf4612d3b07e	林巧稚传记六段从信念引语至求学、任职、战时行医、新中国贡献、晚年，保留自然段及原引语。
665	public/pep-english/lessons/pephr3/007.json	pep-english	pephr3-007	Henry Norman Bethune	passed_unchanged	65d97589dd797a769576b650f220cefa4e470847a79bfd004205bfafcf7abe78	65d97589dd797a769576b650f220cefa4e470847a79bfd004205bfafcf7abe78	0	true	true	2026-10-07T07:30:19+00:00	4e860bf3891dfb194760bbbe2a3241729d93717838efe1a5332e2fccbf57eb10	白求恩生平单段按学习、医疗创新、援华、去世与纪念连续叙述，保留完整段。
666	public/pep-english/lessons/pephr3/008.json	pep-english	pephr3-008	The Stone in the Road	passed_unchanged	6f9e9b977c4628d820197d2b207bf59700183d4aff71416bfc86a643126a1bc6	6f9e9b977c4628d820197d2b207bf59700183d4aff71416bfc86a643126a1bc6	0	true	true	2026-10-07T07:30:19+00:00	e8b9035fc7b205575204031c57ea791ddafe0b0ef3524cb34e84dd2477523649	路中石头寓言九段按国王设局、不同路人、小女孩行动和奖赏推进，叙述内引语保留，结尾人物发言分段合理。
667	public/pep-english/lessons/pephr3/009.json	pep-english	pephr3-009	Thankfulness	passed_unchanged	0636ae60856caae5b8c7edc0554cf4d9f7fa75510781ace092b87acc38740bc0	0636ae60856caae5b8c7edc0554cf4d9f7fa75510781ace092b87acc38740bc0	2	true	true	2026-10-07T07:30:20+00:00	11a6618c5b75d6489d11342de6a40bfb8f1b28138b59cf1dcd36531cf0a4015c	感恩定义、三组小标题与各条谚语引文均为独立项目，保留标题与引文边界。
668	public/pep-english/lessons/pephr3/010.json	pep-english	pephr3-010	Native Americans in California	passed_unchanged	58395bdf39c87b8d722f1915c65ab30fbe230bc5072b152cf49441ee0d66b69d	58395bdf39c87b8d722f1915c65ab30fbe230bc5072b152cf49441ee0d66b69d	0	true	true	2026-10-07T07:30:20+00:00	949e79ec481e4edbdc129bc0d6e100b6d3c7116c3c20a748802ab891f2512c67	加州原住民迁徙、受迫害及今日分布构成完整历史说明短段，保留。
669	public/pep-english/lessons/pephr3/011.json	pep-english	pephr3-011	Wednesday, 21 June: San Francisco	passed_unchanged	25c11f3cd104a4323ecff9d20169153a0773ebeb82ba3156736fa019410409bf	25c11f3cd104a4323ecff9d20169153a0773ebeb82ba3156736fa019410409bf	0	true	true	2026-10-07T07:30:20+00:00	f6da77dcb01aad69757a5f882aad785748148643cf692d6b745dc413df5fb059	旧金山日记按回城、Mission区、下午博物馆、晚餐和次日计划五段组织，保留多句见闻段。
670	public/pep-english/lessons/pephr3/012.json	pep-english	pephr3-012	Recommendations for Visiting Guizhou	passed_edited	601ae60b560f33d1af2b45ca7ef6d10a5bc0d4d5e4ebc04aa8c71850b4ac21d9	0b4a896a07b449efb67997afc3675f111b110c61bf977c81c8654faf51640842	0	true	true	2026-10-07T07:30:20+00:00	cd080f5ce6270cb76a8e25ef40d2f6dde72397d9dfdd0453368b783053966b5e	Justin与Linlin贵州建议九轮对话按角色拆分，黄果树与民族村寨介绍各留本轮。
671	public/pep-english/lessons/pephr3/013.json	pep-english	pephr3-013	Welcome to Chinatown!	passed_unchanged	9c959c63a3c1c5fd3e9bac74215d4ab00b1e55fd773a65aac218e01af8c43218	9c959c63a3c1c5fd3e9bac74215d4ab00b1e55fd773a65aac218e01af8c43218	0	true	true	2026-10-07T07:30:20+00:00	e5deb5d170b0c2bf35b5bff8afa12b9c36f29962c4ad8155fd5b6eb60bec6ab6	唐人街介绍六段分别总览、历史人口、建筑景点、购物、中餐、文化价值，边界完整。
672	public/pep-english/lessons/pephr3/014.json	pep-english	pephr3-014	Regional Music in the United States	passed_edited	c67b6b56bf64e039f4c5720babd321ee63ccf384245960fd72881a55b2530cd5	99c961500c771ae12a3daf9e57b2c3f412ec80c6eac12215cb627f419be03758	0	true	true	2026-10-07T07:30:20+00:00	23199e56fdb8a1d24aaa915d7284c66cee985f40215e9fb32fe29d38c6da8938	美国地方音乐九轮A/B问答拆分，南方文化与音乐类型清单保留发言内部。
673	public/pep-english/lessons/pephr3/015.json	pep-english	pephr3-015	Questions for Captain Brown	passed_edited	d554a3d88a83f32c281f064dd843f968ec2cb05b127787f70ef4426dad6066ed	0cc8e90667bda73098e26b167776c82a48ecb9b3ecac410e64386b84e8ca340c	0	true	true	2026-10-07T07:30:20+00:00	93362dd36ac551537fdd96f32942529bfca12f161b261252f52352229dc7e587	见宇航员前的A/B/C五轮讨论拆分，日常设施和睡眠提问保留各轮多句。
674	public/pep-english/lessons/pephr3/016.json	pep-english	pephr3-016	Is Exploring Space a Waste of Time and Money?	passed_unchanged	6c5f697a76919ff4bd303ede69bb99738768a8ed00f3adc7dfc1c1e77ff394d3	6c5f697a76919ff4bd303ede69bb99738768a8ed00f3adc7dfc1c1e77ff394d3	0	true	true	2026-10-07T07:32:21+00:00	4edded2f9d3e7bf618a8d9a033f2e8a8f5deef854e2df850062549c29d44ac46	太空探索论证按争议引入、粮食、技术、资源与移居、结论五段，保留论点和例证的完整段。
675	public/pep-english/lessons/pephr3/017.json	pep-english	pephr3-017	The Million Pound Bank Note — Act 1, Scene 3	passed_edited	1b39d6a350b4397418901920d35b26eef064df05127531c96fb5fad3ece3d128	cdcbea000b2a73af230d33811e97da59567aea0d80ec220bfc30dada87b17bb1	0	true	true	2026-10-07T07:32:21+00:00	4dce8101c92495264d01b9c316e947580987b6a8245a253760780bc542764f42	百万英镑第一幕第三场原一块含旁白、对话与独立舞台指示；依现有明确行界拆成独立戏剧单元，轮内动作说明不拆。
676	public/pep-english/lessons/pephr3/018.json	pep-english	pephr3-018	Should Roderick and Oliver Give Henry the Money?	passed_edited	41e6d0d2649e7f5ee43573a98e7f1b8fddf8d20a70e71ba2174edb2832de4eff	0f638ff6ce411d781bf62511f3403d85c9505c70fc50ac4a8f74b7b84f4aff8b	0	true	true	2026-10-07T07:32:21+00:00	e9e52d8fc733485b0a207a4d355aae853c965040ebfc66b92e28619e37511153	对给Henry钱的行为评价五轮问答逐轮拆分，保留末尾省略号。
677	public/pep-english/lessons/pephr3/019.json	pep-english	pephr3-019	The Million Pound Bank Note — Act 2, Scene 1	passed_edited	0e4b6381b7edc8362dc1f95f3c8205a5dad4c9b1fd614d543badded331153e78	49f20588adba6fac8ac9cf98cf83b5fdc193f7eecbe4a919f703bd6179339465	1	true	true	2026-10-07T07:32:21+00:00	faf38329f78fcc81b03d56982195f2d177aa7a83c2c2e0a5eb0976eeb0cafbe4	百万英镑裁缝店一场原同块包含旁白、店员与店主发言及转场指示；按现有行界拆分，各长轮完整保留。
678	public/pep-english/lessons/pephr3/020.json	pep-english	pephr3-020	The Chinese Spring Festival	passed_unchanged	a10f564a2fda63de9ca81d5d34fe929097fd642124340dc115c266ebf11355c5	a10f564a2fda63de9ca81d5d34fe929097fd642124340dc115c266ebf11355c5	0	true	true	2026-10-07T07:32:21+00:00	40d1a93af47f0cc584b5b2a791976baef0f7dc69603b262cb98e59ad294e13f3	春节介绍按总介、节前准备团圆、年内活动、文化意义四段，保留多句完整说明。
679	public/pep-english/lessons/pephr3/021.json	pep-english	pephr3-021	Winter Carnival in Quebec	passed_unchanged	3fde4323e49b4380be667d8f0328eae234c8f7aa6f4e63bf976d3b0490eb7217	3fde4323e49b4380be667d8f0328eae234c8f7aa6f4e63bf976d3b0490eb7217	0	true	true	2026-10-07T07:32:21+00:00	a12b5815c312a4f7098a3fb8de0a8e8651192aea684021fd4975a0234a852d29	魁北克冬季嘉年华由咖啡馆场景、总介及滑雪、划船、雪橇、冰屋、夜间、休息八段构成，各活动单元保留。
680	public/pep-english/lessons/pephr3/022.json	pep-english	pephr3-022	The Taxi Ride I'll Never Forget	passed_unchanged	ffce2b43ff823a7b1a6b0fa836e72a81fd191257e5f6515c7fde82b221c6b782	ffce2b43ff823a7b1a6b0fa836e72a81fd191257e5f6515c7fde82b221c6b782	0	true	true	2026-10-07T07:32:22+00:00	5e91003b4034a2702a6c85227360a1a75c2d03edbf511cbfa66f2774cd58ff21	出租车夜行故事十八段兼叙述与人物对白，短段有独立说话和情绪功能，保留原轮次及末尾感悟段。
681	public/pep-english/lessons/pephr3/023.json	pep-english	pephr3-023	Symbols of American Culture	passed_unchanged	4f18393646e737da749dd78502bf15256e7a64d075c3f0429c5af45880f796bf	4f18393646e737da749dd78502bf15256e7a64d075c3f0429c5af45880f796bf	0	true	true	2026-10-07T07:32:22+00:00	158c1e0d57dcefe68a51de8bf1d3aca68fb995a5b54a37e0e5ca73bed22862c7	美国文化符号五段为引言、快餐、棒球、爵士及其他符号，论述段与事例连贯保留。
682	public/pep-english/lessons/pephr3/024.json	pep-english	pephr3-024	New Zealand and Maori Culture — The Land of the Long White Cloud	passed_unchanged	36000971e66b9d411d5d75f17b41e05fe19490faa61824cf45442ce2f4ddab08	36000971e66b9d411d5d75f17b41e05fe19490faa61824cf45442ce2f4ddab08	0	true	true	2026-10-07T07:32:22+00:00	22ed127895a515bc4f055f25e7a0915961cf9609dc2f6f87110aa624c8fe39d3	毛利文化以起源引入、雕刻工艺、舞蹈、纹身、总结五段，毛利词语序列保留在对应说明内。
683	public/pep-english/lessons/pephr3/025.json	pep-english	pephr3-025	Homes on Mars?	passed_unchanged	a28f814a0427475bd2dbdf0f983247686f278ea57f864fdf1a3b1e09ea30b255	a28f814a0427475bd2dbdf0f983247686f278ea57f864fdf1a3b1e09ea30b255	0	true	true	2026-10-07T07:32:22+00:00	e23429f10f1b50a3f74c6be6c6ca9f8319120c523ec2e7a4ad6b62ed91973687	火星居住四段分别论观点、环境改造、身心健康、组织计划与费用，保留自然段。
684	public/pep-english/lessons/pephr3/026.json	pep-english	pephr3-026	What Is the Big Bang Theory?	passed_unchanged	951c898acfba59203fb2a9ca05ac0594727c8df5e61039de70ae2174389f5302	951c898acfba59203fb2a9ca05ac0594727c8df5e61039de70ae2174389f5302	0	true	true	2026-10-07T07:32:22+00:00	88a05e4ccacbe26d3287bb48bfd80fc0f18dfc0fa936fbbd22ddc03b5c987aac	大爆炸定义、初始状态、膨胀降温及意义为完整科普单段，保留。
685	public/pep-english/lessons/pephr3/027.json	pep-english	pephr3-027	What Is the Hubble Space Telescope?	passed_unchanged	335edadea8cbd0e0930dd7bb026c7129f28eb6a8c0b5923ff17e679b670243b5	335edadea8cbd0e0930dd7bb026c7129f28eb6a8c0b5923ff17e679b670243b5	0	true	true	2026-10-07T07:32:22+00:00	b6b64e9a83c3bf673b0e528c4e9d5f970d915d0c6a894632d0df30b6cdc61978	哈勃望远镜设备、轨道优势、测量成就为完整说明单段，保留。
686	public/pep-english/lessons/pephr3/028.json	pep-english	pephr3-028	What Is FAST?	passed_unchanged	658fa272654ca172e30d7ae3ce036cb462872bba48e9efee3465561eb5155119	658fa272654ca172e30d7ae3ce036cb462872bba48e9efee3465561eb5155119	0	true	true	2026-10-07T07:32:22+00:00	cb45895ba9184a0e6ea8738e6aba3913fb2819ef7b06b0dc63cef84b16627aa8	FAST地点、使用时间、口径与科学用途连贯成段，保留现有单段。
687	public/pep-english/lessons/pephr3/029.json	pep-english	pephr3-029	What Is a Quantum Satellite?	passed_unchanged	26c22732abbc192aa8cfb64e58031aa011c9da9991409b32987bb24a1a23eb28	26c22732abbc192aa8cfb64e58031aa011c9da9991409b32987bb24a1a23eb28	0	true	true	2026-10-07T07:32:22+00:00	96ff948af0a7418e844cff97b8eece7e71830b2fadce36c4020b08b0cfd50f76	量子卫星发射、粒子关联通信和安全性组成完整短说明，保留原文无事实改写。
688	public/pep-english/lessons/pephr3/030.json	pep-english	pephr3-030	The Million Pound Bank Note — Act 2, Scene 3	passed_edited	2ab1805350ffc276fad1a370ad95a52669959095c387da3a18bfc24d323500d0	8d7953019cc4f6715568f3053ff563bbad899a5854e3eff0716d723c4e5ff43c	0	true	true	2026-10-07T07:32:23+00:00	9e54c4bc9952db1ea3d196b09db39d335151d2c01bb9b0eaae61e607683f122c	百万英镑第二幕第三场含开结旁白、角色轮次和两处独立舞台指示，按已有行界拆块，保留求婚与结尾叙述。
689	public/pep-english/lessons/pephr3/031.json	pep-english	pephr3-031	My Uncle Jules (Adapted)	passed_unchanged	0dd49437edcbada7c606f41e3fc222b6df34dba5673b76b60f4d761b8ff10f99	0dd49437edcbada7c606f41e3fc222b6df34dba5673b76b60f4d761b8ff10f99	1	true	true	2026-10-07T07:32:23+00:00	a849f8ea03d9a12e06bbae58641388c4801ca7f06c01a416f2e620921db0fb0f	于勒改编十六段分隔家庭背景、希望、旅途及相认时对话，叙述引语与人物轮次完整，保留原边界。
690	public/pep-english/lessons/pephs1/001.json	pep-english	pephs1-001	Tu Youyou Awarded Nobel Prize	passed_unchanged	a265658bd258f35a758934f73afd10bdee24ee83179194214ad762bd9822465c	a265658bd258f35a758934f73afd10bdee24ee83179194214ad762bd9822465c	0	true	true	2026-10-07T07:32:23+00:00	fa4a270b0d4782509689327404b23e7a0f2994a39008e6134caa1a215f0a8822	屠呦呦报道五段依获奖意义、经历与团队研究、提取难题、成功试验、获奖感言组织，完整保留。
691	public/pep-english/lessons/pephs1/002.json	pep-english	pephs1-002	The Man Who Changed Our Understanding of the Universe	passed_unchanged	740e95d22ab6646c1b2a7a01b0092e3f7c01cc143dc86eb7b5df47ea4592d357	740e95d22ab6646c1b2a7a01b0092e3f7c01cc143dc86eb7b5df47ea4592d357	0	true	true	2026-10-07T07:32:23+00:00	7fab0ca7241c7b61d447786f0e9a3013f8d27e7bf30766d66b2a9ae4b70a0575	爱因斯坦传记六段概述、求学、职业科研、流亡、性格轶事与逝世各自完整，保留。
692	public/pep-english/lessons/pephs1/003.json	pep-english	pephs1-003	Cao Xueqin Biography	passed_unchanged	801427d5f8f64b2852a85bce44e25b9d65d593192ceedf5255517bb3a62286e2	801427d5f8f64b2852a85bce44e25b9d65d593192ceedf5255517bb3a62286e2	0	true	true	2026-10-07T07:32:23+00:00	bd67b1ce79970414c96344a9744e59c170aa13d4a6f9679cf19805697ab00618	曹雪芹传简介从家境到红楼梦创作组成短单段，无需细拆。
693	public/pep-english/lessons/pephs1/004.json	pep-english	pephs1-004	The Story of My Life	passed_unchanged	65edf9796c2c848b3024c2d2e43ba5cd2f0552df6aac945269e9c6a753aa3efd	65edf9796c2c848b3024c2d2e43ba5cd2f0552df6aac945269e9c6a753aa3efd	0	true	true	2026-10-07T07:32:23+00:00	2dc20b919821e66563c5e58066b786c6a23afbbf51fa19058e4aeb330432768e	海伦凯勒自传简介两句构成完整推荐单元，保留。
694	public/pep-english/lessons/pephs1/005.json	pep-english	pephs1-005	Steve Jobs	passed_unchanged	9643361937b78a8130f5d25238473780e587540a67cd745ac5c208c931a5e096	9643361937b78a8130f5d25238473780e587540a67cd745ac5c208c931a5e096	0	true	true	2026-10-07T07:32:24+00:00	0b1f5669b69123331621922a387290075fced9a9da9cfb3f655a17ea2a6994d7	乔布斯传简介把访谈依据与人物评价保持同一短段。
695	public/pep-english/lessons/pephs1/006.json	pep-english	pephs1-006	Smart Homes to Make Life Easier	passed_unchanged	9b546d7bef06f01006ec986b8c8000000985a6e41b83ce1fa598f30245b2e275	9b546d7bef06f01006ec986b8c8000000985a6e41b83ce1fa598f30245b2e275	0	true	true	2026-10-07T07:32:24+00:00	cf6e29d90304b65e99061884e438a519bd88fc5cab2230ffd0962a32d8fa67af	智能家居文章五段为场景引入、自动控制、健康监控、事故预防及技术现状，各例证保留本段。
696	public/pep-english/lessons/pephs1/007.json	pep-english	pephs1-007	Should We Fight New Technology?	passed_unchanged	29446a83c3152ed811a47061dfe3be5fc4586ffabd115d2c32703e87548b7755	29446a83c3152ed811a47061dfe3be5fc4586ffabd115d2c32703e87548b7755	0	true	true	2026-10-07T07:32:24+00:00	293860a4b319860e70dad8de49f91af18d47d44af0ee98401dbeab816e24ace6	新技术争论依无人车新闻、Amish生活、技术利益、个人态度四段，保留完整正反论述。
697	public/pep-english/lessons/pephs1/008.json	pep-english	pephs1-008	A Letter from Future Bingbing	passed_unchanged	2d69e325955f6468e271b4c8c18510dfacb0e246c36f01a42943b494ce352da5	2d69e325955f6468e271b4c8c18510dfacb0e246c36f01a42943b494ce352da5	2	true	true	2026-10-07T07:32:24+00:00	1d3cab507c3197ab9bf5d21791e238ad8ddbea994696c0cf95bbd1ea52634252	未来Bingbing书信称呼、引入、职业变化、工作利弊、宽慰、祝语和署名清楚；落款两块合法，不任意合并。
698	public/pep-english/lessons/pephs1/009.json	pep-english	pephs1-009	Sarek National Park — Europe’s Hidden Natural Treasure	passed_unchanged	70955af3763688daf8eb9e5e8ce5151f568a3c253b3ed93d7f79351c39c19bc4	70955af3763688daf8eb9e5e8ce5151f568a3c253b3ed93d7f79351c39c19bc4	0	true	true	2026-10-07T07:32:24+00:00	7c14e93fbdffb34afadc9b66139c96c00595f50d9e02ed70e085a4cda4cd49d8	Sarek游记四段按晨起景观、公园历史、Sami传统和早餐、启程感受展开，保留叙述内多句。
699	public/pep-english/lessons/pephs1/010.json	pep-english	pephs1-010	Theme Parks — Fun and More Than Fun	passed_unchanged	cf1af3d000f920683e513ae2e0f117c209cd5376f5c544b47f9c29b142668aba	cf1af3d000f920683e513ae2e0f117c209cd5376f5c544b47f9c29b142668aba	0	true	true	2026-10-07T07:32:24+00:00	207290ba945391f85cf99f54edf9adcfb8ef89b3dfed8d7589821817ffc516e0	主题公园总介及Disneyland、Dollywood、长隆各自一段，项目描述保留完整，不按设施列表拆碎。
700	public/pep-english/lessons/pephs1/011.json	pep-english	pephs1-011	Listening to How Bodies Talk	passed_unchanged	2070e6dbf0cf061e61623f32767b491cea4544026fa610df716cd35feba5aaca	2070e6dbf0cf061e61623f32767b491cea4544026fa610df716cd35feba5aaca	0	true	true	2026-10-07T07:32:24+00:00	a6dfcfe621903314d8712cb8ec215bb7e86be75c39a43adaf468a5b7be624a4b	肢体语言六段按总引、眼神、OK、点头接触、共同手势、微笑用途组织，保留比较与例证。
701	public/pep-english/lessons/pephs1/012.json	pep-english	pephs1-012	Life Is a Stage	passed_unchanged	ea0d55c5ace6262fcab020d78edb8edc244872e6c40d87f059b29e83d005aa0b	ea0d55c5ace6262fcab020d78edb8edc244872e6c40d87f059b29e83d005aa0b	0	true	true	2026-10-07T07:32:25+00:00	52b5970dee0ac7c7891f4cf5057c5d6ebf6790680d30245d805e514f462c4af6	Life Is a Stage通过买牛肉故事说明动作沟通，例证与观点同一短段完整保留。
702	public/pep-english/lessons/pephs1/013.json	pep-english	pephs1-013	How Do I Know My Students?	passed_unchanged	893561dcc91d042ead790a2fe2b819dfa630c6f5079adb560958fbc5f31bc1a7	893561dcc91d042ead790a2fe2b819dfa630c6f5079adb560958fbc5f31bc1a7	0	true	true	2026-10-07T07:32:25+00:00	68a5cf645acd3e1aae558c9bf6f01723667bb3b0d8664373e0cbe155828ab37e	课堂肢体语言六段中短答My answer具有独立强调功能；兴趣、走神、困扰及教师职责各段完整保留。
703	public/pep-english/lessons/pephs1/014.json	pep-english	pephs1-014	A Pioneer for All People	passed_unchanged	1c97dd3234126726ba10798804c976e15119cace9ca0081e8ca30377a7d903ad	1c97dd3234126726ba10798804c976e15119cace9ca0081e8ca30377a7d903ad	0	true	true	2026-10-07T07:32:25+00:00	362b276fc54cfdc7231f5f87619bd3196ba9490e618581313dd631b944d05bc7	袁隆平六段依人物概述、求学动机、杂交研发、成果、淡泊名利与梦想展开，保留完整自然段。
704	public/pep-english/lessons/pephs1/015.json	pep-english	pephs1-015	A Green Life in the Countryside	passed_unchanged	0391dda5bf01f1020f4823e060b0c330be8a9c2b000ac0db7ea2624220f25aaa	0391dda5bf01f1020f4823e060b0c330be8a9c2b000ac0db7ea2624220f25aaa	0	true	true	2026-10-07T07:32:25+00:00	4a3ddd447ec9ef978c75890bd7a69f720e0cf97b9fe76c3aaf9df430c1556f19	祖父母因蔬菜品质考虑搬乡下，原因、退休决定及绿色生活同一连贯短段，保留。
705	public/pep-english/lessons/pephs1/016.json	pep-english	pephs1-016	Chemical Versus Organic Farming	passed_unchanged	7f7fb5a1050afe01b4681c5521c2f9dab99b15f8264aae167f41bb47b3612e19	7f7fb5a1050afe01b4681c5521c2f9dab99b15f8264aae167f41bb47b3612e19	0	true	true	2026-10-07T07:32:25+00:00	949d991a4d8147a0167f6ea8199c53aeac1329bc6343d35884841747d82ac058	化学与有机农业五段按现状、影响、有机替代、轮作等方式及粮食需求矛盾组织，保留完整论述。
706	public/pep-english/lessons/pephs1/017.json	pep-english	pephs1-017	Huang Danian	passed_unchanged	b206bd3797ff40f7d2d7182faf19211bec1bb98a3f0a858918d1e0c6d7b0359c	b206bd3797ff40f7d2d7182faf19211bec1bb98a3f0a858918d1e0c6d7b0359c	0	true	true	2026-10-07T07:32:25+00:00	5618d8452e1b0a51e1b80125e27ebdd9c5dd973916696f56f7b7e04e76fc6cb7	黄大年三段为敬佩总述、回国科研、牺牲与评价，保留段落。
707	public/pep-english/lessons/pephs1/018.json	pep-english	pephs1-018	The Teachers of Changyu Island	passed_unchanged	daebc770a964895025070e3b25e01ce8c9b2d238a538dbfd856f316eef7791c1	daebc770a964895025070e3b25e01ce8c9b2d238a538dbfd856f316eef7791c1	0	true	true	2026-10-07T07:32:26+00:00	67a32b1951eb89601e3e26321d17b9c2d2a6124ccf60cb1cfbcf4e15979a92c7	长屿岛教师短文引入、岛屿困难及二十三年坚守、致谢三段明确。
708	public/pep-english/lessons/pephs1/019.json	pep-english	pephs1-019	My Mother, Liu Shurong	passed_unchanged	f55bf688da87965c62a3f7c8cf0862c395562f623e5e204e0640939bcfb20e23	f55bf688da87965c62a3f7c8cf0862c395562f623e5e204e0640939bcfb20e23	0	true	true	2026-10-07T07:32:26+00:00	3f6ada5665841ae2530a1c4620f4c6cd36be9268ec4245ee1321e6e083acef9f	母亲Liu Shurong职业、为家庭付出、工作态度和影响三段自然连贯，保留。
709	public/pep-english/lessons/pephs1/020.json	pep-english	pephs1-020	Three Days to See (Adapted)	passed_unchanged	9d2b8729df42a482f8832122146b8b2c4757cc564c7f9d581b57fc7cd6f9e895	9d2b8729df42a482f8832122146b8b2c4757cc564c7f9d581b57fc7cd6f9e895	0	true	true	2026-10-07T07:32:26+00:00	dd754e3475609087244729549aaf68e47b4b5d8dabb243afded72a7d6525dbf1	假如给我三天光明十二段从感官珍惜、触觉体验到三日设想和劝告，保留各论述转折及首日多个自然段。
710	public/pep-english/lessons/pephs1/021.json	pep-english	pephs1-021	Cloning: Where Is It Leading Us?	passed_unchanged	70f277dbac81bcdf74993e6a79e1a4534a0054de615cf1234c5d49bae5fae4cb	70f277dbac81bcdf74993e6a79e1a4534a0054de615cf1234c5d49bae5fae4cb	0	true	true	2026-10-07T07:32:26+00:00	846716705c14ed82aa7c6d064b6db5b270ad6ac7537b0579c545333f4d2f5999	克隆六段介绍定义、用途、羊克隆步骤、未来用途、伦理问题、总结；过程多句为完整说明段，保留。
711	public/pep-english/lessons/pephs1/022.json	pep-english	pephs1-022	Our Greatest Adventure	passed_unchanged	072b59a5d61f82f31112b3a041456a05cf485f8eea22158a18a8bbce570a15a3	072b59a5d61f82f31112b3a041456a05cf485f8eea22158a18a8bbce570a15a3	0	true	true	2026-10-07T07:32:26+00:00	fee6ca25487a0ae25490c0a21bd0b8c80339055dd64e6e156e34e2acf3864522	未来科技八段从预测局限到穿戴、虚拟现实、医疗、意念机械、延寿和总结，保留完整主题段。
712	public/pep-english/lessons/pephs1/023.json	pep-english	pephs1-023	A Holiday in Shangri-La	passed_unchanged	218b84ff4ddbc68aff2a241a084289801244471b2cdc531207b076e7e930d781	218b84ff4ddbc68aff2a241a084289801244471b2cdc531207b076e7e930d781	2	true	true	2026-10-07T07:32:27+00:00	fa489d5ab1e549cc779a9ebce68194242f5efaaf898111cb2cde7adf494c2d3f	香格里拉书信全文复核含Potatso全景及生物多样性段，称呼、行程、两湖、次日计划、落款十一块均合理。
713	public/pep-english/lessons/pephs1/024.json	pep-english	pephs1-024	National Parks—A Treasure House for Future Generations	passed_unchanged	6930a062d8bb6d2d9b4115dec2eca1914bf4a080b1d7f15014fce7c068083b39	6930a062d8bb6d2d9b4115dec2eca1914bf4a080b1d7f15014fce7c068083b39	0	true	true	2026-10-07T07:32:27+00:00	7b1305ecc9d97fe23e5a17c27232ab377bd92a74f3e6f1aeb9c8176348736548	国家公园六段总述及黄石、Serengeti、大堡礁、三江源和保护结论；各公园长段保持完整。
714	public/pep-english/lessons/pephs1/025.json	pep-english	pephs1-025	Animal Body Language	passed_unchanged	06285e0bc2fdb2baf804d25acbb34341299e374a539f4b17b737f91af71adcf6	06285e0bc2fdb2baf804d25acbb34341299e374a539f4b17b737f91af71adcf6	0	true	true	2026-10-07T07:32:27+00:00	1932f634c6d31205db101d6698fa092a00fac0afaa67acf4b8312535d1f1e2be	动物肢体语言引言后按狗、大象、海豚各为完整介绍段，动作与情绪例证不拆碎。
715	public/pep-english/lessons/pephs1/026.json	pep-english	pephs1-026	Being Funny Without Saying a Word	passed_unchanged	925693b5f1cef66d8beed9dcc6bbd2619accc8983e1c650c2dd59cc893f4e571	925693b5f1cef66d8beed9dcc6bbd2619accc8983e1c650c2dd59cc893f4e571	0	true	true	2026-10-07T07:32:28+00:00	68d6b5716a66ffa53a85d765efbd3e58036ebc5c8cefa6c4d9d82fc8d3e52e99	卓别林七段依影响、童年、流浪汉形象、The Kid、Gold Rush、有声电影、荣誉晚年，保留影片叙述段。
716	public/pep-english/lessons/pephs1/027.json	pep-english	pephs1-027	Better, Greener Lives Away from the City	passed_unchanged	7a13ce1a443202d1a439cf983bcd8981b2deb2a451b46c58d7762db867ebd777	7a13ce1a443202d1a439cf983bcd8981b2deb2a451b46c58d7762db867ebd777	0	true	true	2026-10-07T07:32:28+00:00	79d6f52d992b8c6f0e5053d158531c5f5f83436749b59e8701b360f4d0dd4a7d	返乡创业四段由趋势、Li Dan案例、政府支持、家乡网络优势构成，引语与分析同段保留。
717	public/pep-english/lessons/pephs1/028.json	pep-english	pephs1-028	Amazing Methods of Agriculture	passed_unchanged	4036bc4eb21a0de88363827a5aed8877768c1075e0f4b676dbbf7b0112acc1d1	4036bc4eb21a0de88363827a5aed8877768c1075e0f4b676dbbf7b0112acc1d1	0	true	true	2026-10-07T07:32:28+00:00	18b7aa4724ab73f04dc64f07ca21a1d99521404f0257a411f37e9aec35d6d360	农业创新八段为传统困难、科技引入、滴灌及发现效果、水培、机械化、展望，保留技术说明的完整段落。
718	public/pep-english/lessons/pephs2/001.json	pep-english	pephs2-001	John Snow Defeats ‘King Cholera’	passed_unchanged	09137b1a32ddb805ccd5f45b8585a48730bc838e6756d60531ba9cbe477e0e3d	09137b1a32ddb805ccd5f45b8585a48730bc838e6756d60531ba9cbe477e0e3d	0	true	true	2026-10-07T07:32:28+00:00	f835ddef63c786598b413b6ed125a0d42b6c160d9b133ecd0ced386b7e4a58de	John Snow霍乱调查五段依背景、理论、地图证据、供水证据、贡献展开，完整调查过程段保留。
719	public/pep-english/lessons/pephs2/002.json	pep-english	pephs2-002	A Non-Newtonian Fluid	passed_unchanged	a8758919bea7f6c14ac740fee179f652094acc6b98ee3099a7b8a7523e1c0344	a8758919bea7f6c14ac740fee179f652094acc6b98ee3099a7b8a7523e1c0344	0	true	true	2026-10-07T07:32:28+00:00	bc1070e566202e04891cd640d304ccc724286529957bb4ef5c5aa55790bec2a5	非牛顿流体演示从配制到压力与状态变化为一个完整发言段，不按实验步骤机械拆分。
720	public/pep-english/lessons/pephs2/003.json	pep-english	pephs2-003	The Father of China’s Aerospace	passed_unchanged	9c8652e4b6db8421c35a5d3e4527c629a97858af89532f294771f2a14888209b	9c8652e4b6db8421c35a5d3e4527c629a97858af89532f294771f2a14888209b	0	true	true	2026-10-07T07:32:29+00:00	d058c4340f91d45bfcf956e2669b87b941a3c40c7d539b33cbae85dd5d26f672	钱学森七段概述、教育转向、留美、回国困难、航天成就、艺术素养及逝世边界完整。
721	public/pep-english/lessons/pephs2/004.json	pep-english	pephs2-004	A World of Pure Thought	passed_unchanged	f5a56e63e67a6b276cb6468b03a83dccd379cb5b3fcb002ae953be7463bbf28b	f5a56e63e67a6b276cb6468b03a83dccd379cb5b3fcb002ae953be7463bbf28b	0	true	true	2026-10-07T07:32:29+00:00	082ba7757f1fb38d0ca446cb8f71d2375dee0c8727d58b78c1b1b3c52be2c7f3	霍金三段为人物处境、大爆炸理论轶事、品质分析，长轶事保留为完整段。
722	public/pep-english/lessons/pephs2/005.json	pep-english	pephs2-005	Goldfish Shark-Fin	passed_edited	6f57c97b4e890a17f3f6a71b062f203bbf7afd3a866aaf1d3059d21c94a1c2a6	f1f769ac7f2eea3cdd0b17424d3e41803758154ccef9e422b307fe130521fb47	0	true	true	2026-10-07T07:32:29+00:00	5168b734a57633ed3b04607abe030fad66e23a973f0c54cddfa8b7a262a7a8ed	Goldfish Shark-Fin广告含主持人、顾客、主持人三轮，拆分明确角色轮次。
723	public/pep-english/lessons/pephs2/006.json	pep-english	pephs2-006	‘Welcome, Xie Lei!’ Business Student Building Bridges	passed_unchanged	57cdcddbd12ecbd55d1869c042f27950da5a047ba21d2c92236087932b97bc3e	57cdcddbd12ecbd55d1869c042f27950da5a047ba21d2c92236087932b97bc3e	0	true	true	2026-10-07T07:32:29+00:00	df47017515a039c5f0860508d5469f4bacdf24e15181b0459f5aa2d26b7c11d0	谢蕾交流学习八段按出国、目标、生活适应、寄宿家庭、论文、课堂、文化交流、祝愿展开，引语保持所在段。
724	public/pep-english/lessons/pephs2/007.json	pep-english	pephs2-007	Learning to Use Weak Forms	passed_edited	07595d68d99ecf9fe22d4934f20aa77557e25341b4ad619481769a91a44f7d6a	47dbd6f1dca7d387e939336ec2d92d98634b29439116a1881a7ec0c01e14fe89	0	true	true	2026-10-07T07:32:29+00:00	7a4fb40c9b678846b64d6e5095b217a4a2cbd5ea8ceb006715e2c49491ef4fa4	Lu Yao与Miss Conner九轮弱读讨论按角色拆分，音标与例句保留整轮。
725	public/pep-english/lessons/pephs2/008.json	pep-english	pephs2-008	Studying Abroad: The Disadvantages Are Greater	passed_unchanged	d03f28aa4123f1e2185b68cd2307de4ecfd6b00a4f0dba04845f05db5e545669	d03f28aa4123f1e2185b68cd2307de4ecfd6b00a4f0dba04845f05db5e545669	2	true	true	2026-10-07T07:32:29+00:00	340c62f92873c18929ddda829ab62b39a0bd2bb11199584efd436abed09fee76	反对留学来信保留称呼、立场、经济压力、适应压力、国内机会、结论及落款，论据完整。
726	public/pep-english/lessons/pephs2/009.json	pep-english	pephs2-009	Studying Abroad: The Advantages Are Much Greater	passed_unchanged	4c00d777e21544acd705fabfb78511dfce36d71a3390f24d35c656f708422586	4c00d777e21544acd705fabfb78511dfce36d71a3390f24d35c656f708422586	2	true	true	2026-10-07T07:32:29+00:00	c51ffb322c154ece792e1076a630360d575eef96273a79e307fec45e20fdd2b4	支持留学来信保留称呼、立场、个人成长、文化交流、报国机会、总结及落款，未碎拆论述段。
727	public/pep-english/lessons/pephs2/010.json	pep-english	pephs2-010	Culture and Cuisine	passed_unchanged	41a3849ba60c0d086fc5e1c6aa704efa90de07e8ba368bfe7d5b1ef1aae14406	41a3849ba60c0d086fc5e1c6aa704efa90de07e8ba368bfe7d5b1ef1aae14406	0	true	true	2026-10-07T07:32:30+00:00	205e9c78920f5c18a8c95fe633f47c0ff929f51672a3f38818fdeb58f63c7242	饮食文化七段随美国、北京、山东、新疆、南方中原行程展开并总结，文化分析与食物例证各段连贯。
728	public/pep-english/lessons/pephs2/011.json	pep-english	pephs2-011	Healthy Eating	passed_unchanged	cc52a0a0478eb2b7b2602d294b8880331634a4257e5b61e19b4ccb5e07e4efb0	cc52a0a0478eb2b7b2602d294b8880331634a4257e5b61e19b4ccb5e07e4efb0	0	true	true	2026-10-07T07:32:30+00:00	f11fbedf8f67003c78dc2f4588b56b22bac47d9fc123ee2751c74ec456b989df	健康饮食五段为糖问题、限糖、新鲜均衡饮食、进食习惯、态度总结，各多句论述保持。
729	public/pep-english/lessons/pephs2/012.json	pep-english	pephs2-012	Seeing the True North via Rail: Vancouver and the Heart of Canada	passed_unchanged	97037901955dcd3d3d1c163801f2cb605d7d7d589f46276a81c180b074d95abc	97037901955dcd3d3d1c163801f2cb605d7d7d589f46276a81c180b074d95abc	0	true	true	2026-10-07T07:32:30+00:00	4ea66041ae83a10457f2f12b8e46de554d443c225cb10876ecede72a94fabaa5	加拿大铁路游记按启程、温哥华、落基山、Edmonton、草原、Winnipeg到Toronto六段，行程顺序与段落完整。
730	public/pep-english/lessons/pephs2/013.json	pep-english	pephs2-013	Seeing the True North via Rail: Toronto and Montreal	passed_unchanged	de85f877afa36e45d46eee20e8d64de5516f99eb265d726ced6840f3e3af6d60	de85f877afa36e45d46eee20e8d64de5516f99eb265d726ced6840f3e3af6d60	0	true	true	2026-10-07T07:35:45+00:00	b868cd224dfaf3d545c3df4c7800e8371b4e3997d60c05d5a032539d37ed0986	Toronto及Montreal游记十段含参观、会友及摄影师对话，人物引语与叙事自然分段，保持。
731	public/pep-english/lessons/pephs2/014.json	pep-english	pephs2-014	First Aid for Burns	passed_unchanged	e9897c242abc8f65b376a0ba7b2e3bfd2567e214ad5e6a4e3398d8342c531a1f	e9897c242abc8f65b376a0ba7b2e3bfd2567e214ad5e6a4e3398d8342c531a1f	0	true	true	2026-10-07T07:35:46+00:00	985b05d0a17092db468640c0d2e103f9e2ed8fcb83fd550a2eea666ef277d230	烧伤文本皮肤介绍、原因、三级分类及症状、六项编号急救步骤边界清晰，全部独立项目保持。
732	public/pep-english/lessons/pephs2/015.json	pep-english	pephs2-015	AI and Human Beings	passed_unchanged	dc80787930804a87684fc41f136bb8ea44954d854cdfb8f5b37e772e9c6de5b3	dc80787930804a87684fc41f136bb8ea44954d854cdfb8f5b37e772e9c6de5b3	0	true	true	2026-10-07T07:35:46+00:00	df955d1a23aa50c548211c86bc7841c1550c2a3dc0a6d6a1e1b907ed4c50e79a	AI与人类五段为思考能力、恐惧、陪伴需求、应用、开放问题，保留完整论述段。
733	public/pep-english/lessons/pephs2/016.json	pep-english	pephs2-016	Da Vinci’s World	passed_unchanged	d0b94d03915c8d46d5003fe1e3c7e0e2dbf9b31efef6c2d513e175e6de60d4f5	d0b94d03915c8d46d5003fe1e3c7e0e2dbf9b31efef6c2d513e175e6de60d4f5	0	true	true	2026-10-07T07:35:46+00:00	4cc46f10304291adc802ef29f296f9b05973ad58851539898640fd4dcba9e0e8	达芬奇八段从观画、蒙娜丽莎、生平、笔记到艺术科学关系与启发，长描述段完整保留。
734	public/pep-english/lessons/pephs2/017.json	pep-english	pephs2-017	Life in China	passed_unchanged	79b6b22353246fa298af3f8d1cd51ccc584cd34115609d800cfaefcf3053da3e	79b6b22353246fa298af3f8d1cd51ccc584cd34115609d800cfaefcf3053da3e	1	true	true	2026-10-07T07:35:46+00:00	0bf309745872d18137cf02996dda99ce06110117dfcdd876759cf9e3a5971a41	Jim中国生活邮件地址主题及称呼独立，留学动机、城市印象、日常、寄宿计划、邀请与落款结构清楚。
735	public/pep-english/lessons/pephs2/018.json	pep-english	pephs2-018	Zhan Tianyou: The Father of China’s Railroad	passed_unchanged	e1af80afd90e4b17761f2e29e4e2db92d036f715b8318b9126bd45ff1c368fc0	e1af80afd90e4b17761f2e29e4e2db92d036f715b8318b9126bd45ff1c368fc0	0	true	true	2026-10-07T07:35:46+00:00	921c6ec108c7415fcfb7b463a691d9e68757aeef5b499a7ff7f127ce015e6958	詹天佑十段按留学招募、旅途、寄宿、活动、学业、见闻、专业、耶鲁、回国建设推进，保留连续叙事自然段。
736	public/pep-english/lessons/pephs2/019.json	pep-english	pephs2-019	Convenience Food or Fresh Food?	passed_unchanged	95a387275156682c4f0fdf1a1325f5f0930eb98495edbbd6b09a148573767989	95a387275156682c4f0fdf1a1325f5f0930eb98495edbbd6b09a148573767989	0	true	true	2026-10-07T07:35:47+00:00	8f9ac2dcda41dd8b76201b08908797a75c23332ac443734c39fd4656c2926ebb	新鲜食物四段分别呈现Mei Lin、Su Bo、忙碌时例外、趋势判断，访谈引语归属完整。
737	public/pep-english/lessons/pephs2/020.json	pep-english	pephs2-020	Farm-to-Table	passed_unchanged	3953cd1078f0e880a6098937e404bda4c661134979b4fd22d27d86661d37e587	3953cd1078f0e880a6098937e404bda4c661134979b4fd22d27d86661d37e587	0	true	true	2026-10-07T07:35:47+00:00	5a295ce98f7a3eae79c8cea112d2bdd7f7e9ed53a4af2d420764001610c778ba	Farm-to-Table九段依餐馆场景、起源、标签、慢食、时令、有机、欺诈、质疑、趋势组织，保留长说明段。
738	public/pep-english/lessons/pephs2/021.json	pep-english	pephs2-021	Xu Xiake’s Guilin	passed_unchanged	0285ec5fe10ba7e9ffe0aad07fd2bcc48a512b15afc3c38679e777f8f533afe0	0285ec5fe10ba7e9ffe0aad07fd2bcc48a512b15afc3c38679e777f8f533afe0	0	true	true	2026-10-07T07:35:47+00:00	35104aad9a84f56cca4fae8596202e48132645636009f68d6e1ea23e1b21670c	徐霞客桂林游记八段交织筏行、喀斯特、急流、旅行动机、明代旅游、远行、洞穴和幽默收尾，短段有叙事功能保留。
739	public/pep-english/lessons/pephs2/022.json	pep-english	pephs2-022	Journeys by Dog Sled	passed_unchanged	6971f707344e27e138e8dfae08fb7370a91f449ce0ff5baed8fa568d1cf2f3a0	6971f707344e27e138e8dfae08fb7370a91f449ce0ff5baed8fa568d1cf2f3a0	2	true	true	2026-10-07T07:35:47+00:00	6e637c702dee98a2a30b35da69c874d1f3dda97afc5608d0307d2e32aa54d9d3	狗拉雪橇九段含淘金背景、创作、两组引文引入及完整小说摘录、分析、结局与作者影响，引用段边界保留。
740	public/pep-english/lessons/pephs2/023.json	pep-english	pephs2-023	Is Your Home Safe?	passed_unchanged	36921915b08cb1f59037243130004aa6b887d2575009ca27de37251887dd48e1	36921915b08cb1f59037243130004aa6b887d2575009ca27de37251887dd48e1	0	true	true	2026-10-07T07:35:48+00:00	d65b585510f48f52f10e17cb6c2884022ef2f51cf3c82f88cff9e19cb4581e5f	居家安全六类小标题和各项建议、概述独立保留，厨房卧室浴室消防儿童老人项目不能因短句而合并。
741	public/pep-english/lessons/pephs2/024.json	pep-english	pephs2-024	How One Man Made a Difference	passed_unchanged	12f94cecf85122ce542c5586e7243e30718d5657403391c0a72313ee81afeb91	12f94cecf85122ce542c5586e7243e30718d5657403391c0a72313ee81afeb91	0	true	true	2026-10-07T07:35:48+00:00	1c58ad465ccaebdaed2181dd88d23e59b112c97ae9fdb5a236be2c6de32e6056	Dunant和红十字九段从索尔费里诺经历到组织成立、救援范围、工作风险、受助者及晚年，段落完整。
742	public/pep-english/lessons/pephs3/001.json	pep-english	pephs3-001	A Short History of Western Painting	passed_unchanged	a905dcf5562d6bdc248d29cc03e47f39942707b389fe6934aa2b54b7343bf57b	a905dcf5562d6bdc248d29cc03e47f39942707b389fe6934aa2b54b7343bf57b	0	true	true	2026-10-07T07:35:48+00:00	2460405ff91ed0ee39a7d37683bd5115711ae190259bdf6091151a9a754b2eeb	西方绘画史的中世纪、文艺复兴、印象派、现代四标题清楚；文艺复兴透视油画题材分段完整，保留。
743	public/pep-english/lessons/pephs3/002.json	pep-english	pephs3-002	Ancient Chinese Art on Show	passed_unchanged	424b3d8134a8facb8c07e3c927d82fd7e15c1dccbbbd28448bd0836fcef41fef	424b3d8134a8facb8c07e3c927d82fd7e15c1dccbbbd28448bd0836fcef41fef	0	true	true	2026-10-07T07:35:49+00:00	fa61f9db74b52054ccb669759e780ac699e75885375efec11bf6ddc3f1262d15	古代中国艺术展依总介、唐寅画、商青铜、唐雕塑、邀请和展期开放时间票价规则分块，信息项目独立保留。
744	public/pep-english/lessons/pephs3/003.json	pep-english	pephs3-003	Habits for a Healthy Lifestyle	passed_unchanged	43ebd270d21ea53b428ee8c51a543e77c3141506a985843d42a4553abeee10e6	43ebd270d21ea53b428ee8c51a543e77c3141506a985843d42a4553abeee10e6	1	true	true	2026-10-07T07:35:49+00:00	4da42bcc161907f08e3378b9063a2255ac77a935fa56be577dd28fd5d48ab6fc	健康习惯说明保留习惯循环的cue、routine、reward三独立条目；实例、改变方法、渐进建议及结论保持完整段。
745	public/pep-english/lessons/pephs3/004.json	pep-english	pephs3-004	Changing My Lifestyle: Wang Lu’s Letter	passed_unchanged	140fa19ad1e22626fa5bf2119734525d2ad66072be9fb0745adba87facc6e176	140fa19ad1e22626fa5bf2119734525d2ad66072be9fb0745adba87facc6e176	2	true	true	2026-10-07T07:35:49+00:00	0941e5be6e5cc42fd47eafabeace5962f6830f301a9baf8f1d4cfd255818697f	Wang Lu来信以身体问题、改变决心、减糖、运动、成果五个正文段展开，信件首尾保留。
746	public/pep-english/lessons/pephs3/005.json	pep-english	pephs3-005	Changing My Lifestyle: George Fielding’s Letter	passed_unchanged	2a5add7d5d4230d47884ad1043fed68f71a3050af01803b54dc458bad293c46a	2a5add7d5d4230d47884ad1043fed68f71a3050af01803b54dc458bad293c46a	2	true	true	2026-10-07T07:35:49+00:00	053d0946705c175cb21aefa6f0c4da17c1ca2176df1180634e635deca7bdf931	George来信按营地反思、游戏问题、替代活动、攀岩、改善感悟分段，署名与祝语清楚。
747	public/pep-english/lessons/pephs3/006.json	pep-english	pephs3-006	Climate Change Requires the World’s Attention	passed_unchanged	c3265a21dce5719322e8fd27c21994853cf9d127026243563d083268d71b610b	c3265a21dce5719322e8fd27c21994853cf9d127026243563d083268d71b610b	0	true	true	2026-10-07T07:35:49+00:00	c4c87d206f7b64811a4673f52f7cd8e5cc179067df24f3b842fb00223ab26000	气候变化五段为证据、北极熊案例、温室效应机制、后果和行动，保留完整机制说明及呼吁段。
748	public/pep-english/lessons/pephs3/007.json	pep-english	pephs3-007	Reducing Water Pollution in the Li River	passed_unchanged	4a6a354e5d5f69a79f546cc6a15310de55ebdc92f0667ab67363969c103520fa	4a6a354e5d5f69a79f546cc6a15310de55ebdc92f0667ab67363969c103520fa	0	true	true	2026-10-07T07:35:49+00:00	ea07260123da8356340c97de2a8d640037f56c459fbb22ffb4d0e32fdee4f2f0	漓江污染报告四段问题引入、成因、综合措施、全国计划，措施并列句属于完整说明段不碎拆。
749	public/pep-english/lessons/pephs3/008.json	pep-english	pephs3-008	A Successful Failure	passed_unchanged	18c09801625f657e06b7b7de430b3a8ab8023803b14ed964816dd83fbdd574d5	18c09801625f657e06b7b7de430b3a8ab8023803b14ed964816dd83fbdd574d5	0	true	true	2026-10-07T07:35:49+00:00	436f36fd151fb980386cdcdefb3133a315bcaae97d41a7427fa0badb26e9b967	Endurance日记保留三个日期标题、各日完整叙事、末段对白与短感悟段，不把有意短段误并。
750	public/pep-english/lessons/pephs3/009.json	pep-english	pephs3-009	The Reward for Perseverance	passed_unchanged	25ea86cab7c27d3b3d7508caa2e4f20135dd56467dafd75b6d801706fc373bb4	25ea86cab7c27d3b3d7508caa2e4f20135dd56467dafd75b6d801706fc373bb4	0	true	true	2026-10-07T07:35:50+00:00	4f7353d44faa64f8fa6e8d750dcf3552eba8f81f17276ecb34bfd77a7dab7654	象岛求生六段按离别、饮水燃料、食物、健康、团队、获救推进，保留自然段与引语。
751	public/pep-english/lessons/pephs3/010.json	pep-english	pephs3-010	A Few Simple Forms of English Poems	passed_unchanged	250fa5da93740b6588c339528c9a18df762526f37242d7fefa942bc7651c886d	250fa5da93740b6588c339528c9a18df762526f37242d7fefa942bc7651c886d	8	true	true	2026-10-07T07:35:50+00:00	4fb864e3ce81616535c572ef0e05e66d7741ae28838401219d5afbd77019b3a9	英语诗体介绍中童谣、Only One Mother、LIFE、五行诗、俳句、望夫石译诗均保留原诗行及作者署名；讲解段和作品单元界限清晰。
752	public/pep-english/lessons/pephs3/011.json	pep-english	pephs3-011	Robert and Elizabeth Barrett Browning	passed_unchanged	87ebbd4f56236e881aaaefd260d7108008d98d3bbc9ef8fd0bccd113b6cff339	87ebbd4f56236e881aaaefd260d7108008d98d3bbc9ef8fd0bccd113b6cff339	0	true	true	2026-10-07T07:35:50+00:00	1ff18e4cec76767d71b473802dddf74eaf52eab8b4d989cbc44da728659b5371	勃朗宁夫妇从诗歌吸引、通信、探访、秘密婚姻至意大利与十四行诗为连贯人物短史，完整单段保留。
753	public/pep-english/lessons/pephs3/012.json	pep-english	pephs3-012	The Arrow and the Song (H. W. Longfellow)	passed_unchanged	00a2391bbc0f6fe01b8d9167e20ddf8b7e7119b0276af9ce76aca009cfaa9427	00a2391bbc0f6fe01b8d9167e20ddf8b7e7119b0276af9ce76aca009cfaa9427	3	true	true	2026-10-07T07:35:51+00:00	0e8c76560c536114f309eb4262d58b4bd6726cb0654ec7c312f9d577c74ceaa1	The Arrow and the Song三节各四行，保留诗节及跨行句法如sight/Could和oak/I found。
754	public/pep-english/lessons/pephs3/013.json	pep-english	pephs3-013	Night (William Blake)	passed_unchanged	958b8de8828eb70cb7ce212fd26d9bf504bf622a0e3e961997adc3b661aba612	958b8de8828eb70cb7ce212fd26d9bf504bf622a0e3e961997adc3b661aba612	2	true	true	2026-10-07T07:35:51+00:00	7a39ea16687673d9e6f57fc55f0273d0ed4ad279bec06c41d7bc512986c9aa97	Night两节各八行，保留韵律行界和跨行表达，不按句号合并。
755	public/pep-english/lessons/pephs3/014.json	pep-english	pephs3-014	Wind on the Hill (A. A. Milne)	passed_unchanged	8ac6b69f049019b8b9e933556616e06fa29d7b9222e50e4209c01beed08331d1	8ac6b69f049019b8b9e933556616e06fa29d7b9222e50e4209c01beed08331d1	1	true	true	2026-10-07T07:35:51+00:00	f0e98bbfa8d84fbb98d6d93aba578b307f4f5097d138ba7bb12b2462c9bb7f3c	Wind on the Hill二十行连续诗作，现有诗行明确，保留整体诗块及全部行界。
756	public/pep-english/lessons/pephs3/015.json	pep-english	pephs3-015	Dream (Langston Hughes)	passed_unchanged	c7b07df92e6bc6bf3989cee525a6aa35fe04be9dc7e90885b6157cbabb77f09f	c7b07df92e6bc6bf3989cee525a6aa35fe04be9dc7e90885b6157cbabb77f09f	2	true	true	2026-10-07T07:35:51+00:00	dbdc83be9e04ab2deccc8ff28850aa3d850829198dd06b87bdfffc6584fc7104	Dream两节各四行并列重复Hold fast to dreams，保留鸟与荒田两组意象诗节。
757	public/pep-english/lessons/pephs3/016.json	pep-english	pephs3-016	A Match (A. C. Swinburne)	passed_unchanged	2d490f6d424f017c27a7ff24cc91d3f335f905aed8b1bee124b20d50ef167daa	2d490f6d424f017c27a7ff24cc91d3f335f905aed8b1bee124b20d50ef167daa	1	true	true	2026-10-07T07:35:51+00:00	6f4f7f444fd0ad95c7be7aac78bec544ef1a4f4b6936704555d7fe58bd8860fd	A Match八行玫瑰叶子比喻诗，保留现有行界及首尾重复句。
758	public/pep-english/lessons/pephs3/017.json	pep-english	pephs3-017	Appreciating the Poem Dream	passed_unchanged	9be4907d28d5372f7d782cb0b1f6201c6b528c6258c66951ae677e1568005e52	9be4907d28d5372f7d782cb0b1f6201c6b528c6258c66951ae677e1568005e52	0	true	true	2026-10-07T07:35:51+00:00	b7c6ec138623cc095d55a25d9bea5a886b68dadc254f2802ef2a42c9589e9e94	Dream赏析四段分别韵脚、意象、词义、主题理解，完整段落及词义例子保留。
759	public/pep-english/lessons/pephs3/018.json	pep-english	pephs3-018	What Is Free Verse?	passed_edited	41bd7b6c4f2537941d6d321b058c41daf58616a4533c76616c50155ef2255b70	41b9160ca202aee7007ab7a8ceb67ab129b099f12386015fedd339f33af3c8d6	0	true	true	2026-10-07T07:35:51+00:00	da4b84bba80ccf3d8826b1913b6c73d093975de56a604822881adbd694526434	自由诗定义五轮A/B问答逐轮拆分，两句定义仍为B的一轮。
760	public/pep-english/lessons/pephs3/019.json	pep-english	pephs3-019	Who Was Langston Hughes?	passed_edited	a57bd26b8b5b57a20c33e14d86090f248beccba0fbdfc37851966b8a15dd8093	7577bdb0dd5e234ab3f61e529d918763894932fba32d11f5f62c21b42b448bf0	0	true	true	2026-10-07T07:35:51+00:00	498e432a93300cee57ee44305a02c24b67fea5cabe41d3d4fffa89d3733e8628	Langston Hughes介绍六轮问答逐轮拆分，Dream Variation解释的多句发言完整保留。
761	public/pep-english/lessons/pephs3/020.json	pep-english	pephs3-020	The Starry Night	passed_unchanged	f5ad25b6328f272253023acca58eda08481d4e4759fc6af64325f5eb5cd1c0cd	f5ad25b6328f272253023acca58eda08481d4e4759fc6af64325f5eb5cd1c0cd	0	true	true	2026-10-07T07:35:51+00:00	a5f8385bb56baafd4ba0874557785d56c4a2f608eb723eb5e9ce47c7be38da87	星夜三段为梵高创作背景、画面观察、非写实解读，保留各完整长段和引文。
762	public/pep-english/lessons/pephs3/021.json	pep-english	pephs3-021	Michelangelo’s David	passed_unchanged	9454420c892d8b99e898342e116859d94a95b307ef77f37d3ad0e42987ff999c	9454420c892d8b99e898342e116859d94a95b307ef77f37d3ad0e42987ff999c	0	true	true	2026-10-07T07:35:51+00:00	e34f72c534fc455a23767a42d7637e19b225babe7876d31c2b0635cd24c971b4	David八段涉及英雄背景、石料困难、承接创作、方法、揭幕、艺术评价、比例和安置，完整长段保留。
763	public/pep-english/lessons/pephs3/022.json	pep-english	pephs3-022	Planning a Balanced Diet	passed_unchanged	667796c5a5109be4b405f48a8a73c1346c83f604c258889b539e87e18e88ecf6	667796c5a5109be4b405f48a8a73c1346c83f604c258889b539e87e18e88ecf6	0	true	true	2026-10-07T07:35:52+00:00	2d8e2ff44c6b083163f24628fd1129a9120f25f0d1c3c13a560b99ee3cde596d	均衡饮食建议从口味问题到食物金字塔及健康益处连贯成短段，保留。
764	public/pep-english/lessons/pephs3/023.json	pep-english	pephs3-023	My Experiences with Computer Games	passed_unchanged	c6a72d67e572e0746094e536c353485bbb7e9fdecbbe7740c5253aadaa2cc4b3	c6a72d67e572e0746094e536c353485bbb7e9fdecbbe7740c5253aadaa2cc4b3	0	true	true	2026-10-07T07:35:52+00:00	49be62cfa31b5041db9c9edcc53f4bf0020188ab16db3e59493c6e096600b2a5	游戏经历五段依初玩、发展、成瘾、重遇朋友、平衡反思组织，完整叙事段保留。
765	public/pep-english/lessons/pephs3/024.json	pep-english	pephs3-024	The Experiment (adapted from Little Women by Louisa May Alcott)	passed_unchanged	c0a3a4247a2186bd9770bb74759556cc381e5ee69dcbf1f390e61d2ea7334052	c0a3a4247a2186bd9770bb74759556cc381e5ee69dcbf1f390e61d2ea7334052	0	true	true	2026-10-07T07:35:52+00:00	ba831de34997c0d9cd629ab24b9a0d9b0f22f7a9d1127c79963b69e5f7632d6b	小妇人实验改编37块按人物对白与日常叙事分段，开头姐妹轮流发言、晚间母亲教诲边界清晰，无需合并短轮次。
766	public/pep-english/lessons/pephs3/025.json	pep-english	pephs3-025	Small Waste, Big Problem	passed_unchanged	b61f7368c3a2e0db838d83c74e6e547f990a3207384f8eaa2a89acbb58683059	b61f7368c3a2e0db838d83c74e6e547f990a3207384f8eaa2a89acbb58683059	0	true	true	2026-10-07T07:35:52+00:00	7f449419a1a0b09059470f96bf20aafa59f0a97fa6d30d3f7ada11660fd10a63	Small Waste五段为问题引入、烟头、塑料袋、收费方法、总结，保留完整说明。
767	public/pep-english/lessons/pephs3/026.json	pep-english	pephs3-026	A Clean, Green Energy Future	passed_unchanged	88b702577cc064a9f83bf14a2ec783012f2433d37a3655c39accc2c467fd1dc6	88b702577cc064a9f83bf14a2ec783012f2433d37a3655c39accc2c467fd1dc6	0	true	true	2026-10-07T07:35:53+00:00	00a05c0b1e1277c54f69e3e687a532eec58efbff8947e41ff6d8796639949ca3	绿色能源11块含总介、转型理由、类型引入、五种能源独立介绍及利弊展望；类型名仍保留各项开头，不合并不同能源。
768	public/pep-english/lessons/pephs3/027.json	pep-english	pephs3-027	Fan Zhongyan	passed_unchanged	d26d46387642d324ad94d1b9174fa7a3f9291a0d7cd064baee77845b1b7aac3f	d26d46387642d324ad94d1b9174fa7a3f9291a0d7cd064baee77845b1b7aac3f	0	true	true	2026-10-07T07:35:53+00:00	51f4fc2a655af70c721eb691d11ef3cb1694ff197895c7014f1e8f3051c5e6ef	范仲淹七段依名言、少时求学、任职、改革、岳阳楼记、退休济民、评价展开，引文与本段说明完整。
769	public/pep-english/lessons/pephs3/028.json	pep-english	pephs3-028	An Excerpt from The Old Man and the Sea (adapted from Ernest Hemingway)	passed_unchanged	c7a2f1f2705bf0025eb66b959e511fafb372c27364cceb50b098fb0a257d5d7f	c7a2f1f2705bf0025eb66b959e511fafb372c27364cceb50b098fb0a257d5d7f	0	true	true	2026-10-07T07:35:53+00:00	8920b9b92ac2ea1d57597b9465aece65853e83367ee343e14b021705a4f658c6	老人与海十九段按鲨鱼来袭、战斗、损失、独白和重新武装展开；短独白与动作各有叙事作用，保持原段。
770	public/pep-english/lessons/pephs3/029.json	pep-english	pephs3-029	Auld Lang Syne (excerpt by Robert Burns)	passed_unchanged	b8c9885d2a4ce2047592c962219cd178a4c518815f87eee9a6b85d3e16a71332	b8c9885d2a4ce2047592c962219cd178a4c518815f87eee9a6b85d3e16a71332	2	true	true	2026-10-07T07:35:53+00:00	e8b64fe4a30bf6c7f2466965e4104770d40b6906791dd60c33701a906725c7f9	友谊地久天长两节各八行含副歌，保留be/forgot等现有歌词跨行与重复副歌。
771	public/pep-english/lessons/pephs3/030.json	pep-english	pephs3-030	Exploring Poetry in China	needs_confirmation	bb1fb4ab47b46b779b4996b10137756bd93b300f1a5fbb5f84e8d900d3bbde2b	3a742b47031d7c05eb795a7edab485a6f834033a39d4ba2243cd0136155943ed	1	true	true	2026-10-07T07:35:53+00:00	486fac7109a7c76992d8499842ee5e9d65022531efd14676f375aea221ba2131	中国诗歌六个论述段主题完整；末段冒号后的穆旦引诗另起作品单元，仍保留原引诗一行，内部行界疑点单列。
772	public/pep-english/lessons/pephs3/031.json	pep-english	pephs3-031	Spring Morning (Meng Haoran; translated by Xu Yuanchong)	passed_unchanged	7796b3f1fc4b97b193a1979ce34ea05c6f4fba881dd696babf6eae8dd908e970	7796b3f1fc4b97b193a1979ce34ea05c6f4fba881dd696babf6eae8dd908e970	1	true	true	2026-10-07T07:35:54+00:00	21453c2fe3058200aa683fb1383215596c14596d45c9df436e7bd9105543fe05	春晓译诗四行完整，末问号与前行意象连贯，保留诗行。
773	public/pep-english/lessons/pephs3/032.json	pep-english	pephs3-032	On the Stork Tower (Wang Zhihuan; translated by Xu Yuanchong)	passed_unchanged	ac93544a6237a81b59dcd64b4f3fe3a0d8c59f446e31cb8317f2851c63d8dc3b	ac93544a6237a81b59dcd64b4f3fe3a0d8c59f446e31cb8317f2851c63d8dc3b	1	true	true	2026-10-07T07:35:54+00:00	ac421f72f8f517d8dec670a5dbb61b8b225cb10669597c7d202adbf881f50502	登鹳雀楼译诗四行，第三四行跨行句法按诗行保留。
774	public/pep-english/lessons/pephs3/033.json	pep-english	pephs3-033	The Road Not Taken (Robert Frost)	passed_unchanged	3839e0bdb6cd96c89d09ba5a1c622e4ff55f07d26636d59deb4b96d674e42058	3839e0bdb6cd96c89d09ba5a1c622e4ff55f07d26636d59deb4b96d674e42058	1	true	true	2026-10-07T07:35:54+00:00	3ab893b1d2462f08279939872587e3b4a0185bee799f107f97250a81beff7def	The Road Not Taken二十行连续诗块，保留全部现有诗行，不凭外部版本推定空白诗节。
775	public/pep-english/lessons/pephs3/034.json	pep-english	pephs3-034	The Gift (Tagore)	passed_unchanged	e9ca41a96d80232f914b8082164c80f03e1cca2afc8c0d9b529a52c8a534e19e	e9ca41a96d80232f914b8082164c80f03e1cca2afc8c0d9b529a52c8a534e19e	1	true	true	2026-10-07T07:35:54+00:00	87f3ef541016701b63716c6b561165d1ae08e4f3bd143688550869d2af6ae336	The Gift七行散文诗各行可含多句，按原诗行整体保留，不按句子拆碎。
776	public/pep-english/lessons/pephs3/035.json	pep-english	pephs3-035	On Children (Kahlil Gibran)	passed_unchanged	106e3f186472a56d03998ddf64f925ace51531969cf3d653bb252f1a6041e793	106e3f186472a56d03998ddf64f925ace51531969cf3d653bb252f1a6041e793	1	true	true	2026-10-07T07:35:54+00:00	42d04f5750ad8218e964f5625ceadc9655df9e1f01ee63cb13b9b3e5089f20e4	On Children二十行保留children/as、might/that等跨行句法及弓箭意象整体，不合并成普通说明段。
777	public/pep-english/lessons/pephs4/001.json	pep-english	pephs4-001	Satisfaction Guaranteed (Adapted from Isaac Asimov)	passed_unchanged	c3e1edea9871046e3840a4b39d5063afa5f22c0fa83693dd51e14e460c92a282	c3e1edea9871046e3840a4b39d5063afa5f22c0fa83693dd51e14e460c92a282	0	true	true	2026-10-07T07:35:54+00:00	347f05c1a09524a01b047cc725f005f911bc23b73cbd78c9f8a94097adc84c51	Satisfaction Guaranteed九段按机器人试用、相遇、日常照料、心理信任、改造、购物误会、安慰、意外、聚会组织，保留完整叙事段。
778	public/pep-english/lessons/pephs4/002.json	pep-english	pephs4-002	The Time Machine (Adapted from H. G. Wells)	passed_unchanged	354f1c6062b2f0180759904548674d94333023dc28090a8f0a2ee7cabdbfde06	354f1c6062b2f0180759904548674d94333023dc28090a8f0a2ee7cabdbfde06	0	true	true	2026-10-07T07:35:54+00:00	21102cb57e243ad08455919aa22ab1dbe4d81bdbcec87e31c231f324e30f6d7b	时间机器五段为初次试验、加速、感受景象、停车危险、到达，保留多句叙述和内心活动。
779	public/pep-english/lessons/pephs4/003.json	pep-english	pephs4-003	Experience the Iconic Features of Australia	passed_edited	862eb249f9972207128114772ae9ba651c606c61b8fbea3ffa2c98785e0edf00	24b304cbe982879770374de7c2cb8bb19074d8325378f2ca9183d2ba88c84504	0	true	true	2026-10-07T07:35:54+00:00	7251d4026de3440932e92af22758dbd989372ca43b536eaeaceeef9b15e9867f	澳大利亚博客四个日期原块内含多个自然段；9月25日分背景和兴趣，10月3日分原住民、音乐、乐器，10月6日分文化、居民、结语，按现有换行拆开。
780	public/pep-english/lessons/pephs4/004.json	pep-english	pephs4-004	The Amazing Animals of Australia	passed_edited	aef6dbe18408c657547b9b171f4625b075e073f225a51d0ebacbc2af2d36c5e4	edbe91879268594417ef6da868ef6fcf4458accdf1ac7da013007ffc43e93b9b	0	true	true	2026-10-07T07:35:55+00:00	5d72d1a771da7686715b31fff158599f0749314c71b602c40585ef1ee55649ea	澳大利亚动物访谈四组问题和专家回答原同块，按现有问答换行分别分块，袋鼠考拉袋獾鸭嘴兽长回答各保持完整。
781	public/pep-english/lessons/pephs4/005.json	pep-english	pephs4-005	Dujiangyan	passed_unchanged	a90f070b1858d727ee1a06959d361ffab421ae84d01d6e91634de66f745d485c	a90f070b1858d727ee1a06959d361ffab421ae84d01d6e91634de66f745d485c	0	true	true	2026-10-07T07:35:55+00:00	cbe8ab26c4080dcbb01cf8789c64d9dd4379b5a4b67a53bcde3a778b35580610	都江堰从历史建造、治水工程到鱼嘴及持续作用为完整说明单段，保留。
782	public/pep-english/lessons/pephs4/006.json	pep-english	pephs4-006	Reaching Out Across the Sea	passed_unchanged	e572d1899df470f22f109fc4db8bce3fd75598fc8f84042a9332e91f5a766317	e572d1899df470f22f109fc4db8bce3fd75598fc8f84042a9332e91f5a766317	0	true	true	2026-10-07T07:35:55+00:00	3297371467ce4ef8f30eba7b3d1f1cf02b1d14c27092e414890a90b439876dd4	海上交流七段含古丝路、郑和、现代倡议及其目的、北极合作和展望；倡议引入及阐述各完整段保留。
783	public/pep-english/lessons/pephs4/007.json	pep-english	pephs4-007	The Case Against More Sea Exploration	passed_unchanged	c89b582b80496096f85467ab6d13232805100fc4f8430f3ab278cdab28dbbb0e	c89b582b80496096f85467ab6d13232805100fc4f8430f3ab278cdab28dbbb0e	0	true	true	2026-10-07T07:35:55+00:00	0ba3e866d2a120a333926325cd2d39b868259d1d567dbb402c0f116930ec6675	反对海洋探索五段为立场、污染、采矿、过捕、保护呼吁，论点边界清晰。
784	public/pep-english/lessons/pephs4/008.json	pep-english	pephs4-008	The Case for Sea Exploration	passed_unchanged	9ad1c196a4f222eab70a8de2fe2588c7fb9a6e009753b73d632e8356f79c7d45	9ad1c196a4f222eab70a8de2fe2588c7fb9a6e009753b73d632e8356f79c7d45	0	true	true	2026-10-07T07:35:55+00:00	b22b5fd93cdce43a47b18cbf03416b1b8276ffb2e53d5c11532dad582530ea6e	支持海洋探索四段为科研、资源认识、发展需求、风险平衡，保留多句论述段。
785	public/pep-english/lessons/pephs4/009.json	pep-english	pephs4-009	World Oceans Day	passed_unchanged	3d2911561008b16b3270f1fd14d55466017e428f76782a963b8a80ba3b4c36f1	3d2911561008b16b3270f1fd14d55466017e428f76782a963b8a80ba3b4c36f1	0	true	true	2026-10-07T07:35:55+00:00	beab03ee95c06daf09f29af1ff1470e29efc436b3e5dcb25f2c78ebffaa5e8b4	世界海洋日三段依活动概况、青年参与、年度主题组织，保留。
786	public/pep-english/lessons/pephs4/010.json	pep-english	pephs4-010	Volunteering in the Bush	passed_unchanged	e5e9251583063a786aa2a6bbd23f5c5418bd38ba19c13f256cf821bff0610240	e5e9251583063a786aa2a6bbd23f5c5418bd38ba19c13f256cf821bff0610240	0	true	true	2026-10-07T07:35:56+00:00	fd727f1326bfc009fec9d204592116989a1144683c67ffcd15a365f816e16eb2	丛林志愿日记保留两日期标题，学校状况及化学课、多段村庄访问、饮食风俗和返程自然段清楚。
787	public/pep-english/lessons/pephs4/011.json	pep-english	pephs4-011	Volunteering at an Animal Shelter	passed_edited	264b8c621df221b9637be5ebae5b7d220c8060d199dfdf1a67ad094ecae96fe6	1524329bf4f470530b416735f9f7bfae905bef6210f0a2030c1425a9a73cde01	0	true	true	2026-10-07T07:39:41+00:00	39a1ced678aa2b25034938539f58bb73ad20db9ffda3dc5d7a9b97461e31596e	Jessie与Susan动物收容所志愿服务八轮对话拆块，笼子分工、时间与过敏担心保持本轮。
788	public/pep-english/lessons/pephs4/012.json	pep-english	pephs4-012	Is China’s Aid to Other Countries Worth It?	passed_unchanged	6e5d730106b1a7d3fc076c4d45f25000bafb947dd625a338797b6793af07cc89	6e5d730106b1a7d3fc076c4d45f25000bafb947dd625a338797b6793af07cc89	0	true	true	2026-10-07T07:39:41+00:00	517ecae052da7fbfec919601c4942a293082508e6e78e8143606f54a1262e639	援外演讲开场后从疑问、母亲支援、个人情绪到医疗贡献、认同和全球责任，八段完整保留。
789	public/pep-english/lessons/pephs4/013.json	pep-english	pephs4-013	People’s Shoes	passed_unchanged	e95f9e8d95f18f638d7aba1f62d944d4a56a3969f83c7eac62a4732e1711f3f6	e95f9e8d95f18f638d7aba1f62d944d4a56a3969f83c7eac62a4732e1711f3f6	0	true	true	2026-10-07T07:39:41+00:00	4a1d3f1105c6ff51d90ec337da930f1ce067ceb96d8ba317d3596b3ccbd94bdf	People’s Shoes四个问句小标题及对应回答各自独立，保留公司使命、项目、范围与支持方式。
790	public/pep-english/lessons/pephs4/014.json	pep-english	pephs4-014	China Exchange	passed_unchanged	c40a85b1b5cf18baae5682e40500aed99f7785b80d2c751ba34a9d8d32f0cad3	c40a85b1b5cf18baae5682e40500aed99f7785b80d2c751ba34a9d8d32f0cad3	0	true	true	2026-10-07T07:39:41+00:00	08671659ba1e499e6b9ba40f51080e31b79c9d66f15ef74c26d8cb3f6b7bb851	China Exchange四组标题问答说明组织、人员交换、工作地区、参与，结构清楚。
791	public/pep-english/lessons/pephs4/015.json	pep-english	pephs4-015	Working Out What You Want to Do	passed_unchanged	d857f1ee81cbffb9542fc84aa2f41a85c9098354ccb0ea258862287893ad2d5d	d857f1ee81cbffb9542fc84aa2f41a85c9098354ccb0ea258862287893ad2d5d	0	true	true	2026-10-07T07:39:41+00:00	b0b8568c9c6066c95a2280a271043224a6237f13a266715261b9425d4fb53c5e	职业测评七段按职业意义、时机、工具、类型、评分、建议层级和结论组织，保留自然段。
792	public/pep-english/lessons/pephs4/016.json	pep-english	pephs4-016	Build up your vocabulary	passed_edited	8fc7ed0114d4dcc0e4809e80ebe6e463c1a1197e8bb78122385bb368250ecd90	92140aa91c48c7050f289d14f8fe7daf5c36c720660063dcf9dac3879fb138df	0	true	true	2026-10-07T07:39:41+00:00	6b7a2442083b50704b48faaa695dbac52f56d98d5498427144567922225a9a7d	职业词汇填词短文整体论述保留；dr eams的词内空格明确修复为dreams；多处语法缺口无可见占位符，不能仅凭JSON补词。 旁注：现有JSON的填词缺口无占位符，属于文字层面疑点，不作为句段待确认；保持原文。
793	public/pep-english/lessons/pephs4/017.json	pep-english	pephs4-017	Summer Camp Helpers Wanted!	passed_edited	a22204785bdc338c22d83408e13f7fe188158649ad862bdbbdc83af78b1c329c	32129f1c94d64fec61440a90a11468c05a2b97726dab844e257358a1f2fe60c8	0	true	true	2026-10-07T07:39:42+00:00	f3a907a6da494c2c95728b6345b23414fc0333a6c0cf2c69217ba246778d0d2c	夏令营招聘三段说明后资格清单原混在一个段块，按引导句及五条明确圆点项目拆分，申请地址保持独立。
794	public/pep-english/lessons/pephs4/018.json	pep-english	pephs4-018	Kelly Xu’s Cover Letter	passed_unchanged	44f3fac86e6ec614b1b1a9cce1357ad2725b0596273ee406ecedfe5ab2e087af	44f3fac86e6ec614b1b1a9cce1357ad2725b0596273ee406ecedfe5ab2e087af	2	true	true	2026-10-07T07:39:42+00:00	686271384f1f5b2e2aef045898d3a73d01638412390e680a73a60958d7e3ac2c	Kelly申请信正文按申请、英语组织能力、动物志愿经验、书法、期待及回信要求分段，落款内部换行保留。
795	public/pep-english/lessons/pephs4/019.json	pep-english	pephs4-019	Kelly Xu’s CV	passed_edited	076c1a5dd7dd6991ab785e0f1343f6447a54b47bdab14a7bd84cde341b9836e9	ee625c72d43459a32e1c18d12c145c2ad7c201f1487a1aef8b0e53c053144900	11	true	true	2026-10-07T07:39:42+00:00	fc19b9891e1af44bf3232421cb9503e7eeeccc7be8208a565650dfb19a7a0971	Kelly简历保留姓名地址联系方式整体及四个分区标题，经历和圆点说明、教育两项、技能两项、兴趣六项依现有行界分别分块。
796	public/pep-english/lessons/pephs4/020.json	pep-english	pephs4-020	Make High School Count!	passed_unchanged	163bf08f44ccfd8ac340349ff4227b28bcf5a86a14a309c4e4d38158d969ddf3	163bf08f44ccfd8ac340349ff4227b28bcf5a86a14a309c4e4d38158d969ddf3	0	true	true	2026-10-07T07:39:42+00:00	b15e55e9af58ebfd64df654839525f4644e8e4c02ea28e5948f891b4126c267f	高中努力的劝告为单一完整演讲短段，重复It doesn’t matter和You need强调保留，不逐句拆碎。
797	public/pep-english/lessons/pephs4/021.json	pep-english	pephs4-021	Using Words and Expressions	needs_confirmation	d3a9fea80997397545f1368c87074c515d2abd2ba28266007f9ad5f869f22e23	d3a9fea80997397545f1368c87074c515d2abd2ba28266007f9ad5f869f22e23	0	true	true	2026-10-07T07:39:42+00:00	12aecd4c0f7bf610ee16aa5627f6449df29dafbee7012a419981445a93b564d9	完整读到末尾opinions on；时间旅行科幻段与chairman/policeman等词表及性别语言说明交叉插入，不能保序合并成合理自然段，保持原文待确认。
798	public/pep-english/lessons/pephs4/022.json	pep-english	pephs4-022	Previously on The Evos	passed_unchanged	95a9bcb08a09543e4ea4485e55511eddeb7907f6ea74a5cf98b7f385b68a3a99	95a9bcb08a09543e4ea4485e55511eddeb7907f6ea74a5cf98b7f385b68a3a99	0	true	true	2026-10-07T07:39:42+00:00	737b99be164e9637b432c7594a14a4c73cb2a77e152275a3b22e88726d7a7d2e	The Evos前情回顾从陨石新闻、三人发现昏睡到逃走和陨石被带走，单段叙事完整保留。
799	public/pep-english/lessons/pephs4/023.json	pep-english	pephs4-023	Journey to the Centre of the Earth	passed_edited	8bd044594f53486dc36b6c9b2204d81f5bac6f8e8d27063ffc4a871d4dc847e2	77311f16873e71fb6d74b9b042c2eba1e9c6e9aff2e203271d3db504cc81f815	0	true	true	2026-10-07T07:39:42+00:00	529b78c7a8f2b0250484efba9160d198bf88a62882a01b36cdd9377a61630ea8	地心游记自然描写段完整，三个原块内叔侄对白按现有换行明确轮次拆开，其余叙述不细拆。
800	public/pep-english/lessons/pephs4/024.json	pep-english	pephs4-024	Science Fiction or Science Fact?	passed_unchanged	a1c293d796a87c2c7b888498cd71fd6decebfbc1b3923fb4a8f5b4f3eef98138	a1c293d796a87c2c7b888498cd71fd6decebfbc1b3923fb4a8f5b4f3eef98138	0	true	true	2026-10-07T07:39:42+00:00	1d52dd64732f85cc5749f966094569cd2185093acd19f5193a0570383221dca2	科幻与科学六段围绕星际穿越、现实寻星、虫洞、时间差、创作取舍完整展开，保留论述自然段。
801	public/pep-english/lessons/pephs4/025.json	pep-english	pephs4-025	"In the film, such a ""wormhole"" mysteriously appears near"	needs_confirmation	d6cea80b5004500bda6d6e91e0a504909706ae620dd3bb473313bff6b1a97495	120176aa670ccb96e146c3a512f87518395e2af4926c242e82c3d9a23c1ca0d6	0	true	true	2026-10-07T07:39:43+00:00	74a0592fe43c139d27e7a01d1dc09544d858f8dbe7bbbe4daa3535a58ab3b319	原单块内四行分别为寻星结尾、时空虫洞、电影穿越、科幻现实总结，按现有主题换行拆段；开头pass by为截断句，边界问题保留待确认。
802	public/pep-english/lessons/pephs4/026.json	pep-english	pephs4-026	Using Structures	needs_confirmation	3270cb4eee6af200b36530f1cbd01d5d87e59ef64465985642f3ea7a57346b0a	3270cb4eee6af200b36530f1cbd01d5d87e59ef64465985642f3ea7a57346b0a	0	true	true	2026-10-07T07:39:43+00:00	5e3c2f8af3208761df030d37a96579cc5738d29ca6b02d6f011fd3ba791a21f9	完整读到末尾Aboriginal life；语法练习词组选项和原住民岩画说明在单块交织，不能保序拆成合理独立项目，未猜测处理。
803	public/pep-english/lessons/pephs4/027.json	pep-english	pephs4-027	What’s Cooking in Australia?	passed_unchanged	d28eec8c123ae04f2a67a7959e96fc06810bd4c87297f4fae7383f89800adb9b	d28eec8c123ae04f2a67a7959e96fc06810bd4c87297f4fae7383f89800adb9b	0	true	true	2026-10-07T07:39:43+00:00	b8f1960a1d9d6e739f516d057a467a3b40073d2c09f2a1f639a77c77fc5ad79f	澳洲饮食五段为地理、袋鼠肉、海鲜、烧烤、文化多样性，保留各完整介绍段。
804	public/pep-english/lessons/pephs4/028.json	pep-english	pephs4-028	Pavlova	passed_edited	34d433cc902b3f83df2456237d4e2bcf1962446915c1a652ee3eebde20b191ec	8555d77e6ac09b1be727e00a4f7a1c2562619c1854443a1d5934ef61238a61ba	9	true	true	2026-10-07T07:39:43+00:00	fa4c3ba7c5f83181dc807634b0fb1309f5175c7aba089ab0831cf023af9aa0fe	Pavlova简介及烹饪过程保持完整段；原材料段标题和八项配料黏在一行，按清晰剂量/名称边界拆为独立材料项目。
805	public/pep-english/lessons/pephs4/029.json	pep-english	pephs4-029	outside. Casual friendliness is the key to such meals. It is a	needs_confirmation	9970313592d3dc880db8bc4822728394ea2d14508d035790148ce136e62e23bc	c51992a36dd7755db2d12d91c0da72e2ccb768ee27e5405e2c053f931f87dccf	0	true	true	2026-10-07T07:39:43+00:00	b371c498bc6daf2cfa0c45c2e7148764a1e0565820b0b43c03cd5d8191a8f5a1	原文由烧烤说明尾段及Pavlova制作组成，按已有换行拆分不同主题；首句outside为句尾片段，保留待确认。
806	public/pep-english/lessons/pephs4/030.json	pep-english	pephs4-030	The Kiwi	passed_unchanged	692555d2103cada72a6dfcd810ccc1a728fb4b70018d643870f392fd22486158	692555d2103cada72a6dfcd810ccc1a728fb4b70018d643870f392fd22486158	0	true	true	2026-10-07T07:39:43+00:00	d66fe16f6c69d8cc00132f8cdd047504eb466d0015c840eb3956f122011b9db3	Kiwi总介后按水果、人、鸟及保护展开，Fruit/People/Bird标签与各自完整说明同块且项目界限清楚，保留。
807	public/pep-english/lessons/pephs4/031.json	pep-english	pephs4-031	The Thorn Birds (Adapted)	passed_unchanged	663d7eb1ceeb543f5828bf33aa45dfcda3a52fcc04a9bb4b25b8cfc3ed8e6b01	663d7eb1ceeb543f5828bf33aa45dfcda3a52fcc04a9bb4b25b8cfc3ed8e6b01	0	true	true	2026-10-07T07:39:43+00:00	ff3caf9b658346015fd527c531392b658283604f00b786f7b7e0aa56e94508ac	荆棘鸟节选六段分别骑行、陆地动物、鸟类、爬行类、昆虫和感叹，分号物种列举保留各主题自然段。
808	public/pep-english/lessons/pephs4/032.json	pep-english	pephs4-032	Using Structures 3 Complete the news report below	needs_confirmation	babcbd1ea5cd447a0d6b16141ed0121a82ea81a4b6f66d8948a60928356fd4ba	babcbd1ea5cd447a0d6b16141ed0121a82ea81a4b6f66d8948a60928356fd4ba	0	true	true	2026-10-07T07:39:44+00:00	1ecfaca10df90101d8c10563e557ec85136f3c17a57838e18e1d96e099653ef6	完整读到this field；计算机之父问答和深海科考任务句子交错，不仅是物理断行，保留原文等待边界确认。
809	public/pep-english/lessons/pephs4/033.json	pep-english	pephs4-033	Man Lucky to Be Alive After Shallow-Water Shark Attack	passed_unchanged	69c18a1f8e3fff629a8aaf0e826a667cb9fd1e39beb626b8107f81f5e4fda59a	69c18a1f8e3fff629a8aaf0e826a667cb9fd1e39beb626b8107f81f5e4fda59a	0	true	true	2026-10-07T07:39:44+00:00	bf6bbe8124018025327c23983f13537037e4129b042a45ec1405171d249c1503	浅水鲨袭三句新闻为完整事件与伤势单元，保留单段。
810	public/pep-english/lessons/pephs4/034.json	pep-english	pephs4-034	Sherry Wilson’s Shark Attack	passed_unchanged	73161b840422f8fa29d7cb7d19c0b3a9d83be25cb888cae90b5bba9bf84be10c	73161b840422f8fa29d7cb7d19c0b3a9d83be25cb888cae90b5bba9bf84be10c	0	true	true	2026-10-07T07:39:44+00:00	8ea6d035d458100dccfae60206690ae841adced4da41f1b4b04ef5969da9a642	Sherry鲨袭简讯地点、伤情和父亲说明三句同一完整新闻段，保留。
811	public/pep-english/lessons/pephs4/035.json	pep-english	pephs4-035	Two-Metre Shark Attack While Snorkelling	passed_unchanged	caf6eaa15a8389457abdbbfe4eecce10e40fba7b17e16c78c14b17974aa0c31d	caf6eaa15a8389457abdbbfe4eecce10e40fba7b17e16c78c14b17974aa0c31d	0	true	true	2026-10-07T07:39:44+00:00	e3f0831c77165001b97ffa29189943d2ed346ae3a032170997d30721e7ef9630	浮潜遇袭两句新闻交代人、地点场景、伤情及转院，保留短段。
812	public/pep-english/lessons/pephs4/036.json	pep-english	pephs4-036	A Sea of Plastic	passed_unchanged	93562ab1b3b07f6ba5ab33527ab007f8c6d9192bbe226ecea9f62541d6a29623	93562ab1b3b07f6ba5ab33527ab007f8c6d9192bbe226ecea9f62541d6a29623	0	true	true	2026-10-07T07:39:44+00:00	6487931645f27efced009a060a34a6b25fdb5477df05526e7f68eff98b25b1be	海洋塑料五段为Henderson发现、垃圾带、微塑料、Ocean Cleanup和呼吁，引语与说明各段完整。
813	public/pep-english/lessons/pephs4/037.json	pep-english	pephs4-037	Sea Fever	passed_unchanged	39cbe50c7bbe2ddb462ebaed2d96193f1f5ce1fca898dc9512d2ad0171ee4a7a	39cbe50c7bbe2ddb462ebaed2d96193f1f5ce1fca898dc9512d2ad0171ee4a7a	3	true	true	2026-10-07T07:39:44+00:00	7409d727669d8a639111d00f0739b84fab72e3174e780d29f4fc9e555742d482	Sea Fever三节各四行，保留重复开头、跨行句法和诗节，不转换为普通段落。
814	public/pep-english/lessons/pephs4/038.json	pep-english	pephs4-038	On the Seashore	passed_unchanged	0607605a41dd0723a6cd7b9fbb3f80c8228549fbc067fb891b8a128190e74dc9	0607605a41dd0723a6cd7b9fbb3f80c8228549fbc067fb891b8a128190e74dc9	5	true	true	2026-10-07T07:39:44+00:00	10169b59c58f90059e56d77980a9a25921657897c31064719fc159a59417bda8	On the Seashore五诗节，海滩儿童意象与跨行句法保留，诗行不按句合并。
815	public/pep-english/lessons/pephs4/039.json	pep-english	pephs4-039	As I Grew Older	passed_unchanged	5e68188ee38530ecc30a5ba1b1211bc9e352aa39d49e80f333640165b97374d0	5e68188ee38530ecc30a5ba1b1211bc9e352aa39d49e80f333640165b97374d0	5	true	true	2026-10-07T07:39:44+00:00	63d9c68f602494e0e3d5e0874c9ff0fefabba2a9fba56fbebcf5ef98e752bbf6	As I Grew Older五诗节含两行Shadow/I am black短节，保留墙、影与破壁意象的行节节奏。
816	public/pep-english/lessons/pephs4/040.json	pep-english	pephs4-040	The World’s Most Useful Gifts	passed_edited	4133af588c49989ba831555a98346e1d0c4cd4a1fcebbbefbfac1cde336bb98d	93f69729e0fa59d3bf3914a740cf15d633c0d3768c1c35b05e9da95c81f8fe5f	20	true	true	2026-10-07T07:39:44+00:00	9ce3aafdefe8e00baf91c17bf27c11b169f0fea30197c6665e834077e44986ff	捐赠礼物总介和流程段保持，AUD标题后21个礼物价格条目按现有换行拆块，项目金额完整对应。
817	public/pep-english/lessons/pephs4/041.json	pep-english	pephs4-041	For the Children (Adapted)	passed_unchanged	92220aa7433f787ef717ccfebadbee9668c88e6f92a3e69c826eb36799843967	92220aa7433f787ef717ccfebadbee9668c88e6f92a3e69c826eb36799843967	0	true	true	2026-10-07T07:39:45+00:00	99a19e647ec40f8be138ea85e4fd668a085080ed192ed69a730bb907ab812c5b	UNICEF演讲九段依志愿经历、贫困债务、职责、营养、个人受助、贫困隐蔽性、儿童代价、呼吁和致谢，长段完整。
818	public/pep-english/lessons/pephs4/042.json	pep-english	pephs4-042	in over 100 developing nations, UNICEF is brought up against the face of today's international	passed_edited	d135c255a4960e1d94cd71f6d771a6dc89fc96db02bdbe50cbc9492a30fc2a32	6193f44ff9837511f4d777a4bad9603802cb6785789b86767da6e2637f0d261e	0	true	true	2026-10-07T07:39:45+00:00	4f7b6a1ab52b7ff7b1e6903430a8909cb605c359652b78fe9b75afe11bd813d4	正文两个完整论述单元被放同块，按现有换行拆开UNICEF儿童处境与呼吁；标题是正文片段但不改元数据。
819	public/pep-english/lessons/pephs4/043.json	pep-english	pephs4-043	Being a Reporter	passed_unchanged	400498116596c347bedbd705c8d52a65a6e93e7d3c44c455b30a4c96f28454ae	400498116596c347bedbd705c8d52a65a6e93e7d3c44c455b30a4c96f28454ae	0	true	true	2026-10-07T07:39:45+00:00	39e94d236b8e3c284a43cb30c44079df759cbcc167cb899b275f7c19ccd6cc09	记者职业兴趣从场所、沟通写作要求到个人志向组成连贯介绍段，保留。
820	public/pep-english/lessons/pephs4/044.json	pep-english	pephs4-044	Does Practice Really Make Perfect?	passed_unchanged	a44bccecbdb2bda4a471ba362dfe1fa0a877132109a80d83ca0d73eaa6f86f97	a44bccecbdb2bda4a471ba362dfe1fa0a877132109a80d83ca0d73eaa6f86f97	0	true	true	2026-10-07T07:39:45+00:00	bed747beb5cb609197fb0c3e13d4a9e5eca9b8009b0db3641a94b08438b342a6	练习与专家七段介绍一万小时理论、Ericsson纠正、其他因素、天赋、社会因素、刻意练习建议，保留完整论述。
821	public/pep-english/lessons/pephs4/045.json	pep-english	pephs4-045	The Summer Break That Could Change Your Life	passed_unchanged	2506e36da80cef5d4f4ccd7675b814c49a1977b78b6693772b86f55a072d7258	2506e36da80cef5d4f4ccd7675b814c49a1977b78b6693772b86f55a072d7258	1	true	true	2026-10-07T07:39:45+00:00	8a5c64d603d6a39f52fc16c7123b796523a8259a4964768cfce597a4eeb9df57	暑假选择四类小标题与TOP TIPS保留，六条圆点建议已在list块内明确逐行独立，保持列表类型与项目行界，不改成散文。
822	public/college-english/lessons/rw1/rw1-u01-a.json	college-english	rw1-u01-a	Toward a brighter future for all	passed_unchanged	60d13ff3309873a8e3b856f5d561e91c2827e1637cdba564175f2486ff597aa1	60d13ff3309873a8e3b856f5d561e91c2827e1637cdba564175f2486ff597aa1	0	true	true	2026-10-07T07:29:59+00:00	32fcfc4d579f5fc26b8ad705343f320c00eec9ccfbd642bb87522e2ba9ae7ab1	全文及未改动输出复核：迎新致辞按欢迎、毕业回忆、大学资源、选课建议、宿舍体验、传承责任和结语展开；达芬奇例证属于选课段内部，多句段落完整，保留八段。
823	public/college-english/lessons/rw1/rw1-u01-b.json	college-english	rw1-u01-b	What we wish	passed_unchanged	af9e9b3e3a2db7d7397f4380db356917757b7e3e7b8cc0530fa3154291e3f00d	af9e9b3e3a2db7d7397f4380db356917757b7e3e7b8cc0530fa3154291e3f00d	3	true	true	2026-10-07T07:29:59+00:00	462676710cc6ad09a48fb6f523fd5363bf6c520585016c454037be23f61eef35	全文及未改动输出复核：家书称呼独立；学习、选课、成绩、交友、青春各为完整建议段；College is the time下四行并列和Love/Your father落款为有意换行，保留其独立行及原段。
824	public/college-english/lessons/rw1/rw1-u01-c.json	college-english	rw1-u01-c	The post-00s looking forward to a colorful life	passed_unchanged	8a02df8afdb3f142d6eb23412183ef9d9ed59c44c2d2311e4f7e0757df7199fd	8a02df8afdb3f142d6eb23412183ef9d9ed59c44c2d2311e4f7e0757df7199fd	0	true	true	2026-10-07T07:29:59+00:00	3928320a0afd915bea1176b8c8b94db6414ff1fe01ca7a9b2fb3e73aac52accb	全文及未改动输出复核：行李总起后张悦如传统文化、梁艺欣舞蹈、艺术兴趣、学习准备、农业理想、甘肃支教各自成段；括号中文词注随词保留，无物理断行。
825	public/college-english/lessons/rw1/rw1-u02-a.json	college-english	rw1-u02-a	A child’s clutter awaits an adult’s return	passed_unchanged	2cb8f8b6ffe547f9b8f2ee22a024db301cc1312c07f0ef37fc6bc210b9ba32fa	2cb8f8b6ffe547f9b8f2ee22a024db301cc1312c07f0ef37fc6bc210b9ba32fa	0	true	true	2026-10-07T07:29:59+00:00	fef46b73fd86e625f57689edba0282fd2258389c1b88e6a725f848c978914e22	全文及未改动输出复核：女儿离家、逐项收拾、信封发现、撤回清理、夫妻对话、等待归来叙述连续；DO NOT THROW AWAY为独立强调，末部对话轮次保持独立，不把短段机械合并。
826	public/college-english/lessons/rw1/rw1-u02-b.json	college-english	rw1-u02-b	Time slows down	passed_unchanged	d8372fd946e0c93eed7dbff8708fa8e59aae2665d889c0b13fc3d6aca2511783	d8372fd946e0c93eed7dbff8708fa8e59aae2665d889c0b13fc3d6aca2511783	0	true	true	2026-10-07T07:29:59+00:00	d2faf62e0cdfd55ff266b8c02e63486d96a2271ee44371b99238d29992ae6c6c	全文及未改动输出复核：护理院与幼年芝加哥及富士山回忆之间转场明确；买鳗鱼、拒食、劝步、野餐对话独立；The eel has vanished和Nor would I是叙事强调，保留34段。
827	public/college-english/lessons/rw1/rw1-u02-c.json	college-english	rw1-u02-c	Bonds of love	passed_unchanged	de53789e45fa9409ddc67dbff8720b02dc74b7d86d3017b67557ec2ef0f0f29e	de53789e45fa9409ddc67dbff8720b02dc74b7d86d3017b67557ec2ef0f0f29e	0	true	true	2026-10-07T07:30:00+00:00	9a3bf23402e6e083f2c2dd39517211e34703dcf62e1f60a624dcd11ea5ef48e8	全文及未改动输出复核：归家怀旧、童年物件、留学独立、亚洲教养刻板印象、母女回忆、新式教养、感恩总结为七个完整语义段；中文词注没有切断句子。
828	public/college-english/lessons/rw1/rw1-u03-a.json	college-english	rw1-u03-a	To feed the world	passed_unchanged	663ff768b66a56c3a9604e1190fa0b785b397b5827957a12c3b6648754440403	663ff768b66a56c3a9604e1190fa0b785b397b5827957a12c3b6648754440403	0	true	true	2026-10-07T07:30:00+00:00	3677ff5ac12fb3521b583e0fbfa41e1dcda25024071a80485bc959781a5270b2	全文及未改动输出复核：禾下乘凉梦、杂交成果、产量影响、荣誉、学农、嫁接转向、寻种、未来愿景、悼念依次成段；每段多句围绕同一主题，保留九段。
829	public/college-english/lessons/rw1/rw1-u03-b.json	college-english	rw1-u03-b	Heroes among us	passed_unchanged	caedd17e0ce6a2b3b12401c92dc03cf7b6484c8e20adab35743d33782a2107e3	caedd17e0ce6a2b3b12401c92dc03cf7b6484c8e20adab35743d33782a2107e3	0	true	true	2026-10-07T07:30:00+00:00	b9d24c6985e7a71a999762395bdd18cc0d7942befcd7c005a1c65e1de930e50d	全文及未改动输出复核：英雄设问、Stoddard事迹、急救人员转折、Russell事迹、传统与日常英雄、质疑、McMahon访谈与总结完整；引语与引述语同段合理，十一段无截断。
830	public/college-english/lessons/rw1/rw1-u03-c.json	college-english	rw1-u03-c	Cering Dandar, a grassroots hero	passed_unchanged	8626899e6b8c8c1b837552697d24fe98268dc5c067962310fbec456fb13ecc6f	8626899e6b8c8c1b837552697d24fe98268dc5c067962310fbec456fb13ecc6f	0	true	true	2026-10-07T07:30:00+00:00	7f840c4313a956f4fc87c9fa489318c36dcd999db58711b976fcb29e8c6ad5bc	全文及未改动输出复核：珠峰垃圾任务、拉环危险、向导经历、环境队清理、海拔风险、获奖感言六段清晰；清理统计与同段背景相关，保留自然段和中文释义。
831	public/college-english/lessons/rw1/rw1-u04-a.json	college-english	rw1-u04-a	Social media: How much is too much	passed_unchanged	232ae84e76395e712356e64678d0d4edf9627656c35241f54d67e9c787be2cfa	232ae84e76395e712356e64678d0d4edf9627656c35241f54d67e9c787be2cfa	0	true	true	2026-10-07T07:30:00+00:00	6b200ee683bb5f109cd95ccf925ef75ebe6d63e34113d78211611a394bb01b61	全文及未改动输出复核：Zoey病例三段后转社交连接、抑郁比较、面对面交往及新奇需求，末段回扣家庭；研究例证未被拆成单句，保留九段。
832	public/college-english/lessons/rw1/rw1-u04-b.json	college-english	rw1-u04-b	Staying connected	passed_unchanged	791a93e0188efe5e0c7f24814c1db3c7285ac483c326159c404bc49f5b6beecd	791a93e0188efe5e0c7f24814c1db3c7285ac483c326159c404bc49f5b6beecd	0	true	true	2026-10-07T07:30:00+00:00	24b52568a67aa1c243785f03f11c5a53de821789822bb257f8ee4e64c8a6fc9c	全文及未改动输出复核：Tommy即时联系、寻找失童报道、Jenny与Ryan对社交媒体的矛盾反应、咖啡店观察和工具观七段逻辑完整；同段采访引语属于论证例子，未机械拆句。
833	public/college-english/lessons/rw1/rw1-u04-c.json	college-english	rw1-u04-c	Chinese people love their social media apps	passed_unchanged	dcf64b6bb611f871a6f0690754fef3bf1dcfdad3c7a5ae845058d2f3eb8af4fc	dcf64b6bb611f871a6f0690754fef3bf1dcfdad3c7a5ae845058d2f3eb8af4fc	0	true	true	2026-10-07T07:30:01+00:00	24d7ad27fac1653d502b4de472709a1e26d803b8d005bf16e26f31cdb6eaf10a	全文及未改动输出复核：网络统计、使用时长、Jia Zhu依赖、Kong Yiying自律、农产品直播、报告结语六段完整；人物采访与后文农业应用边界明确。
834	public/college-english/lessons/rw1/rw1-u05-a.json	college-english	rw1-u05-a	Firm belief, eternal friendship	passed_unchanged	e38e02f3af1262ba5f0b6a7529c5dddb1ff4d1d61b832ccfc7954fa02f58e9c8	e38e02f3af1262ba5f0b6a7529c5dddb1ff4d1d61b832ccfc7954fa02f58e9c8	0	true	true	2026-10-07T07:30:01+00:00	b6ce4278ae2e6a8d196d8ba1b022fac769408e9dd1d7774587b83a49be32cfcd	全文及未改动输出复核：授勋回忆、1947来华、土改记录、留校任教、融入村民、共度困难、同志友谊、留华奉献与总结九段连贯，长引文没有硬断行。
835	public/college-english/lessons/rw1/rw1-u05-b.json	college-english	rw1-u05-b	Gender variables in friendship: Contradiction or not?	passed_unchanged	0e85698c9a59aa448d50d7876e60648df9f3fdb024ed716a9457118aebde0b11	0e85698c9a59aa448d50d7876e60648df9f3fdb024ed716a9457118aebde0b11	0	true	true	2026-10-07T07:30:01+00:00	4f7371e11cabc8bf2b052806f95a43ed428655a697db111de89dd892908eaf51	全文及未改动输出复核：电影化男女友谊、Donald童年飞机游戏及离别、Jessica海泳、性别表达困惑和研究释然六段各有中心；游戏和海泳中的多轮短引语嵌入连续叙事，保留自然段。
836	public/college-english/lessons/rw1/rw1-u05-c.json	college-english	rw1-u05-c	Picture this: Friends forever	passed_unchanged	d4d4803112049a5c9bb51ad804956a09bd9c4ef51379725314fbfafed8630cbd	d4d4803112049a5c9bb51ad804956a09bd9c4ef51379725314fbfafed8630cbd	0	true	true	2026-10-07T07:30:01+00:00	a0d203e51dd3fe005beaa8ef79f2b0631774c10e3a06904db243c7cd8cb8dfa4	全文及未改动输出复核：年度合影总起、年度坚持、同窗、离别缘起、1977首照、轮流组织、照相馆见证、纪录认证八段清楚；引语和上下文完整相连。
837	public/college-english/lessons/rw1/rw1-u06-a.json	college-english	rw1-u06-a	Cliff Young, an extraordinary runner	passed_unchanged	b31d5eb074f7ee5b93da1a945a3ac045b73985fbb84b4a9f0d13e37ffd09df58	b31d5eb074f7ee5b93da1a945a3ac045b73985fbb84b4a9f0d13e37ffd09df58	0	true	true	2026-10-07T07:30:01+00:00	b9670064743fdbed0c8b0883b959d585ec57847d691a434bc3231bab908a544c	全文及未改动输出复核：赛制、Cliff出场、记者提问及回答、起跑、追赶、夺冠、捐奖金、晚年和精神总结完整；记者与Cliff三轮独立对话保留，长比赛叙述段无机械断句。
838	public/college-english/lessons/rw1/rw1-u06-b.json	college-english	rw1-u06-b	Shaping young lives with sports	passed_unchanged	5b86f2c3e882eac53d1425a7719a4a7b71018bc323194e55900ff16ed8932e50	5b86f2c3e882eac53d1425a7719a4a7b71018bc323194e55900ff16ed8932e50	0	true	true	2026-10-07T07:30:02+00:00	2944564f197ca03e73e3c54c1964d0e26a2e4212fcceaf2aeaf5d43bd089d4ca	全文及未改动输出复核：青少年身心、团队技能、经验学习、天赋、勤奋、过度争胜风险和全面收益七段自然；柠檬蜂蜜比喻及两处体育格言均与所在论证同段合理。
839	public/college-english/lessons/rw1/rw1-u06-c.json	college-english	rw1-u06-c	Lessons China can teach us about fitness	passed_unchanged	dcd65dc5fa2d3c03c0fa3b18c4864b6269829addbfa0b19d3fecfdac5daed484	dcd65dc5fa2d3c03c0fa3b18c4864b6269829addbfa0b19d3fecfdac5daed484	3	true	true	2026-10-07T07:30:02+00:00	3e66990bdf859be69e5a33eefa2c866bbbe64f61a92d1a05059ed2763e7c6620	全文及未改动输出复核：美国健身对比后，四个独立小标题依次讲太极、集体、踢毽趣味和器材；现有paragraph类型虽用于小标题，边界正确，保留各自独立，不并入正文。
840	public/college-english/lessons/rw2/rw2-u01-a.json	college-english	rw2-u01-a	An impressive English lesson	passed_unchanged	61644b4cbd7730ba8435616e21ab85eed8eb1b39ae2577090cba2c396b501848	61644b4cbd7730ba8435616e21ab85eed8eb1b39ae2577090cba2c396b501848	0	true	true	2026-10-07T07:30:02+00:00	412fb3860f56047877d8c7f6a1c1e0ca43e3c600bf8942eb5178911fc5ea082e	全文及未改动输出复核：语言衰退例子、学校责任、开车教词性、地图汽车比喻、早餐虚拟语气对话层次完整；尾部三轮对话及whoa独立收束保留，语法例句不拆碎。
841	public/college-english/lessons/rw2/rw2-u01-b.json	college-english	rw2-u01-b	The great journey of learning	passed_unchanged	9bdb36e3887e5b556f972320ccd85963ebd653f242b16f71add77a8e9bb97423	9bdb36e3887e5b556f972320ccd85963ebd653f242b16f71add77a8e9bb97423	0	true	true	2026-10-07T07:30:03+00:00	7f6e34e4685e135856cdde12a3dcde40d1d08b7aa6d79abf0bb925dce3159e25	全文及未改动输出复核：Malcolm X生平、表达困难、读书障碍、求字典、抄写朗读、次日感受、持续积累、阅读自由、采访和总结十段连贯；词根例证和引语随叙述原段保留。
842	public/college-english/lessons/rw2/rw2-u01-c.json	college-english	rw2-u01-c	What challenges learners of Chinese?	passed_unchanged	c0be75883c3b192c6b3b367bb3f780659bf655dd67ae3ae87b2ad5c524af8ed8	c0be75883c3b192c6b3b367bb3f780659bf655dd67ae3ae87b2ad5c524af8ed8	0	true	true	2026-10-07T07:30:03+00:00	9da836c93b50a767600becdec3bafd0bb944270545d02810371d7cdc1b811925	全文及未改动输出复核：来华学习总起、声调睡觉水饺、表意文字、量词、学习乐趣和展望六段明确；汉字拼音及英文释义留在例子同段，未误作跨段译文。
843	public/college-english/lessons/rw2/rw2-u02-a.json	college-english	rw2-u02-a	The road to my major	passed_unchanged	d551f951e405b35d5c64572b1bdf42c0adf95c2e7ef4b29a0993296baf268d6a	d551f951e405b35d5c64572b1bdf42c0adf95c2e7ef4b29a0993296baf268d6a	0	true	true	2026-10-07T07:30:03+00:00	1701de5cdb9c964b461f4b98e27f1ca7f0adcdabb8b118b948b2705c327b8009	全文及未改动输出复核：三只熊粥喻贯穿工程、平面设计、新闻专业三个尝试；父亲电话点醒、写作能力回顾、新闻专业综合优势和结局自然分段，保留十段。
844	public/college-english/lessons/rw2/rw2-u02-b.json	college-english	rw2-u02-b	The humanities: out of date?	passed_unchanged	aa28488ac5c503ef40b9f30a98fe76e0f79215bf068592f8ef3280be327993b2	aa28488ac5c503ef40b9f30a98fe76e0f79215bf068592f8ef3280be327993b2	0	true	true	2026-10-07T07:30:04+00:00	0dc295b80753ef772371922978c06c86261e899a35ef5a4a4ba87a79c6217020	全文及未改动输出复核：就业压力、人文学科衰落、内在驱动力、文明艺术、读写、创造力、职业范围、技术结合、价值总结十段完整，Sally Ride与李小龙例证同段合理。
845	public/college-english/lessons/rw2/rw2-u02-c.json	college-english	rw2-u02-c	From a security guard to a university teacher	passed_unchanged	56dfb7879f2b7d29e48cfbaf168bb5e5a6a8ccc35d9fe9e4cd0d58af8699ad87	56dfb7879f2b7d29e48cfbaf168bb5e5a6a8ccc35d9fe9e4cd0d58af8699ad87	0	true	true	2026-10-07T07:30:04+00:00	2beea637ecab49f62200f326aa5f03ff53eaf17ae95a27229befcc60de5a840f	全文及未改动输出复核：李明勇人生概述、辍学、养鸭还债、保安返学、本科、硕士、博士、坚持总结八段按阶段展开；成绩学历与工作转折无机械换行。
846	public/college-english/lessons/rw2/rw2-u03-a.json	college-english	rw2-u03-a	The young generation – the future of China	passed_unchanged	9fa1d4c237fc3226c862e58a6ee69756d54c8ba6f81e183c84f5cbce1d04f573	9fa1d4c237fc3226c862e58a6ee69756d54c8ba6f81e183c84f5cbce1d04f573	0	true	true	2026-10-07T07:30:04+00:00	57734b76d24f2af6a88c58e7821c0d497bf839ff4625f3a09cd13dac19dc3237	全文及未改动输出复核：即时通信应用、年轻创造者、创业热情、Shake团队创造、弹性工时、志向、未来影响七段中心完整；口号和操作例子随论述段保留。
847	public/college-english/lessons/rw2/rw2-u03-b.json	college-english	rw2-u03-b	Understanding the young generation	passed_unchanged	2b901f61485f8b59821dbcc422958bfbac37f1be82564cd7f4436b3f74d9fbc5	2b901f61485f8b59821dbcc422958bfbac37f1be82564cd7f4436b3f74d9fbc5	0	true	true	2026-10-07T07:30:04+00:00	134ad54055b94c4d521948aaef53f205a97e54960aea2983ec092dfe250aa183	全文及未改动输出复核：耐心、沟通、理解三主题以女孩烧引火柴、聚餐多领主菜、年龄冲突展开，例子和解释分别成自然段；十二段论证连贯无续句碎段。
848	public/college-english/lessons/rw2/rw2-u03-c.json	college-english	rw2-u03-c	Aiming to bring agriculture online	passed_unchanged	49b21dfaf2f19f120aa8a268c7965ae8b4856b41cb55e000bbf5799e1e228161	49b21dfaf2f19f120aa8a268c7965ae8b4856b41cb55e000bbf5799e1e228161	0	true	true	2026-10-07T07:30:05+00:00	abf48be5286227e0db1e3ed767efc38f0b90fe0dcf9cd41507944186bd98954f	全文及未改动输出复核：95后创业者背景、采访印象、咖啡屋启发、农业直供业务、摄像透明生产、品牌志向六段完整；括号词注与采访引语保持原有对应。
849	public/college-english/lessons/rw2/rw2-u04-a.json	college-english	rw2-u04-a	Huang Danian, a strategic scientist	passed_unchanged	08fca41d6e52bd66c18b825e2485cdd4f8e4688bee0c0322c083a5c2027219f5	08fca41d6e52bd66c18b825e2485cdd4f8e4688bee0c0322c083a5c2027219f5	0	true	true	2026-10-07T07:30:05+00:00	07dde27eeb6884c8e7afce1446a5aa35569e950b721caae6d8587e79a2656d92	全文及未改动输出复核：电影引入、黄大年求学、英国经历、归国、项目任务、勤奋、lunatic自许、成果、患病、离世、抉择、爱国结语十二段清楚；长引语与人物叙事未硬拆。
850	public/college-english/lessons/rw2/rw2-u04-b.json	college-english	rw2-u04-b	Journey through the odyssey years	passed_unchanged	041141c64e73dbce30809a290a1116c5c42da5b691ca4ec06b67415b55074640	041141c64e73dbce30809a290a1116c5c42da5b691ca4ec06b67415b55074640	0	true	true	2026-10-07T07:30:05+00:00	bcbac1140cf993a9e95e4c41d94af0f122402c65f24e5ea70b56aceeac4fde48	全文及未改动输出复核：人生阶段旧观、新奥德赛阶段、稳定观变化、青年压力、父母焦虑、性别与婚恋、全球趋势和坚持建议十一段合理；第二段短转折承担总领功能，应独立。
851	public/college-english/lessons/rw2/rw2-u04-c.json	college-english	rw2-u04-c	The May Fourth spirit alive in China	passed_unchanged	694e4abdafc0e655b04e751cb6e31c6e617791389ca323380456559d119444bd	694e4abdafc0e655b04e751cb6e31c6e617791389ca323380456559d119444bd	0	true	true	2026-10-07T07:30:06+00:00	eacfa2583707df39a56971fcee2a85b1141afedf0ea54fefc3d8d3bcd4cd0cfb	全文及未改动输出复核：五四历史、当代青年标签、抗疫责任、志愿抗震、乡村支教、精神传承六段清楚；史实说明与内嵌词注保留，不改字或重排。
852	public/college-english/lessons/rw2/rw2-u05-a.json	college-english	rw2-u05-a	Spend or save – the student’s dilemma	passed_unchanged	49e54bcba48f1e6d53492fbffb94fc8e0ad5bdebdbe9783b59f2cd8d160a057f	49e54bcba48f1e6d53492fbffb94fc8e0ad5bdebdbe9783b59f2cd8d160a057f	0	true	true	2026-10-07T07:30:06+00:00	2fe6c42a7d3f562e0898d176a8f6065c31852a12d4fec1ed285d42be8990edcc	全文及未改动输出复核：储蓄消费矛盾、信用卡邮件、节制与广告、心理影响、学生财务和求助建议九段完整；广告长引语为论据，与上下文保持同段。
853	public/college-english/lessons/rw2/rw2-u05-b.json	college-english	rw2-u05-b	A $3,000 dictionary	passed_unchanged	05c1d0e88741f94615a4fca165b337710b5414ce2f551e0ec8affc992c3ab17a	05c1d0e88741f94615a4fca165b337710b5414ce2f551e0ec8affc992c3ab17a	0	true	true	2026-10-07T07:30:06+00:00	1fbdca66b947a9c6be131140c700c60bf8b7279ae41432600fdb1d4d8aa55e95	全文及未改动输出复核：免费字典诱惑、获卡、消费膨胀、失业、羞愧、社交退缩、向母亲坦白、普遍问题、制度建议十段连续，债务转折没有碎裂。
854	public/college-english/lessons/rw2/rw2-u05-c.json	college-english	rw2-u05-c	Project Hope	passed_unchanged	d347c10c5be26ab7fc9b03d3b30eea334da305232b718bec84772aae6efa74dc	d347c10c5be26ab7fc9b03d3b30eea334da305232b718bec84772aae6efa74dc	0	true	true	2026-10-07T07:30:07+00:00	4b386ae6e17c172a572f0f2ff5c832f6cba8adf45846e125af4d04f2acfae3be	全文及未改动输出复核：希望工程宗旨、支持项目、覆盖比例、金寨首校捐赠、孙老师教学、余老师回忆、义务教育投入七段完整；长回忆引语保留独立段。
855	public/college-english/lessons/rw2/rw2-u06-a.json	college-english	rw2-u06-a	Door closer, are you?	passed_unchanged	7801043e64c2e0f8377f3c8032bd4ede432cf06bf3a9f9914cf2fc9121784496	7801043e64c2e0f8377f3c8032bd4ede432cf06bf3a9f9914cf2fc9121784496	0	true	true	2026-10-07T07:30:07+00:00	050415ec30b2c733b85e84de1381db0fdb2382dfa5dfc85365b5f09f61d20e1e	全文及未改动输出复核：项羽破釜沉舟、MIT三门实验、点击规则、舍不得关门心理、生活机会成本、减少选项建议和结尾设问十三段自然；实验说明不按句拆分。
856	public/college-english/lessons/rw2/rw2-u06-b.json	college-english	rw2-u06-b	When enough is enough	passed_unchanged	fa04e234095002be16117f6c1df43f8338f6eeb9e94b2b687822c4910c6d057d	fa04e234095002be16117f6c1df43f8338f6eeb9e94b2b687822c4910c6d057d	0	true	true	2026-10-07T07:30:07+00:00	c9847b71b120e8a400141a684328450979162602fce3c7e74e77f76d42c054a4	全文及未改动输出复核：买牛仔裤的顾客与店员对话独立，继而选项膨胀、幸福下降、最大化者、压力、老子引言和大学建议逐层推进；保留十六段。
857	public/college-english/lessons/rw2/rw2-u06-c.json	college-english	rw2-u06-c	A boom in shopping malls	passed_unchanged	df2ee7e86dff616e3eaf6d1f7f149f9e31dd83bb49a25e8881513e59a3270261	df2ee7e86dff616e3eaf6d1f7f149f9e31dd83bb49a25e8881513e59a3270261	0	true	true	2026-10-07T07:30:08+00:00	3a7ceab60c09804fce9a3c0e7e2ecd1b8ef1fba405fc4ad0c39c1f4132f59933	全文及未改动输出复核：购物中心增长、线上线下衔接、生鲜经营、促销工具、儿童娱乐、创新前景六段；儿童娱乐短段语义完整，不并入促销例举。
858	public/college-english/lessons/rw3/rw3-u01-a.json	college-english	rw3-u01-a	Connection or conversation	passed_unchanged	7bf5231044fd7f0165884d8ef19a39338859a17b33ad91fd66d4432f0f4872d7	7bf5231044fd7f0165884d8ef19a39338859a17b33ad91fd66d4432f0f4872d7	0	true	true	2026-10-07T07:30:08+00:00	bf24b3122c1df758a2c975fbada6a3fbdde112742781bb8bb44f3a96c2f309df	全文及未改动输出复核：家庭离线日、在线孤岛、律师办公室、连接幻觉、碎片与交谈、耐心、自省、家庭职场建议、回归对话十二段逻辑完整。
859	public/college-english/lessons/rw3/rw3-u01-b.json	college-english	rw3-u01-b	Living in the digital world	passed_unchanged	ea4a4b2387ac898c19dc9e5e6020affd6ebe58501664dd59766bb4f5df826642	ea4a4b2387ac898c19dc9e5e6020affd6ebe58501664dd59766bb4f5df826642	0	true	true	2026-10-07T07:30:08+00:00	4362bace42a037a5a8a8caa0fbc98c42d4ce722ad6ed8607e6149f5bd0fcdb92	全文及未改动输出复核：数字革命总起后按教学、儿童、家庭、职场、旅游、日常事务、社交和未来分为九段；排比While句保留同一日常事务段。
860	public/college-english/lessons/rw3/rw3-u01-c.json	college-english	rw3-u01-c	A smartphone is all you need	passed_unchanged	00db6baa244b30e9528cb2f5f1df90e39c26d9301276434208286f29ec392c00	00db6baa244b30e9528cb2f5f1df90e39c26d9301276434208286f29ec392c00	0	true	true	2026-10-07T07:30:09+00:00	25bf569820f27a7a68ae11ed483d3dd37a867a2d5aa9c84b1bf1faf0cba8df07	全文及未改动输出复核：北京无钱包体验依早餐、超市、交通、商店优惠、缴费理财和总结展开；短转场与招牌引语完整独立，保留八段。
861	public/college-english/lessons/rw3/rw3-u02-a.json	college-english	rw3-u02-a	Zheng He, the great ancient Chinese explorer	passed_unchanged	93ce111f62bdabb6b88d6f88c5322df8bf8fddf3e8f7989ce307504362b66295	93ce111f62bdabb6b88d6f88c5322df8bf8fddf3e8f7989ce307504362b66295	0	true	true	2026-10-07T07:30:09+00:00	32f4e335736625b9b0ac4ce3b3a313b1c95db49effc6983d9ce7419325252718	全文及未改动输出复核：Pate后裔线索、船队规模、七航概述、郑和生平、船体技术、贸易外交、第七次远航、海军收缩、贡献和历史评价十一段完整；长引入未强行拆句。
862	public/college-english/lessons/rw3/rw3-u02-b.json	college-english	rw3-u02-b	Audrey Hepburn – a true angel in this world	passed_unchanged	047ff0cfcc287cf8c93fe8e01c459f3c1b078ed37b931f8729541121e33aacc6	047ff0cfcc287cf8c93fe8e01c459f3c1b078ed37b931f8729541121e33aacc6	0	true	true	2026-10-07T07:32:12+00:00	982ddb312e5e0ca0eee3d2ad46cd46f244ba97f65ae00b33953423f13734c271	全文及未改动输出复核：赫本电影、母亲与慈善角色、战时童年、成名、家庭、UNICEF使命、癌症及精神遗产十五段完整；末段格言为同一遗产主题，不拆为逐句段。
863	public/college-english/lessons/rw3/rw3-u02-c.json	college-english	rw3-u02-c	Mei Lanfang – a Peking Opera legend	passed_unchanged	c2e2aa07c222b8e48047e7e7438dc28e1206e600e4ff84a106d4190435e0ae98	c2e2aa07c222b8e48047e7e7438dc28e1206e600e4ff84a106d4190435e0ae98	0	true	true	2026-10-07T07:32:12+00:00	3dfba7c59c330670a8f51220a6f9d37cf4313de1e389e748abc06c192ef886a7	全文及未改动输出复核：梅兰芳身份、幼年学戏、京剧盛期、四大名旦、改革交流、抗战蓄须六段；作品中文名与dan释义相连，保留各自然段。
864	public/college-english/lessons/rw3/rw3-u03-a.json	college-english	rw3-u03-a	The surprising purpose of travel	passed_unchanged	9ee11634192cf6acdf892345efd6e9af8eb9ec27439e6b537b132c3cbb579357	9ee11634192cf6acdf892345efd6e9af8eb9ec27439e6b537b132c3cbb579357	0	true	true	2026-10-07T07:32:12+00:00	a067b893ef6d26133d2ec33c1830e9975c414fb19f27d70d243604fea072d44c	全文及未改动输出复核：赶机受挫、旅行必要与自愿、创造性目的、熟悉与距离、保加利亚点头例子、文化差异、回家变化九段完整；Because排比属于同段论证不机械拆句。
865	public/college-english/lessons/rw3/rw3-u03-b.json	college-english	rw3-u03-b	Traveling solo – a blessing overall!	passed_unchanged	789ff70c101304079eded2e5bef46be8ab45d182cbb4a2c15859917f05057977	789ff70c101304079eded2e5bef46be8ab45d182cbb4a2c15859917f05057977	0	true	true	2026-10-07T07:32:12+00:00	68ab938168b5ca62ecbe1de7f137c18b71a787dc019171206f4ce82e66cb661b	全文及未改动输出复核：赴华愿望、出行困难、缺同伴、独行选择、他人反应、助人经历、风险、交往机会、谨慎和鼓励十四段完整，各地经历按上下文保留。
866	public/college-english/lessons/rw3/rw3-u03-c.json	college-english	rw3-u03-c	Touring the world after 60	passed_unchanged	9b7d0d694eb8d29a9353219308061fda0c4761e54b98947aa6e59d9b5311bc75	9b7d0d694eb8d29a9353219308061fda0c4761e54b98947aa6e59d9b5311bc75	0	true	true	2026-10-07T07:32:12+00:00	bce1531b4909d3f512a581b427c4068d46ee20230d411151bada59d31ae134f3	全文及未改动输出复核：退休夫妇环球足迹、退休决定、虎跳峡启发、欧洲首旅、半年旅行习惯及社会背景六段；长旅行感言和引述语同段连续。
867	public/college-english/lessons/rw3/rw3-u04-a.json	college-english	rw3-u04-a	Will you be a worker or a laborer?	passed_unchanged	6b6dde58ef4ca3a8340be61b0f9d72f3fc91d6d3df42af1d6f2872a6b4aba585	6b6dde58ef4ca3a8340be61b0f9d72f3fc91d6d3df42af1d6f2872a6b4aba585	0	true	true	2026-10-07T07:32:13+00:00	15657fa0b87e673ed05153bc67f5181429f96fbc0cee56d656e0cb5dbc591ea2	全文及未改动输出复核：幸福前提、labor/play/work定义、休闲态度、满足感、自动化、终身学习、态度与选择九段对比清晰；园丁市长例证和排比未拆碎。
868	public/college-english/lessons/rw3/rw3-u04-b.json	college-english	rw3-u04-b	The joy of a prideful tradition	passed_unchanged	65a5a3a1eeb6e16fd62cc442996218cbbb086254839b27d903205398e56d89f3	65a5a3a1eeb6e16fd62cc442996218cbbb086254839b27d903205398e56d89f3	0	true	true	2026-10-07T07:32:13+00:00	5e72ad358be3bf5f9a3a4c543ff58f3fa3e5b06b56d1517848c802f807727a0b	全文及未改动输出复核：初识鞋匠、催促与传统对话、友谊、邻里形象、油漆工抱怨、传承回答、死亡和遗训十九段自然；问答轮次及叙事短段完整保留。
869	public/college-english/lessons/rw3/rw3-u04-c.json	college-english	rw3-u04-c	Glassware on fire	passed_unchanged	7d2643054cd7939b4aff81a3088673a8236ad5fc4973ec7a3fb2d7dfd32f4532	7d2643054cd7939b4aff81a3088673a8236ad5fc4973ec7a3fb2d7dfd32f4532	0	true	true	2026-10-07T07:32:13+00:00	32ca32ce2f244d44cec0ea0b6540bfcc7e54546c4db4b5e36f7c1bbdff505e1f	全文及未改动输出复核：邢兰香入行、拜师与技术、工厂盛期、传承困难、推广玻璃艺术五段完整；学徒/全盛时期等中文词注仍在词后。
870	public/college-english/lessons/rw3/rw3-u05-a.json	college-english	rw3-u05-a	No limit for China’s astronauts in their space exploration endeavors	passed_unchanged	1ba7732650be7583c522bf707c8ee2900d5a7058bd7ac5fc5210f7f491591670	1ba7732650be7583c522bf707c8ee2900d5a7058bd7ac5fc5210f7f491591670	0	true	true	2026-10-07T07:32:13+00:00	c56cf24d8a37a4114a4c898f4b07432468c8f067109bea22cf3561428c650537	全文及未改动输出复核：神舟十二里程碑、选拔、杨利伟、任务成就、训练、课程、体能、险情、宇宙感受、奖章、青年激励和未来十二段；任务引语没有续行断裂。
871	public/college-english/lessons/rw3/rw3-u05-b.json	college-english	rw3-u05-b	Chang’e-4 kicked off a new space odyssey	passed_unchanged	b74a0bcd94a21d3cb9f30a8f0c14e6a00cb5e56b99b89381e05abe39cdfad633	b74a0bcd94a21d3cb9f30a8f0c14e6a00cb5e56b99b89381e05abe39cdfad633	0	true	true	2026-10-07T07:32:14+00:00	1bda922c42417b9de5ea7d2ea214732549ffca32ee8f8c7e640c0a3483707841	全文及未改动输出复核：月背着陆、月亮吸引、地月历史、早期任务、探月竞赛、中国规划、嫦娥成果、鹊桥、合作、生物圈、未来和启发十二段清晰；技术名与解释同段保留。
872	public/college-english/lessons/rw3/rw3-u05-c.json	college-english	rw3-u05-c	China aims for peaceful use of space exploration	passed_unchanged	e0510c2282567aae559de46c9a412460ed90cd54ed4bd39187023e5a4a541e5d	e0510c2282567aae559de46c9a412460ed90cd54ed4bd39187023e5a4a541e5d	0	true	true	2026-10-07T07:32:14+00:00	80d48d54db19f96e3e3973ccd159dcc0b9a0564797c697ccb615ff037e8923a2	全文及未改动输出复核：探月火星与空间站成果、和平愿景、太空资源、民用改变、未来科研与合作六段完整；短未来科研段为概括，不与相邻主题强并。
873	public/college-english/lessons/rw3/rw3-u06-a.json	college-english	rw3-u06-a	Surviving an economic crisis	passed_unchanged	d132890885f3ea406beec5816e9121c26529c78f99aa595f27d446bdd31b3f90	d132890885f3ea406beec5816e9121c26529c78f99aa595f27d446bdd31b3f90	0	true	true	2026-10-07T07:32:14+00:00	493f42bcd15abadeb6fd5e120e855016711a48f0a23b3a5a596ccbfaff4a6bde	全文及未改动输出复核：危机背景与Sue失业、搬离、99ers、福利终止、过去工作、求职、朋友帮助、返乡、旅馆困境和300美元结尾十七段清楚；独立自述与生活叙事保留。
874	public/college-english/lessons/rw3/rw3-u06-b.json	college-english	rw3-u06-b	Economic bubbles: causes and conditions	passed_unchanged	b251283b6dfe196fb18a499d9600f45400ed0525ff94491a2bbddaf74348f241	b251283b6dfe196fb18a499d9600f45400ed0525ff94491a2bbddaf74348f241	0	true	true	2026-10-07T07:32:14+00:00	816d81860a43dd4569d9d1d5c76576da06e047c57b2ede637d94f22ea90e36a3	全文及未改动输出复核：泡沫定义、正负反馈、郁金香、房屋净值案例、股市、互联网泡沫、玩具收藏八段完整；计算金额例证与推演同段，不拆为逐句。
875	public/college-english/lessons/rw3/rw3-u06-c.json	college-english	rw3-u06-c	The sharing economy turns a new page with books	passed_unchanged	abd583ef56ab5d4a5194ea0d1b10ea77b2b9ccfeaa426431c716014eb93ab5b1	abd583ef56ab5d4a5194ea0d1b10ea77b2b9ccfeaa426431c716014eb93ab5b1	0	true	true	2026-10-07T07:32:15+00:00	93f675ce5ee0520b5930ef8e5b4adc4c653a50db8455e73afc01b3a14a1bb503	全文及未改动输出复核：共享书店、合肥案例、银行、读者支持、阅读调查、定义问题、押金质疑、流动书摊比较、开放总结九段完整，保留多方观点边界。
876	public/college-english/lessons/rw4/rw4-u01-a.json	college-english	rw4-u01-a	From urbanization to smart cities	passed_unchanged	bc7419ef5c20611148f7fd6ce59608a1247f793be28db5e04845f9446eeacf2f	bc7419ef5c20611148f7fd6ce59608a1247f793be28db5e04845f9446eeacf2f	0	true	true	2026-10-07T07:32:15+00:00	143619b072f2b069fe4865b042233c41474df2f10a765d1735eace8e0bd7dcd3	全文及未改动输出复核：城市化、传统局限、智慧城市定义、居民视角、增长与技术因素、功能、假设、火灾实例、目标、中国投入及城市实例十二段完整。
877	public/college-english/lessons/rw4/rw4-u01-b.json	college-english	rw4-u01-b	Embrace the trend of deurbanization	passed_unchanged	b9dd110bdb55f6c4b149ea4a34f0497605c4b51c33cc621767179bf219d4b28b	b9dd110bdb55f6c4b149ea4a34f0497605c4b51c33cc621767179bf219d4b28b	0	true	true	2026-10-07T07:32:15+00:00	830f2b98ba801208cc99c4ee48aeb4c60591930bdf7bdaffe931ee18c071d1ab	全文及未改动输出复核：逆城市化主张、城市邻近优势、工业革命、远程与分散供给、通信、自动化、生活压力、热岛、萎缩城市、反问和结语十二段逻辑清晰。
878	public/college-english/lessons/rw4/rw4-u01-c.json	college-english	rw4-u01-c	Limited space, unlimited growth	passed_unchanged	d7d5444bd8efb8103abc9e01ddcdde9b6502d277c624570cebdc34399b51e180	d7d5444bd8efb8103abc9e01ddcdde9b6502d277c624570cebdc34399b51e180	0	true	true	2026-10-07T07:32:15+00:00	352ecc890d8be6e74f5b1d328bd73b06678db52274bf67fd064e364f492b03af	全文及未改动输出复核：杭州景观工业、数字产业、扫码生活、钱塘江基础设施、智慧管理、井盖、居家养老、官员总结八段；每个实例语义完整且中文词注贴合。
879	public/college-english/lessons/rw4/rw4-u02-a.json	college-english	rw4-u02-a	Making the choice to be truly beautiful	passed_unchanged	ef507deff5412dbb460c5810ba6175cacc631fed79876663083cd804fad9bda2	ef507deff5412dbb460c5810ba6175cacc631fed79876663083cd804fad9bda2	0	true	true	2026-10-07T07:32:16+00:00	05387a4de24868edc0f448939637fe8b4fc10817db7183e4f25fc464c9b7b647	全文及未改动输出复核：外貌追求、内在美、丈夫、心理咨询、消费误区、感受与关系、共同成长、可见精神、选择及未来十二段自然；情感叙事和长排比保留完整段。
880	public/college-english/lessons/rw4/rw4-u02-b.json	college-english	rw4-u02-b	The exploration of beauty	passed_unchanged	3871b5262ae563a33d1f5886d43439f0399a659f3a6b17ec7b8f16350339cf6a	3871b5262ae563a33d1f5886d43439f0399a659f3a6b17ec7b8f16350339cf6a	0	true	true	2026-10-07T07:32:16+00:00	13595169681087d4c7c20917d4874e99081709b7d0080fe059e5ff7a6e8219d9	全文及未改动输出复核：花卉摄影、微距视角、朋友疑问、感知过滤、心态、感恩、理解、观察、生命奇迹与探索结语十段完整；内嵌问句没有错切成碎段。
881	public/college-english/lessons/rw4/rw4-u02-c.json	college-english	rw4-u02-c	A beautiful heart that has made a difference	passed_unchanged	034ab15778114ea6c7d2217298ae0f81ed168f75729b2591763a76aa936a627a	034ab15778114ea6c7d2217298ae0f81ed168f75729b2591763a76aa936a627a	0	true	true	2026-10-07T07:32:16+00:00	c3770fc1c34ebc2e2d80d67c73cca3da494d2ea0fb57c6faa631a2a0663021bd	全文及未改动输出复核：马军返乡、学校环境、摔跤梦想受伤、任教选择、教师母亲角色、课程改革、演出、学校成长八段按事迹推进，无异常边界。
882	public/college-english/lessons/rw4/rw4-u03-a.json	college-english	rw4-u03-a	China’s new wave of young innovators	passed_unchanged	2304dc43d0c6d9b099698ddcd3881d365739d09deecde139e79637f5542e5d40	2304dc43d0c6d9b099698ddcd3881d365739d09deecde139e79637f5542e5d40	0	true	true	2026-10-07T07:32:17+00:00	d8980484c15c3994ffcd365755253930e5b54b5ffffcca538cc6513e98917a18	全文及未改动输出复核：新车间工作坊、创客起源、政府支持、深圳Seeed、创始人解释、创新社群、黑客松、北京创客、资金与草根关系十四段自然；连续引语各按主题成段。
883	public/college-english/lessons/rw4/rw4-u03-b.json	college-english	rw4-u03-b	Culture makes the business world go round	passed_unchanged	54b844f9d6dfdc79738b82a4b7956a6ef43afbdf49087de07867f8cb06acf9b7	54b844f9d6dfdc79738b82a4b7956a6ef43afbdf49087de07867f8cb06acf9b7	0	true	true	2026-10-07T07:32:17+00:00	4d4e79dd0ecfe39d2b6ede52114d8483252422b44ed16374cd72b3ab2e5da023	全文及未改动输出复核：文化商业影响，以Kevin阿联酋建立关系失败和Ann新加坡当众批评两案例论述关系与面子；案例经过、分析、建议边界清楚，保留十四段。
884	public/college-english/lessons/rw4/rw4-u03-c.json	college-english	rw4-u03-c	The rise of modern entrepreneurship in China	passed_unchanged	3cd7551de18e43a082279311eebc17c080fd288c75a4c1c29fd5795843550cfc	3cd7551de18e43a082279311eebc17c080fd288c75a4c1c29fd5795843550cfc	0	true	true	2026-10-07T07:32:17+00:00	8ead5c1ba0c3b18d44e1f277d23aae2187a6a400f062e467efe9b19682a45e8f	全文及未改动输出复核：中国创业概述、八九十年代浪潮、互联网创业、90后00后试错、时代活力五段分期清晰；行业列举属于互联网段内延伸。
885	public/college-english/lessons/rw4/rw4-u04-a.json	college-english	rw4-u04-a	Save the earth, save life	passed_unchanged	d776c3d227e554dcd6be614d5cc998d3d7fbc5569ee9ae1c805095bc5625cd91	d776c3d227e554dcd6be614d5cc998d3d7fbc5569ee9ae1c805095bc5625cd91	0	true	true	2026-10-07T07:32:18+00:00	1ea222a4e06dd830d0a80780e66377acfa4303ca060d9057def065588a83f69f	全文及未改动输出复核：环境日、生物多样性、资源破坏、排放、生态后果、行动、国家政策、保护区、回收、利益冲突、可行性与承诺十二段完整。
886	public/college-english/lessons/rw4/rw4-u04-b.json	college-english	rw4-u04-b	What nature is telling you	passed_unchanged	76b2a640059fa79b82fb24c1b8e20f3f1d5317430e278f35dc57a968a4dc3084	76b2a640059fa79b82fb24c1b8e20f3f1d5317430e278f35dc57a968a4dc3084	0	true	true	2026-10-07T07:32:18+00:00	d40dc9ceeba7192e5a967ba3f01452fda894be615ab0e3f7454481297c7a0ae2	全文及未改动输出复核：草原体验、倾听空气、自然污染、动物驯化、鸡笼、人类自我改变、家庭禁令、户外感官、除菌执念、恐惧和笼居十一段；长禁令引语保持一段例证。
887	public/college-english/lessons/rw4/rw4-u04-c.json	college-english	rw4-u04-c	A green finish line	passed_unchanged	e06d63ab4efd68169936b3a1e41fd0a2702f1dfba779f2b3ae5359c5c5235547	e06d63ab4efd68169936b3a1e41fd0a2702f1dfba779f2b3ae5359c5c5235547	0	true	true	2026-10-07T07:32:18+00:00	da9213586f818dbdcb4700b211ab546977a02646b10269aa7f83d48dc01e44d2	全文及未改动输出复核：王文彪与库布齐、盐厂、运输、道路被沙吞、甘草模式、农民收益、产业与获奖八段逻辑完整；植物土壤解释未断句。
888	public/college-english/lessons/rw4/rw4-u05-a.json	college-english	rw4-u05-a	A meaningful life	passed_unchanged	491c76c0107e5a1636512828797321a2b2d860a96f8abc09606705f784cce4e0	491c76c0107e5a1636512828797321a2b2d860a96f8abc09606705f784cce4e0	0	true	true	2026-10-07T07:32:18+00:00	0e528aff196e121e6d51338451be0143db08d3324aca017cc3568e454d7b0eaa	全文及未改动输出复核：Spira逝世引入、课堂相识、动物实验运动、化妆品行动、策略、个人力量疑问、实践、传记邀请、癌症、乐观、完成出版、意义反思十三段完整。
889	public/college-english/lessons/rw4/rw4-u05-b.json	college-english	rw4-u05-b	A turning point in my life	passed_unchanged	e1e99be04e54c61cfbf5b756ef214b0aac750d2ce7135e09580c887314ecdf0b	e1e99be04e54c61cfbf5b756ef214b0aac750d2ce7135e09580c887314ecdf0b	0	true	true	2026-10-07T07:32:19+00:00	7646ef26d1a7c8508ec113829cd38624afca521bdf119db0350bff87c3299aa1	全文及未改动输出复核：消防员为叶芝爱尔兰身份辩护、写信、投稿经历、发表反响、采访成书、激情解释、子女选择与建议十四段清楚；结尾回扣独立短段合理。
890	public/college-english/lessons/rw4/rw4-u05-c.json	college-english	rw4-u05-c	Passion and dedication have propelled China’s space science to new heights	passed_unchanged	0017ceec086d81c7bacb4ed64edcb39eb44d41b16c3171b9974140d22449ddfe	0017ceec086d81c7bacb4ed64edcb39eb44d41b16c3171b9974140d22449ddfe	0	true	true	2026-10-07T07:32:19+00:00	b811ecf2847087012834fb862527dfde841958e577702bad1bc83d0751ef4304	全文及未改动输出复核：温博四张照片、嫦娥四号月背、张熇感言、研发测试、不可修复性、艰苦试验、家庭牺牲和奉献九段自然；着陆器巡视器词注与技术描述连续。
891	public/college-english/lessons/rw4/rw4-u06-a.json	college-english	rw4-u06-a	The coming energy crisis	passed_unchanged	29d1365331ed20ef4e1763b2dfe9af292bbf1df9d751a4388ef5f22bf39e5cb9	29d1365331ed20ef4e1763b2dfe9af292bbf1df9d751a4388ef5f22bf39e5cb9	0	true	true	2026-10-07T07:32:19+00:00	b041b8bb4170316b70eb6ee7f250382a2cdef644c379109828bab8023303c99b	全文及未改动输出复核：能源革命、化石与核能局限、资源耗竭、再生能源挑战、太阳风力水力生物质四类、综合方案九段完整；不同能源各独立，多句分析段保留。
892	public/college-english/lessons/rw4/rw4-u06-b.json	college-english	rw4-u06-b	A worldwide food crisis?	passed_unchanged	10d6e6d768f585e052c482a9728da41780ab1cbc022f25f6b372da09a06dfd78	10d6e6d768f585e052c482a9728da41780ab1cbc022f25f6b372da09a06dfd78	0	true	true	2026-10-07T07:32:20+00:00	17579be6239cc4268d85b6b05c445f77becbef81be154ff8d985d917ae5453c4	全文及未改动输出复核：粮价风险、短期储备、长期趋势、农业忽视、市场过度反应、结构问题、供需两侧、资金时间、人口、合作投资和稳步预防十二段完整。
893	public/college-english/lessons/rw4/rw4-u06-c.json	college-english	rw4-u06-c	An important milestone in China’s solar energy development	passed_unchanged	2abf865f68fed6c7e03f141cbd265949561c18c697765734600f39c9446109ff	2abf865f68fed6c7e03f141cbd265949561c18c697765734600f39c9446109ff	0	true	true	2026-10-07T07:32:20+00:00	c7fc81a056f0e1cde5c4dea37c22f37277dc6b4b3ac06f02cd7d0c3fa85ca633	全文及未改动输出复核：熔盐塔技术、敦煌百兆瓦、全天发电、选址、反射聚热、减排效益、产业示范、海外展望八段完整；中文技术释义与英文逐项相连。
894	public/cet/lessons/cet4/cet4-20180601.json	cet	cet4-20180601	2018年6月英语四级真题第1套	passed_edited	a0063796cb29cf2bed0a76fc8f7a15b57de666faf0867a7c2b5a7215f4367792	dfb38c0e8a624108a27e6b47ae6c1679597a6666a6348a30a85583e06720367e	18	true	true	2026-10-07T07:54:00+00:00	a0d3e9bc7b070aad39375c937d72be1665155050e68f3c0895a2a7a9c19b5e86	201806四级第1套：太阳能写字楼、数字教材收费、记忆力及达尔文信件四篇均逐段通读。拆开题号选项、词库、考试分部及正文粘连；H段跨页续句合并。重复Passage One/Two提示和OCR文字不删除；中文航空译题保留原有两段。
895	public/cet/lessons/cet4/cet4-20180602.json	cet	cet4-20180602	2018年6月英语四级真题第2套	passed_edited	9845ca12aa0b9dd260b63cbad88689d234c9a9547fd359548283a45943685f50	9ca2976f861efa27c0b7de4041b3631b7234bb8a01963db72eff870d27d1939e	25	true	true	2026-10-07T07:54:06+00:00	aa83efb4ab1b2b5ce1f4fdf1921070ad4b7fa34577c1b793c38e2dc093d37c39	201806四级第2套全文：写作、听力、加州污染监测、威尼斯旅游、绿地幸福研究、Olympic船队与公交翻译。H段政治化引语及船队事故段跨页合并；题目、词库和考试分部拆开，原有list题块内选项换行保留。U.N.、St.、Dr.、269.13及HTML实体均保持，缺字与重复提示不校改。
896	public/cet/lessons/cet4/cet4-20180603.json	cet	cet4-20180603	2018年6月英语四级真题第3套	passed_edited	dbc6ee1ca7eef17d18f67d6f5f90f71a13d36211417610b68480ba835c2a4b4e	af64eac6677bedde9461eb31dc04463544ac24c316d6c3aebe89e20270442cf1	16	true	true	2026-10-07T07:54:12+00:00	c844d69a36e6a72abc6bd3db77949970dd252e7948cb720f4c0849edf693ff90	201806四级第3套全文及修后复核：口语作文、听力省略说明、香港霓虹、学业压力族群分歧、教学相长和千禧女性职场、地铁翻译。明确拆分A..O词库及A..K标记段、粘连I/K段，恢复glow when与teachers are motivated跨页续句；题号和选项独立，Oct.与数字、引语原文不变。
897	public/cet/lessons/cet4/cet4-20181201.json	cet	cet4-20181201	2018年12月英语四级真题第1套	needs_confirmation	aa87b74adcdd5e867dda99738116693bf973a8eb4f0be5a6e0befc0fd9a354bc	86606ae2033de4a96f9d45b5d99baf4bcc9acc82502c56ee807ad0d1439d05e3	20	true	true	2026-10-07T07:56:35+00:00	56fd281e085ae1793e10f7635b3021ddf7b40293ae15a3544d6a7aea009270eb	201812四级第1套全文复核：城市作文、25道听力、空气污染、食物作治疗、加州深井、AI伦理与手机阅读翻译。按标签恢复题目选项、词库和阅读自然段，保留原有A/K/B/L交错词库顺序，所有NUL页码原样保留且独立；医学说法、Taylor及中文缺字不校改。
898	public/cet/lessons/cet4/cet4-20181202.json	cet	cet4-20181202	2018年12月英语四级真题第2套	passed_edited	263005d1e8129c57dc8a9aeaf6125375b7ba01ae3eb39e51a708615efd6714d3	51a84dc34892aac3645baf43646b4dc0b1bf3af093cda54d4b3397f435fc4932	18	true	true	2026-10-07T07:56:41+00:00	851aa61ccd7e2b414f46a8d01ad7ae469bf102dcd6cf178aabed377084a9cf58	201812四级第2套：通读留学作文、听力1..25、沟通方式选词、Carême生平A..N、家庭摄像头、百事产品调整及手机依赖译题。拆独立题号选项、词库和大项，D/H/I/J标记段内连续论述衔接；各页码含NUL原样独立保留，本篇未插入句中，不需跨过页码合段。历史拼写及数据不修改。
899	public/cet/lessons/cet4/cet4-20181203.json	cet	cet4-20181203	2018年12月英语四级真题第3套	passed_edited	a460c18542b85e1fdd7de303d4a1bd5b37297321ffd19d22909f3094281c333b	5e722fa7d59a0f1d11728b7aaea5a4758d1bc4982c1542a72fce326e41f71e50	16	true	true	2026-10-07T07:58:36+00:00	6ae03a929d2090c3c95c6df93b8121b8c9235dab36296544892f27e37f17b0ad	201812四级第3套全文复核：毕业就业作文、听力省略提示、刮痧选词、落地食物五秒规则、猫的因果判断、无人驾驶就业和移动支付译题。拆分题号选项/词库/分部，各标记自然段E/I/M连续文字归同段，驾驶段分号续句恢复；原JSON的Top Chef错题头、重复micro-organism、缺词等仅记文字疑义，页码NUL保持原样。
900	public/cet/lessons/cet4/cet4-20190601.json	cet	cet4-20190601	2019年6月英语四级真题第1套	needs_confirmation	64f3dd719e0840e14d94df9dcba48a43e7010ba8639d04487e31ed8b0d9eac1d	70db183fd3209b0bb87c03a5461332923b0aac993cf8b704eb83069b31da1d26	13	true	true	2026-10-07T07:58:42+00:00	c3349dc1122bfbbf0363b3d44767c555d0d14f99f4830aea40b79b1add609237	201906四级第1套全文及修后复核：养老志愿活动作文、全部听力、自动驾驶选词、长寿多阶段生活、疾病婚姻、误叫名字及灯笼翻译。H段your skills、婚姻population Karraker及found that跨页续接；词库/匹配题/选项/正文分离。保留原有错字、数字、重复句和题号空格。
901	public/cet/lessons/cet4/cet4-20190602.json	cet	cet4-20190602	2019年6月英语四级真题第2套	passed_edited	95a3f1c85382601bd9a6ad2e5eb01c4c0756fbf7a6b88e43a39c80276846017a	fc621fa5931e9d10cb41109bfc19370db1d3c6fa04f5081ceefe1e1eb6286763	15	true	true	2026-10-07T07:58:51+00:00	fa2e22621f874d7cde91bb8944b895a370971f9cfb90e63e457ac8a09243499d	201906四级第2套完整复核：农场参观作文、听力、虎鲸文化、年轻人与父母同住、女性领导、全球身高和舞狮译题。保留原A/C/B/D选项顺序但各自独立；续接In other words、young adults、economic storm、United States及第39题parents’ home。身高段原Latvian women. Meanwhile标点可疑但不改字符，仅保持同一比较段。其余原始缺词重复不校改。
902	public/cet/lessons/cet4/cet4-20190603.json	cet	cet4-20190603	2019年6月英语四级真题第3套	passed_edited	0975d0bad2b6fb2d63372fe8c71a2bc6986640aee79fc2d1b522a0462360d37b	722847b42b9b7dc689793bc4a7ab5ce9536f8471daa34fde77c744e6b8f57191	14	true	true	2026-10-07T08:01:28+00:00	224987c822db2eb553ab3919a5457eb2d1935b3207caf50eb092a48936f6cae2	201906四级第3套完整复核：希望小学新闻写作、重复听力说明、A300人工礁选词、创客A..O、Governor’s Island涂鸦、在线CBT和剪纸翻译。恢复H段idea及human interaction跨页续句，G段项目例子同段；题号、词库及正文分离，多句段保留。第53题两个C标签和原拼写/医学论述不校改，无剩余边界疑义。
903	public/cet/lessons/cet4/cet4-20191201.json	cet	cet4-20191201	2019年12月英语四级真题第1套	needs_confirmation	79bb1d45c036cc76aa15a25513dc8c56ca00ab004499fdda9d9fb363011e4105	662b8894f25c15dcf9e3249cc4f5ed16a931063c2fbaf986c847438869052b52	53	true	true	2026-10-07T08:04:01+00:00	d127d08561a76e7be70dae0b43e87d40f7a3c9c0a8601728ab41b1b5053f2ecc	全文覆盖推荐任教城市作文、全部听力选项、塑料瓶水、邮递灾后恢复A-K、Jill Watson助教、科研众筹和家庭教育翻译。按明确题号、段标及主题转折分块；保留乱码、缺标点、选项原序及页脚。
904	public/cet/lessons/cet4/cet4-20191202.json	cet	cet4-20191202	2019年12月英语四级真题第2套	needs_confirmation	d88ac7241396932f4072cf5501df96d02d25a66ba6a3a24ad50d7a51ed287f7c	9f1f70de3f76fe8347251aae60ae240f242aba5a9047dc71feb0419784724d01	56	true	true	2026-10-07T08:04:12+00:00	ecb6a0853b8cd727535e6971c4d53994dc76583a1d768eadb950733006c2c30a	全文通读推荐学中文地点作文、听力、机舱流感、早餐A-K、教材出版、海蛞蝓和家庭同住翻译。恢复题干/选项/段标和主题自然段；乱码和词句缺损不改字。
905	public/cet/lessons/cet4/cet4-20191203.json	cet	cet4-20191203	2019年12月英语四级真题第3套	needs_confirmation	13da944056be05714ef2037f532ac1e0211e202c3a0081791ce781e75403186f	6d9a57e9f3da2a31f1338ea3195796613c01bbaab9d1ecc4135df25b41394d91	41	true	true	2026-10-07T08:06:24+00:00	fc66f5b40090e8fd46e2da1af89b3d5816387a0cc3514e39ff9eed012e0d1f20	逐块全文通读推荐大学作文、免听力说明、飞机生理反应、松岛城市A-J、汽水税、微波炉碳排放及汉族姓名翻译。明确分部/选项/段标分开，保留自然段多句。未修乱码和缺少年份；保留原来Part II/III错位顺序。
906	public/cet/lessons/cet4/cet4-20200700.json	cet	cet4-20200700	2020年7月英语四级真题全套合卷	passed_edited	f3712a4b25790a9d5001a1f22739ec7780f03789c035b2bac641eb823cba1694	47c07190bb03cae6a2d77688f81ce5110a23a3ae4fde1f52f1692b5b1196e59a	26	true	true	2026-10-07T08:06:29+00:00	19d5a556a7d0469ac16aba36190ecde52d1b73b6d593fff20dc2172caef5aa03	全文及答案复核：翻译APP作文、全部听力题、女性科学事业、家庭烹饪A-P、钱包、梦境学习、火锅翻译及参考答案范文。合并工资差距/外包烹饪/分号续句/商店食材的跨页行，保留题项与多句自然段。13重复和随后14编号、OCR大小写等原字不改。
907	public/cet/lessons/cet4/cet4-20201201.json	cet	cet4-20201201	2020年12月英语四级真题第1套	needs_confirmation	ef15f88362fe1838f05ad5f2e54bd7f43811437cb076422f139d0d90a4bd4905	d7fc7cccf6c3b288a77161189ce1637ad039f04d9698cf7b70205d4bf1e79294	24	true	true	2026-10-07T08:06:38+00:00	9c369fa0a15298c88f5808aa40c071c8c37bf2d89b3864b73a630e520f2e1674	全文复核教育方式作文、全部听力、信任完形、San Jose社会流动A-K、学校心理健康、诱饵价格及翻译现存乱码。拆整页粘连，合并fear and 27、in 2014及The digital subscription跨行；保留所有文字错误和不可解翻译原字。
908	public/cet/lessons/cet4/cet4-20201202.json	cet	cet4-20201202	2020年12月英语四级真题第2套	needs_confirmation	586d6476caa7c3a3d7b89465d146aaf14c9097fd2f45b67158da390adbd17ef5	655fa88eb710a4fd46f3c4bffffac1128814d0a8c32350636188705aaad2e8f6	30	true	true	2026-10-07T08:06:45+00:00	19899a7227016eb0f925d5a8f44dc957247430e0cf173721bfc92eb6062a0e0f	全文复核交通方式作文、听力各题、赞扬孩子、贫困认知A-P、无聊与创造力、森林增长及末尾翻译栏。按各题项和自然行边界拆整页粘连；原乱码与缺失翻译内容不补写。
909	public/cet/lessons/cet4/cet4-20201203.json	cet	cet4-20201203	2020年12月英语四级真题第3套	needs_confirmation	d7702d30b825ede981215ed97823c15811b3f404f759198f5af4c94b039f0094	a583a0bd27f9cd2eb6844ab212a8585f9dd51db0199cd2ea77e4b7859692df36	21	true	true	2026-10-07T08:08:06+00:00	a8ca02f11af940f2d74b76372530ba92e5780d12b983812e66134a74f63435e6	全文复核交流方式作文、听力占位、工厂数字化、饭盒历史A-P、电动自行车、全球变暖术语以及翻译占位。修复Now of course跨页、引语灯亮与后句的机械换行及perfectly usable词组断行；保留原双句点和译文缺失不作文字校勘。
910	public/cet/lessons/cet4/cet4-20210601.json	cet	cet4-20210601	2021年6月英语四级真题第1套	needs_confirmation	6586895cf4598307105238deda49340cb06bdaf65fa8356cf3e8b463258a3fc4	131e413eca247e3dc68e87a8c731c35db60cd82b88e328e17205210bd9d1123c	20	true	true	2026-10-07T08:08:10+00:00	60164bd69f10e2995eca71a948074ef2e9ab8147469c70664cedaf9a1fb67605	全文复核技术成瘾作文、听力、银蚁隔热、九年级成长心态A-J、STEM玩耍、IT工作体验和铁观音翻译乱码。明确段号题号及选项拆分；缩写Ph.D.、连字符、正文噪声和现存错字保持不改。
911	public/cet/lessons/cet4/cet4-20210602.json	cet	cet4-20210602	2021年6月英语四级真题第2套	needs_confirmation	b63da02a187872e11ae7f1a2cd563a2c47256ba731be2a295ff1777498a9418b	82f3ddcf8c5676df4ea3afe3da2718abba2caad3309671ce3a53718347839dee	28	true	true	2026-10-07T08:08:17+00:00	8c506fd0954084303ed31362da7a142e388d183bd16992aab680a63162c124c9	全文通读技术是否使人懒惰作文、全部听力、孤独、无数词语言A-K、行业资助营养研究、零工经济、普洱茶翻译。题号及同题ACBD选项逐项拆界；decimal language句内换行恢复；乱码、数字、破折号及现存异常不改写。
912	public/cet/lessons/cet4/cet4-20210603.json	cet	cet4-20210603	2021年6月英语四级真题第3套	needs_confirmation	9476caa2ed3a1bb183f714bf15138abdef78fefd54db06252d9eb17340f31560	59fa437026e5166fd72cd4bcd2e291422029974c1c8471ce36a4aa4dee256593	22	true	true	2026-10-07T08:09:55+00:00	e7032232ef2ecf53471b424ddb6b2fedf830921d595123661a1c271f1690ed41	全文复核暴力游戏作文、听力提示、星级评分、科研挫折A-K、无聊/归属、热量漏报及龙井译文乱码。保留成段论述与所有原字；恢复cursor to get句内和boost分号续句，按题项段落拆页。
913	public/cet/lessons/cet4/cet4-20211201.json	cet	cet4-20211201	2021年12月英语四级真题第1套	needs_confirmation	2547732c2978979b994744b8bab0238d6d4611fd74f05111f32d073f0ff388ed	2c36b2870043192f73dd464e6fc9028b96ef79d5ff9bb2b9b5c7fe1335a9ecf0	13	true	true	2026-10-07T08:09:59+00:00	4230ccbf8035489868e294af34f4be0e6c90daaad8bd7adff6b7d42727e7bc75	全文复核迎新提案、听力、谦逊关系、女性压力A-L、居家工作成本、好奇心、运河翻译。拆开分部题目选项与E/F/J/K/L粘连段，保留自然多句；说明内部换行合并，数字乱码、原标点及页脚不删改。
914	public/cet/lessons/cet4/cet4-20211202.json	cet	cet4-20211202	2021年12月英语四级真题第2套	needs_confirmation	c28575a52e636547a17c263aa9f1af35eb1205c3ccbab242b69494d87982a742	ffd8db9be54b83820d344c863a8b44fb106fc3eff0159f57fd7dd049fe741f32	12	true	true	2026-10-07T08:10:07+00:00	703789465e0c50e42555f0938319cf65adeb9a36f7431684b149e3af216eaca2	全文复核演讲比赛提案、听力、莎士比亚、交谈趣味A-M、肥胖疾病争议、男性幼教、坎儿井翻译。拆题项及F段粘连，合并书名冒号续接、完整Directions与男性幼教导入同段；历史事实、OCR和缺引号只保留。
915	public/cet/lessons/cet4/cet4-20211203.json	cet	cet4-20211203	2021年12月英语四级真题第3套	needs_confirmation	96d9cd80c51a3a8af599e0d9d886708e24040b7389fb8804be8800554fd8fa18	22b4b9707421ae7a45531c9243f34c6dd4f8881ce2429ee61c524272720c6b71	17	true	true	2026-10-07T08:14:28+00:00	090edc91fe168818b40a7a57d048556f610b9087fb8eb13ae9d43521a46f1ea4	全文通读旧书项目报告、免听力说明、噩梦完形、青少年阅读A-J、文化触碰规范、兴趣成长心态和都江堰译文。拆题项、词库和三处主题段落粘连，保留错字、缩写、人名及多句自然段。
916	public/cet/lessons/cet4/cet4-20220601.json	cet	cet4-20220601	2022年6月英语四级真题第1套	needs_confirmation	ffcb39a6f3a1a329541851a83f21d5a7cc863ce28d06306474e74bc72a7cc8de	7be648c28ea173aa7fe3b662d90e453ed9023a330d349f0a96c24facd2fd3aa1	23	true	true	2026-10-07T08:14:33+00:00	b4e11357015c6fc548083dbb4fa4e2e62af565d45e7184250e0e6ab28a31bdbc	全文复核图书馆服务提案、听力、牙痛保护、公司文化A-O、在线课程、公开科学讨论、揠苗助长双段翻译。整页中题号/选项/段标与论证转折逐块拆开；修复说明内部换行，多句自然段保留，乱码页脚全部保序保字。
917	public/cet/lessons/cet4/cet4-20220602.json	cet	cet4-20220602	2022年6月英语四级真题第2套	passed_edited	a0a3a23b0409dc1550c07399645f49a9ec1306fa3c64e116b28e5116718aae7d	9c7333a69b9bad21b6144fcace0927e618adbe5262e775164791c0f0d2a36eec	11	true	true	2026-10-07T08:14:43+00:00	0dc04709fcea15a55bae210d62ed27a5e74fe01e9c162512c7812785944fdfa3	完整通读校医服务提案、免听力说明、天然香料、别墅网站诈骗A-K、社交媒体留任、远程教育、揠苗助长双段翻译及所有题项。合并说明through the centre、Sean Tipton、Another potential、Barclays’ head、U.S. employers、employees of a healthcare及first18 years续句；保留词库问号占位和原文字错误。
918	public/cet/lessons/cet4/cet4-20220900.json	cet	cet4-20220900	2022年9月英语四级真题全套合卷	needs_confirmation	0b87a783779b55f8ad716a0ce2d20a13e58dffe0be0b32f5b97a6ecefa4749fb	05aca382179f297b1e4cf6fb3e58475b7d5b54e6dd092dc32f6538fc36705246	19	true	true	2026-10-07T08:14:48+00:00	48058d6594dfc3ec8bbfffc2590dd3a26088aa58de207b3d4ee1c17622b0407d	全篇含三套写作/翻译均已通读复核：支教申请/教师节报告/毕业生邀请，太极拳/红包/戏曲；听力、成功观、兔子效应A-M、科技作弊、远程工作评价。按明确段标与题项分块；J与L引语续行合并；保留原译文错字和套数页脚错误。
919	public/cet/lessons/cet4/cet4-20221201.json	cet	cet4-20221201	2022年12月英语四级真题第1套	needs_confirmation	40f6f1958cb1fd304b11573f2d4b4a5bd9a8d517f33c469f4a17bb2661078649	614473acc9583757d86bd73d34dd29b8f5e5fc75f4fdac0582fb70758e6e8c0e	16	true	true	2026-10-07T08:10:15+00:00	94d1963881f83b56b873cfdc5cc32c7413a341a8c34db9a22270fb335ba5e380	完整阅读体育锻炼作文题、矿灾与六胞胎等听力选择题、孤独心脏风险选词、大学隐性费用匹配、健康饮食与情商压力两篇阅读及立秋翻译。明确段落和选项已拆出，I匹配段和情商实验段连贯保留。乱码和字词讹误仅保留，不校勘。
920	public/cet/lessons/cet4/cet4-20221202.json	cet	cet4-20221202	2022年12月英语四级真题第2套	needs_confirmation	37dcde47a0bb698a1db7b6ed8a22a4492f22166db577541fb2fb2f4c4d52b254	d0e5eca54f05b7de4a9e405c3d8ead180e7aae89d99c4cfd3313958a8117ad58	17	true	true	2026-10-07T08:14:57+00:00	63c626756f1867353902628b18a9ded0dcf8a13fd6e110ebe65f890e858ffa75	全文覆盖健康生活方式作文、风笛赛/格陵兰/现金听力题、父母幸福选词、学会拒绝匹配、水产养殖与WFP阅读及立春翻译。词库独立拆出，同字母匹配段保持完整，多句阅读段不逐句切分。原文字词缺失和乱码未校改。
921	public/cet/lessons/cet4/cet4-20221203.json	cet	cet4-20221203	2022年12月英语四级真题第3套	needs_confirmation	687c3e506a02b6df44331c253bd9dbf3a3d46e9efcf1b373a288b0405339817c	43d4ca33d83efb77232708b75dc5773897df854b231e2e20fdd416020bdcc2dc	17	true	true	2026-10-07T08:15:08+00:00	3086ea1968104ca86596243075bb322cb3b1f30614e91d5c2e92c85e7f7037c3	通读大学社交技能作文题、手机使用选词、Evil Genius行为偏离与创造性匹配、Thomas养老院阅读、收入与饮食阅读及冬至两段翻译。听力部分现有JSON仅标题，无可审核试题；未补内容。独立题目选项、匹配段和翻译两自然段保留，字词讹误未校改。
922	public/cet/lessons/cet4/cet4-20230300.json	cet	cet4-20230300	2023年3月英语四级真题全套合卷	needs_confirmation	ebe2f71bf03c186852a11351e8455db19fbae665f9dcd21d5327dd5de1fb55e2	1e499bf4760921ffb75a054f31fd464cdc9eeecabaf16e283ee5efec7ca848b0	17	true	true	2026-10-07T08:15:12+00:00	e91a869ac2e0ab37d197bed5cd2c89e51e43a50f47462261d53ce7ada258d9e1	覆盖三篇写作（职业规划/荐书/讲座）、一套完整听力与阅读、三篇旅游翻译及编者注；阅读涉及漂流玩具蛋、婚后姓氏、聪明人的思维盲点、难民在线课程。全部原文均保留，复核整篇修后顺序与多句自然段。
923	public/cet/lessons/cet4/cet4-20230601.json	cet	cet4-20230601	2023年6月英语四级真题第1套	needs_confirmation	61fef793c987525eb690eed066126b2ffb165db1de5b511a2cd10aa1f6b9343f	0d4916be1932f5a4ee88744cd8630f19be81d7691b2c2324a407788635189577	15	true	true	2026-10-07T08:15:20+00:00	3917d4dd1639cc6b97b7cd3e5434de469b52b071ac1a420bccc3e2c55dd3f71f	覆盖在线课堂调查作文、完整听力题、棉制品耗水选词、语音网络匹配、大住宅公共设施与过度雄心两篇阅读、继续教育翻译。已有听力和阅读heading保持；逐项拆选项并保留字母原顺序，多句论述不逐句分割，文字讹误未改。
924	public/cet/lessons/cet4/cet4-20230602.json	cet	cet4-20230602	2023年6月英语四级真题第2套	needs_confirmation	4540e14de534bf309187988c7eb554d8ff21020a242be50192589e1d5adf7b4f	95e2a8450f14c7d58c6572c4d441b5f16debecaa2837c7aa236167f2797a4c12	16	true	true	2026-10-07T08:15:31+00:00	8ae5e5e0e0f788a156076b7a540401c52829d1501d028bf8d1f096ada8963e88	全文通读人际关系作文、蛇/礼服/餐馆与其他听力题、摩洛哥太阳能选词、F1美国推广匹配、超市历史和全年制学校阅读、高等教育翻译。选项按现有字母顺序独立显示，不重排；D/E、G/H、I/J、K/L、M/N等粘连已分开，多句论述保留。
925	public/cet/lessons/cet4/cet4-20230603.json	cet	cet4-20230603	2023年6月英语四级真题第3套	needs_confirmation	fbc92815c8a9435239b97da29ab06b1bfcee004649650733bbd027e8d46c47b1	b5495e69ba5c8994dc12ea5bbf380afaba67bd22527dc13809799f91ee8b33f8	16	true	true	2026-10-07T08:15:42+00:00	608e80b31a408c04a8ceb024ec863edd05d39cf056c430e4f5ead4ef810338c2	全文通读社区服务作文、听力省略提示、步行健康选词、纽约舞狮俱乐部匹配、团建与洛杉矶无家可归两篇阅读、义务教育翻译。D/E、H/I、J/K匹配粘连拆开，词库题目选项独立，完整多句段保留。
926	public/cet/lessons/cet4/cet4-20231201.json	cet	cet4-20231201	2023年12月英语四级真题第1套	needs_confirmation	b042c4a5ff42083f4ca5d69442ba7e8794fc5d0308b1089a04acbd336785da28	a0535194458c47edc5778badb5e64e0a3b5ec1ce25ceb78309e4717d67cd9270	18	true	true	2026-10-07T08:15:46+00:00	dfa69032b1e224736942a37dad44ae41403a3adf93f83969e440f7f4117f36ef	覆盖校园活动作文、脑同步/认亲/海滩清理及其余听力题、运动寿命选词、气候与食物匹配、忙碌文化及机票性别差异阅读、健康饮食翻译。多句自然段完整保留，原文大量词内空格/讹误不进行字词校勘，所有选项原顺序不变。
927	public/cet/lessons/cet4/cet4-20231202.json	cet	cet4-20231202	2023年12月英语四级真题第2套	needs_confirmation	2437787f536d362c31a77301dc7fcefd9c0af698dadfb0496700a2cb55d779ab	478424c26143a9855bab7c5441e92c65847786e553f3ffb95392d07ec50af4c1	17	true	true	2026-10-07T08:15:53+00:00	61c12e3e7d424d7b613233898293d802c9d0bd425533241b7ddc50bf83efb659	通读家乡发展作文、驾驶/骨骼/村猫及其余听力题、业余爱好选词、陪产假匹配、创业竞争与多任务阅读、饮食变迁翻译。M/N粘连分离；P匹配段末long后原文止住，缺字不补；同题A/C/B/D顺序保留。
928	public/cet/lessons/cet4/cet4-20231203.json	cet	cet4-20231203	2023年12月英语四级真题第3套	needs_confirmation	60ef8b93b08f3381934b94eb1756e291990e245567226b31b3107a1e198adc78	bdd7b36baef98ae6c0df4dc88e2acc6374499c77bcaf9bc1bd8c65432c5e5edd	16	true	true	2026-10-07T08:18:35+00:00	790b8734f3e30f593a3305546311fa88b1da52f0582f8edcfd3ea0a1d8a57a47	覆盖校园印象作文和听力省略说明、社交健康选词、青少年社交网络匹配、Red Rum赛马及直觉与数据决策阅读、饮食生活水平翻译。正文完整多句段与匹配字母边界保留；译文logistics industry前疑缺词属文字问题，仅旁注未补。
929	public/cet/lessons/cet4/cet4-20240601.json	cet	cet4-20240601	2024年6月英语四级真题第1套	needs_confirmation	3c2abe7996ae01c069e7bf1a0936f78ba7226692677dada750db7300266e6007	b524fe8e38d4b0f5b577641b7df5c38522c97d0b62ed5588c7bcde52bb8b082e	19	true	true	2026-10-07T08:18:39+00:00	3103ac06fb06a95e6ee5c0290626a9f10821d57478ae11c20e43da8db114d654	全文覆盖图书馆向公众开放作文、完整听力题、男女抽象表达选词、长远目标与即时满足匹配、意志力及科研经费阅读、四合院翻译。所有题干/选项和词库项目分块；匹配题及阅读多句段完整保留，不打开文中的网址。
930	public/cet/lessons/cet4/cet4-20240602.json	cet	cet4-20240602	2024年6月英语四级真题第2套	passed_edited	49e21f116b36b7426d8959618b0b028790f9c88882c3c833c5e63b34e0374b31	91862c09a8c94097c6ce3f46b892298cc264be818e113461876807b93cfb6113	20	true	true	2026-10-07T08:18:48+00:00	6494cd54177ccf9802aa84ca9db7d0adaf739840c2d2bd4d08a573ba3639b9cf	全文覆盖体育设施开放作文、25听力题、抽象表达选词、长远目标匹配、意志力和科研资助阅读、农历翻译以及KEYS听力/阅读全部答案。此文件无页眉插句，E匹配跨块可直接安全接续；各完整多句段保留，答案序列表不推测重排。
931	public/cet/lessons/cet4/cet4-20240603.json	cet	cet4-20240603	2024年6月英语四级真题第3套	needs_confirmation	a5d38afc738a985b396ddd7482ca57e28512e7864c09bf342b35ca104020b36f	274ca0c5fcade8f168b619ca12b7293b562bc8b82f0da0bc61d5c067da6fb94c	18	true	true	2026-10-07T08:18:55+00:00	e2b3e6467129a285d80f169df7a6c2d66afda6792437f0215f256d311b352227	覆盖体育设施开放作文及听力省略提示、机器人替岗选词、雪天停课与在线学习匹配、Dress Codes书评及说服力阅读、福字文化翻译；所有中文续行及多句英文段完整复核，保留页码网址而不访问。
932	public/cet/lessons/cet4/cet4-20241201.json	cet	cet4-20241201	2024年12月英语四级真题第1套	passed_edited	5962d022b5bb2ceb21a6fa71a172b18a25b4b0333b2f008871a0b65790c8de8b	4a474892cee0eda6fb4de8700755eea90712ffe2d025d1ea6ca63854541d815e	19	true	true	2026-10-07T08:19:00+00:00	b20abd3d7b2661af5f6b39b5118b8f9640b30c2774ff3422de3121701973b491	全文覆盖快递业调查作文、公交司机等完整听力、语言老化选词、工作生活平衡匹配、城市种植与女性工程师阅读、环保翻译、全部听力与阅读答案。跨块C段可安全接续，女性工程师引文及自然段完整，多句段不拆成单句，答案序列原顺序保留。
933	public/cet/lessons/cet4/cet4-20241202.json	cet	cet4-20241202	2024年12月英语四级真题第2套	passed_edited	3899287eb8de870749a1859c98cba9ace0878fa3e89339b1e0f1178382f90a7b	763f46510e9102ffa7d250ab11ff8aba27babc0989ead7d4518bff8f358e73d0	19	true	true	2026-10-07T08:22:56+00:00	a954e23d2da97299fe318bdac076c9fa88d74d2e52f308b80cf1b892cb1ab054	覆盖传统文化作文、供暖费用等全部听力题、视听神经元选词、瓶装水塑料匹配、财经教育和可可基因编辑阅读、新能源汽车翻译、KEYS全部答案。A/K跨块无页眉干扰可恢复；词库与选项顺序不变，完整阅读段已复核。
934	public/cet/lessons/cet4/cet4-20241203.json	cet	cet4-20241203	2024年12月英语四级真题第3套	passed_edited	baf000f429a7eb4a9c5aaf273e52189af65e055c9c89327f7dab266c571dba45	ae47bd07fb09bd831c14cf748f419201c19f05c6eed0d6328f96e6c246f8b4eb	17	true	true	2026-10-07T08:23:05+00:00	75aee73817772b1ccc8308c5a5a5bfcb32ca375e11593e3e1913387c23f6699b	全文通读绿色校园写作、听力省略说明、仿真面具选词、学习与实践A-K匹配、自动驾驶责任、蛋白质摄入两篇阅读、莫高窟数字展示翻译及KEYS。Section B说明跨3/4块续句、D段引语续句、K段跨4/5块续文确定合回；其余保留多句自然段。46题原list内部题干选项布局保持，所有答案顺序保持；imp ortant等字词空白非段落问题不改。已逐块复核修后全文。
935	public/cet/lessons/cet4/cet4-20250601.json	cet	cet4-20250601	2025年6月英语四级真题第1套	passed_edited	0764c12feca604951b02b9abc6533bd88be19f5507eed2f35d449c238a9cb3f6	580b7f56342011030363e5ceeb61d294974969c6eb4fc66655032f6e88c1d09d	20	true	true	2026-10-07T08:23:10+00:00	ef4ad63e7c27cbce9c85ef8bde20b1d5ef420389feb5f355eb05c2ba8f1d0097	通读大学语文必修写作、全部听力选项、儿童声誉选词、Design Ventura设计教育A-M匹配、熊猫栖息地与Grit两篇阅读、袁隆平杂交水稻翻译及答案。明确合回C段could/have bought跨块句、D/J/K同字母续文，以及听力B/C说明。原list第11题保持锚点及内部行；construc t等字词不校改，KEYS序列完整保留。已复核修后全文。
936	public/cet/lessons/cet4/cet4-20250602.json	cet	cet4-20250602	2025年6月英语四级真题第2套	passed_edited	50aebd902b51468f503008a1d10e3c47a3101848e8e58ae6840103936271444f	23fcec4ea3ce06f1d22b2a9f78759d837378ea09796bfc0e7fcc621ad9d869a5	20	true	true	2026-10-07T08:23:18+00:00	d3df6a5ec10736bcfb49d98e9218dd0bf1272ecd0bc2c9e4db8f333dfd29ba3a	通读AI辅助学习写作、听力1-25题、希区柯克选词、果汁健康A-K匹配、服装心理与古典音乐阅读、东北冰雪旅游翻译及KEYS。C段can/wear out跨块及其研究续文、E段热量研究、H段学科名称续句均合回；18题D选项尾粘连Questions 19 to 21明确分离。阅读完整多句段保留；拼写空白和原答案次序不变。已复核修后全文。
937	public/cet/lessons/cet4/cet4-20250603.json	cet	cet4-20250603	2025年6月英语四级真题第3套	passed_edited	3ad7cce0b99be6b074e0965417e0a593367207957d6b1327ae2cc37fd04e4617	8dca2e212adfc0ffbdcabfaece9bffcb7434359d25d24b00bcca110fa7c0d3a0	17	true	true	2026-10-07T08:23:27+00:00	47e57b2ffe4309578283ae24522df1cfe098717ae69657831626287322fdf3b4	全文读完跨文化能力写作、听力省略说明、半脑切除适应能力选词、幽灵堵车A-N匹配、内在美与植物肉两篇阅读、15分钟便民生活圈翻译及KEYS。A段dense/traffic、L段bilateral/control跨块合回，H段研究说明及引语连续保留，J段simulation/that续句合回。原选项与答案次序保持，字词OCR空白不校改；全文修后逐块复核。
938	public/cet/lessons/cet4/cet4-20251201.json	cet	cet4-20251201	2025年12月英语四级真题第1套	passed_edited	6bb852acf0b74261706c07f1c4fb230942d2861a46713a095dd87691b9f48da4	97fa06f60b7474ce285812ccaf797e37432d9aaf2f863aa590ad490415c99743	22	true	true	2026-10-07T08:23:32+00:00	590db08808ba72f25c9d37db9e953ccdcc036e7aa81a6bdacfc36e2010e9f60f	全文通读学生会建议写作、听力1-25、选择过多选词、自行车道经济A-O匹配、服药时机及延迟退休阅读、民营经济翻译和KEYS。7题D与Section B、21题D与后题说明分别分离；C段跨块比较数字、A/E/K续段、H引语及退休文章Abraham says归回上下文。55题后孤立句点原样保留，属于字符校勘旁注不删除。全文修后复核完成。
939	public/cet/lessons/cet4/cet4-20251202.json	cet	cet4-20251202	2025年12月英语四级真题第2套	passed_edited	e154636a834b1dc581ab85a3fde3afaff5e8f1d55e6cdff313df7f72793d2e4d	b709d05b4b2ad9ec7a9a783fa6665663fc524c66c0f4c97d1a35c8d9d73cac29	20	true	true	2026-10-07T08:23:41+00:00	f011056b4d386c28dfe5db38b4ecc50e2562f14b586241bcf9fcd3a3febf4fd9	全文通读学术写作建议、全部听力、音乐与ASMR选词、游戏就业技能A-L匹配、青少年健康饮食干预、婴儿REM梦境阅读、城市漫步翻译及KEYS。D军事技能、F研究评价、H游戏经济续行归回对应字母段；健康干预必要性与预防困难构成同段合回。原选项和答案字符次序均保持，拼写问题不校改；已逐块复核修后全文。
940	public/cet/lessons/cet4/cet4-20251203.json	cet	cet4-20251203	2025年12月英语四级真题第3套	passed_edited	d0a6ff78d50e143f08be58930a64ad4b5a0662fe3fe5f547e8b72f027757372e	5b9e17c1d3265e9e6fba625f8de3c53c6fcc03371dbbb37e4db66dd40360f816	18	true	true	2026-10-07T08:27:55+00:00	56bdca1005fb0996ce30d318da424229afa756a0d793ed7bb2df15e42f41a3ea	通读校园资源写作、听力省略说明、地球日选词、45岁后求职A-M匹配、米其林素食餐厅及遗传检测阅读、绿色经济翻译和KEYS。J段再培训低收入比较、Humm采访两句引语、遗传健康测试限制与非遗传因素解释合回；50题D尾的Passage Two与51-55说明分离。保留所有原选项次序、标题锚点和答案序列；修后全文复核完成。
941	public/cet/lessons/cet6/cet6-20151203.json	cet	cet6-20151203	2015年12月英语六级真题第3套	passed_edited	7224353c2b8cb1f4d0f3570938c6c2813d99438bbc970ebc4dac93fb41fc2eb6	060b7a9cf9da9d29657f3bf4650ba0fd8cb148186d31fc7b5626a00f03f7ce7e	22	true	true	2026-10-07T08:06:52+00:00	8b74b8a3af36677eacf8993af8170652da4c5472e760507e099f7d0964fa25f8	完整通读误导信息写作、听力1—35题、睡眠选词、气候心理学A—P匹配、提问学习与太空旅游两篇阅读、扶贫翻译及全部参考答案。将按页大块按现有完整自然段、题号、选项和说明拆开；续接making your choices、one of the paragraphs、such as saving、there must be something和about half-finished五处跨页句。拆明F/J/M/P段及混排词库，标题及答案分隔清楚；译文原heading锚点保留在标签，正文另块。原OCR文字疑点保留。
942	public/cet/lessons/cet6/cet6-20180601.json	cet	cet6-20180601	2018年6月英语六级真题第1套	needs_confirmation	7847476e60f8d8115df339f97a494e84a3fcd599fa9b08ac30caf0156304cfe1	fd0531ce287c63426088784bcba88f02f06782f90c6e76c56d9096fbeef920d4	22	true	true	2026-10-07T08:08:25+00:00	647a83daef4021d12b32541c1c7ac5fb839e2c4db6720288d395b460dec155c9	全文覆盖雇主信任写作、25道听力、金字塔选词、同伴压力A—L、Ebro稻田与摄影乐趣两阅读和私家车中文翻译；本JSON无答案解析。按既有自然段拆开分页大块，说明续句与研究者引语同段；分出双栏混排选项但保留ACBD和词库原顺序。隔离NUL包裹页码原字符，标题、材料、题目边界清楚。三处页码嵌句无法只用空白恢复完整句，记录issues；其他文字校勘不处理。
943	public/cet/lessons/cet6/cet6-20180602.json	cet	cet6-20180602	2018年6月英语六级真题第2套	needs_confirmation	c175ae93d5c94a4083e58cb38b66fb474dab1abed0d0d67b50cdeeeadf32eecb	ab9de24064cff00ffc6a43e3aa01bf4d6ec485be6b742f6f6c884b285efdcf9c	17	true	true	2026-10-07T08:10:22+00:00	31420daf93a06aaf3e7578cdee7fe6cd7c6f0292e336a9cf33aa08dbd5c927e0	全文通读师生信任作文、25道听力、Hale与童谣选词、耐旱复苏植物A—K、MegaFace识别与大学学费两阅读、高铁翻译，JSON无答案。分离标题、说明、选项、词库、匹配段标和题干；复苏植物引语及结论冒号后续句合并为自然段；保留大段多句正文。页码原字符保留独立，选项原序保留。Hale选词内有片段顺序和空号疑误、四处页码插句，不能仅空白完成恢复，列issues。
944	public/cet/lessons/cet6/cet6-20180603.json	cet	cet6-20180603	2018年6月英语六级真题第3套	needs_confirmation	3c6a66f5db551d04d04787aaf86a679cd7da495701195f55246641c52005ec2d	dbaf692d959e7a5c31dd019f0369169835c8691495e3abe2bda41bc7b3648346	15	true	true	2026-10-07T08:10:32+00:00	3f08f109f365abd5a68f4aaf1072ec0cc584f7ea8529ac5dd34237213772e46c	通读商业消费者信任写作、听力省略说明、机器人选词、Ivy League学校声誉匹配A—N、经济福利与决策疲劳两阅读及共享单车翻译，全文无答案。保留多句自然段，按题号词库段标拆分页大块，C/D/E/F/N论述的续段按明确同一论点相接；决策疲劳长块按他人建议、风险与个人决策的转折分三段。各页码隔离且保持位置。法国消费统计原重复短语与拼字疑点仅备注保留，H段跨页句的非空白页码阻断单列issues。
945	public/cet/lessons/cet6/cet6-20181201.json	cet	cet6-20181201	2018年12月英语六级真题第1套	needs_confirmation	377c484d26cd32bfc5df5851c1eac44d6da10d26784e7adc7f3319bdf964aab8	56efa95fe01ec2289aaaabc86887aa6269dacef1ebd9de266804624c2dfa4c0a	24	true	true	2026-10-07T08:10:38+00:00	c15bb13de0561a1b9a7cfa7a5b6054cc9c6b11b270b6b29451b4ef53d43086bc	完整通读工作休闲作文、物理书等25听力题、岛狐保护选词、父母晒娃隐私A—N匹配、农场机器人与科学传播两阅读及博物馆翻译；JSON无解析。逐块按自然段、题目、词库、选项拆分，B/G/K引语与D权利短语、N同学父母短语及科学传播从句接回，长段多句保留。保留全部NUL页码及异常字间空格原内容；三处跨页句被页码阻断，单列待确认。
946	public/cet/lessons/cet6/cet6-20181202.json	cet	cet6-20181202	2018年12月英语六级真题第2套	needs_confirmation	416b48ce10f13ce3e0a171d85536370b57ac944b4c66f209d7b0b08f862a8ca6	35d6c2498a44e895ba2537b3b8c96f2fdfad0ad562464e2d2055c6e875b5439b	23	true	true	2026-10-07T08:16:01+00:00	2eb3b16168355eac8058e88d17cfd9e42a27a59fe10d2d3b521338dbc2768618	完整通读职责与爱好作文、摄影及物理等25听力题、上课上网选词、Merian科学家A—P匹配、数学教育与机器人护理两阅读、公共图书馆中文。逐项接回独立A)/D)标签与对应选项，分开混排词库与短选项；数学引语冒号枚举、intellectual 28及Hacker结语接续。正文保留多句自然段；RIBA后原内容缺漏不补字，仅按On the less cute明确转折拆段。NUL页码原样隔离，三处句中插页码待确认；其余拼字与缺题号保留。
947	public/cet/lessons/cet6/cet6-20181203.json	cet	cet6-20181203	2018年12月英语六级真题第3套	passed_edited	0e2ab85f8bcf4afca6d743fe76732c1aa0532885c3060635ba747e126819ec37	5f4566fddb85b568ce7fc4dac32359de47c1b2a526cdc98821db03bf7909db98	19	true	true	2026-10-07T08:16:11+00:00	9e6b768311e273303166ca9693677274306fdb070dc896239670396e13b4f0ee	全文通读工作休闲作文及听力省略、牛身画眼保护狮子选词、恢复力A—M匹配、儿童注意力与手机行为研究两篇阅读、体育馆翻译；无答案。按现存自然段、段标、选项和题号拆块，词库逐项保留原序；D研究解释与M飞行恢复结果并入同一论点段。手机阅读标题与正文分离，页码独立且未跨句。儿童研究引文attention dean处内容缺损仅保留备注，不猜测补文。所有边界可在JSON内确定，无未决句段问题。
948	public/cet/lessons/cet6/cet6-20190601.json	cet	cet6-20190601	2019年6月英语六级真题第1套	needs_confirmation	4afa26b13f32d194002151d840b4e10a18454d39c5c53b8c06f5c154f74a867d	4c1e893a5f0d46dfab1f1ff60534d7e0dcf704dd43427324f9fe81f12fe967cb	24	true	true	2026-10-07T08:16:16+00:00	edef5c563aa7bf505f8645a4bb855b516b782d4e37f3578b18d8b228eb8b9ca2	完整通读团队沟通作文、25听力题、意面健康选词、实体网络零售A—O、Hawking人工智能与养老社区Sentab两阅读及成语翻译。分开混排选项和词库且保留ACBD顺序；阅读自然段保留多句，B/C/J数据解释与F所属短语、养老院引语和technophobic seniors续行接回。NUL页码仍原位置独立。意面35前无句点的原文字缺陷备注保留。三处页码阻断正文句法不能仅空白修复。
949	public/cet/lessons/cet6/cet6-20190602.json	cet	cet6-20190602	2019年6月英语六级真题第2套	needs_confirmation	0ec5c1ccc155b750497ae8330465a4367091e52eb4b2a6cb9d157f5254fea109	e604566f23f72217eae1fcd6eeb93ea3412da9c52adcde88861ac796e97c8a88	23	true	true	2026-10-07T08:16:24+00:00	e467e7793d13596317337408d79d0689f76b532787c2e4360c9bf28cc1d430a2	全文通读人际尊重作文、Hepburn等25听力、飞行汽车选词、消费回收A—O、配音演员罢工及空间碎片两阅读、方言翻译。标题说明题目词库逐项分块，41/46独立题号与正文相接，products’ lifespan、U.S. government和54题规范名称续行相接，Freeman引述归属合回；正文保留原自然段与长句。NUL页码字符原序保留，三处正文跨页句法受阻列issues。
950	public/cet/lessons/cet6/cet6-20190603.json	cet	cet6-20190603	2019年6月英语六级真题第3套	needs_confirmation	cfaebb0e891aea09070029c667c119098bb99693ada787fc5a9a2222df05ae96	fb0938950db76b5faf74dd842e3ea326ab30de5f792aa9d7919f50d93faf6977	23	true	true	2026-10-07T08:16:33+00:00	83cd504999e42ef02dd962b6da9beb841ed2f914a314badf55c43f2addf82943	完整通读学习动力作文、听力省略、低温钢选词、CubeSat责任A—M匹配、同事淡漠关系与AI创造力两阅读和汉语翻译；无答案。分离说明、词库、题干选项与自然段，保留多句段，M结论续段及AI冒号后的问题接回；教育系统转折另段。全部NUL页码原序保留。五处页码夹入句子或说明不能仅靠空白消除，列为边界待确认；钢材32后缺标点、汉子等文字不改。
951	public/cet/lessons/cet6/cet6-20191201.json	cet	cet6-20191201	2019年12月英语六级真题第1套	needs_confirmation	1a5d8b9831a416a2e5c95813aaa26bf5d07ce668eb4ee1ba673591d119ed3fd7	d7bdeb2eb47afd664741f0bde630370b22b05b02bf78bf005c25e7603644f2a6	15	true	true	2026-10-07T08:16:38+00:00	1a7d4779020843c21a442ce0021e803bd0a2981762e82440c3370b0dfedffa74	全文含社会责任作文、25听力题、饮食认知选词、屏幕时间幸福感A—J匹配、说谎神经机制与Cascadia演练两阅读、荷花翻译。保留原heading[0]，拆出重复页眉、标题、词库和逐题选项；1—25孤立题号在无页眉阻碍处接首选项，保留19题跨页题号独立；巨型逆冲地震机理续段同段。正文完整自然段保留，原HTML实体和错字不改。E段跨页说明被非空白页眉截断无法仅空白恢复，列待确认。
952	public/cet/lessons/cet6/cet6-20191202.json	cet	cet6-20191202	2019年12月英语六级真题第2套	needs_confirmation	c29560cbf303e5faaf92df641fb7cba60ec28ec65ee9bd949beb783852ab2d13	6bda197c7702c62cc017115b09488487267fda566894de7d6f69b41a2521ed76	16	true	true	2026-10-07T08:19:07+00:00	ffe6f98ffab06899b73afaddddfad41a5b8a8a28239aed090f3929993985f8fa	完整通读家庭责任作文、爵士乐等25听力题、物品拟人选词、蛋白质A—N匹配、态度心理与南极磷虾两阅读、牡丹翻译。保留heading[0]与重复页眉原文，题号接对应A选项，混排选项词库分块、G/H段标拆开，南极保护区行动另段。53题两套重复选项与47题后孤立E.均为原文字问题，仅备注不删；正文保留长自然段。末段页眉阻断environmental non-governmental organisations一处待确认。
953	public/cet/lessons/cet6/cet6-20191203.json	cet	cet6-20191203	2019年12月英语六级真题第3套	needs_confirmation	fb90b34d713ea6d7d7d4fb3b8233fa0922fee57076ca4dfc9c4c37ef3ac5bf2f	c27f4534f90c055844f980a82bcbfcd3c316fffab64bd2d042d971d4599a0325	14	true	true	2026-10-07T08:19:13+00:00	a9b53e6eab2931e8114ac25a5067636603dabf147123bf18477b92bfdac2de41	全文通读社区责任作文、25听力题、城市空气选词、草饲农业A—L、学校旅行与王企鹅两阅读、梅花翻译。保留heading[0]/[2]/[23]锚点，按正文完整自然段、题号与选项拆块；B市场冒号、E优点冒号内容合回，企鹅长块按研究背景/物种介绍/栖息地结果转折拆自然段。听力确为JSON现有全文不因同其他卷而跳读；19题隔页题号留存。两处正文页眉插句阻断待确认，49C等文字缺损不补。
954	public/cet/lessons/cet6/cet6-20200700.json	cet	cet6-20200700	2020年7月英语六级真题全套合卷	passed_edited	18ec3253762b0ff8fdddfa503a5860e616d65a47380dfc27f012eab9082be761	33ad35fedae63f6544ab3305965dbca57a4911955a1b293e5e77a2fa4a20a8a9	25	true	true	2026-10-07T08:19:19+00:00	3d79f23e816892b39b44fdc65397623a562e507649f562a9d8e97b8c18483245	通读今日努力作文、完整25听力题、生态危机选词、儿童心智A—M、正向压力与狩猎阅读、三国演义翻译以及范文答案译文。按现存自然段题干选项拆块，词库逐项分离；跨页We need、involuntary behaviors、Cookie Monster left、anyone in particular接回完整句；A/C/E/K同论点续行合回，压力运动介绍与狩猎伦理转折另段。保留参考答案heading标签并分离范文和译文正文。全文无页眉阻断，文字讹误与答案内容仅保留不校勘。
955	public/cet/lessons/cet6/cet6-20200901.json	cet	cet6-20200901	2020年9月英语六级真题第1套	needs_confirmation	9aff6a6ee289295dab84c420d4d6b7a7e158fdd860b7d07e4d87a5c609947bf0	fd31a577b4c2041e4d23f2c7cc4c6fbae39c70df464b9c6ef2e06307c6ad8d0b	14	true	true	2026-10-07T08:23:48+00:00	5fc1562e928bc39baa0ab392f71efaf1f769fe082f2a86e7811dd57d7f86d47b	全文通读尽善尽美作文、25听力题、自我设障选词、双语教育A—P、儿童肥胖及珊瑚海阅读、西游记翻译，无答案。拆分同排选项词库、标题及页码，维持原ACBD顺序。自我设障引语、双语A/D/E/J/N同段解释及肥胖干预结论合回，保留多句自然段。正文四处页码截句，听力3/4与22—25选项跨题、跨标题错置需重排才能恢复归属，均保留原序待确认。原错字和控制字符不改。
956	public/cet/lessons/cet6/cet6-20200902.json	cet	cet6-20200902	2020年9月英语六级真题第2套	needs_confirmation	59ce67cf07342a01a1aead82194fc144bd2a54a0ae528c06017c16e1759d1ebd	f657c2889042f22553f42c86f5fc00531c126437b878563dd6f6292a6f3c15ae	28	true	true	2026-10-07T08:24:03+00:00	6baeb4d2c8f1d621ad50ff9d4f9941701ec35afaa4decfbe8c35123d4e6f97b7	完整通读精神财富作文、听力省略乱码说明、成年子女同住选词、远程医疗A—O、Steel睡眠与有机农业阅读及水浒传翻译乱码全文。分开词库、标题、选项及页脚，医疗G费用、J认证programs、L立法争议接同段；睡眠声明转折及有机产量例证另段，环保论证连续句保留自然段。正文一处页脚阻句与翻译乱码跨行的句段关系无法确认列issues；其余乱码文字仅备注不补字。
957	public/cet/lessons/cet6/cet6-20201201.json	cet	cet6-20201201	2020年12月英语六级真题第1套	needs_confirmation	c10987f52056ca6fc995aab0e45f09478eb9147c7b442f0744daf70399e44969	5b5a8d542b973f91303e781d786ce4d78c21fe001cf7f482a9b4d99ac0657b13	21	true	true	2026-10-07T08:24:10+00:00	42a64d41290f32d3564856aa882fe0e5adb6fffa56caa8a4a4ef88e7bc75986a	完整通读迎接挑战作文、25听力题、税收选词、农业AI A—R、艺术观赏及饮食指南两阅读、翻译残存行。拆出说明与混排选项词库，接回J any problem in the world、Q farmers’ fields、Nelson引语Especially if及guidelines’ official scope。艺术阅读按博物馆管理和人群适用艺术转折分段，展览实例合回同段。听力选项归属错位需重排列issues；翻译只剩8 o 2040 W iisij 1属于原文缺损不补。页码保持原位，正文其余边界可定。
958	public/cet/lessons/cet6/cet6-20201202.json	cet	cet6-20201202	2020年12月英语六级真题第2套	needs_confirmation	c000a93a46ac0ca2e636c16f4b68a32d7be23e6f2aa3d55beec9638da822cf36	9f3e53e4fe7b8bf20b00e470a706700f4d6687ad34ed1c2c1e11b3655bc833d9	27	true	true	2026-10-07T08:24:21+00:00	c1c58d315b9c9a6c6e65152597bac7436641948b937251c0d9cdbca4e402e679	全文通读沟通能力作文、25听力、疫情后变化选词、Slow Hope A—K、印度植物饮食及抱怨心理两阅读、港珠澳大桥翻译残文。拆出词库短选项和说明标题；慢希望A/C/G/I/J同论点续行、win the game接回完整段句。保留长自然段、题项原序与所有页码字符。听力1/2、3/4、7/8选项相互插入，另三处正文页码截句只能登记待确认；翻译乱码及末尾knowledge疑错位作为文字残缺备注，不补改。
959	public/cet/lessons/cet6/cet6-20201203.json	cet	cet6-20201203	2020年12月英语六级真题第3套	needs_confirmation	9e039b8e1fbfaa01a76383d7d07a26e1c9acd29c0b311c7fc33ef76b8ac8b626	3f38d1c52715f878d447a778b7f21f8563a1145392d4fc9540e63134370956c4	22	true	true	2026-10-07T08:24:33+00:00	5a60b122046a1c908d52ddf58238121d5b173d3ab39ca4c0bbeee36cfb308928	完整通读创造力作文、听力标题后省略现状、社交距离选词、终身学习A—P、社交媒体与黑猩猩文化阅读、铁路翻译残行。接回coronavirus所属、H on-the-fly and at will、I/J/L/P同段解释；原blocks[3..18]的can’t/be/are/no/it/wouldn’t/feel/don’t/actually/know/or碎词全部接回连续句，Generally speaking另起自然段；primate cousins接回。拆分词库题目与标题，完整多句段保留。页码截断社交媒体结句列待确认，翻译残缺及注释乱码不补。
960	public/cet/lessons/cet6/cet6-20210601.json	cet	cet6-20210601	2021年6月英语六级真题第1套	needs_confirmation	4e8944f5f5091a4d0e8659d0d596b49f561b46d5c2090aa712da449d368c3c23	8c95185124e097562489ec14aae1a29218deac6bc7e5987b9f82b76904971a4b	27	true	true	2026-10-07T08:24:41+00:00	a0c13b74a3248f697a36294491adbe709ebfbbfd3f1ec3d2c71ec93ecb8d6446	全文通读城镇化图表文字作文、25听力题、儿童读物种族表征选词、Marconi A—K、遗传能力及旅游税阅读、翻译乱码原文。拆出标题词库选项和54题，接同段Dr.Adam说明、D/I/J论证与result冒号解释、since 2010。正文保留多句自然段和所有乱码；图表没有图像不自行补内容。四处正文页码截句、听力13—15选项及词库Section B/55题Translation标题穿插记录待确认；译文乱码是原文字内容，未更改。
961	public/cet/lessons/cet6/cet6-20210602.json	cet	cet6-20210602	2021年6月英语六级真题第2套	needs_confirmation	5f31c51f779db27d371f76d631a4081de2b6e74e4bc25825a58dd451c54cbc0a	9560c9462b8b7df65c1ed9d0763c113ae4c4bdaefb77824b004f00ad2eaffb8d	26	true	true	2026-10-07T08:24:51+00:00	15267b8696f5b3d3d91229de8aa55855779953a18aab09a17b14e6c8ee9c68e4	完整通读高等教育图表文字作文、25听力、理财买房选词、巴黎圣母院A—K、绘画认知与汽车导航阅读及末尾翻译乱码。分离图表来源、栏目说明、混排词库选项，圣母院F段标另段，I损毁评估续行及绘画开头/视觉证据、导航信息效应合回自然段。图表原行不推断图像内容，乱码不校勘。1题D错置于2题中及五处正文页码阻断登记issues；全文修后保留完整多句自然段。
962	public/cet/lessons/cet6/cet6-20210603.json	cet	cet6-20210603	2021年6月英语六级真题第3套	needs_confirmation	f0d4d11325198611b47640552968204b88b34a70fc166740e57d1f2ca7242b2e	06803ffd6c630553f353322bb1496111188e383ce2dc56ab5366ba655bbedaeb	24	true	true	2026-10-07T08:27:59+00:00	5452ad8a6111a8a90bbf2689f0354401f4cd2fbb8645bbf5d52257c88f96f800	全文通读脱贫图表文字作文、听力省略说明、自我接纳选词、CGI演员A—L、创造力教育与模仿抄袭阅读及翻译乱码。保留图表原文和行序，仅分离来源及后续标题；拆开F/I/J/K/L段标、词库和混排选项，恐怖谷J解释并同段，plagiarism括注跨行接回完整句。完整自然段保留。词库Section B错置和两处页码截句需重排或删字，记录待确认；其余乱码与缺失文字不改。
963	public/cet/lessons/cet6/cet6-20211201.json	cet	cet6-20211201	2021年12月英语六级真题第1套	passed_edited	a909e8008189918f83c77fcda8077d5fb4df1fb32089df29fbb3d595511dd6e0	fb2ba970570e0391f01d5293153d3449bbb14def06bf7c55209e6fd9e5dcea86	18	true	true	2026-10-07T08:28:05+00:00	0c90026c2f1eda34183c7c596a0f30106cc5f1a7fd948cc2e42805277e05e5e4	完整通读追星现象作文、25听力题、服饰心理选词、为何事实不改信念A—P、自动化失业与文化国籍阅读、一大会址中文。接回Kevin Simler、books beliefs than conversations、address automation、differences between countries、53题people’s value完整句，K/M同论点续行及劳动力数据同段保留。分离词库短项与25C、标题说明和Passage Two。无页码夹句，无需重排或改字，所有原多句自然段完整保留，原拼写字词不改。
964	public/cet/lessons/cet6/cet6-20211202.json	cet	cet6-20211202	2021年12月英语六级真题第2套	needs_confirmation	0c41a37141dbf8b71365c9255e38f59642e4ab8f0db6369b4b3f619df60eec55	2e243692626c17dab3c54e38cd9707d346e68f04a31750d26d4108936382cb51	17	true	true	2026-10-07T08:28:20+00:00	099ac95c926cfcab905b13298f484c9f0a63fc2d4711dddb3fbc2e98e80bf076	全文通读父母过度保护作文、25听力、乐观长寿选词、Burberry毁库存A—L、招聘社媒筛选及食品缺项标签阅读、井冈山中文。分离同排选项与词库、说明标题；乐观长寿长块按研究脉络分四段，D detailed answers、H record-breaking online与slows across接回，食品冒号后的解释和研究证据同段保留。正文无页码夹句。听力19题位于Questions19—21分组说明之前，需重排才可恢复标题归属，已记录而不擅移。
965	public/cet/lessons/cet6/cet6-20211203.json	cet	cet6-20211203	2021年12月英语六级真题第3套	needs_confirmation	511a96044a7067f4d177cf6feb6c7f662546f9ae313e34dcec885a87502fff35	ceafda02c72925afcb7d3c802d8216ab27ae9186b650be9d9d09dbcb29822d55	4	true	true	2026-10-07T08:28:34+00:00	c0b651112096ab6a5a1074781c6d8a3fab522ea0d065ac8cc107546cf1598a72	完整通读虚假网络信息作文、听力及选词略、音乐智力A—O、电视网络理性与员工特权两篇混置阅读全部现有段题及延安中文。B枚举、C also happen、H辅音、I spatial、M/O引语接回；sense of deservingness、1980s跨块、中文分布最广级别最高续接。明确分出两文错接位置constructively及conduct of politics，但不重排；51—55提前且49—50与46—48倒置也保留并登记。其余正文长自然段、标题选项保持，拼写不改。
966	public/cet/lessons/cet6/cet6-20220601.json	cet	cet6-20220601	2022年6月英语六级真题第1套	needs_confirmation	3352da4b1928702e6372504bf2d834c14c2fadbd6cacac2427ea650d45f8dc61	499b98480d39f65e073e9a94c19faf111c13ab46af5a69227f419e047eaaf8ce	14	true	true	2026-10-07T08:19:34+00:00	31b1d046fdebc4174a6cc19ca1b7cae772b10158a0f5b1ec263acb30a8213d29	全文复核善念实验、Saving Our Planet A–K、AI音乐和科学传播两篇阅读、赵州桥译题，以及全部作文听力选项。依据相邻语法续接跨页句，保留阅读段内多句、题号和选项。内部OCR拼写与编号不作文字校改。
967	public/cet/lessons/cet6/cet6-20220602.json	cet	cet6-20220602	2022年6月英语六级真题第2套	needs_confirmation	a4a2bbfe04787035d464acdf57cf07263219bdee950a8d2794d46a7754db6514	a8ecf30ed022f28cd507b4eec13cfa87b44646a355d2fcee6e1d62160790a5c5	13	true	true	2026-10-07T08:19:44+00:00	ad47e5dd3f6ee9e8a42a99d228a2dfd336b93754ad02190ced05a8be518ea732	全文核对前卷残片、技能作文、Bath温泉完形、远程医疗A–K、美大学教育及常识与科学两阅读、卢沟桥翻译。连回相邻跨页续句和同一字母自然段内机械换行，词表、各题及选项独立。OCR字词保留。
968	public/cet/lessons/cet6/cet6-20220900.json	cet	cet6-20220900	2022年9月英语六级真题全套合卷	needs_confirmation	fefd9a852526482377b6eb58991553a5679c3170223840c022a961012ade7bd8	42bc6dfa91001da17c01a1ae9d5b9227b369a2d2134634196a3082af713a533c	17	true	true	2026-10-07T08:19:50+00:00	86a77edabfd2cb56021f000bcd4f209f74395d08fe91f2d9629f3009d085ff45	逐段通读全部三套作文与翻译、听力、旅鸽完形、编程与外语A–O、科技反垄断、旅游负担阅读及题目。保留多句自然段，拆开词库各项和所有题号选项；合并明确属于同一字母段的换行。原有OCR和日期错误不改。
969	public/cet/lessons/cet6/cet6-20221201.json	cet	cet6-20221201	2022年12月英语六级真题第1套	needs_confirmation	89c07cac0101519a1fab307d4e18fb0df03ed5e1c549caca56e2abd6d462bf2a	6165c212613f3ea43f4204818ff05aaa86c4c09563a10b48304f6268c9450972	17	true	true	2026-10-07T08:20:03+00:00	19b5b1296389cfa3473d734ead3f35323d832d185662cba44b95a4dbf0e7d13f	全文复核信息技术作文、听力、枪支与精神疾病叙事、Wardian七洲马拉松A–L、工作自尊及环境恶化阅读、青藏高原译文。拆开词库和明确粘连的G/I/L标号段，保留中文三自然段，合并句内换行及总结段。保留OCR文字错误。
970	public/cet/lessons/cet6/cet6-20221202.json	cet	cet6-20221202	2022年12月英语六级真题第2套	needs_confirmation	3b3d2fab5b1a0cf5d2b0e3dac7c589fe81ccf044351188bf9e9b95ebaec61cdd	59d385b6f944651f48843745b011e4e2c07d779055b0080b4a92931778a8715e	22	true	true	2026-10-07T08:20:12+00:00	58e95331f684cf3bc20015e4e97447ae214248d8bdfa1fcb4694ce72ce8cf948	全文核对批判思维作文、听力、全球企业战略完形、Fear of Nature A–P、学生贷款政策、幼儿屏幕指导及黄土高原译文。拆开已知字母段G/H/O/P和词表、题号、选项；保留年龄组自然段和译文两自然段。原OCR字词不校改。
971	public/cet/lessons/cet6/cet6-20221203.json	cet	cet6-20221203	2022年12月英语六级真题第3套	needs_confirmation	923cf266583bb1d84ade2a41a1adf83f282ff910a1e21985561d121f251ebdc2	23c2fba1f2ae9533cc40b8394f8c9654b2397825248410f571fd158ee792d483	18	true	true	2026-10-07T08:20:24+00:00	0485128f95a17b11d45a09db428504a29286ee3191d66deeecfd41543e22a282	全文复核团队精神作文、大学燃煤完形、古典音乐观众A–P、端粒与衰老、塑料降解酶及云贵高原译文。保留多句段落和词表各项，拆开H/L/O及新的独立论述段，连回Prof.姓名跨行，中文两自然段保留。未作文字校勘。
972	public/cet/lessons/cet6/cet6-20230300.json	cet	cet6-20230300	2023年3月英语六级真题全套合卷	needs_confirmation	702f1c99f175dcf7ffc134358b045e3d5fa2c81d0809ac59f6cf5028173c4ec5	d33eab712a7443e5ca166dca232fd08368391030dc4436a7f664aad699abebb1	16	true	true	2026-10-07T08:25:05+00:00	34722554d8e5a8fe2ce952572cdbea311a6bd390c9b52bbb53a3899b13d5d36b	全文通读颜值焦虑、选择过多与数字鸿沟三作文；听力；Bostrom人类灭绝风险完形、旧金山住房A–M、饮食多样性及雏鸭认知阅读；徐霞客、郑和、张骞三译文。明确拆开三套标题、词表及所有题号选项，K段交通建议合为一个对应单元。OCR字词不改。
973	public/cet/lessons/cet6/cet6-20230601.json	cet	cet6-20230601	2023年6月英语六级真题第1套	needs_confirmation	88d97695340e660e80947af14d1a689d5504e800f05b8196838e6576e7b8f97c	aa2885442385c08216b3f3f6cca10f3e95d7266f35e92fcc620a3e89e7931182	14	true	true	2026-10-07T08:25:14+00:00	153da95861e5c0ddbf37d780bafd3e15efe2fe06c0e7d922a33b5c1f6fb19f19	逐篇全文核对心理健康作文、听力、犬类智力完形、感恩A–M、AI判断力、Phonics教学阅读及文化产品出口译文。阅读多句自然段保持，I段关于感恩障碍连为同一字母单元；缩写、年份跨行按语法合并，标题/选项/词库拆开。原Directions类型文字错误不校改。
974	public/cet/lessons/cet6/cet6-20230602.json	cet	cet6-20230602	2023年6月英语六级真题第2套	needs_confirmation	9b12a1315f4aeb0fcc11c6257a4fb1d245b71bdff55fbf7b6026a7ed5615a60f	c6ba79f16e824ead5d85af5b1b4c5fea24a861a2da0929ecf7c5861fb6cfbb07	13	true	true	2026-10-07T08:25:24+00:00	7e8c8d2ec8eb2ba525b277c87e50153f5c410d9990309183c8316789d86056f9	全文核对理性讨论作文、听力、饥饿补偿完形、完美主义A–K、儿童广告及职场监控阅读、城市公共设施译文。连回括注后的句内换行及字母段内部续句，F/G/J段明确拆开，题号选项与词表各自保留。原文文字疑误不校改。
975	public/cet/lessons/cet6/cet6-20230603.json	cet	cet6-20230603	2023年6月英语六级真题第3套	needs_confirmation	043cf89a6bebe9831c57d05cee3df62fb47ab302286fa2b42ee60ab6b7a91d6f	f3b0614120a0f84423806bc68d02e8501441a7193ee7f597b6a2118fe6ca54e6	15	true	true	2026-10-07T08:25:33+00:00	c308e37ae6010a9ec808c9adc0403ef0b8a325b4b4245274afddd0e874b75af7	全文核对学会学习作文、听力不重复说明、自我认知完形、tiny colleges A–N、加工食品成瘾、人类过度模仿两篇阅读和城市建设译文。保留段内多句、缩写/小数，拆开I/J段粘连和词库、题目，修复括注后换行与K段内部机械换行。
976	public/cet/lessons/cet6/cet6-20231201.json	cet	cet6-20231201	2023年12月英语六级真题第1套	needs_confirmation	ee048947c40ef0796946d1b78142928e6762f2e1d2fe3832f072c95753475b43	8fdd4173f9723cc6e6e262a3242de8a02047e4b1f9b458e32941b2d03821d215	18	true	true	2026-10-07T08:25:40+00:00	8c87a195e091815fbf2bebc30e392d1af9e58046192dc600f08c1205a51964b8	全文核对学科基础作文、听力、Mojave沙漠完形、非洲农业A–K、工资与经济增长、期刊性别差异两阅读及养老模式译文。合并对应字母段内机械换行；分开F/J及不同论点段；保留题号、选项、词表、引文和数值，文字错误不改。
977	public/cet/lessons/cet6/cet6-20231202.json	cet	cet6-20231202	2023年12月英语六级真题第2套	needs_confirmation	71f69a23d7695ff961aee17b93a775d69c0b25e466e42b274f373725fd2f6f10	b4c728618469df4b10217061c7261a716dafc2e7a1bcf882a754aeaffd06209c	17	true	true	2026-10-07T08:25:50+00:00	ff4195a92ea8fc19699f4986eb461224361f6e3d76f9f40c8ef30222e84a89ef	全文审核儿童自主学习作文、听力、事实和可能性的脑反应完形、Treasure Fever A–M、断网特权与数字排斥、竞争与合作两阅读以及老龄化翻译。合并明确同一字母自然段续行，拆开标题、K段、方法/结果与不同论点单元，完整保留多句段落及选项。历史事实及OCR疑误不改。
978	public/cet/lessons/cet6/cet6-20231203.json	cet	cet6-20231203	2023年12月英语六级真题第3套	needs_confirmation	f2a8284c57e1d4d586b121267f175bffd4cd1f7ebf0b1200d8aa7f2fae9d5fb1	27bdd44440200e8b81ffc8414d407b4f5a3daa5cf87acb613c25ae277ffdf06b	13	true	true	2026-10-07T08:26:04+00:00	b3fc7cf76bf0545f090e837cb019a73f06d8b4651bd47dd45b3241b7a8012d3e	全文核对老年人贡献作文、听力复用说明、城市运动空间完形、双语与失智A–L、研究传播、蜘蛛保护及养老服务译文。拆开词库（含vicinityG粘连）、题号和D/B粘连选项；同一字母段及解释因果段保持多句连续，中文译文完整。失字和OCR错误不修。
979	public/cet/lessons/cet6/cet6-20240601.json	cet	cet6-20240601	2024年6月英语六级真题第1套	needs_confirmation	2dd90c30e80ca25bf6ec20d24c63eb81a553bfbb423f8f013fb2ec2d51ae5c38	d868f7de69e2b30ca6075a5af0a2b40387eb3133a5e30ee09c0191c80c35a26d	23	true	true	2026-10-07T08:28:40+00:00	b4cb2bbc9abe514a72fbf0871ad74c4be37dee51c816c00ca4697e4cda8c6d4b	完整通读自主学习作文、25听力、彩虹选词、会议恢复综合征A—N、讽刺幽默与学习变异性两阅读、传统婚礼中文。拆分栏目标题、词库短项及50题混排选项，it 34接回，E资源理论同论点续行与I引语归属、讽刺结语、Raviv人脸记忆引语同段。原网页页码均保留，E最有价值资源句被第5页页码阻断，仅此一处待确认；其他多句自然段完整保留，无文字修订。
980	public/cet/lessons/cet6/cet6-20240602.json	cet	cet6-20240602	2024年6月英语六级真题第2套	needs_confirmation	c5daa684af9336cd197f0d119778a56daaa6646f95d0354d0341a1a84785bf88	2fe8940d82dc5567e80f3f5d682c0edf10551053cd51815491d1c946eb9d9e13	20	true	true	2026-10-07T08:28:51+00:00	2e0496da8f51f66498cfa878a616ee28534470a4eaae27b251feed7e923a415c	全文通读社会实践学习作文、25听力、古典音乐健康选词、自有树A—O、职场旁观与核能环保阅读、竹子中文。拆出栏目标题、词库独项与阅读题目；artists’ music、Clarke引语归属接句，树D/F/I同论证续行及职场主管示范合并自然段。所有网页页码原序保留，核能篇renewables provided被第8页页码隔断需另处理列issues，其余多句自然段保留。
981	public/cet/lessons/cet6/cet6-20240603.json	cet	cet6-20240603	2024年6月英语六级真题第3套	needs_confirmation	1b653e27d4beb2f96e869716e081b92066d6ab352abb96c34d6b92fcfb81f688	a492ed401394a1b83a023f0746d652de8c584d7b2363b4f26fe07ab9e1cfc624	20	true	true	2026-10-07T08:30:57+00:00	eed267cb72cdf7270593f55b96480f5bfba6155bb7b31169e670ad2aa4dec64d	全文通读数字素养作文、听力省略说明、The Sun Is Also a Star书评选词、习惯养成A—L、真人秀美国梦与工作身份阅读、扇子中文。拆出标题说明和词库，C/E/F/G/J/L同论点续行及问句合回，真人秀调查结果续段、工作身份变化和职业选择转论点分段。全文保留多句自然段。工作身份句we recognise被第6页页码阻断，非空白顺序约束下不能恢复，记录issues；原字词不校勘。
982	public/cet/lessons/cet6/cet6-20241201.json	cet	cet6-20241201	2024年12月英语六级真题第1套	passed_edited	b51fedba13440d07d6ccb6da2dde3233ab7de8d04646ebd0b1225450f56d2716	66536aa655d96051c0df4e040466351ea8e39f602594a0dc0c0ab4172b7fbb23	20	true	true	2026-10-07T08:31:03+00:00	8a60fcc513db11c9589cf35f0e821ed15437a96bcffc6324ea776ce9da52dee5	全文通读现实目标坚持作文、25听力、节俭消费选词、被遗忘作物A—O、恐怖娱乐与社媒审美阅读、北斗中文及KEYS听力阅读答案。拆栏目说明和混排选项词库，Section B说明跨块、A引语归属、B alternative crops、N餐厅例子及恐怖篇and they接回；恐怖论点、游戏快乐解释及两种审美开头合自然段。答案表仅分离标题，保留原数字字母序列；所有多句正文完整，原OCR字词不改，无遗留句段边界问题。
983	public/cet/lessons/cet6/cet6-20241202.json	cet	cet6-20241202	2024年12月英语六级真题第2套	passed_edited	ab4c1ba4aff9fd8d418c62b2e048ee0e2d3390c69891bdf6002d61e8aa892000	52d6af06fd4ddb30aee3daf7608cf11c99abb553da18d619868d74a314a80c2e	21	true	true	2026-10-07T08:33:21+00:00	630a8404d947535a583743b931f7e4d42902646da68c697ce78b68b1d85e75c9	全文通读自律作文、25听力、对话平衡选词、超级血狼月A—N、乡村未来及审美客观性阅读、洋山港中文、KEYS听力阅读答案。拆标题说明混排选项词库，symmetry解释及沉默方说明同段、J蓝月历法说明同段；乡村second homes in the countryside跨块接回，演变例证与未来问句各合自然段，艺术接触与style解释同段。答案表仅拆标题，保留所有数字字母序及原OCR字词。全文复核无遗留句段问题。
984	public/cet/lessons/cet6/cet6-20241203.json	cet	cet6-20241203	2024年12月英语六级真题第3套	passed_edited	850c04ceb9a08ac9f87292d25d8bb52495abd14c672f6e6dea87648e3ab73b1a	2e76834265239139e12af2c2bd904836b8f76dc84f7d83d2bd339d3c83d1ce5f	17	true	true	2026-10-07T08:33:31+00:00	c26aa0d83882dc62a5a17e55fa456b4ca184b1873cf3fc35019463f561b6abdd	全文通读大学探索道路作文、听力省略说明、慈善义务选词、自由贸易悖论A—M、左右脑人格误解与团队教学阅读、航天中文、KEYS阅读答案。拆出栏目说明词库选项，Section B说明跨块、J compares us to、团队personalized program for接句；A正反贸易、I钱的关系效应、J陌生人延展、脑区功能与对称争议、Hall教学反馈引语合成多句自然段。保留题序答案表及全部字词，修后逐段复核，无遗留边界问题。
985	public/cet/lessons/cet6/cet6-20250601.json	cet	cet6-20250601	2025年6月英语六级真题第1套	passed_edited	0f327386edc276bbec1f72494487ab1c55d385c0c87ef10dc77f2dbc06ad0c88	86f09b269adbff071a8c5c63e723d6b4a2e406e8c1b8ebc72d9193e9f908a987	21	true	true	2026-10-07T08:29:04+00:00	6f49e0f0320261336756b1cabe3dad7d18b6b17b6f81cccd2f29d004279f7473	逐项读完求职准备写作、全部听力、校园除草剂选词、图书馆社区服务A-N匹配、缺课政策及追求职业热情两篇阅读、天宫空间站翻译及KEYS。匹配说明a/paragraph跨块、C社区职责、I教育课程、N结论续文合回；缺课研究和政策说明、职业热情中的连续引语与雇主解释恢复完整段。听力9-11说明缺词仅旁注不改字；全部修后全文复核。
986	public/cet/lessons/cet6/cet6-20250602.json	cet	cet6-20250602	2025年6月英语六级真题第2套	passed_edited	6911bfbeb107c9e5aaf83765abfbc8b005f2f574345914832b78ef48a97d1c12	26c85f328455ceed14aa54746dad7eb294c269a2380c5097527f338efcf5355f	23	true	true	2026-10-07T08:29:15+00:00	4695942130241be939b6ce505eddbd066ebe5a59306fedad1cd39c97ac6dcd7e	全文通读社交媒体责任写作、全部听力、水熊虫选词、畜牧业气候A-O匹配、势利心理和育儿假薪酬两篇阅读、大湾区翻译及KEYS。明确修复听力B说明、匹配说明、J段while/production、势利文章judge us/ruthlessly、薪酬文章the/introduction及翻译说明跨块；D/K对应字母段续文合回。18题末的Questions 19和25题末Part III粘连分开。缺词和拼写旁注保留，已全文修后复核。
987	public/cet/lessons/cet6/cet6-20250603.json	cet	cet6-20250603	2025年6月英语六级真题第3套	passed_edited	b89c8093db4efbc32501648a50391f1a96d9796e5ca5947197133b8f580d94e6	b00c1a40b370befe1724c07a0583a2ef028a83a06a809c03a035730b6fd17b5d	16	true	true	2026-10-07T08:29:25+00:00	f73fd0089e4684e5cab7c1bb608f52a77b9ad4d3f285cc3f05854a3238e3a35a	全文读完AI创造力写作、听力省略说明、女性国会代表选词、独处益处A-P匹配、模拟学习与政府幸福目标阅读、南水北调翻译和KEYS。C括号续句、I研究引语、J领导力段、K跨块及N友谊续句归回；模拟文章doesn’t resist change/but embraces it合回。原Section B heading锚点不动，所有题目选项次序及完整论述段保留。字词异常不校改，修后全文已复核。
988	public/cet/lessons/cet6/cet6-20251201.json	cet	cet6-20251201	2025年12月英语六级真题第1套	passed_edited	369c09a5e903df6b3ea9531cd80de3482e70c4a8bd35cd3307af04406e6029df	7afd685a2403dab3ab87131b683bad5948de57ca23749c5e948b3c1de3fad63b	23	true	true	2026-10-07T08:31:11+00:00	efda5654489642c1cf68a2528ee15490ffc9be11405671f9ad5eec074dd18cf2	通读竞争挑战写作、全部听力、终身运动选词、机器人餐厅A-P匹配、友谊与个人成功、马丁路德金与平等阅读、尊老翻译及KEYS。C段Bear/Robotics、N段recruited/1000及平等文章diseases/impact跨块合回，E/I/L/P字母续文合回；15、18听力题及45匹配题粘连下一说明分开。尊老结语并回同一翻译语义单元。缺词不校改，全文修后复核完成。
989	public/cet/lessons/cet6/cet6-20251202.json	cet	cet6-20251202	2025年12月英语六级真题第2套	passed_edited	39d627436b41d4f69837569b0ee1a09ece5dacb327e9f9813c28ee9e6387d44b	6432bc79ec28a7fd2c6f9c716a646b73e3b10aeee8fa9189fd7c38674364aab3	24	true	true	2026-10-07T08:31:20+00:00	0b6d0d1981a022bb961628c14ccbb74ba05528e7cb0041accac13b9197d05441	通读中国梦自我价值写作、全部听力、AI与人类技能选词、何时退出A-Q匹配、团结与不请自来建议阅读、自强自立翻译及KEYS。匹配说明letter/on Answer Sheet、M段shut down/your venture和团结division/of labour跨块确定合回，B/F/G/L续文及团结末段完整保留。15听力题D与Section C分开；原字符拼写及答案顺序不改。全部修后全文复核。
990	public/cet/lessons/cet6/cet6-20251203.json	cet	cet6-20251203	2025年12月英语六级真题第3套	passed_edited	6d9f388aebdc5397b4f199ce01251b29aedea6c65a1ae8dfbf83387810db981d	69638013a4fc78a630a4e61fd2862455a89f3a260fd9a11ccd6cd3961174faec	17	true	true	2026-10-07T08:31:32+00:00	737a706137cab9e91f8c679c73124af2143bb0a2807b2dd698cb1f0ef4a196fc	全文通读教师影响写作、听力省略说明、标准口音选词、交通灯历史A-R匹配、正念与验证码阅读、节俭翻译及KEYS。口音分号后rather续句归回，匹配说明跨块、A/B/F续文、N段It is/that simple、正念likes and/dislikes及验证码needed/to check跨块合回。交通灯各字母解释与正文多句论述保持完整，原字符拼写与答案次序不改；修后全文逐块复核完成。
991	public/kaoyan-english/lessons/e1/e1-1980.json	kaoyan-english	e1-1980	1980年考研英语一真题	passed_edited	cbe5cefa2e292835deae2f3308545ead01f14f65e4ccd4eb4cfcb91da6decb5e	984ec9aae6b3286fe3111261c7c75b7f0d59f98ffbe1c00b2c0a35bfdef70328	59	true	true	2026-10-07T07:35:43+00:00	ad531c0b0465883f4d98a95577f0598a87bf564040344723f9d54fce942b2042	按页拼接的八个大块改为标题说明、题干、选项、答案和完整自然段。第17题appear后是物理换行；Einstein第二点的Although承接理论贡献且中文对应为同一段，合并该处续行。其余英汉全文自然段及第15题问答保持对应，绝不增删错字。 修后全文229块逐项复核完成，题号、选项次序及中英两篇完整自然段均保留。仅备注原文文字疑点（本轮不校勘）：blocks/1 Section III instruction：每题11分与本大题15分及10题数目存在疑点，非空白内容不能修复，保留待确认。；blocks/7 Einstein translation paragraph 2：“寻求真理的地”“经过艰苦的劳动，了许多”疑有缺字，超出段落空白权限，保留待确认。；blocks/7 second translation paragraphs 1—2：“到那里”“用高温的废物烧掉”“也许会高潮更多地利用太阳能”“用途致使的武器”等疑似文字错误；不猜补或改字。
992	public/kaoyan-english/lessons/e1/e1-1981.json	kaoyan-english	e1-1981	1981年考研英语一真题	passed_edited	e3ad00b17c528a8f8af0f96da6ae339146435e3f1612e4e6f4bc0b7341420c73	37d4447eb78b35fc12c3f86a4929d48405f961c1b22be157c3f7e994d6da45f9	90	true	true	2026-10-07T07:39:19+00:00	f0f3d81e17819ee8c8eefbe0a55d0fff9fdeb7279a97abca0e0eabfc18136b4b	全文已读后拆出标题、指令、选项、答案；英国历史、噪音治理、伽利略观测译文与英文语义对应。第44空及noise demanding more跨页续句合并，仍保留合并text内自然段。文字错误只备注不校勘：大/家占位符、Section VIII编号、译文“技术往往”“混音”“直，我们”等原样保留。
993	public/kaoyan-english/lessons/e1/e1-1982.json	kaoyan-english	e1-1982	1982年考研英语一真题	passed_edited	b180ee8930d7a669a40d2268fe3290762c17d564d6a6491d9152bb1fd92abfc4	65bf4e50bdbacb3397126a733f87558b7bb862294ae26030564809e67c5d5082	117	true	true	2026-10-07T07:39:21+00:00	6e0412e569b1c358a2d4ecd88a7317dc68df7617d07e0c7d05cd8f19684da4c5	试卷按标题、指令、例题、题目、选项、答案和多句自然段分块。住房完形He found和材料列表rocks为连续正文；45题选项B的students/effort为物理续行；核辐射human senses/It cannot同一说明段。吸烟政策段在Smoking is harmful处分开，译文对应分合。原文文字疑点仅备注：吸烟27 percent in后缺年份/结尾，保留未补；12题重复题干、中文翻译答案56—60编号及核辐射you may be in a deformed way等不作校勘。
994	public/kaoyan-english/lessons/e1/e1-1983.json	kaoyan-english	e1-1983	1983年考研英语一真题	passed_edited	ad3f257404f7b83bdec198a2b5c8c7b124d3d33c84155fcf2004e3feed2b89dd	6bcba3a23eff29a3b9616340ee90325d62d290bd7567783385321026b66d10ea	137	true	true	2026-10-07T07:39:24+00:00	12fb29654b324c02c7e813703f4daa6e6e1de999a87ebc8c450b0e16b5934551	逐项拆出试卷章节、说明和题目选项，保留多句论述段。审查译文中换句话承接家长职责，But adults承接保护儿童，公众利益另起，与英语对应；太阳能可能贡献句保持英文独立过渡并同步中文。仅备注原文错误而不改字：heatedly/terrific hat/换句话话等，错题选项原样保留。
995	public/kaoyan-english/lessons/e1/e1-1984.json	kaoyan-english	e1-1984	1984年考研英语一真题	passed_edited	f81460814e410564b34145ce42595fd616e67bbfddee171f76c938b1c7abdafb	1c1edd40d58d6afdd0d7e3d5eb135e7d3369fd248ad9504bc3db638571c995f1	195	true	true	2026-10-07T07:39:27+00:00	85112270cdab1f8d9003e9199ae5c801a1b0ccdbb242f5bb2bd96f48c9563816	保持正文多句自然段，不能按翻译划线编号逐句切碎。隧道通风、文明材料跨页续句和答案80衔接；停电段82后、冰箱食物后和矿物substances后为同一段续行；66题A/B对话分开。原文stream、fell of、答案49编号、书籍矿源等仅备注不校勘。
996	public/kaoyan-english/lessons/e1/e1-1985.json	kaoyan-english	e1-1985	1985年考研英语一真题	passed_edited	e95bcbb471a03cc1059f0fe648c8e09ba71234a6fec286d30b2948d58eb95314	30080afa04bfd0d1fd97e643255ac4acd6db6cd89129b63c8da0b57128344706	150	true	true	2026-10-07T07:39:33+00:00	b823bb89bf70809f4c672c0d895c13b9597998f09b8b281a37f152db7d1353e0	第4、12题问答分为独立轮次，词汇与完形选项独立，三处跨页接续恢复完整句；电视与办公室自然段不随翻译题号拆句。原始阅读例题仅有选项而缺题干，答案must have down、译文手机/要能是等仅备注保留，不从别处补文。
997	public/kaoyan-english/lessons/e1/e1-1986.json	kaoyan-english	e1-1986	1986年考研英语一真题	passed_edited	66eb0168ea42ed1b0f3f9523afd3c5d2fb6eee0a027169f1325b11e30f5a24b3	0bf266e0933d0b2f5fcdc6d63c570ad5d499838e75e36ec500e802cac8cba9a1	71	true	true	2026-10-07T07:41:50+00:00	11b32760db688252650b25e8b27ec4a7e081424fd7c12af508457d24fa1f6d91	通才专才other/people跨页、14题it is/important跨页恢复；specialist段分号后及南极第一段③前均为物理续行。保持①表示的自然段及大学通才/专才两段，不按每句圈码切段。Annie回答与店员邀请各独立。去除demand、judgments、continent、timetables等明确词内空白。17题C末多余[、Close原字及缺失答案不校勘不补充。
998	public/kaoyan-english/lessons/e1/e1-1987.json	kaoyan-english	e1-1987	1987年考研英语一真题	passed_edited	0cf6ae5ab71df58ed45d8e9861b7831dfd59c800ba83d290d8b22662de4a21a3	22fdefa448c4d059e6370a161867ab3891a7768b962f66d99fcf8fcefa51388f	78	true	true	2026-10-07T07:41:51+00:00	98d1419630f6851c832fc63a970e5be673ea2a69c95445cc34b1cea18ea0b094	支票总述前三句为连续介绍，之后珠宝店经历按原叙述段；奥运以重新开始的①保留各多句段落，段中③④续行衔接。科学解释第一长段保留传统论述，现代科学另段；城市问题中的goals/Neither和(30)同一意见分歧段，结尾(33)承接结论。拼接decided、explained、Olympian、accommodation等词内空白。Close、conceive、courtries、文中two passages实际三篇等原始字符不校勘。
999	public/kaoyan-english/lessons/e1/e1-1988.json	kaoyan-english	e1-1988	1988年考研英语一真题	passed_edited	84dccf673439ab5226d77460154e441fa76c0513faf40ff39a3fa6f2ba8df113	65482ad9d7334961628215d98b1432744368d1d0a28660fbb5767726c17d9ab4	75	true	true	2026-10-07T07:48:32+00:00	21a86f5215e50a287a9a13cad4529e4c12f41fc575b95335ad1d08b768925215	逐篇多句自然段按圈码①重启和语义保留；阅读商店例子的No thank you/Im just looking为句内续行，facts/opinions同段；噪音定义与Thus解释同段；女性家务与家电论据同段，社会需要跨页相连。男性接待员初句和Stylishly描写为同一引入段，两次文章均修复且保留重复、不同题号。明显词内空白删除；hardwiring、two passages、Section VII等非空白内容原样不校勘。
1000	public/kaoyan-english/lessons/e1/e1-1989.json	kaoyan-english	e1-1989	1989年考研英语一真题	passed_edited	bfdf499168842e2dc34c2e02ea9218e354b69151e5ee42d864aafd4a7da5cac1	95a9fe52a097a2f05c4572ba1774204bac16c11077c4711473d0d621e64ee2b9	70	true	true	2026-10-07T07:48:44+00:00	1c41aebf1e7acb5a929e80d50f035ad6611fbade786db74706b49f19ef2f86b6	冰山预测、冰源研究、拖运可行性三段保留；UFO科学家多方引语和末三段论述保留；汽车优缺点各一多句段，礼仪文本按①主题段保留。失业篇humiliating to be/done跨页句衔接，社会成本与Unemployment解释同段。去除would、eventually、transport、communication等明确词内空白；原始不通词汇、Close、two passages等非空白内容不校勘。
1001	public/kaoyan-english/lessons/e1/e1-1990.json	kaoyan-english	e1-1990	1990年考研英语一真题	passed_edited	6b5796d72322520242759cd90d9d55ee6405381d24544cbc3c70030a559219be	28b490abf84333e3567565e934fe47d2609b5d360b61f6d432427d36e813aa9a	68	true	true	2026-10-07T07:48:48+00:00	6ef5c472c4b29cf2825cc136871c548ac8793ebe9f1385151e40e324944c2493	家居预测⑦至○11同一多句段，工作、休闲与旅行另段；金星气候实验室论述③④合段，游行开头①②及职业变化③④合段。天才研究结果跨页接续，nature论极端推论与nurture机械刺激说明各归其主题段。只修明确词内空白；Megallan、l, 500、in employment及two passages等原文疑误不改。
1002	public/kaoyan-english/lessons/e1/e1-1991.json	kaoyan-english	e1-1991	1991年考研英语一真题	needs_confirmation	adaf785574ae9c14712ce3b3b54589966ea89ab3baa2be0a526d6c70eab49a60	7046d486f41ba02284457c2b3bb37c0ed334bf6b6bcada371d7c795708feaf9a	98	true	true	2026-10-07T07:48:51+00:00	c54732ad99a0ef6945824ca473d0a79f723d498f44dc95acbf68364b1d279618	责任心定义liable for/their consequences、19题选项excuse/criminals、植物before it is/combined及29题found to be/saturated跨页相接。青春期保持三段长自然段，植物光合作用长论证保持；写作A—E要求和大纲逐项独立。仅修明确词内空白，given.Read等标点缺失、题文paragraph编号疑误不改。
1003	public/kaoyan-english/lessons/e1/e1-1992.json	kaoyan-english	e1-1992	1992年考研英语一真题	passed_edited	ff570e51040c7c1f770f98830e5aef8348720d63d6bcb5ad9fd1c086b027f2e6	f6dae5dcc69a384a2cfba54d48be63d44fdaea9f0db77539ade53d53c7d7390d	95	true	true	2026-10-07T07:48:57+00:00	41f57ae2181a3942b2848f2d64da9cc1896d030b9da68f7114fc26339c6016a9	Road politeness跨页good-tempered/of drivers、19题each/other、28题was/wrong、智力测试our/culture均直接续接。气候七段因果讨论不拆句；奥运竞技与爱国主义结论三句并段。智力定义与测试范围说明相连，比较有效性保留长段。大纲独立d和缺失内容只保留现有文字，不补写；workhouse、counte-balance等非空白疑误不校勘。
1004	public/kaoyan-english/lessons/e1/e1-1993.json	kaoyan-english	e1-1993	1993年考研英语一真题	passed_edited	7c8965a54d4d72ed813751c7f186d19c2bbb0242ed420733c62154a92fd10af1	b355fc5adcc49ab3974783f8bee05a3108cec973245a2fe120ad31f150103c9c	108	true	true	2026-10-07T07:50:27+00:00	f464f68b12ba2e23ad07d1e1f34584266c100e003fdb6166186a536e7fc1b7d0	完形particular/10为填空续句，不误作第10题；语言篇skills/passes、工业篇work/and、专利to/1886、科学篇operations/of跨页直接连接。母婴语言末段敏感性与不敏感性解释合段。专利Only例外概述及Valensi例证原段保留，与第29题Para.5相容。原文Motiere、publc、tight等字词及编号疑误不校勘。
1005	public/kaoyan-english/lessons/e1/e1-1994.json	kaoyan-english	e1-1994	1994年考研英语一真题	passed_edited	de0fe07c5c96dc8a05e8a2f5a284e806cdd815e12af104c192770e94f8beb7ef	f2f71fabfb1abfae2df9cbefe66efa8e43af579e1ab6eb93f449af71b0f0f23b	95	true	true	2026-10-07T07:50:32+00:00	d36d4b15438b56bbc8fd7acec17eb4672f5166b3b1ea9ffb6f082593de5456c3	特殊儿童to/develop、癌症at the/level接回句内；特殊儿童环境引入与演员比喻同段，癌症治疗前景与First/Second说明合段。创新第一段试错与足球类比连贯、第二段进球与处理创意方式连贯，Flesch引语为第三段。保留多句经济价格机制段及电脑商业长段。原有breakdown is、promotional、minor、innovation/innovators等字词疑误不改。
1006	public/kaoyan-english/lessons/e1/e1-1995.json	kaoyan-english	e1-1995	1995年考研英语一真题	passed_edited	b26e5870a906e72125db5e76556bbfdc0b59e27924e2e9f5e01262b97e7806b4	e1aa91530fbb1a0047c2ce9992da1a98694a5a15e32011b5801b65def62ef343	100	true	true	2026-10-07T07:50:42+00:00	81d5757bc369f02b16ab0550bfa72261cb65514326c6d7604f9f166111bf528f	广告电视人物观点与Of course/If解释同段；信息首句与Many例证同段，与第19题Para.2的流动家庭主题对应。测试valuable/meaningless跨页接续，冒号后的school grades及(33)后的Whether同句不断；保留成长自我认知长段、遗忘四个论述段。22题A残缺、人格It is top management、mechanisrn和test that等文字问题仅记录，不补字。
1007	public/kaoyan-english/lessons/e1/e1-1996.json	kaoyan-english	e1-1996	1996年考研英语一真题	passed_edited	9b33de0d83b3334b3be947c1b2c06e44510d4f0699824abc13901895c3d60518	aae68bedb0e2e5da101336ee4532bbe8e0620f346ee1a6847f7de3b0748b93f2	87	true	true	2026-10-07T07:51:55+00:00	0054b8c247b893d8be928346dab5f709d8dc2e19ad35c779f88ffcbb5b86ad60	求职开场与Psychology对照合段、末段Then接前句；BBC royal charter所在The debate独立为第4段，与题17引用相合。公司seldom/that、发明minds/devices接续。发明因素按教育、奖励、空间思维、竞争结论成多句段；书评非专家论证与最后几章说明同段。翻译32从战时政策新段，资助收款人及决策后续同段。原有ders、The s、维生素take will缺文、not yet unavoidable等只保留备注，不补字。
1008	public/kaoyan-english/lessons/e1/e1-1997.json	kaoyan-english	e1-1997	1997年考研英语一真题	passed_edited	7c8bfcc4efdeac4b8e37f9904b54c09268d0ab8603973d287e1fdc47a2ed2f11	9ed60e94e9a91caf48c0a3084f2fe6da09add966334f4eed5406f9188b8389a3	98	true	true	2026-10-07T07:52:06+00:00	0dba6fde4444edeb2dd9655e236a3a12a23ea627c937cbadcc7293d5d074869a	安乐死开篇事件、互联网传播、Hofsess引语同段，The full import为第二段；strength/observers、cooling off/period明确接续。药物定义与They don’t realize合第一段，和第19题引用相符。传媒stockholders’/meeting、翻译指示translation/must接句；货币生产余量与美国利用率例证同段。现有isthe等缺空白可保留但不改非空白字；全部历史论述仅作排版审核。
1009	public/kaoyan-english/lessons/e1/e1-1998.json	kaoyan-english	e1-1998	1998年考研英语一真题	passed_edited	f4879bf5a48d8963416fe1f241423bf7baba448455776f382328acb462b12690	4e7551891852550f0569ce46345ed2b33b259746cb108cfac658ae2100563d2a	101	true	true	2026-10-07T07:54:17+00:00	a697c31a16b4266e421d0565d2030ba4464834e3d7ad19feaf686cb3ad9bf3f1	巨坝第一段含But to be第三句、第五段含Narmada与And the bank，匹配第11/12题；反科学Until/As合段，会议held行接回。生产率mere/rubbish、热点also/have、Cobe as/well及33/35号后续句接合。人口报告保留已有主题段、■示例独立；热点首段结论并回；宇宙学四个多句段保留。原有Gallileo、plants、commentsn等非空白疑误不校勘。
1010	public/kaoyan-english/lessons/e1/e1-1999.json	kaoyan-english	e1-1999	1999年考研英语一真题	passed_edited	f872cc74882b9dab2e74ca20bcc9fd79379e765fe8474a24f95c5fd0d3418d71	dbaa22479c23853a32dced567e2fc63fa572f8785a0cb6ce04eafb11b7adc7b7	101	true	true	2026-10-07T07:54:24+00:00	d2de3b261b5a4e0347debec44aaa3711b9137b24e685fe826032bf791701f50a	工安末段财务收益与保险解释合段，电商消费者转企业交易开场合段、订阅者定制与Pointcast机制同段；request、many scientists、not been settled、shocked及contemporary world均跨页接回。电脑教育及科研结尾的长论证保持；史学35号归technical fallacy解释段；写作三要点独立。原有at less、computered、tunnel method等非空白疑误未改。
1011	public/kaoyan-english/lessons/e1/e1-2000.json	kaoyan-english	e1-2000	2000年考研英语一真题	passed_edited	dff7a4c511c0d885edecb22d9f434d477b08814cb403ed2ff396435d5f257154	6b4ba14e7ce651c62c0869b9b3b2bec521ea50ba189a862c2df68a17db9adb07	87	true	true	2026-10-07T07:56:52+00:00	b9540ad5dbce5808cabd9ce77c0570ca0bf81077739c635aa52d79bc96f8356b	农业①②为同一论证段；美国经济Zenith⑥⑦和页间Their/sometimes合入竞争衰退段。进化男女生存①—⑧、繁殖①—⑧各同段，machines/society接回；未来主义Pluff引诗独立，结论①②③同段。日本四段和抱负三段保持长自然段。原始-tool、for the remaining tribal peoples、heavy meant、bey far等缺文不补写，主题归属清楚不以OCR校勘扩展本轮。
1012	public/kaoyan-english/lessons/e1/e1-2001.json	kaoyan-english	e1-2001	2001年考研英语一真题	passed_edited	5132a597c42d7f715bbfb354691277f01e4a34c1c6115d2d5f9d5fbb0cd8a67e	02f2929073568de45880e8bb714b6a5188d48a98a326a9fb59e9f98c8392815f	128	true	true	2026-10-07T07:57:02+00:00	af3b9706d3ce82683bbd77062c98fc966db38b27a5807f0dd08da3acbf3634f8	专业化首句与By解释、地质论文比较与Thus例证分别同段；新闻项目the/journalism、电商投资foreign/investment、减速deadlines/the fearful跨页接回。并购There's no question统计另段，Examples为第4段，和题35一致。减速美国趋势与Downshifting例证同段；未来科技41预测并入开篇，45厨房焦躁归社会问题末段。21题[AJ坏括号保持并仍单列四项；he netted、depands、confusions、alien many等字误不校勘。
1013	public/kaoyan-english/lessons/e1/e1-2002.json	kaoyan-english	e1-2002	2002年考研英语一真题	passed_edited	e1fc86fc6e5176b7a5c9f8ce096f910c97bdf29cf483306cba7a1efd5a76d9d9	460463d54166ec48f57a3dce49cc9a9afd6c911a1bfb81d0a8be2aac07dc3fd5	101	true	true	2026-10-07T07:58:59+00:00	cb78900e6c8a973528603f20999bd0a4ee7079f91e16d6664c4f45c1a8f8a651	机器人应用段从工厂银行到地铁外科连续；油价低敏感度段内节能、行业变化和GDP统计并段。NAS)/released跨行接回；临终医疗保持9段，与39题第7段NAS报告相合。行为科学两个长论证段与划线编号保留。27—31题部分选项和33/34题题干缺失，现有[A]—[D]项目各自独立不补写；原文Process、view等字词疑误不校勘。
1014	public/kaoyan-english/lessons/e1/e1-2003.json	kaoyan-english	e1-2003	2003年考研英语一真题	passed_edited	1765862ae1705272ad200ec0fdfe91c2baeac72704274e5dbbb854245e576a7f	e6725fe1fee7a8b9fcbe70b9589faf8ec11d2a2478d367e34ea66f397ca112e3	117	true	true	2026-10-07T07:59:14+00:00	6985ba39ba501a798d435d3f5c20226c3ce370d837e88139bdb137ec2ef337a5	情报末段independent voice归独立地位主题，动物advocates/whose接回；铁路captive价差与单一公司服务合段，与33题第3段对应，Conrail成本例证续前段。医疗首段Small wonder与寿命医疗例证合段。人类学name/anthropology、learned./shared接行，社会科学定义和学科列表同段。原始online at缺地址、Straiford、fortuning fortunes、caner及作文entitled缺题名保持，不改字。
1015	public/kaoyan-english/lessons/e1/e1-2004.json	kaoyan-english	e1-2004	2004年考研英语一真题	passed_edited	dc89b176bcac5815b7b78f39c6c3bec984bb68df0b8bc3390ed3d2e4d452bc64	bc1d3e9225e0f6e23c559ae290c4fd69c7822c9f23ea1f3fdc1550ad40afb60d	75	true	true	2026-10-07T07:59:25+00:00	7b481fc2c315144fd892aa1440e3e391dc8a5dd9dd8d752c973562285ac71fbc	13题D后的14题独立，求职Redmon三周后的成功归开篇案例，For any job search与None解释同段。经济末段房贷和雇主受益并段。反智主义七段完整保留；语言long before/people跨页连接，Sapir不赞同决定论解释接最后段。原有chock、he time-consuming、Raviteh、became to be等不改字。
1016	public/kaoyan-english/lessons/e1/e1-2005.json	kaoyan-english	e1-2005	2005年考研英语一真题	passed_edited	96868381d3d0c9c8c201e2a5200346a7f4752bec02664aa8276e36ef81e573db	c29cb0197f0cd48938e1374edfdc22afbea1ceee0edd7fbf0810440b93afbd7e	126	true	true	2026-10-07T08:01:33+00:00	7043b9e7c327177e3c531ff9c890f8f25f137d0ccea278e316c34e2c3e5a9685	梦境REM/sleep与Dr./William、书评Mr./McWhorter接行，Equally诗歌属第三段与37题引用相符。药政开篇预算解释、代表各省的规模经济和Premiers读报告说明分别合段；五个完整段落空位独立。欧洲媒体magazines/and publishing接回，The Europe主题转折另段；修costskeep/toinclude/thecreation明确粘连只加空白。其余字词不校勘。
1017	public/kaoyan-english/lessons/e1/e1-2006.json	kaoyan-english	e1-2006	2006年考研英语一真题	passed_edited	078dab289623dca640d14294aff2f7b0f4a861f7311936926195b2d3c065e0bb	8e05a44babfabbc893df5a2738cab8ac1eb5a0412e84cc78e775e42e3a305044	131	true	true	2026-10-07T08:01:45+00:00	de9dd9d2d9df80377285aee73b352cb0a6de5b51c9d0d287370ad0985321a55b	同化开篇There、intermarriage/By并回，与Rodriguez第5段相合；捕鱼第二段方法及According数据合段，第三段保守估计与That means解释合段，ocean/because跨页接续。艺术广告问答同段且church跨页同句。赌博题保留41/44空位所在多句段及其余独立空位，选项A—G独立；知识分子Socratic/way及科学家排除理由同段。字词疑误原样保留。
1018	public/kaoyan-english/lessons/e1/e1-2007.json	kaoyan-english	e1-2007	2007年考研英语一真题	passed_edited	ca8f8b9320a47501e31bdc07aae4ea6fd60fa438f5060649762b3b0eeb56bca0	2daf16f36c41b4776cbe2504980dfcd623ba9072d3158d00e9efc83d6c7723a6	101	true	true	2026-10-07T08:04:21+00:00	c0807661d555aa7f9921051ea93f65bf7c71547b274505c91045ddd97ffd4e43	完形宗教主题与Roman说明同段；足球猜测a—d独立并接d)/none，结论assertion/the trait同句。中产retirement/Steelworkers及borne by/families接段，家长职业榜样与Discuss同段；原41—45编号缺失不补写。法律首段欧洲/加拿大对照及46同段，47接On the one hand，Sharpening为该段结论。其余非空白文字不校勘。
1019	public/kaoyan-english/lessons/e1/e1-2008.json	kaoyan-english	e1-2008	2008年考研英语一真题	passed_edited	6c97056ad2dcc5babe7e2e013808ef2b6f8c8fb1e5cd72f5028b6d05509b0333	1fe044cd45d4f430843f8227ca48154e682e4d01ab8df3370f42bf67f960bb00	103	true	true	2026-10-07T08:07:05+00:00	05590e3f5af1fa8b19d0a5e966845c7793e9fee7ef7cf4ece6f096f24ffb1440	压力第三段引语与第四段男子暴力续句合并，与23题Para4和24题Para5对应；在线期刊第四段保留商业模式论述；身高NBA招募接比较、饮食转折接增长。奴隶制Once in office接政治依赖，Washington接最终解放对照。修稿State of/Mind跨页及45接同段，Darwin So/poor跨页接续。bravary等非空白文字保持，本轮不校勘。
1020	public/kaoyan-english/lessons/e1/e1-2009.json	kaoyan-english	e1-2009	2009年考研英语一真题	passed_edited	4916927830e516b67b146367adee04b29b5aaee755f297b7468865fed507908c	369935eae111e3aaa82b9029a3523a0ff98f1081e0495a9cee427d6e5d5fad81	140	true	true	2026-10-07T08:08:34+00:00	10073e2f2841d42b8b9a4449a0a53c0e37bac9904fa0e96b0d5a1cd0df793ff9	习惯保留七个主题段，对应ruts第四段；DNA各主题段和教育经济五段保留。新英格兰These men接早期知识阶层事例。Morgan简介与后续研究同段，45空白与扩散论相接。教育翻译宗教/家庭/劳动为分号并列同句，48同青年教育段，49is/to跨页合并。examing、settles等文字不校勘。
1021	public/kaoyan-english/lessons/e1/e1-2010.json	kaoyan-english	e1-2010	2010年考研英语一真题	passed_edited	3ef0c2fc6890a69809dc9c033e8bd81ec3cac1719f5d9514ec4516e4635bf0f8	bd6ca41b28f900b533d1fb09b00b34cd78f44a5c5291a646db063aacb2575968	125	true	true	2026-10-07T08:08:45+00:00	c66bc9e7619ca1c2e17b43ad84ab65189c89e2fcd950873adee817a49913f468	专利首段Amazon事例接总述；Curbs另段，与28题Para3相符，That ruling另段展开专利申请潮，保留最后两段Bilski与最高法院。传播五段及银行六段与题目段号对应。批发A内Meanwhile、E冒号后列举续为整段，A—G保持独立。土地伦理六个主题段保留。完形语法及部分选项文字误差不校勘。
1022	public/kaoyan-english/lessons/e1/e1-2011.json	kaoyan-english	e1-2011	2011年考研英语一真题	passed_edited	cc350f5603673788a0894f0c79fb89d570b2519fadd32c33126dacc229f2d1ff	2278b00935fca3e7430719648f273f280acfb88105d38ddb520c543d21e02e51	90	true	true	2026-10-07T08:10:47+00:00	8c7e122bd9ac392605b28d4c586f3670ebdd9a13431e2e0118ea209d1ac66429	经理人Within two weeks并入首段、As boards并入第二段，poached落第四段匹配28题。营销Besides并入第二段，Same dramatic为第三段对应33题，diverse)/communications为同句。育儿Rachel/might跨行合并。人文C的But fewer/students跨页合并，Allen引语冒号和48接前句，保留各主题段。聽及顺序框缺G等文字保持，不作校勘。
1023	public/kaoyan-english/lessons/e1/e1-2012.json	kaoyan-english	e1-2012	2012年考研英语一真题	passed_edited	20de62d71cb6b592fe3a9d2140f3252ec42d435d9459ddf6e080f0bf36db31c2	a08f40399b02c89bfab795f1ef44ab3d79eccf309004b17cbbc2b0f7d79964ba	136	true	true	2026-10-07T08:16:44+00:00	2b3f50f6e99690a1c6b549cece30dbadaab86bb867954d5c5913993018e951d8	同伴压力Rosenberg建议接第三段，Rage事例接第四段，使imitation对应24题第五段。核电whereas接冒号句，Plymouth、Pledging和NRC共同末段；工会Donahue接改革成本末段。翻译49介绍Greenberg后Gray研究另起实证段，原缺标点不补，仅分边界。学生邮件Students’/Union接同一句。科学可信度完整五段保留。
1024	public/kaoyan-english/lessons/e1/e1-2013.json	kaoyan-english	e1-2013	2013年考研英语一真题	passed_edited	c958d14fab0382cd8f3e06a4cf7a6f60be2081142454e6fcc86d1a28368bd752	8110ddca8e33b765f8caabaa0e4231b18f666a87a417d9f9d71746e6c669fb0b	112	true	true	2026-10-07T08:17:01+00:00	c4e863de2882555f6ef9a0f2a783e3a7e2cc909bc41559d8e59b406c3eddcda1	录取差异数值与This might解释同段。DNT Should问题接冒号、People接广告商引语、博客引语同末段，六段DNT疑虑对应29题。未来IUCN引语同第三段，The potential接Perhaps第五段对应33题。社科45续原空白，F内Global challenges仍一选项。园艺spirit of/plant跨页同句，保留三大主题段。非空白文字保持。
1025	public/kaoyan-english/lessons/e1/e1-2014.json	kaoyan-english	e1-2014	2014年考研英语一真题	passed_edited	ef4765a393acde13bb1aaec57d28afd343bcb51ee6e2440f4f344014f33cea85	3e30a3f4bf7832243341057ad596bb29f2a615c399b01ac2c93fd647be90a8bb	129	true	true	2026-10-07T08:17:14+00:00	37a0926a23dc962f9bce30c05424c0266934fd0358177ae0edf00de3b137e5ac	福利More apparent段包含部长引语和Help/Really反问，Losing成为第三段对应24题；jobseeker后who与Instead为完整定义段。法律债务说明、行业压力和末段结论分别接回。科学奖项benefactors接首段、They do not接第二段，As Nature为第四段对应34题。AAAS Among接第二段、identify/actions跨页同句；考古A与G续句接回；贝多芬He freed接其重要性段，学生体质跨行接回。重复you support、姓名/OCR等不校勘。
1026	public/kaoyan-english/lessons/e1/e1-2015.json	kaoyan-english	e1-2015	2015年考研英语一真题	passed_edited	41437f4e8d7901859c87be3f821e6a68bed1ffa7b1b62451b130784dd0810e66	a53d7194094dfed1206640f8f49f98356cc3f7de168bdc53a1f7f3f45ae5746c	133	true	true	2026-10-07T08:17:28+00:00	b1ea6c908b297b81afb63269aae906dfc906793c92232d4cb66e4f9d4d8e2380	完形相似基因The study另主题段，Studying和Though分别接前段。王室And so接第三段，使第四段贵族问题与23题一致；Queen接英国警示，granny同句。Science Working接引语第二段对应32题；Brooks核心辩护接同段。阅读42空白与前段接续，Conceived和This doesn’t分别引出推断/相对性新段。移民49海航困难的Many/Sometimes接回，非空白文字不校勘。
1027	public/kaoyan-english/lessons/e1/e1-2016.json	kaoyan-english	e1-2016	2016年考研英语一真题	passed_edited	329dfcc497bfabf21561c205146742a94311d8a7fc3c782304fba75be300e4be	3016c31a66cbddb669c24dcfb5b0091faa9108556ef6e5fee08ba4077351d85f	265	true	true	2026-10-07T08:20:30+00:00	12ef8b6a7f1a78538f2169e23cc4b1f517ffe60234f793a0eb058557f35e4606	时尚Such measures第二段含impinging，与22题对应；农村National Trust第二段、政党第三段与题号一致，southern/Portugal跨页接续。CSR三效应同第二段、FCPA同第三段、lenient第四段对应33题。时报it’s/excessive同句，Peretti建议、Netflix、legacy及loyal customers按主题分段，末引语保持连续。形象升级41—45空白标题各自独立；心理健康for/ourselves同句，保留能力、自信、创造、常识四个主题长段。飞房flew及无关末行文字不校勘。 修后复核将Peretti says与Overhead建议同段，使legacy product及忠实读者对应38题第五、第六段。
1028	public/kaoyan-english/lessons/e1/e1-2017.json	kaoyan-english	e1-2017	2017年考研英语一真题	passed_edited	32eeca2d039c19ed33ea9111021bff14eff30c3d282ebf69e0a8d29f071c5003	748ec4029a809064b80c623bab9c20ed09a0e1bdaff2f1b3691e0926441d89fd	85	true	true	2026-10-07T08:20:43+00:00	ba0bfabd3b05a9e06119623f63df72fcb2818964611b29657039a069e4e74f67	安检Enhanced接第三段、Another接第四段，PreCheck为第五段对应23题；价格与Upcoming建议同段。夏威夷Star watchers接第一段，天文文化为第五段匹配29题。GDP贫国数据与This lesson同段；廉政Merely保持独立，使court did第四段对应37题。Good governance接平等价值段。英语46接首段转折、47接第二段研究评价，British/counterparts跨页同句。非空白文字不改。
1029	public/kaoyan-english/lessons/e1/e1-2018.json	kaoyan-english	e1-2018	2018年考研英语一真题	passed_edited	41e5fa6b7759e6899b076814ab3f3024d9eb8de9b33b94136016eca3441560ba	7596619f561e913fcc3081f832d67bebad54d61f666b2fd5a998904b0c0a094e	102	true	true	2026-10-07T08:20:55+00:00	54557e614781ce34ba9b08c2e17f165ae4ae1fd442b2c5c143e5da2826359dcc	自动化首句next/presidential跨页接回，Starting接冒号句。DeepMind But distinction接第二段符合33题。USPS Fundamentally另起第二段对应37题，末尾emerging consensus为立法评价独立结论。EEOB D人物说明、E姓名跨行接回；戏剧literary or/farcical、pit/and Marlowe续完整句，三大历史段保留。beer up、dugs、ANSEWER等原文字不校勘。
1030	public/kaoyan-english/lessons/e1/e1-2019.json	kaoyan-english	e1-2019	2019年考研英语一真题	passed_edited	83497542ec9fade59290dd598c8ae9ed4420f8415cc3df11e851d4b4a9804bfc	70743260f2a458b5b0ce5fb194bc427034a4e1e25784b1a708786d489d836247	101	true	true	2026-10-07T08:21:14+00:00	ef3859416244a7a1d4bb0aba7ea4b54aa61acb83910a37d9a504b0791ac9055b	导航Which接两问冒号、Trail blazes接痕迹段；Grade末句colleges’/incentives续同句。争论D的would be/almost跨页合并。科研正文首46接举例段，50science is/both跨页合并；后附46—50为独立题句全部保留，不去重不挪序。金融七段、AI九段、网购税七段原主题边界保持，Untimely、Big-chair等文字不校勘。
1031	public/kaoyan-english/lessons/e1/e1-2020.json	kaoyan-english	e1-2020	2020年考研英语一真题	passed_edited	a1000eb313336998212212c0d6e7e0726e90cf2c993115186cb8e6a7b1474b64	57f5324a4f21031106bcfbc454630957af8334768003b85a806f6dd694cb29f2	109	true	true	2026-10-07T08:26:09+00:00	cc55128767cb1ea831bef6ef69a53e13516d7a47380dcd1a0bbc4927a4391c55	文化城镇Britain’ town并入首段，Some might为第二、It is also为第三，对应22/24题。配额A pair及Haddad同事例，important/policy同句，Catalyst证据与问题同段、Norway与Writing事例同段。数字税两个近重复Macron段原顺序均保留（因此39题Para5引用和实际段序有出入，不删除校勘），Both France接OECD。眼神开头对照同段，A—G与各空标题独立；39的[Al原字不改。
1032	public/kaoyan-english/lessons/e1/e1-2021.json	kaoyan-english	e1-2021	2021年考研英语一真题	needs_confirmation	3d2b0ac30486b3b2b7de812cd382f615329571b2159293c539e89b36bb7e6d89	87540c1d1a9d1650eb263b7a17ca2f0c0aa09c9621691232afe2ed0e2d8bc161	103	true	true	2026-10-07T08:26:21+00:00	b8d611545e06fc0c1e3444f223215a9dce9be8f2931b9002f6ed5b163a4fad67	只接Indonesia首段One reason、照片Spontaneous句及招聘引语；独立AI五个小标题、原位置的五占位符和选项。全文原有缺词和hundredor-so等不校勘。保留错序结构并明确未解决，绝不按记忆移题或补文。
1033	public/kaoyan-english/lessons/e1/e1-2022.json	kaoyan-english	e1-2022	2022年考研英语一真题	needs_confirmation	fb6925f1836c6508376346d330b8995e72d060f11d1a13199b7a410eb93b0003	e6f8598ccdfb357701d38b660fc23ee3640926381ef0b72d6b1030f594482256	104	true	true	2026-10-07T08:26:30+00:00	7b30c6dce756d4ca3f88243f7f4a6b4fb5027965e9f6795da83aed174e9f0efa	塑料引入和But some合为第一段对应21题，Museums接损伤结果；经理人But provisions/As countless/Consequently为第三论证段对应37题。其他错序原位分界，未重排或填缺。CAYS、highearning等原文字保留。
1034	public/kaoyan-english/lessons/e1/e1-2023.json	kaoyan-english	e1-2023	2023年考研英语一真题	needs_confirmation	c174402022ecebc24163ad34721c7c0593736ffba49325ecc0d1932d51358e65	e9340de0ad857f40d6362fd564c6f725f57cabf2f0654cbe8386d3bf731fa517	89	true	true	2026-10-07T08:31:38+00:00	c4ffa9956b81b6d4c339ff1a576708245672b5b64bab322d892deef166b40d70	气候Most scientists另段使研究为第五段匹配23题；短租Short-term rentals另起Hom第五段匹配29题；图书bit/the same同句、In meantime独立作者影响段，Lownie引语连续；引文操控冒号后when接回。驿站空白编号脱位不补写。严重错序均保留原位置，不把扫描当复核。
1035	public/kaoyan-english/lessons/e1/e1-2024.json	kaoyan-english	e1-2024	2024年考研英语一真题	needs_confirmation	9a1dc732f0d1f30a88b8b28c5ee975c1888724e53eee8b1fc21953ea78def8fe	fa892c536db846728a15a994f8d80281a4a6c6603a175e0cab89b5231f750cd2	124	true	true	2026-10-07T08:33:38+00:00	68269ab8761cd2d446a149f29f922f6c42af1f30e1164ba9ecbc84be4bcc0a3b	钉子Nails themselves与Roman lamps合为第五段，与24题定位吻合；群体养育Swanepoel与In Germany同段，使intensive mothering处为第四段，与28题吻合。；AI文Other artists开启从Rutkowski转其他艺术家的讨论；湿地Perhaps some为前问回应，合于前段；文物Victor安全反例与Climate Change例同段，保留五位评论者。；完形丢失空号、pressuresensitive、64,000square、占位符及Part标题迟置均原文保留，不校字。
1036	public/kaoyan-english/lessons/e1/e1-2025.json	kaoyan-english	e1-2025	2025年考研英语一真题	needs_confirmation	3112e4b57acf8a1c11a6ec05137dff82b74eaad604cea6515222edb061df8af0	bac91d055d7e19f8e87c001757f25cdb1d0903a207a9187e39c366e55ceb8b7b	129	true	true	2026-10-07T08:36:11+00:00	570e51a1edd293dda493eed282c72b8002f04fa29a70385cfd324f11b60e4ad9	莎剧保留七个多句自然段，O’Hanlon情感解释与研究结论连续；能耗研究Every day与Established合为LUMI实例一段，最后两段定位与29题相合。；盗版MPA引语及后续成立ACE同段，不逐句切；数字档案第四段Even when与As technology连为对象/格式例证。；公众科学正文、46—50与来信均完整保留；丢失空号和漏空格只作原文备注，不补字。；修后复核发现翻译说明与蝴蝶A续文on/challenging仍同块，进一步分离两种内容；原序和缺失接续仍列issues。
1037	public/kaoyan-english/lessons/e1/e1-2026.json	kaoyan-english	e1-2026	2026年考研英语一真题	needs_confirmation	f2cf7e37152f29acf05494a50bb1d1a6ec5b9fcef9931f70171eeb25e10cf29c	9c0a49dc164931c290caed0efeae9b16f1d11fa758acaf1ec3016df12a798d24	92	true	true	2026-10-07T08:36:20+00:00	39390660ee15077bf881f0c827ce7abb06de9c69ad0a55baf31bc6fafc774c56	广播Opening this week为展览背景第二段，There’s fun及A woman同为第三段，By and large第四段，But radio’s enriching第五段，A hundred years第六段，对照33/34题定位复核。；火灾The fact/Instead/They rid合为第二段，与37题一致；Martin对灭火评价和Yosemite计划燃烧实例分段。驴研究DNA引语和207基因组方法分段。；完形漏空号、techshattered等原样保留；没有以外部资料恢复字词或题序。
1038	public/kaoyan-english/lessons/e2/e2-2010.json	kaoyan-english	e2-2010	2010年考研英语二真题	passed_edited	f2a082471be0dd399e5d3555d04a8857d4632e9fb99475d654b049ff969f7e1b	3ba23a64f8b7bf720c77a7577c31f7badfffb2c5d474c2f4f91b4f93560d8ec2	163	true	true	2026-10-07T08:36:29+00:00	3e2153b54b472f5a3c83cee0113b54109e379650969954f9ea35a6feeb7911f3	陪审团直接民主定义接第一段，Although最高院判例接第二段；仿鸟文章Both Boeing/Their clever同首段，安全问题与Would passengers同段。；论坛页脚完整保留为独立块，不删文字；题23及28选项跨页继续独立保留。Text2/3/4与前题D及正文原黏连均分离。；原文chewing gun、I as Vegas、sustainabilityoriented等文字问题不校勘；未发现需改序或缺失续文的边界问题。
1039	public/kaoyan-english/lessons/e2/e2-2011.json	kaoyan-english	e2-2011	2011年考研英语二真题	passed_edited	7b83a871105fab4495ac2c3f001c11151b588d009b96db0985a3972965af47d1	8008c43dd2bfab9c662d85a6d110606b29a88f92674483a5dbc8c2eb9ac0c061	73	true	true	2026-10-07T08:36:35+00:00	5b841f7bc55ef5537b2939db07c3b922a2f1cd12ea433b2304978b23bc131073	住宅We tend/But when同首段，During第二段，Economic condition第三段符合32题Bauhaus定位；Mies湖岸公寓But they承接例证。；外部董事研究结果之后Although为限制相关性解释，独立自然段；报纸German/Even American及OECD/In Japan两组比较各保持段内。；匹配题原左右栏交错，逐个题干与A—G选项独立显示，保留原顺序；论坛页脚不删。drive’s、Chang for Life等文字差异不改。
1040	public/kaoyan-english/lessons/e2/e2-2012.json	kaoyan-english	e2-2012	2012年考研英语二真题	needs_confirmation	9829903f74b87cf465082c5d25111862eb376e0fca95b4bd2ad598773e9d843c	42264ab32164c258da07b7a24dced7e30a3071b01733893ec4b7af4e58abad31	143	true	true	2026-10-07T08:36:43+00:00	97259aa4a824c714ef3011722c36ac9f7ae60bb6d86d577469b2864c0f022ce8	粉色史Children were/When nursery合为第二段，I had第三段，Trade publications第四段，与27和29题定位相符；基因判决与CEO回应同第二段，末Each meeting位于第六段对照34题。；中文工作满意度表三个年龄行独立，所有百分数原样；历史人物配对左右栏拆块但不改顺序。；原文wrong forms和年代等文字问题不校勘，所有论坛页脚保留。
1041	public/kaoyan-english/lessons/e2/e2-2013.json	kaoyan-english	e2-2013	2013年考研英语二真题	passed_edited	26ddb42a3b2f88e83d893f1d0faec0d4c33a5440a6aeb34b1c033a2dffbd60ea	968af75275e7c25788d79f45ab6ab5c14ff7e276ef0990cadfd26293f866a649	141	true	true	2026-10-07T08:36:51+00:00	dc12839de064bce6ad18863983fd187889e7ff03e16245d4fdd3df085bc151ff	六段就业文章保留题22第三段和题23第四段对应；候鸟移民五段、快速反应六段保持论证顺序，不按句号拆段。；预算开头Tony经历及长引语保持完整段，各41—45空位独立，Stop laughing后为冒号续句并回原段。；原文telecornmunications、cam interest、arc、doges等不改字；无46题号原样保留，无未明句段接续。
1042	public/kaoyan-english/lessons/e2/e2-2014.json	kaoyan-english	e2-2014	2014年考研英语二真题	needs_confirmation	e45389eeb54d0eb2ba612d32b72ee792edd31ce5367f38425e8c07e1a96bd9ad	c6c606aa838251ce11464ed9a50e1f25780e094da17d1de5a3eeda0d5a4cdde2	137	true	true	2026-10-07T08:39:24+00:00	98a8044d5817fc62630fde6fa03304f8162a6a206e63cfaa1064891fb883522c	彩票首段If she为Gloria引入续句，合并使McRib第三段与23题一致；旧物后regret是分号句内续文。肥胖3号空为前例并列，BMI分类与Some people例证各回接本段。Land Art七天行走例与British Land Art as shown结论分段；配对左右项分开而保留原序。自我美化文多处语词/引号异常只保留原文，不进行校勘。
1043	public/kaoyan-english/lessons/e2/e2-2015.json	kaoyan-english	e2-2015	2015年考研英语二真题	needs_confirmation	764f3ee5dd9d9f51965b152cb9a079bedb179df65ea27695b4569ce188c3dd1e	b9a2e3c4434778180cdf9910de8aa11ff3855e1f0c7a5286cce094d920ec11e8	138	true	true	2026-10-07T08:39:35+00:00	26d8788224470efa59d348ccd425fcb81363f5e08e10d945c833fccd6707a0e2	家庭压力首句和Researchers同首段，What the study及For women同第三段，But it’s not第四段符合24题moola定位；第一代大学生Because U.S./colleges引语完整回接。办公术语Koehn引入与Let’s not引语同段。困境42段论述保持完整，45后续When you是自我决策的新段但仍属同一节；熟路This is说明及The effect机制合第二段。所有字词与页脚原样，不补误字。
1044	public/kaoyan-english/lessons/e2/e2-2016.json	kaoyan-english	e2-2016	2016年考研英语二真题	needs_confirmation	55b0d5d60f1a4709e3cf10c6934adfe4feeb2610659dfdf930861d2defe75902	c0e5f89814b605c01e26c80d247f914a3fac1b1c5285674a5c5c95aaaff50127	140	true	true	2026-10-07T08:36:58+00:00	0a0869e21c698d1f579bc00c90c4c5c3d7aede5a1c33d273f752fbeeea28d480	幸福与企业投资、编程教育、草原鸡保护、深度阅读时间、代际成功标准、儿童幸福建议及超市消费译文已全文核对。原拼写/缺字/标点疑误留原样，网址和题号不删。
1045	public/kaoyan-english/lessons/e2/e2-2017.json	kaoyan-english	e2-2017	2017年考研英语二真题	passed_edited	fe577cfbaca65f1ae1b5299bec2b09a5525558c6eb219a3758cf44151767ddf9	2bc135f46553c27586d07a1e2bf7b9aa13199512ff1993b12e57c2d75a456e26	154	true	true	2026-10-07T08:39:42+00:00	ee0177f82001cace47f36f88bfc45e161a90d291742783788e6692e52ba34603	审核失业未来完形、Parkrun群众运动、家长屏幕、间隔年、野火、制造业招工、时尚传媒译文及答案。接回rising rates、Parkrun phenomenon、by contrast、fantasized very white、academic pursuits、help prevent、Mr.Dunwell和中文时尚领域句；分离Julie Parks转话题、试题标题选项与答案标题。原字词疑误不作校勘，保留多句自然段和答案题号。 内容备注：48题未提供具体题目或图表文字，现存指示句及Part B/参考答案界限完整；属内容缺失，不影响现存句段边界。
1046	public/kaoyan-english/lessons/e2/e2-2018.json	kaoyan-english	e2-2018	2018年考研英语二真题	passed_edited	db0cdc6e6a9ae1ecafde92cae911b5f4a73e58609aaad968fe9dbbab15056a88	b162dcd1708bb501dfc96831329a546c52af3014deec6e809876e9e49787e04f	33	true	true	2026-10-07T08:39:52+00:00	df2c03ee763c059e6b8678d0a74e173df2087d127e896a7a7ad9a7fb4b6b0e93	逐段检查好奇心完形、职业教育、可再生能源、数字巨头、深度工作、陌生人会话五技巧、盖茨阅读及邮件/餐厅图表作文。拆页眉旁章节正文、选项及41—45小标题空行；合职业教育经济解释、深度工作引语归属、匹配说明分值。保留完整多句自然段、页码、原文字和图表标题，不补充缺失图表数值。 内容备注：48题只有餐厅关注因素图题，未提供图表数据文字；现有题干、分项要求与图题边界明确，属内容缺失，不影响现存句段边界。
1047	public/kaoyan-english/lessons/e2/e2-2019.json	kaoyan-english	e2-2019	2019年考研英语二真题	needs_confirmation	020c5b0b19d4818a93b210a0574ece9713ed85d7e84484d28830740a142ffded	839dc7524bd04102daa9b99863a46cad38e0a3f46d67894a75ed75b8f6da4bf6	129	true	true	2026-10-07T08:37:05+00:00	2432e5ee8dfcc699fd014e2f77c1e1f5765dfa66d28f94e95b1be03a32fdeba5	称重习惯完形、内疚心理、森林碳汇、农场劳动力、塑料政策四阅读，购房儿童意见匹配及Herriot译题均已通读。保留小数、缩写、网址和引号内容；题表姓名与选项分开但不改变交错顺序。原文字疑误保留。
1048	public/kaoyan-english/lessons/e2/e2-2020.json	kaoyan-english	e2-2020	2020年考研英语二真题	needs_confirmation	149efeadc4543e883cf2a04af41cf315438e19b921278b29705d4feaa4983e41	a8e0d40b7d194aa212a7a34603deb9e409996cbf33a381efbc4fc3bac98c4661	134	true	true	2026-10-07T08:37:12+00:00	008f26192aefd99df62831028ee2ba2a42632d77a0dab6349504aff15237def3	通读耐心育儿完形、机器鼠互助、CEO薪酬、马德里空气政策、Z世代、办公室相处五建议及失败译文。保持题内字词及数字原样，只调整明确边界。
1049	public/kaoyan-english/lessons/e2/e2-2021.json	kaoyan-english	e2-2021	2021年考研英语二真题	needs_confirmation	7a3674978db3e66e6b658d81b511b5f5f282e1f0be62451610f8c465d9e349a5	e6b70318788e16e4d7db697e89f146de6c000ecc2579a84c94d1aa987b583ec7	143	true	true	2026-10-07T08:37:19+00:00	aceb4944a2eb6741a4b50c57b2b0392f12210dd2e5759c0a849787eed64d0939	绩效指标副作用完形；再培训、英国粮食自给、科技收购、直觉四篇阅读；向上级表达异议五建议；陌生人社交译文均全文核对。保留原始缺空编号和重复写作指示，不文字校勘。
1050	public/kaoyan-english/lessons/e2/e2-2022.json	kaoyan-english	e2-2022	2022年考研英语二真题	needs_confirmation	dc21243df55c85d6cd35c42196549956fc55897e9bf31a6596233987325537bb	52902b59e02558e99cae6ee4f5c319ac5049614ffc69a6d62440fff2bdde637c	123	true	true	2026-10-07T08:37:28+00:00	9a238a9d8bfd11b07ecdf4512aa9694b1eebe737908738b2f83cdf5b25efbc7f	写作时间管理完形、再生农业鸡蛋、退休返岗、暗黑设计、伦理课堂肉食实验、恢复锻炼五建议和绘画失望译文逐段核对。明确主题变更处分段，不改变数字、缩写及原文疑误。
1051	public/kaoyan-english/lessons/e2/e2-2023.json	kaoyan-english	e2-2023	2023年考研英语二真题	needs_confirmation	0caad0e4354b8c8b2e131b8565543d48404d595a178940cd108115445a695570	610289043c59749f4aad5d3d15cc5123a994132d7d82a298ae0eeab3151ba49d	135	true	true	2026-10-07T08:37:37+00:00	834c3b67b009ff4aedc01bf843cf3a16f57f048ebf639ec5280e9e637d01b12e	增长团队完形、塑料草坪、国家公园经费、互联网记忆、青少年矛盾性、零碳建筑费用匹配以及诗歌译文均检查。保留自然段多句、引号、小数年份及原有文字符号。
1052	public/kaoyan-english/lessons/e2/e2-2024.json	kaoyan-english	e2-2024	2024年考研英语二真题	needs_confirmation	33b94d2f8d213f0731ee6264bd06ab99aa35cfe8b256c1e0b544a6c4b0aa5894	256083b7a366e9a8dffb281414328aba339fc06ad5c9c9293f400261402f9dbc	131	true	true	2026-10-07T08:37:46+00:00	f47e36d973f0d5533640bdb90f9a86f5bc693c279f599e1bc4aa3c3d76dec744	全文读完社交生活完形、Coyle数字经济、英国木材、老年驾驶、健康应用四阅读、课外活动匹配、农贸市场翻译及两项写作。明确分出数字化改善生活段、木材条件及原因段、木材结尾混入的老年驾驶开头、课外活动专业匹配段，农贸市场买卖双方收益合成完整段。题目选项逐项拆开且保留原字符顺序。完形缺失空号仅字符旁注，不补字；无法靠空白纠正的跨题错序详列issues。
1053	public/kaoyan-english/lessons/e2/e2-2025.json	kaoyan-english	e2-2025	2025年考研英语二真题	needs_confirmation	dde65788efcaf56bf30568fb07ab6445bbe16643ee049ebb54e63e3ab0c4d1e3	19a04e3a549ed0d65965d3a7cb34476019e7e892cce788718fa9f9a504c974da	145	true	true	2026-10-07T08:37:53+00:00	eae03e0727a70d72da626252613e402b1d8b0a299767da73720152484a119489	全文通读求助心理完形、小费膨胀、NHS改革、印度高温计划、愿望路径四篇阅读、职场建议五步匹配、对话沉默翻译及两篇写作。合回求助研究与结果、健康社会因素说明、路径句中people(and animals)/to go及Broadway沿革；职场混合段明确按争取同事、接纳异议、尊重过去分开。拆开27选项末粘连的28题、所有选项与既有标题。完形缺词和占位文字不校改，重排问题列issues。
1054	public/kaoyan-english/lessons/e2/e2-2026.json	kaoyan-english	e2-2026	2026年考研英语二真题	needs_confirmation	3e75261c1054ac906440ca19ece43d39f4c18b91a3052ff758a7db69b2dbb066	8a8f525606e101e8377162c57ddb187fa0f3f2948bab4cc0e4c4a4d481617517	97	true	true	2026-10-07T08:38:02+00:00	62f1ef3c8ab797c227e40097a6f50cb83daa809094e4bc8b7d85c3ca2457660b	全文通读自尊与负面归因完形、公共图书馆服务、企业AI数据风险、意大利铁路、芝加哥社区节庆四篇阅读、森林修复匹配、穿着心理翻译和邮件图表写作。AI企业采取行动与前段机密风险分开；铁路延误频率及数据合为同段；修复研究按气候变化、土壤和修复对象分段。各题选项分开，完整多句论述保留。完形缺词及数字脱落只旁注，不改字。
